<?xml version="1.0" encoding="UTF-8"?>
<gpx creator="StravaGPX" version="1.1" xmlns="http://www.topografix.com/GPX/1/1" xmlns:xsi="http://www.w3.org/2001/XMLSchema-instance" xsi:schemaLocation="http://www.topografix.com/GPX/1/1 http://www.topografix.com/GPX/1/1/gpx.xsd http://www.garmin.com/xmlschemas/GpxExtensions/v3 http://www.garmin.com/xmlschemas/GpxExtensionsv3.xsd http://www.garmin.com/xmlschemas/TrackPointExtension/v1 http://www.garmin.com/xmlschemas/TrackPointExtensionv1.xsd" xmlns:gpxtpx="http://www.garmin.com/xmlschemas/TrackPointExtension/v1" xmlns:gpxx="http://www.garmin.com/xmlschemas/GpxExtensions/v3">
 <metadata>
  <time>2025-01-29T10:20:59Z</time>
 </metadata>
 <trk>
  <name>Morning Run</name>
  <type>running</type>
  <trkseg>
   <trkpt lat="37.2505370" lon="-79.9479470">
    <ele>289.4</ele>
    <time>2025-01-29T10:20:59Z</time>
    <extensions>
     <gpxtpx:TrackPointExtension>
      <gpxtpx:hr>91</gpxtpx:hr>
      <gpxtpx:cad>0</gpxtpx:cad>
     </gpxtpx:TrackPointExtension>
    </extensions>
   </trkpt>
   <trkpt lat="37.2505380" lon="-79.9479460">
    <ele>289.4</ele>
    <time>2025-01-29T10:21:00Z</time>
    <extensions>
     <gpxtpx:TrackPointExtension>
      <gpxtpx:hr>91</gpxtpx:hr>
      <gpxtpx:cad>0</gpxtpx:cad>
     </gpxtpx:TrackPointExtension>
    </extensions>
   </trkpt>
   <trkpt lat="37.2507330" lon="-79.9479880">
    <ele>289.4</ele>
    <time>2025-01-29T10:21:09Z</time>
    <extensions>
     <gpxtpx:TrackPointExtension>
      <gpxtpx:hr>88</gpxtpx:hr>
      <gpxtpx:cad>80</gpxtpx:cad>
     </gpxtpx:TrackPointExtension>
    </extensions>
   </trkpt>
   <trkpt lat="37.2507960" lon="-79.9479820">
    <ele>289.4</ele>
    <time>2025-01-29T10:21:11Z</time>
    <extensions>
     <gpxtpx:TrackPointExtension>
      <gpxtpx:hr>90</gpxtpx:hr>
      <gpxtpx:cad>81</gpxtpx:cad>
     </gpxtpx:TrackPointExtension>
    </extensions>
   </trkpt>
   <trkpt lat="37.2508240" lon="-79.9479710">
    <ele>289.4</ele>
    <time>2025-01-29T10:21:12Z</time>
    <extensions>
     <gpxtpx:TrackPointExtension>
      <gpxtpx:hr>93</gpxtpx:hr>
      <gpxtpx:cad>81</gpxtpx:cad>
     </gpxtpx:TrackPointExtension>
    </extensions>
   </trkpt>
   <trkpt lat="37.2508740" lon="-79.9479370">
    <ele>289.6</ele>
    <time>2025-01-29T10:21:14Z</time>
    <extensions>
     <gpxtpx:TrackPointExtension>
      <gpxtpx:hr>96</gpxtpx:hr>
      <gpxtpx:cad>80</gpxtpx:cad>
     </gpxtpx:TrackPointExtension>
    </extensions>
   </trkpt>
   <trkpt lat="37.2509220" lon="-79.9479140">
    <ele>289.6</ele>
    <time>2025-01-29T10:21:16Z</time>
    <extensions>
     <gpxtpx:TrackPointExtension>
      <gpxtpx:hr>101</gpxtpx:hr>
      <gpxtpx:cad>82</gpxtpx:cad>
     </gpxtpx:TrackPointExtension>
    </extensions>
   </trkpt>
   <trkpt lat="37.2509470" lon="-79.9478990">
    <ele>289.6</ele>
    <time>2025-01-29T10:21:17Z</time>
    <extensions>
     <gpxtpx:TrackPointExtension>
      <gpxtpx:hr>101</gpxtpx:hr>
      <gpxtpx:cad>83</gpxtpx:cad>
     </gpxtpx:TrackPointExtension>
    </extensions>
   </trkpt>
   <trkpt lat="37.2509730" lon="-79.9478830">
    <ele>289.6</ele>
    <time>2025-01-29T10:21:18Z</time>
    <extensions>
     <gpxtpx:TrackPointExtension>
      <gpxtpx:hr>103</gpxtpx:hr>
      <gpxtpx:cad>83</gpxtpx:cad>
     </gpxtpx:TrackPointExtension>
    </extensions>
   </trkpt>
   <trkpt lat="37.2510260" lon="-79.9478470">
    <ele>289.6</ele>
    <time>2025-01-29T10:21:20Z</time>
    <extensions>
     <gpxtpx:TrackPointExtension>
      <gpxtpx:hr>107</gpxtpx:hr>
      <gpxtpx:cad>82</gpxtpx:cad>
     </gpxtpx:TrackPointExtension>
    </extensions>
   </trkpt>
   <trkpt lat="37.2510520" lon="-79.9478320">
    <ele>289.6</ele>
    <time>2025-01-29T10:21:21Z</time>
    <extensions>
     <gpxtpx:TrackPointExtension>
      <gpxtpx:hr>110</gpxtpx:hr>
      <gpxtpx:cad>82</gpxtpx:cad>
     </gpxtpx:TrackPointExtension>
    </extensions>
   </trkpt>
   <trkpt lat="37.2511260" lon="-79.9477890">
    <ele>289.6</ele>
    <time>2025-01-29T10:21:24Z</time>
    <extensions>
     <gpxtpx:TrackPointExtension>
      <gpxtpx:hr>113</gpxtpx:hr>
      <gpxtpx:cad>83</gpxtpx:cad>
     </gpxtpx:TrackPointExtension>
    </extensions>
   </trkpt>
   <trkpt lat="37.2512170" lon="-79.9477160">
    <ele>288.8</ele>
    <time>2025-01-29T10:21:28Z</time>
    <extensions>
     <gpxtpx:TrackPointExtension>
      <gpxtpx:hr>114</gpxtpx:hr>
      <gpxtpx:cad>84</gpxtpx:cad>
     </gpxtpx:TrackPointExtension>
    </extensions>
   </trkpt>
   <trkpt lat="37.2513070" lon="-79.9476660">
    <ele>288.2</ele>
    <time>2025-01-29T10:21:31Z</time>
    <extensions>
     <gpxtpx:TrackPointExtension>
      <gpxtpx:hr>116</gpxtpx:hr>
      <gpxtpx:cad>85</gpxtpx:cad>
     </gpxtpx:TrackPointExtension>
    </extensions>
   </trkpt>
   <trkpt lat="37.2513630" lon="-79.9476240">
    <ele>288.0</ele>
    <time>2025-01-29T10:21:33Z</time>
    <extensions>
     <gpxtpx:TrackPointExtension>
      <gpxtpx:hr>119</gpxtpx:hr>
      <gpxtpx:cad>84</gpxtpx:cad>
     </gpxtpx:TrackPointExtension>
    </extensions>
   </trkpt>
   <trkpt lat="37.2514240" lon="-79.9475350">
    <ele>288.0</ele>
    <time>2025-01-29T10:21:37Z</time>
    <extensions>
     <gpxtpx:TrackPointExtension>
      <gpxtpx:hr>120</gpxtpx:hr>
      <gpxtpx:cad>85</gpxtpx:cad>
     </gpxtpx:TrackPointExtension>
    </extensions>
   </trkpt>
   <trkpt lat="37.2514140" lon="-79.9473750">
    <ele>287.8</ele>
    <time>2025-01-29T10:21:41Z</time>
    <extensions>
     <gpxtpx:TrackPointExtension>
      <gpxtpx:hr>122</gpxtpx:hr>
      <gpxtpx:cad>85</gpxtpx:cad>
     </gpxtpx:TrackPointExtension>
    </extensions>
   </trkpt>
   <trkpt lat="37.2513480" lon="-79.9471380">
    <ele>287.8</ele>
    <time>2025-01-29T10:21:47Z</time>
    <extensions>
     <gpxtpx:TrackPointExtension>
      <gpxtpx:hr>124</gpxtpx:hr>
      <gpxtpx:cad>85</gpxtpx:cad>
     </gpxtpx:TrackPointExtension>
    </extensions>
   </trkpt>
   <trkpt lat="37.2513040" lon="-79.9470360">
    <ele>287.8</ele>
    <time>2025-01-29T10:21:50Z</time>
    <extensions>
     <gpxtpx:TrackPointExtension>
      <gpxtpx:hr>123</gpxtpx:hr>
      <gpxtpx:cad>86</gpxtpx:cad>
     </gpxtpx:TrackPointExtension>
    </extensions>
   </trkpt>
   <trkpt lat="37.2512140" lon="-79.9468240">
    <ele>288.0</ele>
    <time>2025-01-29T10:21:57Z</time>
    <extensions>
     <gpxtpx:TrackPointExtension>
      <gpxtpx:hr>121</gpxtpx:hr>
      <gpxtpx:cad>87</gpxtpx:cad>
     </gpxtpx:TrackPointExtension>
    </extensions>
   </trkpt>
   <trkpt lat="37.2511690" lon="-79.9467460">
    <ele>288.0</ele>
    <time>2025-01-29T10:22:00Z</time>
    <extensions>
     <gpxtpx:TrackPointExtension>
      <gpxtpx:hr>121</gpxtpx:hr>
      <gpxtpx:cad>86</gpxtpx:cad>
     </gpxtpx:TrackPointExtension>
    </extensions>
   </trkpt>
   <trkpt lat="37.2511460" lon="-79.9466200">
    <ele>288.0</ele>
    <time>2025-01-29T10:22:04Z</time>
    <extensions>
     <gpxtpx:TrackPointExtension>
      <gpxtpx:hr>124</gpxtpx:hr>
      <gpxtpx:cad>86</gpxtpx:cad>
     </gpxtpx:TrackPointExtension>
    </extensions>
   </trkpt>
   <trkpt lat="37.2511180" lon="-79.9465010">
    <ele>287.6</ele>
    <time>2025-01-29T10:22:07Z</time>
    <extensions>
     <gpxtpx:TrackPointExtension>
      <gpxtpx:hr>128</gpxtpx:hr>
      <gpxtpx:cad>87</gpxtpx:cad>
     </gpxtpx:TrackPointExtension>
    </extensions>
   </trkpt>
   <trkpt lat="37.2510950" lon="-79.9463850">
    <ele>287.6</ele>
    <time>2025-01-29T10:22:10Z</time>
    <extensions>
     <gpxtpx:TrackPointExtension>
      <gpxtpx:hr>127</gpxtpx:hr>
      <gpxtpx:cad>87</gpxtpx:cad>
     </gpxtpx:TrackPointExtension>
    </extensions>
   </trkpt>
   <trkpt lat="37.2510620" lon="-79.9461290">
    <ele>287.6</ele>
    <time>2025-01-29T10:22:18Z</time>
    <extensions>
     <gpxtpx:TrackPointExtension>
      <gpxtpx:hr>130</gpxtpx:hr>
      <gpxtpx:cad>87</gpxtpx:cad>
     </gpxtpx:TrackPointExtension>
    </extensions>
   </trkpt>
   <trkpt lat="37.2510450" lon="-79.9459890">
    <ele>287.4</ele>
    <time>2025-01-29T10:22:22Z</time>
    <extensions>
     <gpxtpx:TrackPointExtension>
      <gpxtpx:hr>130</gpxtpx:hr>
      <gpxtpx:cad>87</gpxtpx:cad>
     </gpxtpx:TrackPointExtension>
    </extensions>
   </trkpt>
   <trkpt lat="37.2510270" lon="-79.9458110">
    <ele>287.2</ele>
    <time>2025-01-29T10:22:27Z</time>
    <extensions>
     <gpxtpx:TrackPointExtension>
      <gpxtpx:hr>133</gpxtpx:hr>
      <gpxtpx:cad>87</gpxtpx:cad>
     </gpxtpx:TrackPointExtension>
    </extensions>
   </trkpt>
   <trkpt lat="37.2510250" lon="-79.9456670">
    <ele>287.4</ele>
    <time>2025-01-29T10:22:31Z</time>
    <extensions>
     <gpxtpx:TrackPointExtension>
      <gpxtpx:hr>132</gpxtpx:hr>
      <gpxtpx:cad>87</gpxtpx:cad>
     </gpxtpx:TrackPointExtension>
    </extensions>
   </trkpt>
   <trkpt lat="37.2510450" lon="-79.9454330">
    <ele>287.4</ele>
    <time>2025-01-29T10:22:38Z</time>
    <extensions>
     <gpxtpx:TrackPointExtension>
      <gpxtpx:hr>133</gpxtpx:hr>
      <gpxtpx:cad>88</gpxtpx:cad>
     </gpxtpx:TrackPointExtension>
    </extensions>
   </trkpt>
   <trkpt lat="37.2510930" lon="-79.9452350">
    <ele>287.4</ele>
    <time>2025-01-29T10:22:44Z</time>
    <extensions>
     <gpxtpx:TrackPointExtension>
      <gpxtpx:hr>131</gpxtpx:hr>
      <gpxtpx:cad>87</gpxtpx:cad>
     </gpxtpx:TrackPointExtension>
    </extensions>
   </trkpt>
   <trkpt lat="37.2511390" lon="-79.9450040">
    <ele>287.6</ele>
    <time>2025-01-29T10:22:51Z</time>
    <extensions>
     <gpxtpx:TrackPointExtension>
      <gpxtpx:hr>131</gpxtpx:hr>
      <gpxtpx:cad>88</gpxtpx:cad>
     </gpxtpx:TrackPointExtension>
    </extensions>
   </trkpt>
   <trkpt lat="37.2511430" lon="-79.9449750">
    <ele>287.6</ele>
    <time>2025-01-29T10:22:52Z</time>
    <extensions>
     <gpxtpx:TrackPointExtension>
      <gpxtpx:hr>134</gpxtpx:hr>
      <gpxtpx:cad>88</gpxtpx:cad>
     </gpxtpx:TrackPointExtension>
    </extensions>
   </trkpt>
   <trkpt lat="37.2511450" lon="-79.9449430">
    <ele>287.6</ele>
    <time>2025-01-29T10:22:53Z</time>
    <extensions>
     <gpxtpx:TrackPointExtension>
      <gpxtpx:hr>131</gpxtpx:hr>
      <gpxtpx:cad>88</gpxtpx:cad>
     </gpxtpx:TrackPointExtension>
    </extensions>
   </trkpt>
   <trkpt lat="37.2511970" lon="-79.9447160">
    <ele>287.6</ele>
    <time>2025-01-29T10:23:00Z</time>
    <extensions>
     <gpxtpx:TrackPointExtension>
      <gpxtpx:hr>132</gpxtpx:hr>
      <gpxtpx:cad>88</gpxtpx:cad>
     </gpxtpx:TrackPointExtension>
    </extensions>
   </trkpt>
   <trkpt lat="37.2512070" lon="-79.9446910">
    <ele>287.6</ele>
    <time>2025-01-29T10:23:01Z</time>
    <extensions>
     <gpxtpx:TrackPointExtension>
      <gpxtpx:hr>132</gpxtpx:hr>
      <gpxtpx:cad>88</gpxtpx:cad>
     </gpxtpx:TrackPointExtension>
    </extensions>
   </trkpt>
   <trkpt lat="37.2512990" lon="-79.9444760">
    <ele>287.6</ele>
    <time>2025-01-29T10:23:08Z</time>
    <extensions>
     <gpxtpx:TrackPointExtension>
      <gpxtpx:hr>134</gpxtpx:hr>
      <gpxtpx:cad>87</gpxtpx:cad>
     </gpxtpx:TrackPointExtension>
    </extensions>
   </trkpt>
   <trkpt lat="37.2513250" lon="-79.9444170">
    <ele>287.6</ele>
    <time>2025-01-29T10:23:10Z</time>
    <extensions>
     <gpxtpx:TrackPointExtension>
      <gpxtpx:hr>135</gpxtpx:hr>
      <gpxtpx:cad>87</gpxtpx:cad>
     </gpxtpx:TrackPointExtension>
    </extensions>
   </trkpt>
   <trkpt lat="37.2513390" lon="-79.9443800">
    <ele>287.4</ele>
    <time>2025-01-29T10:23:11Z</time>
    <extensions>
     <gpxtpx:TrackPointExtension>
      <gpxtpx:hr>132</gpxtpx:hr>
      <gpxtpx:cad>87</gpxtpx:cad>
     </gpxtpx:TrackPointExtension>
    </extensions>
   </trkpt>
   <trkpt lat="37.2513560" lon="-79.9443450">
    <ele>287.4</ele>
    <time>2025-01-29T10:23:12Z</time>
    <extensions>
     <gpxtpx:TrackPointExtension>
      <gpxtpx:hr>135</gpxtpx:hr>
      <gpxtpx:cad>87</gpxtpx:cad>
     </gpxtpx:TrackPointExtension>
    </extensions>
   </trkpt>
   <trkpt lat="37.2514320" lon="-79.9442380">
    <ele>287.2</ele>
    <time>2025-01-29T10:23:16Z</time>
    <extensions>
     <gpxtpx:TrackPointExtension>
      <gpxtpx:hr>136</gpxtpx:hr>
      <gpxtpx:cad>86</gpxtpx:cad>
     </gpxtpx:TrackPointExtension>
    </extensions>
   </trkpt>
   <trkpt lat="37.2514510" lon="-79.9442140">
    <ele>287.2</ele>
    <time>2025-01-29T10:23:17Z</time>
    <extensions>
     <gpxtpx:TrackPointExtension>
      <gpxtpx:hr>137</gpxtpx:hr>
      <gpxtpx:cad>86</gpxtpx:cad>
     </gpxtpx:TrackPointExtension>
    </extensions>
   </trkpt>
   <trkpt lat="37.2515740" lon="-79.9440650">
    <ele>286.8</ele>
    <time>2025-01-29T10:23:23Z</time>
    <extensions>
     <gpxtpx:TrackPointExtension>
      <gpxtpx:hr>134</gpxtpx:hr>
      <gpxtpx:cad>86</gpxtpx:cad>
     </gpxtpx:TrackPointExtension>
    </extensions>
   </trkpt>
   <trkpt lat="37.2517260" lon="-79.9438940">
    <ele>286.2</ele>
    <time>2025-01-29T10:23:30Z</time>
    <extensions>
     <gpxtpx:TrackPointExtension>
      <gpxtpx:hr>136</gpxtpx:hr>
      <gpxtpx:cad>87</gpxtpx:cad>
     </gpxtpx:TrackPointExtension>
    </extensions>
   </trkpt>
   <trkpt lat="37.2517690" lon="-79.9438460">
    <ele>286.2</ele>
    <time>2025-01-29T10:23:32Z</time>
    <extensions>
     <gpxtpx:TrackPointExtension>
      <gpxtpx:hr>137</gpxtpx:hr>
      <gpxtpx:cad>87</gpxtpx:cad>
     </gpxtpx:TrackPointExtension>
    </extensions>
   </trkpt>
   <trkpt lat="37.2518490" lon="-79.9437670">
    <ele>286.2</ele>
    <time>2025-01-29T10:23:36Z</time>
    <extensions>
     <gpxtpx:TrackPointExtension>
      <gpxtpx:hr>137</gpxtpx:hr>
      <gpxtpx:cad>87</gpxtpx:cad>
     </gpxtpx:TrackPointExtension>
    </extensions>
   </trkpt>
   <trkpt lat="37.2519130" lon="-79.9437050">
    <ele>286.0</ele>
    <time>2025-01-29T10:23:39Z</time>
    <extensions>
     <gpxtpx:TrackPointExtension>
      <gpxtpx:hr>138</gpxtpx:hr>
      <gpxtpx:cad>86</gpxtpx:cad>
     </gpxtpx:TrackPointExtension>
    </extensions>
   </trkpt>
   <trkpt lat="37.2520690" lon="-79.9435790">
    <ele>285.4</ele>
    <time>2025-01-29T10:23:46Z</time>
    <extensions>
     <gpxtpx:TrackPointExtension>
      <gpxtpx:hr>139</gpxtpx:hr>
      <gpxtpx:cad>84</gpxtpx:cad>
     </gpxtpx:TrackPointExtension>
    </extensions>
   </trkpt>
   <trkpt lat="37.2521120" lon="-79.9435650">
    <ele>285.2</ele>
    <time>2025-01-29T10:23:48Z</time>
    <extensions>
     <gpxtpx:TrackPointExtension>
      <gpxtpx:hr>139</gpxtpx:hr>
      <gpxtpx:cad>84</gpxtpx:cad>
     </gpxtpx:TrackPointExtension>
    </extensions>
   </trkpt>
   <trkpt lat="37.2521580" lon="-79.9435400">
    <ele>285.0</ele>
    <time>2025-01-29T10:23:50Z</time>
    <extensions>
     <gpxtpx:TrackPointExtension>
      <gpxtpx:hr>139</gpxtpx:hr>
      <gpxtpx:cad>84</gpxtpx:cad>
     </gpxtpx:TrackPointExtension>
    </extensions>
   </trkpt>
   <trkpt lat="37.2522530" lon="-79.9434480">
    <ele>284.8</ele>
    <time>2025-01-29T10:23:53Z</time>
    <extensions>
     <gpxtpx:TrackPointExtension>
      <gpxtpx:hr>139</gpxtpx:hr>
      <gpxtpx:cad>85</gpxtpx:cad>
     </gpxtpx:TrackPointExtension>
    </extensions>
   </trkpt>
   <trkpt lat="37.2524470" lon="-79.9433240">
    <ele>285.0</ele>
    <time>2025-01-29T10:23:59Z</time>
    <extensions>
     <gpxtpx:TrackPointExtension>
      <gpxtpx:hr>138</gpxtpx:hr>
      <gpxtpx:cad>86</gpxtpx:cad>
     </gpxtpx:TrackPointExtension>
    </extensions>
   </trkpt>
   <trkpt lat="37.2526400" lon="-79.9431930">
    <ele>285.2</ele>
    <time>2025-01-29T10:24:03Z</time>
    <extensions>
     <gpxtpx:TrackPointExtension>
      <gpxtpx:hr>138</gpxtpx:hr>
      <gpxtpx:cad>88</gpxtpx:cad>
     </gpxtpx:TrackPointExtension>
    </extensions>
   </trkpt>
   <trkpt lat="37.2526930" lon="-79.9432030">
    <ele>285.2</ele>
    <time>2025-01-29T10:24:05Z</time>
    <extensions>
     <gpxtpx:TrackPointExtension>
      <gpxtpx:hr>138</gpxtpx:hr>
      <gpxtpx:cad>87</gpxtpx:cad>
     </gpxtpx:TrackPointExtension>
    </extensions>
   </trkpt>
   <trkpt lat="37.2527030" lon="-79.9432400">
    <ele>285.4</ele>
    <time>2025-01-29T10:24:06Z</time>
    <extensions>
     <gpxtpx:TrackPointExtension>
      <gpxtpx:hr>138</gpxtpx:hr>
      <gpxtpx:cad>86</gpxtpx:cad>
     </gpxtpx:TrackPointExtension>
    </extensions>
   </trkpt>
   <trkpt lat="37.2526970" lon="-79.9434470">
    <ele>285.8</ele>
    <time>2025-01-29T10:24:10Z</time>
    <extensions>
     <gpxtpx:TrackPointExtension>
      <gpxtpx:hr>138</gpxtpx:hr>
      <gpxtpx:cad>86</gpxtpx:cad>
     </gpxtpx:TrackPointExtension>
    </extensions>
   </trkpt>
   <trkpt lat="37.2526800" lon="-79.9436360">
    <ele>286.0</ele>
    <time>2025-01-29T10:24:13Z</time>
    <extensions>
     <gpxtpx:TrackPointExtension>
      <gpxtpx:hr>138</gpxtpx:hr>
      <gpxtpx:cad>85</gpxtpx:cad>
     </gpxtpx:TrackPointExtension>
    </extensions>
   </trkpt>
   <trkpt lat="37.2526540" lon="-79.9439040">
    <ele>286.4</ele>
    <time>2025-01-29T10:24:17Z</time>
    <extensions>
     <gpxtpx:TrackPointExtension>
      <gpxtpx:hr>139</gpxtpx:hr>
      <gpxtpx:cad>85</gpxtpx:cad>
     </gpxtpx:TrackPointExtension>
    </extensions>
   </trkpt>
   <trkpt lat="37.2526360" lon="-79.9440540">
    <ele>286.4</ele>
    <time>2025-01-29T10:24:19Z</time>
    <extensions>
     <gpxtpx:TrackPointExtension>
      <gpxtpx:hr>140</gpxtpx:hr>
      <gpxtpx:cad>85</gpxtpx:cad>
     </gpxtpx:TrackPointExtension>
    </extensions>
   </trkpt>
   <trkpt lat="37.2526140" lon="-79.9443310">
    <ele>286.6</ele>
    <time>2025-01-29T10:24:23Z</time>
    <extensions>
     <gpxtpx:TrackPointExtension>
      <gpxtpx:hr>143</gpxtpx:hr>
      <gpxtpx:cad>86</gpxtpx:cad>
     </gpxtpx:TrackPointExtension>
    </extensions>
   </trkpt>
   <trkpt lat="37.2525980" lon="-79.9446160">
    <ele>286.6</ele>
    <time>2025-01-29T10:24:28Z</time>
    <extensions>
     <gpxtpx:TrackPointExtension>
      <gpxtpx:hr>145</gpxtpx:hr>
      <gpxtpx:cad>85</gpxtpx:cad>
     </gpxtpx:TrackPointExtension>
    </extensions>
   </trkpt>
   <trkpt lat="37.2526030" lon="-79.9447740">
    <ele>286.6</ele>
    <time>2025-01-29T10:24:31Z</time>
    <extensions>
     <gpxtpx:TrackPointExtension>
      <gpxtpx:hr>146</gpxtpx:hr>
      <gpxtpx:cad>85</gpxtpx:cad>
     </gpxtpx:TrackPointExtension>
    </extensions>
   </trkpt>
   <trkpt lat="37.2526310" lon="-79.9450110">
    <ele>286.6</ele>
    <time>2025-01-29T10:24:36Z</time>
    <extensions>
     <gpxtpx:TrackPointExtension>
      <gpxtpx:hr>148</gpxtpx:hr>
      <gpxtpx:cad>85</gpxtpx:cad>
     </gpxtpx:TrackPointExtension>
    </extensions>
   </trkpt>
   <trkpt lat="37.2526680" lon="-79.9451610">
    <ele>286.4</ele>
    <time>2025-01-29T10:24:40Z</time>
    <extensions>
     <gpxtpx:TrackPointExtension>
      <gpxtpx:hr>148</gpxtpx:hr>
      <gpxtpx:cad>85</gpxtpx:cad>
     </gpxtpx:TrackPointExtension>
    </extensions>
   </trkpt>
   <trkpt lat="37.2527190" lon="-79.9453810">
    <ele>286.6</ele>
    <time>2025-01-29T10:24:46Z</time>
    <extensions>
     <gpxtpx:TrackPointExtension>
      <gpxtpx:hr>148</gpxtpx:hr>
      <gpxtpx:cad>85</gpxtpx:cad>
     </gpxtpx:TrackPointExtension>
    </extensions>
   </trkpt>
   <trkpt lat="37.2527550" lon="-79.9454820">
    <ele>286.6</ele>
    <time>2025-01-29T10:24:49Z</time>
    <extensions>
     <gpxtpx:TrackPointExtension>
      <gpxtpx:hr>149</gpxtpx:hr>
      <gpxtpx:cad>86</gpxtpx:cad>
     </gpxtpx:TrackPointExtension>
    </extensions>
   </trkpt>
   <trkpt lat="37.2528170" lon="-79.9456480">
    <ele>286.8</ele>
    <time>2025-01-29T10:24:54Z</time>
    <extensions>
     <gpxtpx:TrackPointExtension>
      <gpxtpx:hr>152</gpxtpx:hr>
      <gpxtpx:cad>86</gpxtpx:cad>
     </gpxtpx:TrackPointExtension>
    </extensions>
   </trkpt>
   <trkpt lat="37.2528620" lon="-79.9457750">
    <ele>286.8</ele>
    <time>2025-01-29T10:24:58Z</time>
    <extensions>
     <gpxtpx:TrackPointExtension>
      <gpxtpx:hr>153</gpxtpx:hr>
      <gpxtpx:cad>86</gpxtpx:cad>
     </gpxtpx:TrackPointExtension>
    </extensions>
   </trkpt>
   <trkpt lat="37.2529360" lon="-79.9460170">
    <ele>286.8</ele>
    <time>2025-01-29T10:25:05Z</time>
    <extensions>
     <gpxtpx:TrackPointExtension>
      <gpxtpx:hr>154</gpxtpx:hr>
      <gpxtpx:cad>85</gpxtpx:cad>
     </gpxtpx:TrackPointExtension>
    </extensions>
   </trkpt>
   <trkpt lat="37.2529630" lon="-79.9460760">
    <ele>287.0</ele>
    <time>2025-01-29T10:25:07Z</time>
    <extensions>
     <gpxtpx:TrackPointExtension>
      <gpxtpx:hr>154</gpxtpx:hr>
      <gpxtpx:cad>85</gpxtpx:cad>
     </gpxtpx:TrackPointExtension>
    </extensions>
   </trkpt>
   <trkpt lat="37.2530260" lon="-79.9462760">
    <ele>287.0</ele>
    <time>2025-01-29T10:25:13Z</time>
    <extensions>
     <gpxtpx:TrackPointExtension>
      <gpxtpx:hr>153</gpxtpx:hr>
      <gpxtpx:cad>85</gpxtpx:cad>
     </gpxtpx:TrackPointExtension>
    </extensions>
   </trkpt>
   <trkpt lat="37.2530980" lon="-79.9463980">
    <ele>287.0</ele>
    <time>2025-01-29T10:25:17Z</time>
    <extensions>
     <gpxtpx:TrackPointExtension>
      <gpxtpx:hr>153</gpxtpx:hr>
      <gpxtpx:cad>85</gpxtpx:cad>
     </gpxtpx:TrackPointExtension>
    </extensions>
   </trkpt>
   <trkpt lat="37.2531930" lon="-79.9465930">
    <ele>287.2</ele>
    <time>2025-01-29T10:25:23Z</time>
    <extensions>
     <gpxtpx:TrackPointExtension>
      <gpxtpx:hr>152</gpxtpx:hr>
      <gpxtpx:cad>86</gpxtpx:cad>
     </gpxtpx:TrackPointExtension>
    </extensions>
   </trkpt>
   <trkpt lat="37.2532210" lon="-79.9466600">
    <ele>287.2</ele>
    <time>2025-01-29T10:25:25Z</time>
    <extensions>
     <gpxtpx:TrackPointExtension>
      <gpxtpx:hr>152</gpxtpx:hr>
      <gpxtpx:cad>86</gpxtpx:cad>
     </gpxtpx:TrackPointExtension>
    </extensions>
   </trkpt>
   <trkpt lat="37.2533360" lon="-79.9468730">
    <ele>287.2</ele>
    <time>2025-01-29T10:25:32Z</time>
    <extensions>
     <gpxtpx:TrackPointExtension>
      <gpxtpx:hr>151</gpxtpx:hr>
      <gpxtpx:cad>85</gpxtpx:cad>
     </gpxtpx:TrackPointExtension>
    </extensions>
   </trkpt>
   <trkpt lat="37.2533750" lon="-79.9469570">
    <ele>287.2</ele>
    <time>2025-01-29T10:25:35Z</time>
    <extensions>
     <gpxtpx:TrackPointExtension>
      <gpxtpx:hr>150</gpxtpx:hr>
      <gpxtpx:cad>85</gpxtpx:cad>
     </gpxtpx:TrackPointExtension>
    </extensions>
   </trkpt>
   <trkpt lat="37.2534710" lon="-79.9471700">
    <ele>287.2</ele>
    <time>2025-01-29T10:25:42Z</time>
    <extensions>
     <gpxtpx:TrackPointExtension>
      <gpxtpx:hr>147</gpxtpx:hr>
      <gpxtpx:cad>85</gpxtpx:cad>
     </gpxtpx:TrackPointExtension>
    </extensions>
   </trkpt>
   <trkpt lat="37.2535160" lon="-79.9472580">
    <ele>287.2</ele>
    <time>2025-01-29T10:25:45Z</time>
    <extensions>
     <gpxtpx:TrackPointExtension>
      <gpxtpx:hr>147</gpxtpx:hr>
      <gpxtpx:cad>85</gpxtpx:cad>
     </gpxtpx:TrackPointExtension>
    </extensions>
   </trkpt>
   <trkpt lat="37.2536450" lon="-79.9474690">
    <ele>287.2</ele>
    <time>2025-01-29T10:25:52Z</time>
    <extensions>
     <gpxtpx:TrackPointExtension>
      <gpxtpx:hr>147</gpxtpx:hr>
      <gpxtpx:cad>86</gpxtpx:cad>
     </gpxtpx:TrackPointExtension>
    </extensions>
   </trkpt>
   <trkpt lat="37.2537390" lon="-79.9476550">
    <ele>287.0</ele>
    <time>2025-01-29T10:25:58Z</time>
    <extensions>
     <gpxtpx:TrackPointExtension>
      <gpxtpx:hr>148</gpxtpx:hr>
      <gpxtpx:cad>85</gpxtpx:cad>
     </gpxtpx:TrackPointExtension>
    </extensions>
   </trkpt>
   <trkpt lat="37.2538350" lon="-79.9478300">
    <ele>286.8</ele>
    <time>2025-01-29T10:26:04Z</time>
    <extensions>
     <gpxtpx:TrackPointExtension>
      <gpxtpx:hr>151</gpxtpx:hr>
      <gpxtpx:cad>86</gpxtpx:cad>
     </gpxtpx:TrackPointExtension>
    </extensions>
   </trkpt>
   <trkpt lat="37.2539490" lon="-79.9479940">
    <ele>287.0</ele>
    <time>2025-01-29T10:26:10Z</time>
    <extensions>
     <gpxtpx:TrackPointExtension>
      <gpxtpx:hr>152</gpxtpx:hr>
      <gpxtpx:cad>85</gpxtpx:cad>
     </gpxtpx:TrackPointExtension>
    </extensions>
   </trkpt>
   <trkpt lat="37.2540400" lon="-79.9481890">
    <ele>286.8</ele>
    <time>2025-01-29T10:26:16Z</time>
    <extensions>
     <gpxtpx:TrackPointExtension>
      <gpxtpx:hr>152</gpxtpx:hr>
      <gpxtpx:cad>85</gpxtpx:cad>
     </gpxtpx:TrackPointExtension>
    </extensions>
   </trkpt>
   <trkpt lat="37.2541210" lon="-79.9483220">
    <ele>286.4</ele>
    <time>2025-01-29T10:26:21Z</time>
    <extensions>
     <gpxtpx:TrackPointExtension>
      <gpxtpx:hr>153</gpxtpx:hr>
      <gpxtpx:cad>85</gpxtpx:cad>
     </gpxtpx:TrackPointExtension>
    </extensions>
   </trkpt>
   <trkpt lat="37.2542450" lon="-79.9485230">
    <ele>286.6</ele>
    <time>2025-01-29T10:26:28Z</time>
    <extensions>
     <gpxtpx:TrackPointExtension>
      <gpxtpx:hr>152</gpxtpx:hr>
      <gpxtpx:cad>86</gpxtpx:cad>
     </gpxtpx:TrackPointExtension>
    </extensions>
   </trkpt>
   <trkpt lat="37.2542980" lon="-79.9486050">
    <ele>286.8</ele>
    <time>2025-01-29T10:26:31Z</time>
    <extensions>
     <gpxtpx:TrackPointExtension>
      <gpxtpx:hr>152</gpxtpx:hr>
      <gpxtpx:cad>86</gpxtpx:cad>
     </gpxtpx:TrackPointExtension>
    </extensions>
   </trkpt>
   <trkpt lat="37.2543080" lon="-79.9486930">
    <ele>286.6</ele>
    <time>2025-01-29T10:26:34Z</time>
    <extensions>
     <gpxtpx:TrackPointExtension>
      <gpxtpx:hr>152</gpxtpx:hr>
      <gpxtpx:cad>86</gpxtpx:cad>
     </gpxtpx:TrackPointExtension>
    </extensions>
   </trkpt>
   <trkpt lat="37.2542750" lon="-79.9487470">
    <ele>286.6</ele>
    <time>2025-01-29T10:26:36Z</time>
    <extensions>
     <gpxtpx:TrackPointExtension>
      <gpxtpx:hr>152</gpxtpx:hr>
      <gpxtpx:cad>85</gpxtpx:cad>
     </gpxtpx:TrackPointExtension>
    </extensions>
   </trkpt>
   <trkpt lat="37.2541400" lon="-79.9488470">
    <ele>286.4</ele>
    <time>2025-01-29T10:26:41Z</time>
    <extensions>
     <gpxtpx:TrackPointExtension>
      <gpxtpx:hr>151</gpxtpx:hr>
      <gpxtpx:cad>82</gpxtpx:cad>
     </gpxtpx:TrackPointExtension>
    </extensions>
   </trkpt>
   <trkpt lat="37.2539690" lon="-79.9489200">
    <ele>286.0</ele>
    <time>2025-01-29T10:26:47Z</time>
    <extensions>
     <gpxtpx:TrackPointExtension>
      <gpxtpx:hr>150</gpxtpx:hr>
      <gpxtpx:cad>85</gpxtpx:cad>
     </gpxtpx:TrackPointExtension>
    </extensions>
   </trkpt>
   <trkpt lat="37.2539160" lon="-79.9489330">
    <ele>286.0</ele>
    <time>2025-01-29T10:26:49Z</time>
    <extensions>
     <gpxtpx:TrackPointExtension>
      <gpxtpx:hr>150</gpxtpx:hr>
      <gpxtpx:cad>85</gpxtpx:cad>
     </gpxtpx:TrackPointExtension>
    </extensions>
   </trkpt>
   <trkpt lat="37.2537580" lon="-79.9490870">
    <ele>285.8</ele>
    <time>2025-01-29T10:26:56Z</time>
    <extensions>
     <gpxtpx:TrackPointExtension>
      <gpxtpx:hr>149</gpxtpx:hr>
      <gpxtpx:cad>85</gpxtpx:cad>
     </gpxtpx:TrackPointExtension>
    </extensions>
   </trkpt>
   <trkpt lat="37.2536130" lon="-79.9492020">
    <ele>285.6</ele>
    <time>2025-01-29T10:27:02Z</time>
    <extensions>
     <gpxtpx:TrackPointExtension>
      <gpxtpx:hr>148</gpxtpx:hr>
      <gpxtpx:cad>85</gpxtpx:cad>
     </gpxtpx:TrackPointExtension>
    </extensions>
   </trkpt>
   <trkpt lat="37.2534510" lon="-79.9493280">
    <ele>285.4</ele>
    <time>2025-01-29T10:27:10Z</time>
    <extensions>
     <gpxtpx:TrackPointExtension>
      <gpxtpx:hr>147</gpxtpx:hr>
      <gpxtpx:cad>81</gpxtpx:cad>
     </gpxtpx:TrackPointExtension>
    </extensions>
   </trkpt>
   <trkpt lat="37.2534430" lon="-79.9493680">
    <ele>285.4</ele>
    <time>2025-01-29T10:27:15Z</time>
    <extensions>
     <gpxtpx:TrackPointExtension>
      <gpxtpx:hr>148</gpxtpx:hr>
      <gpxtpx:cad>0</gpxtpx:cad>
     </gpxtpx:TrackPointExtension>
    </extensions>
   </trkpt>
   <trkpt lat="37.2534440" lon="-79.9493670">
    <ele>285.4</ele>
    <time>2025-01-29T10:27:17Z</time>
    <extensions>
     <gpxtpx:TrackPointExtension>
      <gpxtpx:hr>147</gpxtpx:hr>
      <gpxtpx:cad>0</gpxtpx:cad>
     </gpxtpx:TrackPointExtension>
    </extensions>
   </trkpt>
   <trkpt lat="37.2535040" lon="-79.9495260">
    <ele>283.8</ele>
    <time>2025-01-29T10:30:14Z</time>
    <extensions>
     <gpxtpx:TrackPointExtension>
      <gpxtpx:hr>110</gpxtpx:hr>
      <gpxtpx:cad>83</gpxtpx:cad>
     </gpxtpx:TrackPointExtension>
    </extensions>
   </trkpt>
   <trkpt lat="37.2535180" lon="-79.9495590">
    <ele>283.8</ele>
    <time>2025-01-29T10:30:15Z</time>
    <extensions>
     <gpxtpx:TrackPointExtension>
      <gpxtpx:hr>110</gpxtpx:hr>
      <gpxtpx:cad>82</gpxtpx:cad>
     </gpxtpx:TrackPointExtension>
    </extensions>
   </trkpt>
   <trkpt lat="37.2535290" lon="-79.9496030">
    <ele>283.8</ele>
    <time>2025-01-29T10:30:16Z</time>
    <extensions>
     <gpxtpx:TrackPointExtension>
      <gpxtpx:hr>110</gpxtpx:hr>
      <gpxtpx:cad>82</gpxtpx:cad>
     </gpxtpx:TrackPointExtension>
    </extensions>
   </trkpt>
   <trkpt lat="37.2535600" lon="-79.9496840">
    <ele>283.8</ele>
    <time>2025-01-29T10:30:18Z</time>
    <extensions>
     <gpxtpx:TrackPointExtension>
      <gpxtpx:hr>114</gpxtpx:hr>
      <gpxtpx:cad>84</gpxtpx:cad>
     </gpxtpx:TrackPointExtension>
    </extensions>
   </trkpt>
   <trkpt lat="37.2535830" lon="-79.9497580">
    <ele>284.0</ele>
    <time>2025-01-29T10:30:20Z</time>
    <extensions>
     <gpxtpx:TrackPointExtension>
      <gpxtpx:hr>117</gpxtpx:hr>
      <gpxtpx:cad>86</gpxtpx:cad>
     </gpxtpx:TrackPointExtension>
    </extensions>
   </trkpt>
   <trkpt lat="37.2536060" lon="-79.9498170">
    <ele>284.4</ele>
    <time>2025-01-29T10:30:22Z</time>
    <extensions>
     <gpxtpx:TrackPointExtension>
      <gpxtpx:hr>120</gpxtpx:hr>
      <gpxtpx:cad>86</gpxtpx:cad>
     </gpxtpx:TrackPointExtension>
    </extensions>
   </trkpt>
   <trkpt lat="37.2536360" lon="-79.9499040">
    <ele>284.6</ele>
    <time>2025-01-29T10:30:25Z</time>
    <extensions>
     <gpxtpx:TrackPointExtension>
      <gpxtpx:hr>123</gpxtpx:hr>
      <gpxtpx:cad>85</gpxtpx:cad>
     </gpxtpx:TrackPointExtension>
    </extensions>
   </trkpt>
   <trkpt lat="37.2536900" lon="-79.9500520">
    <ele>284.6</ele>
    <time>2025-01-29T10:30:30Z</time>
    <extensions>
     <gpxtpx:TrackPointExtension>
      <gpxtpx:hr>125</gpxtpx:hr>
      <gpxtpx:cad>85</gpxtpx:cad>
     </gpxtpx:TrackPointExtension>
    </extensions>
   </trkpt>
   <trkpt lat="37.2536980" lon="-79.9500860">
    <ele>284.6</ele>
    <time>2025-01-29T10:30:31Z</time>
    <extensions>
     <gpxtpx:TrackPointExtension>
      <gpxtpx:hr>125</gpxtpx:hr>
      <gpxtpx:cad>85</gpxtpx:cad>
     </gpxtpx:TrackPointExtension>
    </extensions>
   </trkpt>
   <trkpt lat="37.2537010" lon="-79.9501160">
    <ele>284.8</ele>
    <time>2025-01-29T10:30:32Z</time>
    <extensions>
     <gpxtpx:TrackPointExtension>
      <gpxtpx:hr>125</gpxtpx:hr>
      <gpxtpx:cad>85</gpxtpx:cad>
     </gpxtpx:TrackPointExtension>
    </extensions>
   </trkpt>
   <trkpt lat="37.2537330" lon="-79.9501980">
    <ele>284.8</ele>
    <time>2025-01-29T10:30:35Z</time>
    <extensions>
     <gpxtpx:TrackPointExtension>
      <gpxtpx:hr>128</gpxtpx:hr>
      <gpxtpx:cad>85</gpxtpx:cad>
     </gpxtpx:TrackPointExtension>
    </extensions>
   </trkpt>
   <trkpt lat="37.2538520" lon="-79.9503890">
    <ele>285.4</ele>
    <time>2025-01-29T10:30:41Z</time>
    <extensions>
     <gpxtpx:TrackPointExtension>
      <gpxtpx:hr>130</gpxtpx:hr>
      <gpxtpx:cad>84</gpxtpx:cad>
     </gpxtpx:TrackPointExtension>
    </extensions>
   </trkpt>
   <trkpt lat="37.2538570" lon="-79.9504200">
    <ele>285.4</ele>
    <time>2025-01-29T10:30:42Z</time>
    <extensions>
     <gpxtpx:TrackPointExtension>
      <gpxtpx:hr>128</gpxtpx:hr>
      <gpxtpx:cad>84</gpxtpx:cad>
     </gpxtpx:TrackPointExtension>
    </extensions>
   </trkpt>
   <trkpt lat="37.2538750" lon="-79.9504850">
    <ele>285.6</ele>
    <time>2025-01-29T10:30:44Z</time>
    <extensions>
     <gpxtpx:TrackPointExtension>
      <gpxtpx:hr>131</gpxtpx:hr>
      <gpxtpx:cad>84</gpxtpx:cad>
     </gpxtpx:TrackPointExtension>
    </extensions>
   </trkpt>
   <trkpt lat="37.2538900" lon="-79.9505120">
    <ele>285.6</ele>
    <time>2025-01-29T10:30:45Z</time>
    <extensions>
     <gpxtpx:TrackPointExtension>
      <gpxtpx:hr>132</gpxtpx:hr>
      <gpxtpx:cad>85</gpxtpx:cad>
     </gpxtpx:TrackPointExtension>
    </extensions>
   </trkpt>
   <trkpt lat="37.2539700" lon="-79.9506160">
    <ele>285.6</ele>
    <time>2025-01-29T10:30:49Z</time>
    <extensions>
     <gpxtpx:TrackPointExtension>
      <gpxtpx:hr>134</gpxtpx:hr>
      <gpxtpx:cad>87</gpxtpx:cad>
     </gpxtpx:TrackPointExtension>
    </extensions>
   </trkpt>
   <trkpt lat="37.2539940" lon="-79.9506460">
    <ele>285.6</ele>
    <time>2025-01-29T10:30:50Z</time>
    <extensions>
     <gpxtpx:TrackPointExtension>
      <gpxtpx:hr>134</gpxtpx:hr>
      <gpxtpx:cad>87</gpxtpx:cad>
     </gpxtpx:TrackPointExtension>
    </extensions>
   </trkpt>
   <trkpt lat="37.2539880" lon="-79.9506840">
    <ele>285.6</ele>
    <time>2025-01-29T10:30:51Z</time>
    <extensions>
     <gpxtpx:TrackPointExtension>
      <gpxtpx:hr>135</gpxtpx:hr>
      <gpxtpx:cad>86</gpxtpx:cad>
     </gpxtpx:TrackPointExtension>
    </extensions>
   </trkpt>
   <trkpt lat="37.2539460" lon="-79.9507340">
    <ele>285.8</ele>
    <time>2025-01-29T10:30:53Z</time>
    <extensions>
     <gpxtpx:TrackPointExtension>
      <gpxtpx:hr>136</gpxtpx:hr>
      <gpxtpx:cad>86</gpxtpx:cad>
     </gpxtpx:TrackPointExtension>
    </extensions>
   </trkpt>
   <trkpt lat="37.2539220" lon="-79.9507500">
    <ele>285.8</ele>
    <time>2025-01-29T10:30:54Z</time>
    <extensions>
     <gpxtpx:TrackPointExtension>
      <gpxtpx:hr>137</gpxtpx:hr>
      <gpxtpx:cad>85</gpxtpx:cad>
     </gpxtpx:TrackPointExtension>
    </extensions>
   </trkpt>
   <trkpt lat="37.2537980" lon="-79.9508310">
    <ele>286.0</ele>
    <time>2025-01-29T10:30:59Z</time>
    <extensions>
     <gpxtpx:TrackPointExtension>
      <gpxtpx:hr>139</gpxtpx:hr>
      <gpxtpx:cad>84</gpxtpx:cad>
     </gpxtpx:TrackPointExtension>
    </extensions>
   </trkpt>
   <trkpt lat="37.2536680" lon="-79.9509350">
    <ele>286.4</ele>
    <time>2025-01-29T10:31:04Z</time>
    <extensions>
     <gpxtpx:TrackPointExtension>
      <gpxtpx:hr>142</gpxtpx:hr>
      <gpxtpx:cad>84</gpxtpx:cad>
     </gpxtpx:TrackPointExtension>
    </extensions>
   </trkpt>
   <trkpt lat="37.2535730" lon="-79.9510030">
    <ele>286.6</ele>
    <time>2025-01-29T10:31:08Z</time>
    <extensions>
     <gpxtpx:TrackPointExtension>
      <gpxtpx:hr>143</gpxtpx:hr>
      <gpxtpx:cad>85</gpxtpx:cad>
     </gpxtpx:TrackPointExtension>
    </extensions>
   </trkpt>
   <trkpt lat="37.2534910" lon="-79.9510940">
    <ele>286.8</ele>
    <time>2025-01-29T10:31:12Z</time>
    <extensions>
     <gpxtpx:TrackPointExtension>
      <gpxtpx:hr>144</gpxtpx:hr>
      <gpxtpx:cad>82</gpxtpx:cad>
     </gpxtpx:TrackPointExtension>
    </extensions>
   </trkpt>
   <trkpt lat="37.2534240" lon="-79.9511500">
    <ele>287.2</ele>
    <time>2025-01-29T10:31:15Z</time>
    <extensions>
     <gpxtpx:TrackPointExtension>
      <gpxtpx:hr>145</gpxtpx:hr>
      <gpxtpx:cad>85</gpxtpx:cad>
     </gpxtpx:TrackPointExtension>
    </extensions>
   </trkpt>
   <trkpt lat="37.2532570" lon="-79.9512490">
    <ele>287.2</ele>
    <time>2025-01-29T10:31:22Z</time>
    <extensions>
     <gpxtpx:TrackPointExtension>
      <gpxtpx:hr>147</gpxtpx:hr>
      <gpxtpx:cad>82</gpxtpx:cad>
     </gpxtpx:TrackPointExtension>
    </extensions>
   </trkpt>
   <trkpt lat="37.2532300" lon="-79.9512510">
    <ele>287.2</ele>
    <time>2025-01-29T10:31:23Z</time>
    <extensions>
     <gpxtpx:TrackPointExtension>
      <gpxtpx:hr>148</gpxtpx:hr>
      <gpxtpx:cad>82</gpxtpx:cad>
     </gpxtpx:TrackPointExtension>
    </extensions>
   </trkpt>
   <trkpt lat="37.2530720" lon="-79.9512230">
    <ele>287.4</ele>
    <time>2025-01-29T10:31:29Z</time>
    <extensions>
     <gpxtpx:TrackPointExtension>
      <gpxtpx:hr>150</gpxtpx:hr>
      <gpxtpx:cad>82</gpxtpx:cad>
     </gpxtpx:TrackPointExtension>
    </extensions>
   </trkpt>
   <trkpt lat="37.2529960" lon="-79.9512090">
    <ele>287.8</ele>
    <time>2025-01-29T10:31:33Z</time>
    <extensions>
     <gpxtpx:TrackPointExtension>
      <gpxtpx:hr>149</gpxtpx:hr>
      <gpxtpx:cad>82</gpxtpx:cad>
     </gpxtpx:TrackPointExtension>
    </extensions>
   </trkpt>
   <trkpt lat="37.2529680" lon="-79.9512050">
    <ele>287.8</ele>
    <time>2025-01-29T10:31:34Z</time>
    <extensions>
     <gpxtpx:TrackPointExtension>
      <gpxtpx:hr>149</gpxtpx:hr>
      <gpxtpx:cad>83</gpxtpx:cad>
     </gpxtpx:TrackPointExtension>
    </extensions>
   </trkpt>
   <trkpt lat="37.2528120" lon="-79.9511380">
    <ele>288.6</ele>
    <time>2025-01-29T10:31:40Z</time>
    <extensions>
     <gpxtpx:TrackPointExtension>
      <gpxtpx:hr>147</gpxtpx:hr>
      <gpxtpx:cad>83</gpxtpx:cad>
     </gpxtpx:TrackPointExtension>
    </extensions>
   </trkpt>
   <trkpt lat="37.2527600" lon="-79.9511190">
    <ele>289.0</ele>
    <time>2025-01-29T10:31:42Z</time>
    <extensions>
     <gpxtpx:TrackPointExtension>
      <gpxtpx:hr>147</gpxtpx:hr>
      <gpxtpx:cad>83</gpxtpx:cad>
     </gpxtpx:TrackPointExtension>
    </extensions>
   </trkpt>
   <trkpt lat="37.2526400" lon="-79.9510700">
    <ele>289.8</ele>
    <time>2025-01-29T10:31:47Z</time>
    <extensions>
     <gpxtpx:TrackPointExtension>
      <gpxtpx:hr>148</gpxtpx:hr>
      <gpxtpx:cad>83</gpxtpx:cad>
     </gpxtpx:TrackPointExtension>
    </extensions>
   </trkpt>
   <trkpt lat="37.2526150" lon="-79.9510610">
    <ele>290.2</ele>
    <time>2025-01-29T10:31:48Z</time>
    <extensions>
     <gpxtpx:TrackPointExtension>
      <gpxtpx:hr>148</gpxtpx:hr>
      <gpxtpx:cad>83</gpxtpx:cad>
     </gpxtpx:TrackPointExtension>
    </extensions>
   </trkpt>
   <trkpt lat="37.2524690" lon="-79.9509990">
    <ele>291.2</ele>
    <time>2025-01-29T10:31:54Z</time>
    <extensions>
     <gpxtpx:TrackPointExtension>
      <gpxtpx:hr>147</gpxtpx:hr>
      <gpxtpx:cad>81</gpxtpx:cad>
     </gpxtpx:TrackPointExtension>
    </extensions>
   </trkpt>
   <trkpt lat="37.2524010" lon="-79.9508630">
    <ele>292.4</ele>
    <time>2025-01-29T10:31:59Z</time>
    <extensions>
     <gpxtpx:TrackPointExtension>
      <gpxtpx:hr>147</gpxtpx:hr>
      <gpxtpx:cad>82</gpxtpx:cad>
     </gpxtpx:TrackPointExtension>
    </extensions>
   </trkpt>
   <trkpt lat="37.2523590" lon="-79.9507550">
    <ele>293.0</ele>
    <time>2025-01-29T10:32:02Z</time>
    <extensions>
     <gpxtpx:TrackPointExtension>
      <gpxtpx:hr>146</gpxtpx:hr>
      <gpxtpx:cad>82</gpxtpx:cad>
     </gpxtpx:TrackPointExtension>
    </extensions>
   </trkpt>
   <trkpt lat="37.2522710" lon="-79.9506120">
    <ele>293.2</ele>
    <time>2025-01-29T10:32:07Z</time>
    <extensions>
     <gpxtpx:TrackPointExtension>
      <gpxtpx:hr>149</gpxtpx:hr>
      <gpxtpx:cad>81</gpxtpx:cad>
     </gpxtpx:TrackPointExtension>
    </extensions>
   </trkpt>
   <trkpt lat="37.2522270" lon="-79.9505230">
    <ele>293.4</ele>
    <time>2025-01-29T10:32:10Z</time>
    <extensions>
     <gpxtpx:TrackPointExtension>
      <gpxtpx:hr>150</gpxtpx:hr>
      <gpxtpx:cad>82</gpxtpx:cad>
     </gpxtpx:TrackPointExtension>
    </extensions>
   </trkpt>
   <trkpt lat="37.2521840" lon="-79.9504190">
    <ele>293.6</ele>
    <time>2025-01-29T10:32:14Z</time>
    <extensions>
     <gpxtpx:TrackPointExtension>
      <gpxtpx:hr>155</gpxtpx:hr>
      <gpxtpx:cad>82</gpxtpx:cad>
     </gpxtpx:TrackPointExtension>
    </extensions>
   </trkpt>
   <trkpt lat="37.2521190" lon="-79.9502980">
    <ele>294.0</ele>
    <time>2025-01-29T10:32:19Z</time>
    <extensions>
     <gpxtpx:TrackPointExtension>
      <gpxtpx:hr>153</gpxtpx:hr>
      <gpxtpx:cad>82</gpxtpx:cad>
     </gpxtpx:TrackPointExtension>
    </extensions>
   </trkpt>
   <trkpt lat="37.2520060" lon="-79.9501190">
    <ele>294.0</ele>
    <time>2025-01-29T10:32:26Z</time>
    <extensions>
     <gpxtpx:TrackPointExtension>
      <gpxtpx:hr>153</gpxtpx:hr>
      <gpxtpx:cad>84</gpxtpx:cad>
     </gpxtpx:TrackPointExtension>
    </extensions>
   </trkpt>
   <trkpt lat="37.2519750" lon="-79.9500670">
    <ele>294.0</ele>
    <time>2025-01-29T10:32:28Z</time>
    <extensions>
     <gpxtpx:TrackPointExtension>
      <gpxtpx:hr>153</gpxtpx:hr>
      <gpxtpx:cad>83</gpxtpx:cad>
     </gpxtpx:TrackPointExtension>
    </extensions>
   </trkpt>
   <trkpt lat="37.2518970" lon="-79.9498980">
    <ele>294.4</ele>
    <time>2025-01-29T10:32:34Z</time>
    <extensions>
     <gpxtpx:TrackPointExtension>
      <gpxtpx:hr>152</gpxtpx:hr>
      <gpxtpx:cad>83</gpxtpx:cad>
     </gpxtpx:TrackPointExtension>
    </extensions>
   </trkpt>
   <trkpt lat="37.2518380" lon="-79.9497780">
    <ele>294.4</ele>
    <time>2025-01-29T10:32:38Z</time>
    <extensions>
     <gpxtpx:TrackPointExtension>
      <gpxtpx:hr>151</gpxtpx:hr>
      <gpxtpx:cad>83</gpxtpx:cad>
     </gpxtpx:TrackPointExtension>
    </extensions>
   </trkpt>
   <trkpt lat="37.2517460" lon="-79.9495730">
    <ele>294.4</ele>
    <time>2025-01-29T10:32:45Z</time>
    <extensions>
     <gpxtpx:TrackPointExtension>
      <gpxtpx:hr>150</gpxtpx:hr>
      <gpxtpx:cad>82</gpxtpx:cad>
     </gpxtpx:TrackPointExtension>
    </extensions>
   </trkpt>
   <trkpt lat="37.2517320" lon="-79.9495440">
    <ele>294.2</ele>
    <time>2025-01-29T10:32:46Z</time>
    <extensions>
     <gpxtpx:TrackPointExtension>
      <gpxtpx:hr>150</gpxtpx:hr>
      <gpxtpx:cad>82</gpxtpx:cad>
     </gpxtpx:TrackPointExtension>
    </extensions>
   </trkpt>
   <trkpt lat="37.2516330" lon="-79.9493240">
    <ele>294.4</ele>
    <time>2025-01-29T10:32:54Z</time>
    <extensions>
     <gpxtpx:TrackPointExtension>
      <gpxtpx:hr>148</gpxtpx:hr>
      <gpxtpx:cad>82</gpxtpx:cad>
     </gpxtpx:TrackPointExtension>
    </extensions>
   </trkpt>
   <trkpt lat="37.2515450" lon="-79.9491200">
    <ele>294.2</ele>
    <time>2025-01-29T10:33:01Z</time>
    <extensions>
     <gpxtpx:TrackPointExtension>
      <gpxtpx:hr>151</gpxtpx:hr>
      <gpxtpx:cad>83</gpxtpx:cad>
     </gpxtpx:TrackPointExtension>
    </extensions>
   </trkpt>
   <trkpt lat="37.2515320" lon="-79.9490900">
    <ele>294.2</ele>
    <time>2025-01-29T10:33:02Z</time>
    <extensions>
     <gpxtpx:TrackPointExtension>
      <gpxtpx:hr>149</gpxtpx:hr>
      <gpxtpx:cad>83</gpxtpx:cad>
     </gpxtpx:TrackPointExtension>
    </extensions>
   </trkpt>
   <trkpt lat="37.2514300" lon="-79.9488630">
    <ele>294.0</ele>
    <time>2025-01-29T10:33:09Z</time>
    <extensions>
     <gpxtpx:TrackPointExtension>
      <gpxtpx:hr>151</gpxtpx:hr>
      <gpxtpx:cad>83</gpxtpx:cad>
     </gpxtpx:TrackPointExtension>
    </extensions>
   </trkpt>
   <trkpt lat="37.2513890" lon="-79.9487670">
    <ele>293.8</ele>
    <time>2025-01-29T10:33:12Z</time>
    <extensions>
     <gpxtpx:TrackPointExtension>
      <gpxtpx:hr>152</gpxtpx:hr>
      <gpxtpx:cad>83</gpxtpx:cad>
     </gpxtpx:TrackPointExtension>
    </extensions>
   </trkpt>
   <trkpt lat="37.2512850" lon="-79.9485690">
    <ele>293.8</ele>
    <time>2025-01-29T10:33:19Z</time>
    <extensions>
     <gpxtpx:TrackPointExtension>
      <gpxtpx:hr>152</gpxtpx:hr>
      <gpxtpx:cad>83</gpxtpx:cad>
     </gpxtpx:TrackPointExtension>
    </extensions>
   </trkpt>
   <trkpt lat="37.2512520" lon="-79.9485100">
    <ele>293.4</ele>
    <time>2025-01-29T10:33:21Z</time>
    <extensions>
     <gpxtpx:TrackPointExtension>
      <gpxtpx:hr>152</gpxtpx:hr>
      <gpxtpx:cad>83</gpxtpx:cad>
     </gpxtpx:TrackPointExtension>
    </extensions>
   </trkpt>
   <trkpt lat="37.2511630" lon="-79.9483210">
    <ele>293.0</ele>
    <time>2025-01-29T10:33:27Z</time>
    <extensions>
     <gpxtpx:TrackPointExtension>
      <gpxtpx:hr>149</gpxtpx:hr>
      <gpxtpx:cad>82</gpxtpx:cad>
     </gpxtpx:TrackPointExtension>
    </extensions>
   </trkpt>
   <trkpt lat="37.2511350" lon="-79.9482610">
    <ele>293.0</ele>
    <time>2025-01-29T10:33:29Z</time>
    <extensions>
     <gpxtpx:TrackPointExtension>
      <gpxtpx:hr>148</gpxtpx:hr>
      <gpxtpx:cad>83</gpxtpx:cad>
     </gpxtpx:TrackPointExtension>
    </extensions>
   </trkpt>
   <trkpt lat="37.2510940" lon="-79.9482090">
    <ele>292.8</ele>
    <time>2025-01-29T10:33:31Z</time>
    <extensions>
     <gpxtpx:TrackPointExtension>
      <gpxtpx:hr>151</gpxtpx:hr>
      <gpxtpx:cad>83</gpxtpx:cad>
     </gpxtpx:TrackPointExtension>
    </extensions>
   </trkpt>
   <trkpt lat="37.2510150" lon="-79.9481460">
    <ele>292.6</ele>
    <time>2025-01-29T10:33:34Z</time>
    <extensions>
     <gpxtpx:TrackPointExtension>
      <gpxtpx:hr>151</gpxtpx:hr>
      <gpxtpx:cad>82</gpxtpx:cad>
     </gpxtpx:TrackPointExtension>
    </extensions>
   </trkpt>
   <trkpt lat="37.2509060" lon="-79.9480320">
    <ele>292.4</ele>
    <time>2025-01-29T10:33:39Z</time>
    <extensions>
     <gpxtpx:TrackPointExtension>
      <gpxtpx:hr>151</gpxtpx:hr>
      <gpxtpx:cad>83</gpxtpx:cad>
     </gpxtpx:TrackPointExtension>
    </extensions>
   </trkpt>
   <trkpt lat="37.2508540" lon="-79.9480180">
    <ele>292.0</ele>
    <time>2025-01-29T10:33:41Z</time>
    <extensions>
     <gpxtpx:TrackPointExtension>
      <gpxtpx:hr>151</gpxtpx:hr>
      <gpxtpx:cad>82</gpxtpx:cad>
     </gpxtpx:TrackPointExtension>
    </extensions>
   </trkpt>
   <trkpt lat="37.2507250" lon="-79.9480730">
    <ele>291.8</ele>
    <time>2025-01-29T10:33:46Z</time>
    <extensions>
     <gpxtpx:TrackPointExtension>
      <gpxtpx:hr>150</gpxtpx:hr>
      <gpxtpx:cad>83</gpxtpx:cad>
     </gpxtpx:TrackPointExtension>
    </extensions>
   </trkpt>
   <trkpt lat="37.2505870" lon="-79.9481710">
    <ele>291.8</ele>
    <time>2025-01-29T10:33:52Z</time>
    <extensions>
     <gpxtpx:TrackPointExtension>
      <gpxtpx:hr>147</gpxtpx:hr>
      <gpxtpx:cad>82</gpxtpx:cad>
     </gpxtpx:TrackPointExtension>
    </extensions>
   </trkpt>
   <trkpt lat="37.2505190" lon="-79.9482240">
    <ele>292.2</ele>
    <time>2025-01-29T10:33:55Z</time>
    <extensions>
     <gpxtpx:TrackPointExtension>
      <gpxtpx:hr>146</gpxtpx:hr>
      <gpxtpx:cad>82</gpxtpx:cad>
     </gpxtpx:TrackPointExtension>
    </extensions>
   </trkpt>
   <trkpt lat="37.2503640" lon="-79.9483590">
    <ele>292.6</ele>
    <time>2025-01-29T10:34:03Z</time>
    <extensions>
     <gpxtpx:TrackPointExtension>
      <gpxtpx:hr>146</gpxtpx:hr>
      <gpxtpx:cad>81</gpxtpx:cad>
     </gpxtpx:TrackPointExtension>
    </extensions>
   </trkpt>
   <trkpt lat="37.2501850" lon="-79.9484790">
    <ele>293.2</ele>
    <time>2025-01-29T10:34:11Z</time>
    <extensions>
     <gpxtpx:TrackPointExtension>
      <gpxtpx:hr>147</gpxtpx:hr>
      <gpxtpx:cad>82</gpxtpx:cad>
     </gpxtpx:TrackPointExtension>
    </extensions>
   </trkpt>
   <trkpt lat="37.2501670" lon="-79.9485020">
    <ele>293.2</ele>
    <time>2025-01-29T10:34:12Z</time>
    <extensions>
     <gpxtpx:TrackPointExtension>
      <gpxtpx:hr>147</gpxtpx:hr>
      <gpxtpx:cad>82</gpxtpx:cad>
     </gpxtpx:TrackPointExtension>
    </extensions>
   </trkpt>
   <trkpt lat="37.2501270" lon="-79.9485350">
    <ele>293.4</ele>
    <time>2025-01-29T10:34:14Z</time>
    <extensions>
     <gpxtpx:TrackPointExtension>
      <gpxtpx:hr>147</gpxtpx:hr>
      <gpxtpx:cad>82</gpxtpx:cad>
     </gpxtpx:TrackPointExtension>
    </extensions>
   </trkpt>
   <trkpt lat="37.2500290" lon="-79.9485880">
    <ele>293.8</ele>
    <time>2025-01-29T10:34:18Z</time>
    <extensions>
     <gpxtpx:TrackPointExtension>
      <gpxtpx:hr>148</gpxtpx:hr>
      <gpxtpx:cad>84</gpxtpx:cad>
     </gpxtpx:TrackPointExtension>
    </extensions>
   </trkpt>
   <trkpt lat="37.2499000" lon="-79.9486810">
    <ele>294.0</ele>
    <time>2025-01-29T10:34:24Z</time>
    <extensions>
     <gpxtpx:TrackPointExtension>
      <gpxtpx:hr>145</gpxtpx:hr>
      <gpxtpx:cad>82</gpxtpx:cad>
     </gpxtpx:TrackPointExtension>
    </extensions>
   </trkpt>
   <trkpt lat="37.2498750" lon="-79.9486960">
    <ele>294.2</ele>
    <time>2025-01-29T10:34:25Z</time>
    <extensions>
     <gpxtpx:TrackPointExtension>
      <gpxtpx:hr>145</gpxtpx:hr>
      <gpxtpx:cad>82</gpxtpx:cad>
     </gpxtpx:TrackPointExtension>
    </extensions>
   </trkpt>
   <trkpt lat="37.2498320" lon="-79.9487260">
    <ele>294.6</ele>
    <time>2025-01-29T10:34:27Z</time>
    <extensions>
     <gpxtpx:TrackPointExtension>
      <gpxtpx:hr>145</gpxtpx:hr>
      <gpxtpx:cad>82</gpxtpx:cad>
     </gpxtpx:TrackPointExtension>
    </extensions>
   </trkpt>
   <trkpt lat="37.2497140" lon="-79.9488060">
    <ele>295.0</ele>
    <time>2025-01-29T10:34:32Z</time>
    <extensions>
     <gpxtpx:TrackPointExtension>
      <gpxtpx:hr>146</gpxtpx:hr>
      <gpxtpx:cad>82</gpxtpx:cad>
     </gpxtpx:TrackPointExtension>
    </extensions>
   </trkpt>
   <trkpt lat="37.2495630" lon="-79.9489250">
    <ele>295.6</ele>
    <time>2025-01-29T10:34:39Z</time>
    <extensions>
     <gpxtpx:TrackPointExtension>
      <gpxtpx:hr>148</gpxtpx:hr>
      <gpxtpx:cad>82</gpxtpx:cad>
     </gpxtpx:TrackPointExtension>
    </extensions>
   </trkpt>
   <trkpt lat="37.2493950" lon="-79.9490570">
    <ele>296.6</ele>
    <time>2025-01-29T10:34:47Z</time>
    <extensions>
     <gpxtpx:TrackPointExtension>
      <gpxtpx:hr>147</gpxtpx:hr>
      <gpxtpx:cad>83</gpxtpx:cad>
     </gpxtpx:TrackPointExtension>
    </extensions>
   </trkpt>
   <trkpt lat="37.2493700" lon="-79.9490710">
    <ele>296.6</ele>
    <time>2025-01-29T10:34:48Z</time>
    <extensions>
     <gpxtpx:TrackPointExtension>
      <gpxtpx:hr>147</gpxtpx:hr>
      <gpxtpx:cad>83</gpxtpx:cad>
     </gpxtpx:TrackPointExtension>
    </extensions>
   </trkpt>
   <trkpt lat="37.2491980" lon="-79.9491820">
    <ele>297.0</ele>
    <time>2025-01-29T10:34:55Z</time>
    <extensions>
     <gpxtpx:TrackPointExtension>
      <gpxtpx:hr>146</gpxtpx:hr>
      <gpxtpx:cad>82</gpxtpx:cad>
     </gpxtpx:TrackPointExtension>
    </extensions>
   </trkpt>
   <trkpt lat="37.2491010" lon="-79.9492530">
    <ele>297.0</ele>
    <time>2025-01-29T10:34:59Z</time>
    <extensions>
     <gpxtpx:TrackPointExtension>
      <gpxtpx:hr>145</gpxtpx:hr>
      <gpxtpx:cad>82</gpxtpx:cad>
     </gpxtpx:TrackPointExtension>
    </extensions>
   </trkpt>
   <trkpt lat="37.2489420" lon="-79.9493690">
    <ele>297.6</ele>
    <time>2025-01-29T10:35:06Z</time>
    <extensions>
     <gpxtpx:TrackPointExtension>
      <gpxtpx:hr>148</gpxtpx:hr>
      <gpxtpx:cad>83</gpxtpx:cad>
     </gpxtpx:TrackPointExtension>
    </extensions>
   </trkpt>
   <trkpt lat="37.2489180" lon="-79.9493880">
    <ele>297.8</ele>
    <time>2025-01-29T10:35:07Z</time>
    <extensions>
     <gpxtpx:TrackPointExtension>
      <gpxtpx:hr>148</gpxtpx:hr>
      <gpxtpx:cad>83</gpxtpx:cad>
     </gpxtpx:TrackPointExtension>
    </extensions>
   </trkpt>
   <trkpt lat="37.2488270" lon="-79.9494530">
    <ele>297.8</ele>
    <time>2025-01-29T10:35:11Z</time>
    <extensions>
     <gpxtpx:TrackPointExtension>
      <gpxtpx:hr>151</gpxtpx:hr>
      <gpxtpx:cad>84</gpxtpx:cad>
     </gpxtpx:TrackPointExtension>
    </extensions>
   </trkpt>
   <trkpt lat="37.2487850" lon="-79.9494890">
    <ele>298.0</ele>
    <time>2025-01-29T10:35:13Z</time>
    <extensions>
     <gpxtpx:TrackPointExtension>
      <gpxtpx:hr>151</gpxtpx:hr>
      <gpxtpx:cad>83</gpxtpx:cad>
     </gpxtpx:TrackPointExtension>
    </extensions>
   </trkpt>
   <trkpt lat="37.2486530" lon="-79.9495800">
    <ele>298.6</ele>
    <time>2025-01-29T10:35:19Z</time>
    <extensions>
     <gpxtpx:TrackPointExtension>
      <gpxtpx:hr>151</gpxtpx:hr>
      <gpxtpx:cad>83</gpxtpx:cad>
     </gpxtpx:TrackPointExtension>
    </extensions>
   </trkpt>
   <trkpt lat="37.2486150" lon="-79.9496180">
    <ele>298.8</ele>
    <time>2025-01-29T10:35:21Z</time>
    <extensions>
     <gpxtpx:TrackPointExtension>
      <gpxtpx:hr>149</gpxtpx:hr>
      <gpxtpx:cad>83</gpxtpx:cad>
     </gpxtpx:TrackPointExtension>
    </extensions>
   </trkpt>
   <trkpt lat="37.2484610" lon="-79.9497270">
    <ele>299.6</ele>
    <time>2025-01-29T10:35:28Z</time>
    <extensions>
     <gpxtpx:TrackPointExtension>
      <gpxtpx:hr>148</gpxtpx:hr>
      <gpxtpx:cad>83</gpxtpx:cad>
     </gpxtpx:TrackPointExtension>
    </extensions>
   </trkpt>
   <trkpt lat="37.2484170" lon="-79.9497650">
    <ele>299.8</ele>
    <time>2025-01-29T10:35:30Z</time>
    <extensions>
     <gpxtpx:TrackPointExtension>
      <gpxtpx:hr>148</gpxtpx:hr>
      <gpxtpx:cad>83</gpxtpx:cad>
     </gpxtpx:TrackPointExtension>
    </extensions>
   </trkpt>
   <trkpt lat="37.2483110" lon="-79.9498610">
    <ele>300.2</ele>
    <time>2025-01-29T10:35:35Z</time>
    <extensions>
     <gpxtpx:TrackPointExtension>
      <gpxtpx:hr>148</gpxtpx:hr>
      <gpxtpx:cad>83</gpxtpx:cad>
     </gpxtpx:TrackPointExtension>
    </extensions>
   </trkpt>
   <trkpt lat="37.2482040" lon="-79.9499420">
    <ele>300.8</ele>
    <time>2025-01-29T10:35:40Z</time>
    <extensions>
     <gpxtpx:TrackPointExtension>
      <gpxtpx:hr>149</gpxtpx:hr>
      <gpxtpx:cad>84</gpxtpx:cad>
     </gpxtpx:TrackPointExtension>
    </extensions>
   </trkpt>
   <trkpt lat="37.2481370" lon="-79.9499930">
    <ele>301.2</ele>
    <time>2025-01-29T10:35:43Z</time>
    <extensions>
     <gpxtpx:TrackPointExtension>
      <gpxtpx:hr>149</gpxtpx:hr>
      <gpxtpx:cad>84</gpxtpx:cad>
     </gpxtpx:TrackPointExtension>
    </extensions>
   </trkpt>
   <trkpt lat="37.2480390" lon="-79.9500430">
    <ele>301.8</ele>
    <time>2025-01-29T10:35:47Z</time>
    <extensions>
     <gpxtpx:TrackPointExtension>
      <gpxtpx:hr>150</gpxtpx:hr>
      <gpxtpx:cad>83</gpxtpx:cad>
     </gpxtpx:TrackPointExtension>
    </extensions>
   </trkpt>
   <trkpt lat="37.2479780" lon="-79.9500960">
    <ele>302.2</ele>
    <time>2025-01-29T10:35:50Z</time>
    <extensions>
     <gpxtpx:TrackPointExtension>
      <gpxtpx:hr>150</gpxtpx:hr>
      <gpxtpx:cad>83</gpxtpx:cad>
     </gpxtpx:TrackPointExtension>
    </extensions>
   </trkpt>
   <trkpt lat="37.2478400" lon="-79.9501830">
    <ele>303.0</ele>
    <time>2025-01-29T10:35:55Z</time>
    <extensions>
     <gpxtpx:TrackPointExtension>
      <gpxtpx:hr>152</gpxtpx:hr>
      <gpxtpx:cad>83</gpxtpx:cad>
     </gpxtpx:TrackPointExtension>
    </extensions>
   </trkpt>
   <trkpt lat="37.2477860" lon="-79.9502310">
    <ele>303.2</ele>
    <time>2025-01-29T10:35:57Z</time>
    <extensions>
     <gpxtpx:TrackPointExtension>
      <gpxtpx:hr>152</gpxtpx:hr>
      <gpxtpx:cad>84</gpxtpx:cad>
     </gpxtpx:TrackPointExtension>
    </extensions>
   </trkpt>
   <trkpt lat="37.2476320" lon="-79.9503410">
    <ele>304.2</ele>
    <time>2025-01-29T10:36:04Z</time>
    <extensions>
     <gpxtpx:TrackPointExtension>
      <gpxtpx:hr>153</gpxtpx:hr>
      <gpxtpx:cad>82</gpxtpx:cad>
     </gpxtpx:TrackPointExtension>
    </extensions>
   </trkpt>
   <trkpt lat="37.2476090" lon="-79.9503580">
    <ele>304.4</ele>
    <time>2025-01-29T10:36:05Z</time>
    <extensions>
     <gpxtpx:TrackPointExtension>
      <gpxtpx:hr>153</gpxtpx:hr>
      <gpxtpx:cad>82</gpxtpx:cad>
     </gpxtpx:TrackPointExtension>
    </extensions>
   </trkpt>
   <trkpt lat="37.2474480" lon="-79.9504940">
    <ele>304.4</ele>
    <time>2025-01-29T10:36:12Z</time>
    <extensions>
     <gpxtpx:TrackPointExtension>
      <gpxtpx:hr>152</gpxtpx:hr>
      <gpxtpx:cad>83</gpxtpx:cad>
     </gpxtpx:TrackPointExtension>
    </extensions>
   </trkpt>
   <trkpt lat="37.2473430" lon="-79.9505870">
    <ele>305.0</ele>
    <time>2025-01-29T10:36:17Z</time>
    <extensions>
     <gpxtpx:TrackPointExtension>
      <gpxtpx:hr>152</gpxtpx:hr>
      <gpxtpx:cad>82</gpxtpx:cad>
     </gpxtpx:TrackPointExtension>
    </extensions>
   </trkpt>
   <trkpt lat="37.2472030" lon="-79.9506750">
    <ele>305.2</ele>
    <time>2025-01-29T10:36:23Z</time>
    <extensions>
     <gpxtpx:TrackPointExtension>
      <gpxtpx:hr>152</gpxtpx:hr>
      <gpxtpx:cad>82</gpxtpx:cad>
     </gpxtpx:TrackPointExtension>
    </extensions>
   </trkpt>
   <trkpt lat="37.2471780" lon="-79.9506900">
    <ele>305.2</ele>
    <time>2025-01-29T10:36:24Z</time>
    <extensions>
     <gpxtpx:TrackPointExtension>
      <gpxtpx:hr>152</gpxtpx:hr>
      <gpxtpx:cad>82</gpxtpx:cad>
     </gpxtpx:TrackPointExtension>
    </extensions>
   </trkpt>
   <trkpt lat="37.2470210" lon="-79.9508040">
    <ele>305.4</ele>
    <time>2025-01-29T10:36:31Z</time>
    <extensions>
     <gpxtpx:TrackPointExtension>
      <gpxtpx:hr>153</gpxtpx:hr>
      <gpxtpx:cad>82</gpxtpx:cad>
     </gpxtpx:TrackPointExtension>
    </extensions>
   </trkpt>
   <trkpt lat="37.2469110" lon="-79.9508890">
    <ele>305.2</ele>
    <time>2025-01-29T10:36:36Z</time>
    <extensions>
     <gpxtpx:TrackPointExtension>
      <gpxtpx:hr>152</gpxtpx:hr>
      <gpxtpx:cad>84</gpxtpx:cad>
     </gpxtpx:TrackPointExtension>
    </extensions>
   </trkpt>
   <trkpt lat="37.2467400" lon="-79.9509890">
    <ele>305.2</ele>
    <time>2025-01-29T10:36:43Z</time>
    <extensions>
     <gpxtpx:TrackPointExtension>
      <gpxtpx:hr>151</gpxtpx:hr>
      <gpxtpx:cad>83</gpxtpx:cad>
     </gpxtpx:TrackPointExtension>
    </extensions>
   </trkpt>
   <trkpt lat="37.2467200" lon="-79.9510090">
    <ele>305.2</ele>
    <time>2025-01-29T10:36:44Z</time>
    <extensions>
     <gpxtpx:TrackPointExtension>
      <gpxtpx:hr>151</gpxtpx:hr>
      <gpxtpx:cad>83</gpxtpx:cad>
     </gpxtpx:TrackPointExtension>
    </extensions>
   </trkpt>
   <trkpt lat="37.2465560" lon="-79.9511390">
    <ele>305.8</ele>
    <time>2025-01-29T10:36:51Z</time>
    <extensions>
     <gpxtpx:TrackPointExtension>
      <gpxtpx:hr>150</gpxtpx:hr>
      <gpxtpx:cad>82</gpxtpx:cad>
     </gpxtpx:TrackPointExtension>
    </extensions>
   </trkpt>
   <trkpt lat="37.2465330" lon="-79.9511580">
    <ele>305.8</ele>
    <time>2025-01-29T10:36:52Z</time>
    <extensions>
     <gpxtpx:TrackPointExtension>
      <gpxtpx:hr>150</gpxtpx:hr>
      <gpxtpx:cad>82</gpxtpx:cad>
     </gpxtpx:TrackPointExtension>
    </extensions>
   </trkpt>
   <trkpt lat="37.2463840" lon="-79.9512900">
    <ele>306.0</ele>
    <time>2025-01-29T10:36:59Z</time>
    <extensions>
     <gpxtpx:TrackPointExtension>
      <gpxtpx:hr>151</gpxtpx:hr>
      <gpxtpx:cad>82</gpxtpx:cad>
     </gpxtpx:TrackPointExtension>
    </extensions>
   </trkpt>
   <trkpt lat="37.2463630" lon="-79.9513100">
    <ele>306.2</ele>
    <time>2025-01-29T10:37:00Z</time>
    <extensions>
     <gpxtpx:TrackPointExtension>
      <gpxtpx:hr>151</gpxtpx:hr>
      <gpxtpx:cad>82</gpxtpx:cad>
     </gpxtpx:TrackPointExtension>
    </extensions>
   </trkpt>
   <trkpt lat="37.2463410" lon="-79.9513280">
    <ele>306.4</ele>
    <time>2025-01-29T10:37:01Z</time>
    <extensions>
     <gpxtpx:TrackPointExtension>
      <gpxtpx:hr>151</gpxtpx:hr>
      <gpxtpx:cad>83</gpxtpx:cad>
     </gpxtpx:TrackPointExtension>
    </extensions>
   </trkpt>
   <trkpt lat="37.2461960" lon="-79.9514440">
    <ele>306.6</ele>
    <time>2025-01-29T10:37:07Z</time>
    <extensions>
     <gpxtpx:TrackPointExtension>
      <gpxtpx:hr>151</gpxtpx:hr>
      <gpxtpx:cad>83</gpxtpx:cad>
     </gpxtpx:TrackPointExtension>
    </extensions>
   </trkpt>
   <trkpt lat="37.2460540" lon="-79.9515320">
    <ele>306.8</ele>
    <time>2025-01-29T10:37:13Z</time>
    <extensions>
     <gpxtpx:TrackPointExtension>
      <gpxtpx:hr>152</gpxtpx:hr>
      <gpxtpx:cad>83</gpxtpx:cad>
     </gpxtpx:TrackPointExtension>
    </extensions>
   </trkpt>
   <trkpt lat="37.2459100" lon="-79.9516260">
    <ele>307.4</ele>
    <time>2025-01-29T10:37:19Z</time>
    <extensions>
     <gpxtpx:TrackPointExtension>
      <gpxtpx:hr>152</gpxtpx:hr>
      <gpxtpx:cad>84</gpxtpx:cad>
     </gpxtpx:TrackPointExtension>
    </extensions>
   </trkpt>
   <trkpt lat="37.2457390" lon="-79.9517590">
    <ele>308.0</ele>
    <time>2025-01-29T10:37:26Z</time>
    <extensions>
     <gpxtpx:TrackPointExtension>
      <gpxtpx:hr>152</gpxtpx:hr>
      <gpxtpx:cad>83</gpxtpx:cad>
     </gpxtpx:TrackPointExtension>
    </extensions>
   </trkpt>
   <trkpt lat="37.2457170" lon="-79.9517770">
    <ele>308.2</ele>
    <time>2025-01-29T10:37:27Z</time>
    <extensions>
     <gpxtpx:TrackPointExtension>
      <gpxtpx:hr>152</gpxtpx:hr>
      <gpxtpx:cad>82</gpxtpx:cad>
     </gpxtpx:TrackPointExtension>
    </extensions>
   </trkpt>
   <trkpt lat="37.2456680" lon="-79.9518150">
    <ele>308.6</ele>
    <time>2025-01-29T10:37:29Z</time>
    <extensions>
     <gpxtpx:TrackPointExtension>
      <gpxtpx:hr>153</gpxtpx:hr>
      <gpxtpx:cad>82</gpxtpx:cad>
     </gpxtpx:TrackPointExtension>
    </extensions>
   </trkpt>
   <trkpt lat="37.2455020" lon="-79.9519380">
    <ele>309.2</ele>
    <time>2025-01-29T10:37:37Z</time>
    <extensions>
     <gpxtpx:TrackPointExtension>
      <gpxtpx:hr>154</gpxtpx:hr>
      <gpxtpx:cad>80</gpxtpx:cad>
     </gpxtpx:TrackPointExtension>
    </extensions>
   </trkpt>
   <trkpt lat="37.2454920" lon="-79.9519450">
    <ele>309.2</ele>
    <time>2025-01-29T10:37:38Z</time>
    <extensions>
     <gpxtpx:TrackPointExtension>
      <gpxtpx:hr>154</gpxtpx:hr>
      <gpxtpx:cad>79</gpxtpx:cad>
     </gpxtpx:TrackPointExtension>
    </extensions>
   </trkpt>
   <trkpt lat="37.2454660" lon="-79.9519530">
    <ele>309.4</ele>
    <time>2025-01-29T10:37:41Z</time>
    <extensions>
     <gpxtpx:TrackPointExtension>
      <gpxtpx:hr>155</gpxtpx:hr>
      <gpxtpx:cad>79</gpxtpx:cad>
     </gpxtpx:TrackPointExtension>
    </extensions>
   </trkpt>
   <trkpt lat="37.2454630" lon="-79.9519560">
    <ele>309.6</ele>
    <time>2025-01-29T10:37:42Z</time>
    <extensions>
     <gpxtpx:TrackPointExtension>
      <gpxtpx:hr>154</gpxtpx:hr>
      <gpxtpx:cad>79</gpxtpx:cad>
     </gpxtpx:TrackPointExtension>
    </extensions>
   </trkpt>
   <trkpt lat="37.2454640" lon="-79.9519580">
    <ele>309.6</ele>
    <time>2025-01-29T10:37:43Z</time>
    <extensions>
     <gpxtpx:TrackPointExtension>
      <gpxtpx:hr>154</gpxtpx:hr>
      <gpxtpx:cad>0</gpxtpx:cad>
     </gpxtpx:TrackPointExtension>
    </extensions>
   </trkpt>
   <trkpt lat="37.2454620" lon="-79.9519700">
    <ele>309.4</ele>
    <time>2025-01-29T10:37:46Z</time>
    <extensions>
     <gpxtpx:TrackPointExtension>
      <gpxtpx:hr>153</gpxtpx:hr>
      <gpxtpx:cad>77</gpxtpx:cad>
     </gpxtpx:TrackPointExtension>
    </extensions>
   </trkpt>
   <trkpt lat="37.2453830" lon="-79.9518230">
    <ele>306.4</ele>
    <time>2025-01-29T10:39:32Z</time>
    <extensions>
     <gpxtpx:TrackPointExtension>
      <gpxtpx:hr>107</gpxtpx:hr>
      <gpxtpx:cad>85</gpxtpx:cad>
     </gpxtpx:TrackPointExtension>
    </extensions>
   </trkpt>
   <trkpt lat="37.2453030" lon="-79.9515960">
    <ele>306.2</ele>
    <time>2025-01-29T10:39:38Z</time>
    <extensions>
     <gpxtpx:TrackPointExtension>
      <gpxtpx:hr>109</gpxtpx:hr>
      <gpxtpx:cad>86</gpxtpx:cad>
     </gpxtpx:TrackPointExtension>
    </extensions>
   </trkpt>
   <trkpt lat="37.2452740" lon="-79.9515260">
    <ele>306.2</ele>
    <time>2025-01-29T10:39:40Z</time>
    <extensions>
     <gpxtpx:TrackPointExtension>
      <gpxtpx:hr>111</gpxtpx:hr>
      <gpxtpx:cad>86</gpxtpx:cad>
     </gpxtpx:TrackPointExtension>
    </extensions>
   </trkpt>
   <trkpt lat="37.2452300" lon="-79.9514300">
    <ele>306.2</ele>
    <time>2025-01-29T10:39:43Z</time>
    <extensions>
     <gpxtpx:TrackPointExtension>
      <gpxtpx:hr>114</gpxtpx:hr>
      <gpxtpx:cad>86</gpxtpx:cad>
     </gpxtpx:TrackPointExtension>
    </extensions>
   </trkpt>
   <trkpt lat="37.2452140" lon="-79.9514000">
    <ele>306.0</ele>
    <time>2025-01-29T10:39:44Z</time>
    <extensions>
     <gpxtpx:TrackPointExtension>
      <gpxtpx:hr>117</gpxtpx:hr>
      <gpxtpx:cad>86</gpxtpx:cad>
     </gpxtpx:TrackPointExtension>
    </extensions>
   </trkpt>
   <trkpt lat="37.2451770" lon="-79.9512950">
    <ele>305.4</ele>
    <time>2025-01-29T10:39:47Z</time>
    <extensions>
     <gpxtpx:TrackPointExtension>
      <gpxtpx:hr>120</gpxtpx:hr>
      <gpxtpx:cad>88</gpxtpx:cad>
     </gpxtpx:TrackPointExtension>
    </extensions>
   </trkpt>
   <trkpt lat="37.2451600" lon="-79.9512620">
    <ele>305.4</ele>
    <time>2025-01-29T10:39:48Z</time>
    <extensions>
     <gpxtpx:TrackPointExtension>
      <gpxtpx:hr>122</gpxtpx:hr>
      <gpxtpx:cad>86</gpxtpx:cad>
     </gpxtpx:TrackPointExtension>
    </extensions>
   </trkpt>
   <trkpt lat="37.2451430" lon="-79.9512280">
    <ele>305.4</ele>
    <time>2025-01-29T10:39:49Z</time>
    <extensions>
     <gpxtpx:TrackPointExtension>
      <gpxtpx:hr>123</gpxtpx:hr>
      <gpxtpx:cad>86</gpxtpx:cad>
     </gpxtpx:TrackPointExtension>
    </extensions>
   </trkpt>
   <trkpt lat="37.2451120" lon="-79.9511570">
    <ele>305.4</ele>
    <time>2025-01-29T10:39:51Z</time>
    <extensions>
     <gpxtpx:TrackPointExtension>
      <gpxtpx:hr>127</gpxtpx:hr>
      <gpxtpx:cad>87</gpxtpx:cad>
     </gpxtpx:TrackPointExtension>
    </extensions>
   </trkpt>
   <trkpt lat="37.2449970" lon="-79.9509780">
    <ele>304.8</ele>
    <time>2025-01-29T10:39:56Z</time>
    <extensions>
     <gpxtpx:TrackPointExtension>
      <gpxtpx:hr>128</gpxtpx:hr>
      <gpxtpx:cad>86</gpxtpx:cad>
     </gpxtpx:TrackPointExtension>
    </extensions>
   </trkpt>
   <trkpt lat="37.2449490" lon="-79.9509270">
    <ele>304.8</ele>
    <time>2025-01-29T10:39:58Z</time>
    <extensions>
     <gpxtpx:TrackPointExtension>
      <gpxtpx:hr>130</gpxtpx:hr>
      <gpxtpx:cad>85</gpxtpx:cad>
     </gpxtpx:TrackPointExtension>
    </extensions>
   </trkpt>
   <trkpt lat="37.2448960" lon="-79.9508950">
    <ele>304.8</ele>
    <time>2025-01-29T10:40:00Z</time>
    <extensions>
     <gpxtpx:TrackPointExtension>
      <gpxtpx:hr>133</gpxtpx:hr>
      <gpxtpx:cad>85</gpxtpx:cad>
     </gpxtpx:TrackPointExtension>
    </extensions>
   </trkpt>
   <trkpt lat="37.2447860" lon="-79.9508770">
    <ele>305.0</ele>
    <time>2025-01-29T10:40:03Z</time>
    <extensions>
     <gpxtpx:TrackPointExtension>
      <gpxtpx:hr>136</gpxtpx:hr>
      <gpxtpx:cad>85</gpxtpx:cad>
     </gpxtpx:TrackPointExtension>
    </extensions>
   </trkpt>
   <trkpt lat="37.2447550" lon="-79.9508920">
    <ele>305.2</ele>
    <time>2025-01-29T10:40:04Z</time>
    <extensions>
     <gpxtpx:TrackPointExtension>
      <gpxtpx:hr>139</gpxtpx:hr>
      <gpxtpx:cad>86</gpxtpx:cad>
     </gpxtpx:TrackPointExtension>
    </extensions>
   </trkpt>
   <trkpt lat="37.2446890" lon="-79.9509320">
    <ele>305.4</ele>
    <time>2025-01-29T10:40:06Z</time>
    <extensions>
     <gpxtpx:TrackPointExtension>
      <gpxtpx:hr>143</gpxtpx:hr>
      <gpxtpx:cad>86</gpxtpx:cad>
     </gpxtpx:TrackPointExtension>
    </extensions>
   </trkpt>
   <trkpt lat="37.2446430" lon="-79.9509790">
    <ele>305.8</ele>
    <time>2025-01-29T10:40:08Z</time>
    <extensions>
     <gpxtpx:TrackPointExtension>
      <gpxtpx:hr>145</gpxtpx:hr>
      <gpxtpx:cad>86</gpxtpx:cad>
     </gpxtpx:TrackPointExtension>
    </extensions>
   </trkpt>
   <trkpt lat="37.2445030" lon="-79.9510620">
    <ele>306.4</ele>
    <time>2025-01-29T10:40:13Z</time>
    <extensions>
     <gpxtpx:TrackPointExtension>
      <gpxtpx:hr>147</gpxtpx:hr>
      <gpxtpx:cad>86</gpxtpx:cad>
     </gpxtpx:TrackPointExtension>
    </extensions>
   </trkpt>
   <trkpt lat="37.2443780" lon="-79.9511410">
    <ele>307.2</ele>
    <time>2025-01-29T10:40:17Z</time>
    <extensions>
     <gpxtpx:TrackPointExtension>
      <gpxtpx:hr>150</gpxtpx:hr>
      <gpxtpx:cad>87</gpxtpx:cad>
     </gpxtpx:TrackPointExtension>
    </extensions>
   </trkpt>
   <trkpt lat="37.2443480" lon="-79.9511590">
    <ele>307.4</ele>
    <time>2025-01-29T10:40:18Z</time>
    <extensions>
     <gpxtpx:TrackPointExtension>
      <gpxtpx:hr>151</gpxtpx:hr>
      <gpxtpx:cad>87</gpxtpx:cad>
     </gpxtpx:TrackPointExtension>
    </extensions>
   </trkpt>
   <trkpt lat="37.2442820" lon="-79.9511890">
    <ele>307.6</ele>
    <time>2025-01-29T10:40:20Z</time>
    <extensions>
     <gpxtpx:TrackPointExtension>
      <gpxtpx:hr>152</gpxtpx:hr>
      <gpxtpx:cad>86</gpxtpx:cad>
     </gpxtpx:TrackPointExtension>
    </extensions>
   </trkpt>
   <trkpt lat="37.2441380" lon="-79.9512920">
    <ele>308.8</ele>
    <time>2025-01-29T10:40:25Z</time>
    <extensions>
     <gpxtpx:TrackPointExtension>
      <gpxtpx:hr>155</gpxtpx:hr>
      <gpxtpx:cad>86</gpxtpx:cad>
     </gpxtpx:TrackPointExtension>
    </extensions>
   </trkpt>
   <trkpt lat="37.2441060" lon="-79.9513110">
    <ele>309.0</ele>
    <time>2025-01-29T10:40:26Z</time>
    <extensions>
     <gpxtpx:TrackPointExtension>
      <gpxtpx:hr>155</gpxtpx:hr>
      <gpxtpx:cad>85</gpxtpx:cad>
     </gpxtpx:TrackPointExtension>
    </extensions>
   </trkpt>
   <trkpt lat="37.2440070" lon="-79.9513920">
    <ele>310.0</ele>
    <time>2025-01-29T10:40:30Z</time>
    <extensions>
     <gpxtpx:TrackPointExtension>
      <gpxtpx:hr>156</gpxtpx:hr>
      <gpxtpx:cad>85</gpxtpx:cad>
     </gpxtpx:TrackPointExtension>
    </extensions>
   </trkpt>
   <trkpt lat="37.2439010" lon="-79.9514650">
    <ele>311.0</ele>
    <time>2025-01-29T10:40:34Z</time>
    <extensions>
     <gpxtpx:TrackPointExtension>
      <gpxtpx:hr>155</gpxtpx:hr>
      <gpxtpx:cad>85</gpxtpx:cad>
     </gpxtpx:TrackPointExtension>
    </extensions>
   </trkpt>
   <trkpt lat="37.2437790" lon="-79.9515590">
    <ele>312.2</ele>
    <time>2025-01-29T10:40:39Z</time>
    <extensions>
     <gpxtpx:TrackPointExtension>
      <gpxtpx:hr>156</gpxtpx:hr>
      <gpxtpx:cad>87</gpxtpx:cad>
     </gpxtpx:TrackPointExtension>
    </extensions>
   </trkpt>
   <trkpt lat="37.2436700" lon="-79.9516290">
    <ele>313.4</ele>
    <time>2025-01-29T10:40:43Z</time>
    <extensions>
     <gpxtpx:TrackPointExtension>
      <gpxtpx:hr>156</gpxtpx:hr>
      <gpxtpx:cad>86</gpxtpx:cad>
     </gpxtpx:TrackPointExtension>
    </extensions>
   </trkpt>
   <trkpt lat="37.2435740" lon="-79.9517050">
    <ele>314.4</ele>
    <time>2025-01-29T10:40:47Z</time>
    <extensions>
     <gpxtpx:TrackPointExtension>
      <gpxtpx:hr>158</gpxtpx:hr>
      <gpxtpx:cad>85</gpxtpx:cad>
     </gpxtpx:TrackPointExtension>
    </extensions>
   </trkpt>
   <trkpt lat="37.2434630" lon="-79.9518100">
    <ele>315.8</ele>
    <time>2025-01-29T10:40:52Z</time>
    <extensions>
     <gpxtpx:TrackPointExtension>
      <gpxtpx:hr>159</gpxtpx:hr>
      <gpxtpx:cad>85</gpxtpx:cad>
     </gpxtpx:TrackPointExtension>
    </extensions>
   </trkpt>
   <trkpt lat="37.2433900" lon="-79.9518700">
    <ele>316.4</ele>
    <time>2025-01-29T10:40:55Z</time>
    <extensions>
     <gpxtpx:TrackPointExtension>
      <gpxtpx:hr>162</gpxtpx:hr>
      <gpxtpx:cad>85</gpxtpx:cad>
     </gpxtpx:TrackPointExtension>
    </extensions>
   </trkpt>
   <trkpt lat="37.2433640" lon="-79.9518900">
    <ele>316.8</ele>
    <time>2025-01-29T10:40:56Z</time>
    <extensions>
     <gpxtpx:TrackPointExtension>
      <gpxtpx:hr>162</gpxtpx:hr>
      <gpxtpx:cad>85</gpxtpx:cad>
     </gpxtpx:TrackPointExtension>
    </extensions>
   </trkpt>
   <trkpt lat="37.2432910" lon="-79.9519520">
    <ele>317.8</ele>
    <time>2025-01-29T10:40:59Z</time>
    <extensions>
     <gpxtpx:TrackPointExtension>
      <gpxtpx:hr>163</gpxtpx:hr>
      <gpxtpx:cad>86</gpxtpx:cad>
     </gpxtpx:TrackPointExtension>
    </extensions>
   </trkpt>
   <trkpt lat="37.2432480" lon="-79.9519850">
    <ele>318.8</ele>
    <time>2025-01-29T10:41:01Z</time>
    <extensions>
     <gpxtpx:TrackPointExtension>
      <gpxtpx:hr>164</gpxtpx:hr>
      <gpxtpx:cad>86</gpxtpx:cad>
     </gpxtpx:TrackPointExtension>
    </extensions>
   </trkpt>
   <trkpt lat="37.2432250" lon="-79.9520040">
    <ele>319.2</ele>
    <time>2025-01-29T10:41:02Z</time>
    <extensions>
     <gpxtpx:TrackPointExtension>
      <gpxtpx:hr>164</gpxtpx:hr>
      <gpxtpx:cad>86</gpxtpx:cad>
     </gpxtpx:TrackPointExtension>
    </extensions>
   </trkpt>
   <trkpt lat="37.2431570" lon="-79.9520630">
    <ele>320.0</ele>
    <time>2025-01-29T10:41:05Z</time>
    <extensions>
     <gpxtpx:TrackPointExtension>
      <gpxtpx:hr>164</gpxtpx:hr>
      <gpxtpx:cad>86</gpxtpx:cad>
     </gpxtpx:TrackPointExtension>
    </extensions>
   </trkpt>
   <trkpt lat="37.2431000" lon="-79.9521150">
    <ele>321.4</ele>
    <time>2025-01-29T10:41:08Z</time>
    <extensions>
     <gpxtpx:TrackPointExtension>
      <gpxtpx:hr>166</gpxtpx:hr>
      <gpxtpx:cad>86</gpxtpx:cad>
     </gpxtpx:TrackPointExtension>
    </extensions>
   </trkpt>
   <trkpt lat="37.2430780" lon="-79.9521290">
    <ele>321.8</ele>
    <time>2025-01-29T10:41:09Z</time>
    <extensions>
     <gpxtpx:TrackPointExtension>
      <gpxtpx:hr>166</gpxtpx:hr>
      <gpxtpx:cad>86</gpxtpx:cad>
     </gpxtpx:TrackPointExtension>
    </extensions>
   </trkpt>
   <trkpt lat="37.2430100" lon="-79.9521800">
    <ele>322.8</ele>
    <time>2025-01-29T10:41:12Z</time>
    <extensions>
     <gpxtpx:TrackPointExtension>
      <gpxtpx:hr>166</gpxtpx:hr>
      <gpxtpx:cad>84</gpxtpx:cad>
     </gpxtpx:TrackPointExtension>
    </extensions>
   </trkpt>
   <trkpt lat="37.2429320" lon="-79.9522260">
    <ele>324.0</ele>
    <time>2025-01-29T10:41:15Z</time>
    <extensions>
     <gpxtpx:TrackPointExtension>
      <gpxtpx:hr>163</gpxtpx:hr>
      <gpxtpx:cad>84</gpxtpx:cad>
     </gpxtpx:TrackPointExtension>
    </extensions>
   </trkpt>
   <trkpt lat="37.2428770" lon="-79.9522590">
    <ele>324.2</ele>
    <time>2025-01-29T10:41:17Z</time>
    <extensions>
     <gpxtpx:TrackPointExtension>
      <gpxtpx:hr>166</gpxtpx:hr>
      <gpxtpx:cad>85</gpxtpx:cad>
     </gpxtpx:TrackPointExtension>
    </extensions>
   </trkpt>
   <trkpt lat="37.2427830" lon="-79.9523500">
    <ele>325.2</ele>
    <time>2025-01-29T10:41:21Z</time>
    <extensions>
     <gpxtpx:TrackPointExtension>
      <gpxtpx:hr>166</gpxtpx:hr>
      <gpxtpx:cad>84</gpxtpx:cad>
     </gpxtpx:TrackPointExtension>
    </extensions>
   </trkpt>
   <trkpt lat="37.2426950" lon="-79.9524230">
    <ele>326.2</ele>
    <time>2025-01-29T10:41:25Z</time>
    <extensions>
     <gpxtpx:TrackPointExtension>
      <gpxtpx:hr>166</gpxtpx:hr>
      <gpxtpx:cad>84</gpxtpx:cad>
     </gpxtpx:TrackPointExtension>
    </extensions>
   </trkpt>
   <trkpt lat="37.2426740" lon="-79.9524390">
    <ele>326.4</ele>
    <time>2025-01-29T10:41:26Z</time>
    <extensions>
     <gpxtpx:TrackPointExtension>
      <gpxtpx:hr>166</gpxtpx:hr>
      <gpxtpx:cad>84</gpxtpx:cad>
     </gpxtpx:TrackPointExtension>
    </extensions>
   </trkpt>
   <trkpt lat="37.2426100" lon="-79.9524970">
    <ele>327.6</ele>
    <time>2025-01-29T10:41:29Z</time>
    <extensions>
     <gpxtpx:TrackPointExtension>
      <gpxtpx:hr>167</gpxtpx:hr>
      <gpxtpx:cad>84</gpxtpx:cad>
     </gpxtpx:TrackPointExtension>
    </extensions>
   </trkpt>
   <trkpt lat="37.2425460" lon="-79.9525510">
    <ele>328.0</ele>
    <time>2025-01-29T10:41:32Z</time>
    <extensions>
     <gpxtpx:TrackPointExtension>
      <gpxtpx:hr>168</gpxtpx:hr>
      <gpxtpx:cad>84</gpxtpx:cad>
     </gpxtpx:TrackPointExtension>
    </extensions>
   </trkpt>
   <trkpt lat="37.2425110" lon="-79.9525830">
    <ele>329.0</ele>
    <time>2025-01-29T10:41:34Z</time>
    <extensions>
     <gpxtpx:TrackPointExtension>
      <gpxtpx:hr>166</gpxtpx:hr>
      <gpxtpx:cad>84</gpxtpx:cad>
     </gpxtpx:TrackPointExtension>
    </extensions>
   </trkpt>
   <trkpt lat="37.2424610" lon="-79.9526130">
    <ele>329.8</ele>
    <time>2025-01-29T10:41:36Z</time>
    <extensions>
     <gpxtpx:TrackPointExtension>
      <gpxtpx:hr>169</gpxtpx:hr>
      <gpxtpx:cad>84</gpxtpx:cad>
     </gpxtpx:TrackPointExtension>
    </extensions>
   </trkpt>
   <trkpt lat="37.2424170" lon="-79.9526460">
    <ele>330.4</ele>
    <time>2025-01-29T10:41:38Z</time>
    <extensions>
     <gpxtpx:TrackPointExtension>
      <gpxtpx:hr>168</gpxtpx:hr>
      <gpxtpx:cad>83</gpxtpx:cad>
     </gpxtpx:TrackPointExtension>
    </extensions>
   </trkpt>
   <trkpt lat="37.2423000" lon="-79.9527280">
    <ele>331.6</ele>
    <time>2025-01-29T10:41:43Z</time>
    <extensions>
     <gpxtpx:TrackPointExtension>
      <gpxtpx:hr>166</gpxtpx:hr>
      <gpxtpx:cad>83</gpxtpx:cad>
     </gpxtpx:TrackPointExtension>
    </extensions>
   </trkpt>
   <trkpt lat="37.2422340" lon="-79.9527870">
    <ele>332.6</ele>
    <time>2025-01-29T10:41:46Z</time>
    <extensions>
     <gpxtpx:TrackPointExtension>
      <gpxtpx:hr>167</gpxtpx:hr>
      <gpxtpx:cad>82</gpxtpx:cad>
     </gpxtpx:TrackPointExtension>
    </extensions>
   </trkpt>
   <trkpt lat="37.2422190" lon="-79.9528050">
    <ele>332.8</ele>
    <time>2025-01-29T10:41:47Z</time>
    <extensions>
     <gpxtpx:TrackPointExtension>
      <gpxtpx:hr>169</gpxtpx:hr>
      <gpxtpx:cad>82</gpxtpx:cad>
     </gpxtpx:TrackPointExtension>
    </extensions>
   </trkpt>
   <trkpt lat="37.2421170" lon="-79.9528950">
    <ele>333.8</ele>
    <time>2025-01-29T10:41:52Z</time>
    <extensions>
     <gpxtpx:TrackPointExtension>
      <gpxtpx:hr>169</gpxtpx:hr>
      <gpxtpx:cad>82</gpxtpx:cad>
     </gpxtpx:TrackPointExtension>
    </extensions>
   </trkpt>
   <trkpt lat="37.2420940" lon="-79.9529120">
    <ele>334.0</ele>
    <time>2025-01-29T10:41:53Z</time>
    <extensions>
     <gpxtpx:TrackPointExtension>
      <gpxtpx:hr>169</gpxtpx:hr>
      <gpxtpx:cad>82</gpxtpx:cad>
     </gpxtpx:TrackPointExtension>
    </extensions>
   </trkpt>
   <trkpt lat="37.2420020" lon="-79.9529720">
    <ele>334.8</ele>
    <time>2025-01-29T10:41:56Z</time>
    <extensions>
     <gpxtpx:TrackPointExtension>
      <gpxtpx:hr>169</gpxtpx:hr>
      <gpxtpx:cad>82</gpxtpx:cad>
     </gpxtpx:TrackPointExtension>
    </extensions>
   </trkpt>
   <trkpt lat="37.2418810" lon="-79.9530190">
    <ele>335.6</ele>
    <time>2025-01-29T10:42:00Z</time>
    <extensions>
     <gpxtpx:TrackPointExtension>
      <gpxtpx:hr>170</gpxtpx:hr>
      <gpxtpx:cad>82</gpxtpx:cad>
     </gpxtpx:TrackPointExtension>
    </extensions>
   </trkpt>
   <trkpt lat="37.2418580" lon="-79.9530350">
    <ele>336.0</ele>
    <time>2025-01-29T10:42:01Z</time>
    <extensions>
     <gpxtpx:TrackPointExtension>
      <gpxtpx:hr>171</gpxtpx:hr>
      <gpxtpx:cad>82</gpxtpx:cad>
     </gpxtpx:TrackPointExtension>
    </extensions>
   </trkpt>
   <trkpt lat="37.2417190" lon="-79.9531320">
    <ele>337.4</ele>
    <time>2025-01-29T10:42:07Z</time>
    <extensions>
     <gpxtpx:TrackPointExtension>
      <gpxtpx:hr>173</gpxtpx:hr>
      <gpxtpx:cad>82</gpxtpx:cad>
     </gpxtpx:TrackPointExtension>
    </extensions>
   </trkpt>
   <trkpt lat="37.2416970" lon="-79.9531480">
    <ele>337.8</ele>
    <time>2025-01-29T10:42:08Z</time>
    <extensions>
     <gpxtpx:TrackPointExtension>
      <gpxtpx:hr>172</gpxtpx:hr>
      <gpxtpx:cad>82</gpxtpx:cad>
     </gpxtpx:TrackPointExtension>
    </extensions>
   </trkpt>
   <trkpt lat="37.2416090" lon="-79.9532090">
    <ele>338.6</ele>
    <time>2025-01-29T10:42:12Z</time>
    <extensions>
     <gpxtpx:TrackPointExtension>
      <gpxtpx:hr>174</gpxtpx:hr>
      <gpxtpx:cad>82</gpxtpx:cad>
     </gpxtpx:TrackPointExtension>
    </extensions>
   </trkpt>
   <trkpt lat="37.2415320" lon="-79.9532880">
    <ele>339.8</ele>
    <time>2025-01-29T10:42:16Z</time>
    <extensions>
     <gpxtpx:TrackPointExtension>
      <gpxtpx:hr>175</gpxtpx:hr>
      <gpxtpx:cad>83</gpxtpx:cad>
     </gpxtpx:TrackPointExtension>
    </extensions>
   </trkpt>
   <trkpt lat="37.2414410" lon="-79.9533430">
    <ele>341.0</ele>
    <time>2025-01-29T10:42:20Z</time>
    <extensions>
     <gpxtpx:TrackPointExtension>
      <gpxtpx:hr>175</gpxtpx:hr>
      <gpxtpx:cad>82</gpxtpx:cad>
     </gpxtpx:TrackPointExtension>
    </extensions>
   </trkpt>
   <trkpt lat="37.2413950" lon="-79.9533680">
    <ele>341.4</ele>
    <time>2025-01-29T10:42:22Z</time>
    <extensions>
     <gpxtpx:TrackPointExtension>
      <gpxtpx:hr>175</gpxtpx:hr>
      <gpxtpx:cad>82</gpxtpx:cad>
     </gpxtpx:TrackPointExtension>
    </extensions>
   </trkpt>
   <trkpt lat="37.2413410" lon="-79.9534250">
    <ele>342.4</ele>
    <time>2025-01-29T10:42:25Z</time>
    <extensions>
     <gpxtpx:TrackPointExtension>
      <gpxtpx:hr>174</gpxtpx:hr>
      <gpxtpx:cad>82</gpxtpx:cad>
     </gpxtpx:TrackPointExtension>
    </extensions>
   </trkpt>
   <trkpt lat="37.2412720" lon="-79.9534770">
    <ele>343.2</ele>
    <time>2025-01-29T10:42:28Z</time>
    <extensions>
     <gpxtpx:TrackPointExtension>
      <gpxtpx:hr>173</gpxtpx:hr>
      <gpxtpx:cad>82</gpxtpx:cad>
     </gpxtpx:TrackPointExtension>
    </extensions>
   </trkpt>
   <trkpt lat="37.2412530" lon="-79.9534940">
    <ele>343.4</ele>
    <time>2025-01-29T10:42:29Z</time>
    <extensions>
     <gpxtpx:TrackPointExtension>
      <gpxtpx:hr>173</gpxtpx:hr>
      <gpxtpx:cad>82</gpxtpx:cad>
     </gpxtpx:TrackPointExtension>
    </extensions>
   </trkpt>
   <trkpt lat="37.2411670" lon="-79.9535630">
    <ele>344.8</ele>
    <time>2025-01-29T10:42:33Z</time>
    <extensions>
     <gpxtpx:TrackPointExtension>
      <gpxtpx:hr>173</gpxtpx:hr>
      <gpxtpx:cad>82</gpxtpx:cad>
     </gpxtpx:TrackPointExtension>
    </extensions>
   </trkpt>
   <trkpt lat="37.2411010" lon="-79.9535970">
    <ele>346.2</ele>
    <time>2025-01-29T10:42:36Z</time>
    <extensions>
     <gpxtpx:TrackPointExtension>
      <gpxtpx:hr>172</gpxtpx:hr>
      <gpxtpx:cad>82</gpxtpx:cad>
     </gpxtpx:TrackPointExtension>
    </extensions>
   </trkpt>
   <trkpt lat="37.2410780" lon="-79.9536070">
    <ele>346.4</ele>
    <time>2025-01-29T10:42:37Z</time>
    <extensions>
     <gpxtpx:TrackPointExtension>
      <gpxtpx:hr>172</gpxtpx:hr>
      <gpxtpx:cad>83</gpxtpx:cad>
     </gpxtpx:TrackPointExtension>
    </extensions>
   </trkpt>
   <trkpt lat="37.2409990" lon="-79.9536620">
    <ele>347.4</ele>
    <time>2025-01-29T10:42:41Z</time>
    <extensions>
     <gpxtpx:TrackPointExtension>
      <gpxtpx:hr>172</gpxtpx:hr>
      <gpxtpx:cad>82</gpxtpx:cad>
     </gpxtpx:TrackPointExtension>
    </extensions>
   </trkpt>
   <trkpt lat="37.2409560" lon="-79.9536890">
    <ele>348.2</ele>
    <time>2025-01-29T10:42:43Z</time>
    <extensions>
     <gpxtpx:TrackPointExtension>
      <gpxtpx:hr>172</gpxtpx:hr>
      <gpxtpx:cad>83</gpxtpx:cad>
     </gpxtpx:TrackPointExtension>
    </extensions>
   </trkpt>
   <trkpt lat="37.2409340" lon="-79.9536980">
    <ele>348.4</ele>
    <time>2025-01-29T10:42:44Z</time>
    <extensions>
     <gpxtpx:TrackPointExtension>
      <gpxtpx:hr>172</gpxtpx:hr>
      <gpxtpx:cad>83</gpxtpx:cad>
     </gpxtpx:TrackPointExtension>
    </extensions>
   </trkpt>
   <trkpt lat="37.2408460" lon="-79.9537550">
    <ele>349.6</ele>
    <time>2025-01-29T10:42:48Z</time>
    <extensions>
     <gpxtpx:TrackPointExtension>
      <gpxtpx:hr>173</gpxtpx:hr>
      <gpxtpx:cad>83</gpxtpx:cad>
     </gpxtpx:TrackPointExtension>
    </extensions>
   </trkpt>
   <trkpt lat="37.2407620" lon="-79.9538220">
    <ele>350.6</ele>
    <time>2025-01-29T10:42:51Z</time>
    <extensions>
     <gpxtpx:TrackPointExtension>
      <gpxtpx:hr>173</gpxtpx:hr>
      <gpxtpx:cad>83</gpxtpx:cad>
     </gpxtpx:TrackPointExtension>
    </extensions>
   </trkpt>
   <trkpt lat="37.2407260" lon="-79.9538630">
    <ele>351.8</ele>
    <time>2025-01-29T10:42:53Z</time>
    <extensions>
     <gpxtpx:TrackPointExtension>
      <gpxtpx:hr>174</gpxtpx:hr>
      <gpxtpx:cad>82</gpxtpx:cad>
     </gpxtpx:TrackPointExtension>
    </extensions>
   </trkpt>
   <trkpt lat="37.2406400" lon="-79.9539210">
    <ele>353.0</ele>
    <time>2025-01-29T10:42:57Z</time>
    <extensions>
     <gpxtpx:TrackPointExtension>
      <gpxtpx:hr>175</gpxtpx:hr>
      <gpxtpx:cad>81</gpxtpx:cad>
     </gpxtpx:TrackPointExtension>
    </extensions>
   </trkpt>
   <trkpt lat="37.2405280" lon="-79.9540060">
    <ele>354.4</ele>
    <time>2025-01-29T10:43:02Z</time>
    <extensions>
     <gpxtpx:TrackPointExtension>
      <gpxtpx:hr>174</gpxtpx:hr>
      <gpxtpx:cad>81</gpxtpx:cad>
     </gpxtpx:TrackPointExtension>
    </extensions>
   </trkpt>
   <trkpt lat="37.2404910" lon="-79.9540340">
    <ele>355.2</ele>
    <time>2025-01-29T10:43:04Z</time>
    <extensions>
     <gpxtpx:TrackPointExtension>
      <gpxtpx:hr>174</gpxtpx:hr>
      <gpxtpx:cad>81</gpxtpx:cad>
     </gpxtpx:TrackPointExtension>
    </extensions>
   </trkpt>
   <trkpt lat="37.2404700" lon="-79.9540440">
    <ele>355.6</ele>
    <time>2025-01-29T10:43:05Z</time>
    <extensions>
     <gpxtpx:TrackPointExtension>
      <gpxtpx:hr>174</gpxtpx:hr>
      <gpxtpx:cad>81</gpxtpx:cad>
     </gpxtpx:TrackPointExtension>
    </extensions>
   </trkpt>
   <trkpt lat="37.2403790" lon="-79.9540800">
    <ele>356.8</ele>
    <time>2025-01-29T10:43:09Z</time>
    <extensions>
     <gpxtpx:TrackPointExtension>
      <gpxtpx:hr>175</gpxtpx:hr>
      <gpxtpx:cad>81</gpxtpx:cad>
     </gpxtpx:TrackPointExtension>
    </extensions>
   </trkpt>
   <trkpt lat="37.2403110" lon="-79.9540920">
    <ele>357.6</ele>
    <time>2025-01-29T10:43:12Z</time>
    <extensions>
     <gpxtpx:TrackPointExtension>
      <gpxtpx:hr>175</gpxtpx:hr>
      <gpxtpx:cad>81</gpxtpx:cad>
     </gpxtpx:TrackPointExtension>
    </extensions>
   </trkpt>
   <trkpt lat="37.2402940" lon="-79.9541020">
    <ele>358.0</ele>
    <time>2025-01-29T10:43:13Z</time>
    <extensions>
     <gpxtpx:TrackPointExtension>
      <gpxtpx:hr>175</gpxtpx:hr>
      <gpxtpx:cad>80</gpxtpx:cad>
     </gpxtpx:TrackPointExtension>
    </extensions>
   </trkpt>
   <trkpt lat="37.2402300" lon="-79.9541230">
    <ele>359.2</ele>
    <time>2025-01-29T10:43:16Z</time>
    <extensions>
     <gpxtpx:TrackPointExtension>
      <gpxtpx:hr>175</gpxtpx:hr>
      <gpxtpx:cad>80</gpxtpx:cad>
     </gpxtpx:TrackPointExtension>
    </extensions>
   </trkpt>
   <trkpt lat="37.2401840" lon="-79.9541350">
    <ele>359.6</ele>
    <time>2025-01-29T10:43:18Z</time>
    <extensions>
     <gpxtpx:TrackPointExtension>
      <gpxtpx:hr>176</gpxtpx:hr>
      <gpxtpx:cad>80</gpxtpx:cad>
     </gpxtpx:TrackPointExtension>
    </extensions>
   </trkpt>
   <trkpt lat="37.2401450" lon="-79.9541530">
    <ele>360.6</ele>
    <time>2025-01-29T10:43:20Z</time>
    <extensions>
     <gpxtpx:TrackPointExtension>
      <gpxtpx:hr>176</gpxtpx:hr>
      <gpxtpx:cad>80</gpxtpx:cad>
     </gpxtpx:TrackPointExtension>
    </extensions>
   </trkpt>
   <trkpt lat="37.2400660" lon="-79.9541860">
    <ele>362.0</ele>
    <time>2025-01-29T10:43:24Z</time>
    <extensions>
     <gpxtpx:TrackPointExtension>
      <gpxtpx:hr>175</gpxtpx:hr>
      <gpxtpx:cad>79</gpxtpx:cad>
     </gpxtpx:TrackPointExtension>
    </extensions>
   </trkpt>
   <trkpt lat="37.2399890" lon="-79.9542020">
    <ele>363.0</ele>
    <time>2025-01-29T10:43:27Z</time>
    <extensions>
     <gpxtpx:TrackPointExtension>
      <gpxtpx:hr>176</gpxtpx:hr>
      <gpxtpx:cad>80</gpxtpx:cad>
     </gpxtpx:TrackPointExtension>
    </extensions>
   </trkpt>
   <trkpt lat="37.2399080" lon="-79.9542440">
    <ele>364.4</ele>
    <time>2025-01-29T10:43:31Z</time>
    <extensions>
     <gpxtpx:TrackPointExtension>
      <gpxtpx:hr>176</gpxtpx:hr>
      <gpxtpx:cad>81</gpxtpx:cad>
     </gpxtpx:TrackPointExtension>
    </extensions>
   </trkpt>
   <trkpt lat="37.2398280" lon="-79.9542980">
    <ele>365.4</ele>
    <time>2025-01-29T10:43:35Z</time>
    <extensions>
     <gpxtpx:TrackPointExtension>
      <gpxtpx:hr>176</gpxtpx:hr>
      <gpxtpx:cad>80</gpxtpx:cad>
     </gpxtpx:TrackPointExtension>
    </extensions>
   </trkpt>
   <trkpt lat="37.2397420" lon="-79.9543490">
    <ele>366.6</ele>
    <time>2025-01-29T10:43:39Z</time>
    <extensions>
     <gpxtpx:TrackPointExtension>
      <gpxtpx:hr>176</gpxtpx:hr>
      <gpxtpx:cad>80</gpxtpx:cad>
     </gpxtpx:TrackPointExtension>
    </extensions>
   </trkpt>
   <trkpt lat="37.2396740" lon="-79.9543940">
    <ele>367.6</ele>
    <time>2025-01-29T10:43:42Z</time>
    <extensions>
     <gpxtpx:TrackPointExtension>
      <gpxtpx:hr>176</gpxtpx:hr>
      <gpxtpx:cad>81</gpxtpx:cad>
     </gpxtpx:TrackPointExtension>
    </extensions>
   </trkpt>
   <trkpt lat="37.2396560" lon="-79.9544120">
    <ele>367.8</ele>
    <time>2025-01-29T10:43:43Z</time>
    <extensions>
     <gpxtpx:TrackPointExtension>
      <gpxtpx:hr>177</gpxtpx:hr>
      <gpxtpx:cad>81</gpxtpx:cad>
     </gpxtpx:TrackPointExtension>
    </extensions>
   </trkpt>
   <trkpt lat="37.2395370" lon="-79.9545220">
    <ele>369.0</ele>
    <time>2025-01-29T10:43:49Z</time>
    <extensions>
     <gpxtpx:TrackPointExtension>
      <gpxtpx:hr>176</gpxtpx:hr>
      <gpxtpx:cad>80</gpxtpx:cad>
     </gpxtpx:TrackPointExtension>
    </extensions>
   </trkpt>
   <trkpt lat="37.2394740" lon="-79.9545740">
    <ele>369.6</ele>
    <time>2025-01-29T10:43:52Z</time>
    <extensions>
     <gpxtpx:TrackPointExtension>
      <gpxtpx:hr>176</gpxtpx:hr>
      <gpxtpx:cad>80</gpxtpx:cad>
     </gpxtpx:TrackPointExtension>
    </extensions>
   </trkpt>
   <trkpt lat="37.2394110" lon="-79.9546220">
    <ele>370.2</ele>
    <time>2025-01-29T10:43:55Z</time>
    <extensions>
     <gpxtpx:TrackPointExtension>
      <gpxtpx:hr>177</gpxtpx:hr>
      <gpxtpx:cad>80</gpxtpx:cad>
     </gpxtpx:TrackPointExtension>
    </extensions>
   </trkpt>
   <trkpt lat="37.2393520" lon="-79.9546710">
    <ele>371.0</ele>
    <time>2025-01-29T10:43:58Z</time>
    <extensions>
     <gpxtpx:TrackPointExtension>
      <gpxtpx:hr>177</gpxtpx:hr>
      <gpxtpx:cad>80</gpxtpx:cad>
     </gpxtpx:TrackPointExtension>
    </extensions>
   </trkpt>
   <trkpt lat="37.2393110" lon="-79.9547010">
    <ele>371.2</ele>
    <time>2025-01-29T10:44:00Z</time>
    <extensions>
     <gpxtpx:TrackPointExtension>
      <gpxtpx:hr>177</gpxtpx:hr>
      <gpxtpx:cad>80</gpxtpx:cad>
     </gpxtpx:TrackPointExtension>
    </extensions>
   </trkpt>
   <trkpt lat="37.2392310" lon="-79.9547660">
    <ele>372.2</ele>
    <time>2025-01-29T10:44:04Z</time>
    <extensions>
     <gpxtpx:TrackPointExtension>
      <gpxtpx:hr>178</gpxtpx:hr>
      <gpxtpx:cad>80</gpxtpx:cad>
     </gpxtpx:TrackPointExtension>
    </extensions>
   </trkpt>
   <trkpt lat="37.2392160" lon="-79.9547820">
    <ele>372.6</ele>
    <time>2025-01-29T10:44:05Z</time>
    <extensions>
     <gpxtpx:TrackPointExtension>
      <gpxtpx:hr>178</gpxtpx:hr>
      <gpxtpx:cad>80</gpxtpx:cad>
     </gpxtpx:TrackPointExtension>
    </extensions>
   </trkpt>
   <trkpt lat="37.2391470" lon="-79.9548210">
    <ele>373.4</ele>
    <time>2025-01-29T10:44:08Z</time>
    <extensions>
     <gpxtpx:TrackPointExtension>
      <gpxtpx:hr>177</gpxtpx:hr>
      <gpxtpx:cad>80</gpxtpx:cad>
     </gpxtpx:TrackPointExtension>
    </extensions>
   </trkpt>
   <trkpt lat="37.2390530" lon="-79.9548730">
    <ele>374.6</ele>
    <time>2025-01-29T10:44:12Z</time>
    <extensions>
     <gpxtpx:TrackPointExtension>
      <gpxtpx:hr>176</gpxtpx:hr>
      <gpxtpx:cad>80</gpxtpx:cad>
     </gpxtpx:TrackPointExtension>
    </extensions>
   </trkpt>
   <trkpt lat="37.2389800" lon="-79.9549170">
    <ele>375.6</ele>
    <time>2025-01-29T10:44:15Z</time>
    <extensions>
     <gpxtpx:TrackPointExtension>
      <gpxtpx:hr>176</gpxtpx:hr>
      <gpxtpx:cad>80</gpxtpx:cad>
     </gpxtpx:TrackPointExtension>
    </extensions>
   </trkpt>
   <trkpt lat="37.2389070" lon="-79.9549860">
    <ele>376.6</ele>
    <time>2025-01-29T10:44:19Z</time>
    <extensions>
     <gpxtpx:TrackPointExtension>
      <gpxtpx:hr>174</gpxtpx:hr>
      <gpxtpx:cad>79</gpxtpx:cad>
     </gpxtpx:TrackPointExtension>
    </extensions>
   </trkpt>
   <trkpt lat="37.2388920" lon="-79.9549990">
    <ele>377.0</ele>
    <time>2025-01-29T10:44:20Z</time>
    <extensions>
     <gpxtpx:TrackPointExtension>
      <gpxtpx:hr>174</gpxtpx:hr>
      <gpxtpx:cad>79</gpxtpx:cad>
     </gpxtpx:TrackPointExtension>
    </extensions>
   </trkpt>
   <trkpt lat="37.2388140" lon="-79.9550490">
    <ele>378.0</ele>
    <time>2025-01-29T10:44:24Z</time>
    <extensions>
     <gpxtpx:TrackPointExtension>
      <gpxtpx:hr>175</gpxtpx:hr>
      <gpxtpx:cad>81</gpxtpx:cad>
     </gpxtpx:TrackPointExtension>
    </extensions>
   </trkpt>
   <trkpt lat="37.2387970" lon="-79.9550600">
    <ele>378.4</ele>
    <time>2025-01-29T10:44:25Z</time>
    <extensions>
     <gpxtpx:TrackPointExtension>
      <gpxtpx:hr>175</gpxtpx:hr>
      <gpxtpx:cad>81</gpxtpx:cad>
     </gpxtpx:TrackPointExtension>
    </extensions>
   </trkpt>
   <trkpt lat="37.2387210" lon="-79.9551290">
    <ele>379.2</ele>
    <time>2025-01-29T10:44:29Z</time>
    <extensions>
     <gpxtpx:TrackPointExtension>
      <gpxtpx:hr>176</gpxtpx:hr>
      <gpxtpx:cad>79</gpxtpx:cad>
     </gpxtpx:TrackPointExtension>
    </extensions>
   </trkpt>
   <trkpt lat="37.2386550" lon="-79.9551690">
    <ele>380.2</ele>
    <time>2025-01-29T10:44:32Z</time>
    <extensions>
     <gpxtpx:TrackPointExtension>
      <gpxtpx:hr>175</gpxtpx:hr>
      <gpxtpx:cad>80</gpxtpx:cad>
     </gpxtpx:TrackPointExtension>
    </extensions>
   </trkpt>
   <trkpt lat="37.2386340" lon="-79.9551800">
    <ele>380.4</ele>
    <time>2025-01-29T10:44:33Z</time>
    <extensions>
     <gpxtpx:TrackPointExtension>
      <gpxtpx:hr>175</gpxtpx:hr>
      <gpxtpx:cad>80</gpxtpx:cad>
     </gpxtpx:TrackPointExtension>
    </extensions>
   </trkpt>
   <trkpt lat="37.2385640" lon="-79.9552490">
    <ele>381.6</ele>
    <time>2025-01-29T10:44:37Z</time>
    <extensions>
     <gpxtpx:TrackPointExtension>
      <gpxtpx:hr>176</gpxtpx:hr>
      <gpxtpx:cad>80</gpxtpx:cad>
     </gpxtpx:TrackPointExtension>
    </extensions>
   </trkpt>
   <trkpt lat="37.2385460" lon="-79.9552600">
    <ele>381.8</ele>
    <time>2025-01-29T10:44:38Z</time>
    <extensions>
     <gpxtpx:TrackPointExtension>
      <gpxtpx:hr>179</gpxtpx:hr>
      <gpxtpx:cad>80</gpxtpx:cad>
     </gpxtpx:TrackPointExtension>
    </extensions>
   </trkpt>
   <trkpt lat="37.2384780" lon="-79.9553030">
    <ele>382.6</ele>
    <time>2025-01-29T10:44:41Z</time>
    <extensions>
     <gpxtpx:TrackPointExtension>
      <gpxtpx:hr>177</gpxtpx:hr>
      <gpxtpx:cad>80</gpxtpx:cad>
     </gpxtpx:TrackPointExtension>
    </extensions>
   </trkpt>
   <trkpt lat="37.2384330" lon="-79.9553480">
    <ele>383.8</ele>
    <time>2025-01-29T10:44:44Z</time>
    <extensions>
     <gpxtpx:TrackPointExtension>
      <gpxtpx:hr>176</gpxtpx:hr>
      <gpxtpx:cad>80</gpxtpx:cad>
     </gpxtpx:TrackPointExtension>
    </extensions>
   </trkpt>
   <trkpt lat="37.2383110" lon="-79.9554360">
    <ele>385.0</ele>
    <time>2025-01-29T10:44:50Z</time>
    <extensions>
     <gpxtpx:TrackPointExtension>
      <gpxtpx:hr>176</gpxtpx:hr>
      <gpxtpx:cad>79</gpxtpx:cad>
     </gpxtpx:TrackPointExtension>
    </extensions>
   </trkpt>
   <trkpt lat="37.2382620" lon="-79.9554640">
    <ele>385.2</ele>
    <time>2025-01-29T10:44:52Z</time>
    <extensions>
     <gpxtpx:TrackPointExtension>
      <gpxtpx:hr>176</gpxtpx:hr>
      <gpxtpx:cad>80</gpxtpx:cad>
     </gpxtpx:TrackPointExtension>
    </extensions>
   </trkpt>
   <trkpt lat="37.2381580" lon="-79.9555230">
    <ele>386.0</ele>
    <time>2025-01-29T10:44:56Z</time>
    <extensions>
     <gpxtpx:TrackPointExtension>
      <gpxtpx:hr>176</gpxtpx:hr>
      <gpxtpx:cad>80</gpxtpx:cad>
     </gpxtpx:TrackPointExtension>
    </extensions>
   </trkpt>
   <trkpt lat="37.2380780" lon="-79.9555940">
    <ele>386.8</ele>
    <time>2025-01-29T10:45:00Z</time>
    <extensions>
     <gpxtpx:TrackPointExtension>
      <gpxtpx:hr>177</gpxtpx:hr>
      <gpxtpx:cad>80</gpxtpx:cad>
     </gpxtpx:TrackPointExtension>
    </extensions>
   </trkpt>
   <trkpt lat="37.2380350" lon="-79.9556250">
    <ele>387.4</ele>
    <time>2025-01-29T10:45:02Z</time>
    <extensions>
     <gpxtpx:TrackPointExtension>
      <gpxtpx:hr>178</gpxtpx:hr>
      <gpxtpx:cad>80</gpxtpx:cad>
     </gpxtpx:TrackPointExtension>
    </extensions>
   </trkpt>
   <trkpt lat="37.2379290" lon="-79.9556930">
    <ele>388.4</ele>
    <time>2025-01-29T10:45:07Z</time>
    <extensions>
     <gpxtpx:TrackPointExtension>
      <gpxtpx:hr>179</gpxtpx:hr>
      <gpxtpx:cad>80</gpxtpx:cad>
     </gpxtpx:TrackPointExtension>
    </extensions>
   </trkpt>
   <trkpt lat="37.2378090" lon="-79.9557930">
    <ele>389.0</ele>
    <time>2025-01-29T10:45:13Z</time>
    <extensions>
     <gpxtpx:TrackPointExtension>
      <gpxtpx:hr>176</gpxtpx:hr>
      <gpxtpx:cad>81</gpxtpx:cad>
     </gpxtpx:TrackPointExtension>
    </extensions>
   </trkpt>
   <trkpt lat="37.2377480" lon="-79.9558450">
    <ele>389.6</ele>
    <time>2025-01-29T10:45:16Z</time>
    <extensions>
     <gpxtpx:TrackPointExtension>
      <gpxtpx:hr>176</gpxtpx:hr>
      <gpxtpx:cad>80</gpxtpx:cad>
     </gpxtpx:TrackPointExtension>
    </extensions>
   </trkpt>
   <trkpt lat="37.2376370" lon="-79.9559200">
    <ele>390.2</ele>
    <time>2025-01-29T10:45:21Z</time>
    <extensions>
     <gpxtpx:TrackPointExtension>
      <gpxtpx:hr>175</gpxtpx:hr>
      <gpxtpx:cad>80</gpxtpx:cad>
     </gpxtpx:TrackPointExtension>
    </extensions>
   </trkpt>
   <trkpt lat="37.2375630" lon="-79.9559530">
    <ele>390.6</ele>
    <time>2025-01-29T10:45:24Z</time>
    <extensions>
     <gpxtpx:TrackPointExtension>
      <gpxtpx:hr>175</gpxtpx:hr>
      <gpxtpx:cad>80</gpxtpx:cad>
     </gpxtpx:TrackPointExtension>
    </extensions>
   </trkpt>
   <trkpt lat="37.2374260" lon="-79.9559920">
    <ele>391.6</ele>
    <time>2025-01-29T10:45:29Z</time>
    <extensions>
     <gpxtpx:TrackPointExtension>
      <gpxtpx:hr>175</gpxtpx:hr>
      <gpxtpx:cad>80</gpxtpx:cad>
     </gpxtpx:TrackPointExtension>
    </extensions>
   </trkpt>
   <trkpt lat="37.2373120" lon="-79.9560820">
    <ele>392.6</ele>
    <time>2025-01-29T10:45:34Z</time>
    <extensions>
     <gpxtpx:TrackPointExtension>
      <gpxtpx:hr>174</gpxtpx:hr>
      <gpxtpx:cad>80</gpxtpx:cad>
     </gpxtpx:TrackPointExtension>
    </extensions>
   </trkpt>
   <trkpt lat="37.2372530" lon="-79.9561490">
    <ele>393.2</ele>
    <time>2025-01-29T10:45:37Z</time>
    <extensions>
     <gpxtpx:TrackPointExtension>
      <gpxtpx:hr>174</gpxtpx:hr>
      <gpxtpx:cad>79</gpxtpx:cad>
     </gpxtpx:TrackPointExtension>
    </extensions>
   </trkpt>
   <trkpt lat="37.2372200" lon="-79.9562010">
    <ele>393.8</ele>
    <time>2025-01-29T10:45:39Z</time>
    <extensions>
     <gpxtpx:TrackPointExtension>
      <gpxtpx:hr>174</gpxtpx:hr>
      <gpxtpx:cad>79</gpxtpx:cad>
     </gpxtpx:TrackPointExtension>
    </extensions>
   </trkpt>
   <trkpt lat="37.2372100" lon="-79.9562160">
    <ele>394.2</ele>
    <time>2025-01-29T10:45:40Z</time>
    <extensions>
     <gpxtpx:TrackPointExtension>
      <gpxtpx:hr>171</gpxtpx:hr>
      <gpxtpx:cad>79</gpxtpx:cad>
     </gpxtpx:TrackPointExtension>
    </extensions>
   </trkpt>
   <trkpt lat="37.2371940" lon="-79.9562310">
    <ele>394.4</ele>
    <time>2025-01-29T10:45:41Z</time>
    <extensions>
     <gpxtpx:TrackPointExtension>
      <gpxtpx:hr>174</gpxtpx:hr>
      <gpxtpx:cad>79</gpxtpx:cad>
     </gpxtpx:TrackPointExtension>
    </extensions>
   </trkpt>
   <trkpt lat="37.2371570" lon="-79.9562650">
    <ele>394.8</ele>
    <time>2025-01-29T10:45:43Z</time>
    <extensions>
     <gpxtpx:TrackPointExtension>
      <gpxtpx:hr>173</gpxtpx:hr>
      <gpxtpx:cad>79</gpxtpx:cad>
     </gpxtpx:TrackPointExtension>
    </extensions>
   </trkpt>
   <trkpt lat="37.2370870" lon="-79.9563420">
    <ele>396.2</ele>
    <time>2025-01-29T10:45:47Z</time>
    <extensions>
     <gpxtpx:TrackPointExtension>
      <gpxtpx:hr>174</gpxtpx:hr>
      <gpxtpx:cad>79</gpxtpx:cad>
     </gpxtpx:TrackPointExtension>
    </extensions>
   </trkpt>
   <trkpt lat="37.2370090" lon="-79.9564310">
    <ele>397.2</ele>
    <time>2025-01-29T10:45:51Z</time>
    <extensions>
     <gpxtpx:TrackPointExtension>
      <gpxtpx:hr>174</gpxtpx:hr>
      <gpxtpx:cad>80</gpxtpx:cad>
     </gpxtpx:TrackPointExtension>
    </extensions>
   </trkpt>
   <trkpt lat="37.2369200" lon="-79.9565000">
    <ele>398.6</ele>
    <time>2025-01-29T10:45:55Z</time>
    <extensions>
     <gpxtpx:TrackPointExtension>
      <gpxtpx:hr>175</gpxtpx:hr>
      <gpxtpx:cad>80</gpxtpx:cad>
     </gpxtpx:TrackPointExtension>
    </extensions>
   </trkpt>
   <trkpt lat="37.2368630" lon="-79.9565390">
    <ele>399.6</ele>
    <time>2025-01-29T10:45:58Z</time>
    <extensions>
     <gpxtpx:TrackPointExtension>
      <gpxtpx:hr>174</gpxtpx:hr>
      <gpxtpx:cad>80</gpxtpx:cad>
     </gpxtpx:TrackPointExtension>
    </extensions>
   </trkpt>
   <trkpt lat="37.2367710" lon="-79.9565890">
    <ele>400.8</ele>
    <time>2025-01-29T10:46:02Z</time>
    <extensions>
     <gpxtpx:TrackPointExtension>
      <gpxtpx:hr>175</gpxtpx:hr>
      <gpxtpx:cad>80</gpxtpx:cad>
     </gpxtpx:TrackPointExtension>
    </extensions>
   </trkpt>
   <trkpt lat="37.2367200" lon="-79.9566130">
    <ele>401.4</ele>
    <time>2025-01-29T10:46:04Z</time>
    <extensions>
     <gpxtpx:TrackPointExtension>
      <gpxtpx:hr>175</gpxtpx:hr>
      <gpxtpx:cad>80</gpxtpx:cad>
     </gpxtpx:TrackPointExtension>
    </extensions>
   </trkpt>
   <trkpt lat="37.2366660" lon="-79.9566600">
    <ele>402.0</ele>
    <time>2025-01-29T10:46:07Z</time>
    <extensions>
     <gpxtpx:TrackPointExtension>
      <gpxtpx:hr>174</gpxtpx:hr>
      <gpxtpx:cad>80</gpxtpx:cad>
     </gpxtpx:TrackPointExtension>
    </extensions>
   </trkpt>
   <trkpt lat="37.2366260" lon="-79.9566880">
    <ele>402.8</ele>
    <time>2025-01-29T10:46:09Z</time>
    <extensions>
     <gpxtpx:TrackPointExtension>
      <gpxtpx:hr>174</gpxtpx:hr>
      <gpxtpx:cad>80</gpxtpx:cad>
     </gpxtpx:TrackPointExtension>
    </extensions>
   </trkpt>
   <trkpt lat="37.2366030" lon="-79.9567030">
    <ele>403.2</ele>
    <time>2025-01-29T10:46:10Z</time>
    <extensions>
     <gpxtpx:TrackPointExtension>
      <gpxtpx:hr>173</gpxtpx:hr>
      <gpxtpx:cad>80</gpxtpx:cad>
     </gpxtpx:TrackPointExtension>
    </extensions>
   </trkpt>
   <trkpt lat="37.2365620" lon="-79.9567230">
    <ele>403.8</ele>
    <time>2025-01-29T10:46:12Z</time>
    <extensions>
     <gpxtpx:TrackPointExtension>
      <gpxtpx:hr>177</gpxtpx:hr>
      <gpxtpx:cad>80</gpxtpx:cad>
     </gpxtpx:TrackPointExtension>
    </extensions>
   </trkpt>
   <trkpt lat="37.2365400" lon="-79.9567290">
    <ele>404.2</ele>
    <time>2025-01-29T10:46:13Z</time>
    <extensions>
     <gpxtpx:TrackPointExtension>
      <gpxtpx:hr>174</gpxtpx:hr>
      <gpxtpx:cad>80</gpxtpx:cad>
     </gpxtpx:TrackPointExtension>
    </extensions>
   </trkpt>
   <trkpt lat="37.2364660" lon="-79.9567370">
    <ele>405.0</ele>
    <time>2025-01-29T10:46:16Z</time>
    <extensions>
     <gpxtpx:TrackPointExtension>
      <gpxtpx:hr>174</gpxtpx:hr>
      <gpxtpx:cad>80</gpxtpx:cad>
     </gpxtpx:TrackPointExtension>
    </extensions>
   </trkpt>
   <trkpt lat="37.2364420" lon="-79.9567370">
    <ele>405.4</ele>
    <time>2025-01-29T10:46:17Z</time>
    <extensions>
     <gpxtpx:TrackPointExtension>
      <gpxtpx:hr>174</gpxtpx:hr>
      <gpxtpx:cad>80</gpxtpx:cad>
     </gpxtpx:TrackPointExtension>
    </extensions>
   </trkpt>
   <trkpt lat="37.2363690" lon="-79.9567330">
    <ele>406.4</ele>
    <time>2025-01-29T10:46:20Z</time>
    <extensions>
     <gpxtpx:TrackPointExtension>
      <gpxtpx:hr>175</gpxtpx:hr>
      <gpxtpx:cad>80</gpxtpx:cad>
     </gpxtpx:TrackPointExtension>
    </extensions>
   </trkpt>
   <trkpt lat="37.2363130" lon="-79.9567320">
    <ele>407.4</ele>
    <time>2025-01-29T10:46:23Z</time>
    <extensions>
     <gpxtpx:TrackPointExtension>
      <gpxtpx:hr>176</gpxtpx:hr>
      <gpxtpx:cad>80</gpxtpx:cad>
     </gpxtpx:TrackPointExtension>
    </extensions>
   </trkpt>
   <trkpt lat="37.2362870" lon="-79.9567300">
    <ele>408.0</ele>
    <time>2025-01-29T10:46:24Z</time>
    <extensions>
     <gpxtpx:TrackPointExtension>
      <gpxtpx:hr>176</gpxtpx:hr>
      <gpxtpx:cad>80</gpxtpx:cad>
     </gpxtpx:TrackPointExtension>
    </extensions>
   </trkpt>
   <trkpt lat="37.2362200" lon="-79.9566970">
    <ele>408.6</ele>
    <time>2025-01-29T10:46:27Z</time>
    <extensions>
     <gpxtpx:TrackPointExtension>
      <gpxtpx:hr>175</gpxtpx:hr>
      <gpxtpx:cad>80</gpxtpx:cad>
     </gpxtpx:TrackPointExtension>
    </extensions>
   </trkpt>
   <trkpt lat="37.2361570" lon="-79.9566720">
    <ele>409.4</ele>
    <time>2025-01-29T10:46:30Z</time>
    <extensions>
     <gpxtpx:TrackPointExtension>
      <gpxtpx:hr>175</gpxtpx:hr>
      <gpxtpx:cad>79</gpxtpx:cad>
     </gpxtpx:TrackPointExtension>
    </extensions>
   </trkpt>
   <trkpt lat="37.2361300" lon="-79.9566660">
    <ele>409.8</ele>
    <time>2025-01-29T10:46:31Z</time>
    <extensions>
     <gpxtpx:TrackPointExtension>
      <gpxtpx:hr>175</gpxtpx:hr>
      <gpxtpx:cad>79</gpxtpx:cad>
     </gpxtpx:TrackPointExtension>
    </extensions>
   </trkpt>
   <trkpt lat="37.2360640" lon="-79.9566440">
    <ele>411.0</ele>
    <time>2025-01-29T10:46:34Z</time>
    <extensions>
     <gpxtpx:TrackPointExtension>
      <gpxtpx:hr>177</gpxtpx:hr>
      <gpxtpx:cad>81</gpxtpx:cad>
     </gpxtpx:TrackPointExtension>
    </extensions>
   </trkpt>
   <trkpt lat="37.2359800" lon="-79.9566060">
    <ele>411.6</ele>
    <time>2025-01-29T10:46:38Z</time>
    <extensions>
     <gpxtpx:TrackPointExtension>
      <gpxtpx:hr>178</gpxtpx:hr>
      <gpxtpx:cad>80</gpxtpx:cad>
     </gpxtpx:TrackPointExtension>
    </extensions>
   </trkpt>
   <trkpt lat="37.2359270" lon="-79.9565830">
    <ele>412.0</ele>
    <time>2025-01-29T10:46:41Z</time>
    <extensions>
     <gpxtpx:TrackPointExtension>
      <gpxtpx:hr>177</gpxtpx:hr>
      <gpxtpx:cad>80</gpxtpx:cad>
     </gpxtpx:TrackPointExtension>
    </extensions>
   </trkpt>
   <trkpt lat="37.2358900" lon="-79.9565630">
    <ele>412.4</ele>
    <time>2025-01-29T10:46:43Z</time>
    <extensions>
     <gpxtpx:TrackPointExtension>
      <gpxtpx:hr>177</gpxtpx:hr>
      <gpxtpx:cad>80</gpxtpx:cad>
     </gpxtpx:TrackPointExtension>
    </extensions>
   </trkpt>
   <trkpt lat="37.2358460" lon="-79.9565140">
    <ele>413.4</ele>
    <time>2025-01-29T10:46:46Z</time>
    <extensions>
     <gpxtpx:TrackPointExtension>
      <gpxtpx:hr>176</gpxtpx:hr>
      <gpxtpx:cad>80</gpxtpx:cad>
     </gpxtpx:TrackPointExtension>
    </extensions>
   </trkpt>
   <trkpt lat="37.2358140" lon="-79.9564470">
    <ele>414.2</ele>
    <time>2025-01-29T10:46:49Z</time>
    <extensions>
     <gpxtpx:TrackPointExtension>
      <gpxtpx:hr>176</gpxtpx:hr>
      <gpxtpx:cad>80</gpxtpx:cad>
     </gpxtpx:TrackPointExtension>
    </extensions>
   </trkpt>
   <trkpt lat="37.2358060" lon="-79.9564080">
    <ele>414.6</ele>
    <time>2025-01-29T10:46:51Z</time>
    <extensions>
     <gpxtpx:TrackPointExtension>
      <gpxtpx:hr>177</gpxtpx:hr>
      <gpxtpx:cad>79</gpxtpx:cad>
     </gpxtpx:TrackPointExtension>
    </extensions>
   </trkpt>
   <trkpt lat="37.2358060" lon="-79.9563620">
    <ele>415.0</ele>
    <time>2025-01-29T10:46:53Z</time>
    <extensions>
     <gpxtpx:TrackPointExtension>
      <gpxtpx:hr>177</gpxtpx:hr>
      <gpxtpx:cad>79</gpxtpx:cad>
     </gpxtpx:TrackPointExtension>
    </extensions>
   </trkpt>
   <trkpt lat="37.2358040" lon="-79.9563330">
    <ele>415.4</ele>
    <time>2025-01-29T10:46:54Z</time>
    <extensions>
     <gpxtpx:TrackPointExtension>
      <gpxtpx:hr>177</gpxtpx:hr>
      <gpxtpx:cad>79</gpxtpx:cad>
     </gpxtpx:TrackPointExtension>
    </extensions>
   </trkpt>
   <trkpt lat="37.2358110" lon="-79.9562720">
    <ele>415.8</ele>
    <time>2025-01-29T10:46:56Z</time>
    <extensions>
     <gpxtpx:TrackPointExtension>
      <gpxtpx:hr>177</gpxtpx:hr>
      <gpxtpx:cad>79</gpxtpx:cad>
     </gpxtpx:TrackPointExtension>
    </extensions>
   </trkpt>
   <trkpt lat="37.2358270" lon="-79.9561380">
    <ele>416.8</ele>
    <time>2025-01-29T10:47:00Z</time>
    <extensions>
     <gpxtpx:TrackPointExtension>
      <gpxtpx:hr>177</gpxtpx:hr>
      <gpxtpx:cad>79</gpxtpx:cad>
     </gpxtpx:TrackPointExtension>
    </extensions>
   </trkpt>
   <trkpt lat="37.2358640" lon="-79.9560410">
    <ele>417.8</ele>
    <time>2025-01-29T10:47:04Z</time>
    <extensions>
     <gpxtpx:TrackPointExtension>
      <gpxtpx:hr>178</gpxtpx:hr>
      <gpxtpx:cad>79</gpxtpx:cad>
     </gpxtpx:TrackPointExtension>
    </extensions>
   </trkpt>
   <trkpt lat="37.2358820" lon="-79.9559930">
    <ele>418.6</ele>
    <time>2025-01-29T10:47:06Z</time>
    <extensions>
     <gpxtpx:TrackPointExtension>
      <gpxtpx:hr>178</gpxtpx:hr>
      <gpxtpx:cad>79</gpxtpx:cad>
     </gpxtpx:TrackPointExtension>
    </extensions>
   </trkpt>
   <trkpt lat="37.2358990" lon="-79.9559390">
    <ele>419.2</ele>
    <time>2025-01-29T10:47:08Z</time>
    <extensions>
     <gpxtpx:TrackPointExtension>
      <gpxtpx:hr>178</gpxtpx:hr>
      <gpxtpx:cad>79</gpxtpx:cad>
     </gpxtpx:TrackPointExtension>
    </extensions>
   </trkpt>
   <trkpt lat="37.2359110" lon="-79.9558550">
    <ele>420.2</ele>
    <time>2025-01-29T10:47:11Z</time>
    <extensions>
     <gpxtpx:TrackPointExtension>
      <gpxtpx:hr>177</gpxtpx:hr>
      <gpxtpx:cad>79</gpxtpx:cad>
     </gpxtpx:TrackPointExtension>
    </extensions>
   </trkpt>
   <trkpt lat="37.2359170" lon="-79.9557990">
    <ele>420.6</ele>
    <time>2025-01-29T10:47:13Z</time>
    <extensions>
     <gpxtpx:TrackPointExtension>
      <gpxtpx:hr>177</gpxtpx:hr>
      <gpxtpx:cad>79</gpxtpx:cad>
     </gpxtpx:TrackPointExtension>
    </extensions>
   </trkpt>
   <trkpt lat="37.2359310" lon="-79.9557140">
    <ele>421.2</ele>
    <time>2025-01-29T10:47:16Z</time>
    <extensions>
     <gpxtpx:TrackPointExtension>
      <gpxtpx:hr>177</gpxtpx:hr>
      <gpxtpx:cad>79</gpxtpx:cad>
     </gpxtpx:TrackPointExtension>
    </extensions>
   </trkpt>
   <trkpt lat="37.2359510" lon="-79.9555960">
    <ele>422.4</ele>
    <time>2025-01-29T10:47:20Z</time>
    <extensions>
     <gpxtpx:TrackPointExtension>
      <gpxtpx:hr>178</gpxtpx:hr>
      <gpxtpx:cad>79</gpxtpx:cad>
     </gpxtpx:TrackPointExtension>
    </extensions>
   </trkpt>
   <trkpt lat="37.2359530" lon="-79.9555670">
    <ele>422.6</ele>
    <time>2025-01-29T10:47:21Z</time>
    <extensions>
     <gpxtpx:TrackPointExtension>
      <gpxtpx:hr>178</gpxtpx:hr>
      <gpxtpx:cad>79</gpxtpx:cad>
     </gpxtpx:TrackPointExtension>
    </extensions>
   </trkpt>
   <trkpt lat="37.2359730" lon="-79.9554510">
    <ele>423.6</ele>
    <time>2025-01-29T10:47:25Z</time>
    <extensions>
     <gpxtpx:TrackPointExtension>
      <gpxtpx:hr>178</gpxtpx:hr>
      <gpxtpx:cad>80</gpxtpx:cad>
     </gpxtpx:TrackPointExtension>
    </extensions>
   </trkpt>
   <trkpt lat="37.2359680" lon="-79.9554200">
    <ele>424.0</ele>
    <time>2025-01-29T10:47:26Z</time>
    <extensions>
     <gpxtpx:TrackPointExtension>
      <gpxtpx:hr>178</gpxtpx:hr>
      <gpxtpx:cad>80</gpxtpx:cad>
     </gpxtpx:TrackPointExtension>
    </extensions>
   </trkpt>
   <trkpt lat="37.2359640" lon="-79.9553580">
    <ele>424.6</ele>
    <time>2025-01-29T10:47:28Z</time>
    <extensions>
     <gpxtpx:TrackPointExtension>
      <gpxtpx:hr>178</gpxtpx:hr>
      <gpxtpx:cad>80</gpxtpx:cad>
     </gpxtpx:TrackPointExtension>
    </extensions>
   </trkpt>
   <trkpt lat="37.2359680" lon="-79.9553300">
    <ele>424.8</ele>
    <time>2025-01-29T10:47:29Z</time>
    <extensions>
     <gpxtpx:TrackPointExtension>
      <gpxtpx:hr>178</gpxtpx:hr>
      <gpxtpx:cad>80</gpxtpx:cad>
     </gpxtpx:TrackPointExtension>
    </extensions>
   </trkpt>
   <trkpt lat="37.2359610" lon="-79.9552220">
    <ele>426.0</ele>
    <time>2025-01-29T10:47:33Z</time>
    <extensions>
     <gpxtpx:TrackPointExtension>
      <gpxtpx:hr>178</gpxtpx:hr>
      <gpxtpx:cad>79</gpxtpx:cad>
     </gpxtpx:TrackPointExtension>
    </extensions>
   </trkpt>
   <trkpt lat="37.2359550" lon="-79.9551720">
    <ele>426.6</ele>
    <time>2025-01-29T10:47:35Z</time>
    <extensions>
     <gpxtpx:TrackPointExtension>
      <gpxtpx:hr>178</gpxtpx:hr>
      <gpxtpx:cad>79</gpxtpx:cad>
     </gpxtpx:TrackPointExtension>
    </extensions>
   </trkpt>
   <trkpt lat="37.2359430" lon="-79.9550610">
    <ele>427.6</ele>
    <time>2025-01-29T10:47:38Z</time>
    <extensions>
     <gpxtpx:TrackPointExtension>
      <gpxtpx:hr>178</gpxtpx:hr>
      <gpxtpx:cad>79</gpxtpx:cad>
     </gpxtpx:TrackPointExtension>
    </extensions>
   </trkpt>
   <trkpt lat="37.2359230" lon="-79.9549580">
    <ele>428.6</ele>
    <time>2025-01-29T10:47:41Z</time>
    <extensions>
     <gpxtpx:TrackPointExtension>
      <gpxtpx:hr>179</gpxtpx:hr>
      <gpxtpx:cad>83</gpxtpx:cad>
     </gpxtpx:TrackPointExtension>
    </extensions>
   </trkpt>
   <trkpt lat="37.2359250" lon="-79.9549290">
    <ele>428.8</ele>
    <time>2025-01-29T10:47:42Z</time>
    <extensions>
     <gpxtpx:TrackPointExtension>
      <gpxtpx:hr>180</gpxtpx:hr>
      <gpxtpx:cad>83</gpxtpx:cad>
     </gpxtpx:TrackPointExtension>
    </extensions>
   </trkpt>
   <trkpt lat="37.2358940" lon="-79.9548150">
    <ele>430.0</ele>
    <time>2025-01-29T10:47:46Z</time>
    <extensions>
     <gpxtpx:TrackPointExtension>
      <gpxtpx:hr>180</gpxtpx:hr>
      <gpxtpx:cad>83</gpxtpx:cad>
     </gpxtpx:TrackPointExtension>
    </extensions>
   </trkpt>
   <trkpt lat="37.2358800" lon="-79.9547830">
    <ele>430.2</ele>
    <time>2025-01-29T10:47:47Z</time>
    <extensions>
     <gpxtpx:TrackPointExtension>
      <gpxtpx:hr>180</gpxtpx:hr>
      <gpxtpx:cad>83</gpxtpx:cad>
     </gpxtpx:TrackPointExtension>
    </extensions>
   </trkpt>
   <trkpt lat="37.2358400" lon="-79.9546980">
    <ele>431.0</ele>
    <time>2025-01-29T10:47:50Z</time>
    <extensions>
     <gpxtpx:TrackPointExtension>
      <gpxtpx:hr>180</gpxtpx:hr>
      <gpxtpx:cad>83</gpxtpx:cad>
     </gpxtpx:TrackPointExtension>
    </extensions>
   </trkpt>
   <trkpt lat="37.2358110" lon="-79.9546120">
    <ele>432.2</ele>
    <time>2025-01-29T10:47:53Z</time>
    <extensions>
     <gpxtpx:TrackPointExtension>
      <gpxtpx:hr>179</gpxtpx:hr>
      <gpxtpx:cad>81</gpxtpx:cad>
     </gpxtpx:TrackPointExtension>
    </extensions>
   </trkpt>
   <trkpt lat="37.2357890" lon="-79.9545250">
    <ele>433.0</ele>
    <time>2025-01-29T10:47:56Z</time>
    <extensions>
     <gpxtpx:TrackPointExtension>
      <gpxtpx:hr>181</gpxtpx:hr>
      <gpxtpx:cad>80</gpxtpx:cad>
     </gpxtpx:TrackPointExtension>
    </extensions>
   </trkpt>
   <trkpt lat="37.2357790" lon="-79.9544980">
    <ele>433.4</ele>
    <time>2025-01-29T10:47:57Z</time>
    <extensions>
     <gpxtpx:TrackPointExtension>
      <gpxtpx:hr>181</gpxtpx:hr>
      <gpxtpx:cad>80</gpxtpx:cad>
     </gpxtpx:TrackPointExtension>
    </extensions>
   </trkpt>
   <trkpt lat="37.2357550" lon="-79.9544180">
    <ele>434.2</ele>
    <time>2025-01-29T10:48:00Z</time>
    <extensions>
     <gpxtpx:TrackPointExtension>
      <gpxtpx:hr>185</gpxtpx:hr>
      <gpxtpx:cad>80</gpxtpx:cad>
     </gpxtpx:TrackPointExtension>
    </extensions>
   </trkpt>
   <trkpt lat="37.2357470" lon="-79.9543900">
    <ele>434.8</ele>
    <time>2025-01-29T10:48:01Z</time>
    <extensions>
     <gpxtpx:TrackPointExtension>
      <gpxtpx:hr>186</gpxtpx:hr>
      <gpxtpx:cad>80</gpxtpx:cad>
     </gpxtpx:TrackPointExtension>
    </extensions>
   </trkpt>
   <trkpt lat="37.2357390" lon="-79.9543350">
    <ele>435.4</ele>
    <time>2025-01-29T10:48:03Z</time>
    <extensions>
     <gpxtpx:TrackPointExtension>
      <gpxtpx:hr>186</gpxtpx:hr>
      <gpxtpx:cad>80</gpxtpx:cad>
     </gpxtpx:TrackPointExtension>
    </extensions>
   </trkpt>
   <trkpt lat="37.2357320" lon="-79.9542280">
    <ele>436.2</ele>
    <time>2025-01-29T10:48:07Z</time>
    <extensions>
     <gpxtpx:TrackPointExtension>
      <gpxtpx:hr>186</gpxtpx:hr>
      <gpxtpx:cad>81</gpxtpx:cad>
     </gpxtpx:TrackPointExtension>
    </extensions>
   </trkpt>
   <trkpt lat="37.2357250" lon="-79.9541680">
    <ele>436.8</ele>
    <time>2025-01-29T10:48:09Z</time>
    <extensions>
     <gpxtpx:TrackPointExtension>
      <gpxtpx:hr>186</gpxtpx:hr>
      <gpxtpx:cad>81</gpxtpx:cad>
     </gpxtpx:TrackPointExtension>
    </extensions>
   </trkpt>
   <trkpt lat="37.2357170" lon="-79.9541050">
    <ele>437.4</ele>
    <time>2025-01-29T10:48:11Z</time>
    <extensions>
     <gpxtpx:TrackPointExtension>
      <gpxtpx:hr>186</gpxtpx:hr>
      <gpxtpx:cad>80</gpxtpx:cad>
     </gpxtpx:TrackPointExtension>
    </extensions>
   </trkpt>
   <trkpt lat="37.2356870" lon="-79.9539850">
    <ele>438.4</ele>
    <time>2025-01-29T10:48:15Z</time>
    <extensions>
     <gpxtpx:TrackPointExtension>
      <gpxtpx:hr>184</gpxtpx:hr>
      <gpxtpx:cad>81</gpxtpx:cad>
     </gpxtpx:TrackPointExtension>
    </extensions>
   </trkpt>
   <trkpt lat="37.2356640" lon="-79.9538610">
    <ele>439.6</ele>
    <time>2025-01-29T10:48:19Z</time>
    <extensions>
     <gpxtpx:TrackPointExtension>
      <gpxtpx:hr>184</gpxtpx:hr>
      <gpxtpx:cad>80</gpxtpx:cad>
     </gpxtpx:TrackPointExtension>
    </extensions>
   </trkpt>
   <trkpt lat="37.2356360" lon="-79.9537600">
    <ele>440.8</ele>
    <time>2025-01-29T10:48:22Z</time>
    <extensions>
     <gpxtpx:TrackPointExtension>
      <gpxtpx:hr>184</gpxtpx:hr>
      <gpxtpx:cad>80</gpxtpx:cad>
     </gpxtpx:TrackPointExtension>
    </extensions>
   </trkpt>
   <trkpt lat="37.2356000" lon="-79.9536670">
    <ele>441.4</ele>
    <time>2025-01-29T10:48:25Z</time>
    <extensions>
     <gpxtpx:TrackPointExtension>
      <gpxtpx:hr>184</gpxtpx:hr>
      <gpxtpx:cad>81</gpxtpx:cad>
     </gpxtpx:TrackPointExtension>
    </extensions>
   </trkpt>
   <trkpt lat="37.2355780" lon="-79.9536460">
    <ele>441.8</ele>
    <time>2025-01-29T10:48:26Z</time>
    <extensions>
     <gpxtpx:TrackPointExtension>
      <gpxtpx:hr>184</gpxtpx:hr>
      <gpxtpx:cad>81</gpxtpx:cad>
     </gpxtpx:TrackPointExtension>
    </extensions>
   </trkpt>
   <trkpt lat="37.2355560" lon="-79.9536260">
    <ele>442.0</ele>
    <time>2025-01-29T10:48:27Z</time>
    <extensions>
     <gpxtpx:TrackPointExtension>
      <gpxtpx:hr>184</gpxtpx:hr>
      <gpxtpx:cad>80</gpxtpx:cad>
     </gpxtpx:TrackPointExtension>
    </extensions>
   </trkpt>
   <trkpt lat="37.2354560" lon="-79.9535720">
    <ele>443.0</ele>
    <time>2025-01-29T10:48:31Z</time>
    <extensions>
     <gpxtpx:TrackPointExtension>
      <gpxtpx:hr>183</gpxtpx:hr>
      <gpxtpx:cad>81</gpxtpx:cad>
     </gpxtpx:TrackPointExtension>
    </extensions>
   </trkpt>
   <trkpt lat="37.2354060" lon="-79.9535690">
    <ele>443.6</ele>
    <time>2025-01-29T10:48:33Z</time>
    <extensions>
     <gpxtpx:TrackPointExtension>
      <gpxtpx:hr>183</gpxtpx:hr>
      <gpxtpx:cad>81</gpxtpx:cad>
     </gpxtpx:TrackPointExtension>
    </extensions>
   </trkpt>
   <trkpt lat="37.2353540" lon="-79.9535820">
    <ele>444.2</ele>
    <time>2025-01-29T10:48:35Z</time>
    <extensions>
     <gpxtpx:TrackPointExtension>
      <gpxtpx:hr>184</gpxtpx:hr>
      <gpxtpx:cad>81</gpxtpx:cad>
     </gpxtpx:TrackPointExtension>
    </extensions>
   </trkpt>
   <trkpt lat="37.2352680" lon="-79.9536390">
    <ele>445.4</ele>
    <time>2025-01-29T10:48:39Z</time>
    <extensions>
     <gpxtpx:TrackPointExtension>
      <gpxtpx:hr>186</gpxtpx:hr>
      <gpxtpx:cad>80</gpxtpx:cad>
     </gpxtpx:TrackPointExtension>
    </extensions>
   </trkpt>
   <trkpt lat="37.2351440" lon="-79.9536820">
    <ele>446.4</ele>
    <time>2025-01-29T10:48:44Z</time>
    <extensions>
     <gpxtpx:TrackPointExtension>
      <gpxtpx:hr>184</gpxtpx:hr>
      <gpxtpx:cad>80</gpxtpx:cad>
     </gpxtpx:TrackPointExtension>
    </extensions>
   </trkpt>
   <trkpt lat="37.2350370" lon="-79.9536810">
    <ele>447.0</ele>
    <time>2025-01-29T10:48:47Z</time>
    <extensions>
     <gpxtpx:TrackPointExtension>
      <gpxtpx:hr>182</gpxtpx:hr>
      <gpxtpx:cad>80</gpxtpx:cad>
     </gpxtpx:TrackPointExtension>
    </extensions>
   </trkpt>
   <trkpt lat="37.2349120" lon="-79.9536190">
    <ele>447.4</ele>
    <time>2025-01-29T10:48:52Z</time>
    <extensions>
     <gpxtpx:TrackPointExtension>
      <gpxtpx:hr>181</gpxtpx:hr>
      <gpxtpx:cad>82</gpxtpx:cad>
     </gpxtpx:TrackPointExtension>
    </extensions>
   </trkpt>
   <trkpt lat="37.2348950" lon="-79.9535920">
    <ele>447.8</ele>
    <time>2025-01-29T10:48:53Z</time>
    <extensions>
     <gpxtpx:TrackPointExtension>
      <gpxtpx:hr>180</gpxtpx:hr>
      <gpxtpx:cad>82</gpxtpx:cad>
     </gpxtpx:TrackPointExtension>
    </extensions>
   </trkpt>
   <trkpt lat="37.2348870" lon="-79.9535350">
    <ele>448.6</ele>
    <time>2025-01-29T10:48:55Z</time>
    <extensions>
     <gpxtpx:TrackPointExtension>
      <gpxtpx:hr>180</gpxtpx:hr>
      <gpxtpx:cad>81</gpxtpx:cad>
     </gpxtpx:TrackPointExtension>
    </extensions>
   </trkpt>
   <trkpt lat="37.2348930" lon="-79.9534400">
    <ele>449.4</ele>
    <time>2025-01-29T10:48:58Z</time>
    <extensions>
     <gpxtpx:TrackPointExtension>
      <gpxtpx:hr>179</gpxtpx:hr>
      <gpxtpx:cad>81</gpxtpx:cad>
     </gpxtpx:TrackPointExtension>
    </extensions>
   </trkpt>
   <trkpt lat="37.2349070" lon="-79.9534060">
    <ele>450.0</ele>
    <time>2025-01-29T10:48:59Z</time>
    <extensions>
     <gpxtpx:TrackPointExtension>
      <gpxtpx:hr>179</gpxtpx:hr>
      <gpxtpx:cad>82</gpxtpx:cad>
     </gpxtpx:TrackPointExtension>
    </extensions>
   </trkpt>
   <trkpt lat="37.2349570" lon="-79.9533220">
    <ele>451.0</ele>
    <time>2025-01-29T10:49:02Z</time>
    <extensions>
     <gpxtpx:TrackPointExtension>
      <gpxtpx:hr>179</gpxtpx:hr>
      <gpxtpx:cad>82</gpxtpx:cad>
     </gpxtpx:TrackPointExtension>
    </extensions>
   </trkpt>
   <trkpt lat="37.2349770" lon="-79.9533090">
    <ele>451.4</ele>
    <time>2025-01-29T10:49:03Z</time>
    <extensions>
     <gpxtpx:TrackPointExtension>
      <gpxtpx:hr>179</gpxtpx:hr>
      <gpxtpx:cad>82</gpxtpx:cad>
     </gpxtpx:TrackPointExtension>
    </extensions>
   </trkpt>
   <trkpt lat="37.2350300" lon="-79.9532770">
    <ele>452.2</ele>
    <time>2025-01-29T10:49:05Z</time>
    <extensions>
     <gpxtpx:TrackPointExtension>
      <gpxtpx:hr>179</gpxtpx:hr>
      <gpxtpx:cad>83</gpxtpx:cad>
     </gpxtpx:TrackPointExtension>
    </extensions>
   </trkpt>
   <trkpt lat="37.2350850" lon="-79.9532370">
    <ele>453.4</ele>
    <time>2025-01-29T10:49:08Z</time>
    <extensions>
     <gpxtpx:TrackPointExtension>
      <gpxtpx:hr>179</gpxtpx:hr>
      <gpxtpx:cad>81</gpxtpx:cad>
     </gpxtpx:TrackPointExtension>
    </extensions>
   </trkpt>
   <trkpt lat="37.2351460" lon="-79.9532080">
    <ele>454.6</ele>
    <time>2025-01-29T10:49:11Z</time>
    <extensions>
     <gpxtpx:TrackPointExtension>
      <gpxtpx:hr>179</gpxtpx:hr>
      <gpxtpx:cad>81</gpxtpx:cad>
     </gpxtpx:TrackPointExtension>
    </extensions>
   </trkpt>
   <trkpt lat="37.2352350" lon="-79.9531140">
    <ele>455.8</ele>
    <time>2025-01-29T10:49:16Z</time>
    <extensions>
     <gpxtpx:TrackPointExtension>
      <gpxtpx:hr>182</gpxtpx:hr>
      <gpxtpx:cad>81</gpxtpx:cad>
     </gpxtpx:TrackPointExtension>
    </extensions>
   </trkpt>
   <trkpt lat="37.2352820" lon="-79.9530830">
    <ele>457.0</ele>
    <time>2025-01-29T10:49:18Z</time>
    <extensions>
     <gpxtpx:TrackPointExtension>
      <gpxtpx:hr>183</gpxtpx:hr>
      <gpxtpx:cad>81</gpxtpx:cad>
     </gpxtpx:TrackPointExtension>
    </extensions>
   </trkpt>
   <trkpt lat="37.2353060" lon="-79.9530720">
    <ele>457.4</ele>
    <time>2025-01-29T10:49:19Z</time>
    <extensions>
     <gpxtpx:TrackPointExtension>
      <gpxtpx:hr>182</gpxtpx:hr>
      <gpxtpx:cad>81</gpxtpx:cad>
     </gpxtpx:TrackPointExtension>
    </extensions>
   </trkpt>
   <trkpt lat="37.2353560" lon="-79.9530480">
    <ele>458.0</ele>
    <time>2025-01-29T10:49:21Z</time>
    <extensions>
     <gpxtpx:TrackPointExtension>
      <gpxtpx:hr>182</gpxtpx:hr>
      <gpxtpx:cad>82</gpxtpx:cad>
     </gpxtpx:TrackPointExtension>
    </extensions>
   </trkpt>
   <trkpt lat="37.2354460" lon="-79.9530260">
    <ele>459.2</ele>
    <time>2025-01-29T10:49:25Z</time>
    <extensions>
     <gpxtpx:TrackPointExtension>
      <gpxtpx:hr>181</gpxtpx:hr>
      <gpxtpx:cad>83</gpxtpx:cad>
     </gpxtpx:TrackPointExtension>
    </extensions>
   </trkpt>
   <trkpt lat="37.2355270" lon="-79.9529980">
    <ele>460.2</ele>
    <time>2025-01-29T10:49:28Z</time>
    <extensions>
     <gpxtpx:TrackPointExtension>
      <gpxtpx:hr>183</gpxtpx:hr>
      <gpxtpx:cad>83</gpxtpx:cad>
     </gpxtpx:TrackPointExtension>
    </extensions>
   </trkpt>
   <trkpt lat="37.2355900" lon="-79.9530010">
    <ele>461.2</ele>
    <time>2025-01-29T10:49:31Z</time>
    <extensions>
     <gpxtpx:TrackPointExtension>
      <gpxtpx:hr>186</gpxtpx:hr>
      <gpxtpx:cad>82</gpxtpx:cad>
     </gpxtpx:TrackPointExtension>
    </extensions>
   </trkpt>
   <trkpt lat="37.2356050" lon="-79.9529980">
    <ele>461.6</ele>
    <time>2025-01-29T10:49:32Z</time>
    <extensions>
     <gpxtpx:TrackPointExtension>
      <gpxtpx:hr>187</gpxtpx:hr>
      <gpxtpx:cad>82</gpxtpx:cad>
     </gpxtpx:TrackPointExtension>
    </extensions>
   </trkpt>
   <trkpt lat="37.2356450" lon="-79.9530020">
    <ele>462.0</ele>
    <time>2025-01-29T10:49:35Z</time>
    <extensions>
     <gpxtpx:TrackPointExtension>
      <gpxtpx:hr>187</gpxtpx:hr>
      <gpxtpx:cad>82</gpxtpx:cad>
     </gpxtpx:TrackPointExtension>
    </extensions>
   </trkpt>
   <trkpt lat="37.2356670" lon="-79.9530160">
    <ele>462.8</ele>
    <time>2025-01-29T10:49:40Z</time>
    <extensions>
     <gpxtpx:TrackPointExtension>
      <gpxtpx:hr>185</gpxtpx:hr>
      <gpxtpx:cad>49</gpxtpx:cad>
     </gpxtpx:TrackPointExtension>
    </extensions>
   </trkpt>
   <trkpt lat="37.2356800" lon="-79.9530300">
    <ele>462.8</ele>
    <time>2025-01-29T10:49:44Z</time>
    <extensions>
     <gpxtpx:TrackPointExtension>
      <gpxtpx:hr>182</gpxtpx:hr>
      <gpxtpx:cad>0</gpxtpx:cad>
     </gpxtpx:TrackPointExtension>
    </extensions>
   </trkpt>
   <trkpt lat="37.2356860" lon="-79.9530310">
    <ele>462.4</ele>
    <time>2025-01-29T10:49:47Z</time>
    <extensions>
     <gpxtpx:TrackPointExtension>
      <gpxtpx:hr>179</gpxtpx:hr>
      <gpxtpx:cad>0</gpxtpx:cad>
     </gpxtpx:TrackPointExtension>
    </extensions>
   </trkpt>
   <trkpt lat="37.2356840" lon="-79.9530240">
    <ele>462.4</ele>
    <time>2025-01-29T10:49:50Z</time>
    <extensions>
     <gpxtpx:TrackPointExtension>
      <gpxtpx:hr>178</gpxtpx:hr>
      <gpxtpx:cad>0</gpxtpx:cad>
     </gpxtpx:TrackPointExtension>
    </extensions>
   </trkpt>
   <trkpt lat="37.2356160" lon="-79.9529440">
    <ele>463.0</ele>
    <time>2025-01-29T10:50:30Z</time>
    <extensions>
     <gpxtpx:TrackPointExtension>
      <gpxtpx:hr>157</gpxtpx:hr>
      <gpxtpx:cad>54</gpxtpx:cad>
     </gpxtpx:TrackPointExtension>
    </extensions>
   </trkpt>
   <trkpt lat="37.2356000" lon="-79.9529400">
    <ele>462.8</ele>
    <time>2025-01-29T10:50:31Z</time>
    <extensions>
     <gpxtpx:TrackPointExtension>
      <gpxtpx:hr>157</gpxtpx:hr>
      <gpxtpx:cad>55</gpxtpx:cad>
     </gpxtpx:TrackPointExtension>
    </extensions>
   </trkpt>
   <trkpt lat="37.2355940" lon="-79.9529350">
    <ele>462.6</ele>
    <time>2025-01-29T10:50:32Z</time>
    <extensions>
     <gpxtpx:TrackPointExtension>
      <gpxtpx:hr>156</gpxtpx:hr>
      <gpxtpx:cad>55</gpxtpx:cad>
     </gpxtpx:TrackPointExtension>
    </extensions>
   </trkpt>
   <trkpt lat="37.2355970" lon="-79.9529340">
    <ele>462.2</ele>
    <time>2025-01-29T10:50:35Z</time>
    <extensions>
     <gpxtpx:TrackPointExtension>
      <gpxtpx:hr>155</gpxtpx:hr>
      <gpxtpx:cad>0</gpxtpx:cad>
     </gpxtpx:TrackPointExtension>
    </extensions>
   </trkpt>
   <trkpt lat="37.2355970" lon="-79.9529360">
    <ele>462.0</ele>
    <time>2025-01-29T10:50:36Z</time>
    <extensions>
     <gpxtpx:TrackPointExtension>
      <gpxtpx:hr>158</gpxtpx:hr>
      <gpxtpx:cad>0</gpxtpx:cad>
     </gpxtpx:TrackPointExtension>
    </extensions>
   </trkpt>
   <trkpt lat="37.2355970" lon="-79.9529380">
    <ele>462.0</ele>
    <time>2025-01-29T10:50:37Z</time>
    <extensions>
     <gpxtpx:TrackPointExtension>
      <gpxtpx:hr>156</gpxtpx:hr>
      <gpxtpx:cad>0</gpxtpx:cad>
     </gpxtpx:TrackPointExtension>
    </extensions>
   </trkpt>
   <trkpt lat="37.2354510" lon="-79.9529950">
    <ele>461.2</ele>
    <time>2025-01-29T10:53:06Z</time>
    <extensions>
     <gpxtpx:TrackPointExtension>
      <gpxtpx:hr>124</gpxtpx:hr>
      <gpxtpx:cad>80</gpxtpx:cad>
     </gpxtpx:TrackPointExtension>
    </extensions>
   </trkpt>
   <trkpt lat="37.2354210" lon="-79.9530040">
    <ele>460.8</ele>
    <time>2025-01-29T10:53:07Z</time>
    <extensions>
     <gpxtpx:TrackPointExtension>
      <gpxtpx:hr>124</gpxtpx:hr>
      <gpxtpx:cad>79</gpxtpx:cad>
     </gpxtpx:TrackPointExtension>
    </extensions>
   </trkpt>
   <trkpt lat="37.2353620" lon="-79.9530320">
    <ele>460.0</ele>
    <time>2025-01-29T10:53:09Z</time>
    <extensions>
     <gpxtpx:TrackPointExtension>
      <gpxtpx:hr>127</gpxtpx:hr>
      <gpxtpx:cad>79</gpxtpx:cad>
     </gpxtpx:TrackPointExtension>
    </extensions>
   </trkpt>
   <trkpt lat="37.2353330" lon="-79.9530420">
    <ele>459.4</ele>
    <time>2025-01-29T10:53:10Z</time>
    <extensions>
     <gpxtpx:TrackPointExtension>
      <gpxtpx:hr>130</gpxtpx:hr>
      <gpxtpx:cad>79</gpxtpx:cad>
     </gpxtpx:TrackPointExtension>
    </extensions>
   </trkpt>
   <trkpt lat="37.2353100" lon="-79.9530560">
    <ele>459.0</ele>
    <time>2025-01-29T10:53:11Z</time>
    <extensions>
     <gpxtpx:TrackPointExtension>
      <gpxtpx:hr>131</gpxtpx:hr>
      <gpxtpx:cad>79</gpxtpx:cad>
     </gpxtpx:TrackPointExtension>
    </extensions>
   </trkpt>
   <trkpt lat="37.2352870" lon="-79.9530710">
    <ele>458.8</ele>
    <time>2025-01-29T10:53:12Z</time>
    <extensions>
     <gpxtpx:TrackPointExtension>
      <gpxtpx:hr>132</gpxtpx:hr>
      <gpxtpx:cad>79</gpxtpx:cad>
     </gpxtpx:TrackPointExtension>
    </extensions>
   </trkpt>
   <trkpt lat="37.2352600" lon="-79.9530830">
    <ele>458.4</ele>
    <time>2025-01-29T10:53:13Z</time>
    <extensions>
     <gpxtpx:TrackPointExtension>
      <gpxtpx:hr>136</gpxtpx:hr>
      <gpxtpx:cad>79</gpxtpx:cad>
     </gpxtpx:TrackPointExtension>
    </extensions>
   </trkpt>
   <trkpt lat="37.2351810" lon="-79.9531120">
    <ele>457.6</ele>
    <time>2025-01-29T10:53:16Z</time>
    <extensions>
     <gpxtpx:TrackPointExtension>
      <gpxtpx:hr>138</gpxtpx:hr>
      <gpxtpx:cad>80</gpxtpx:cad>
     </gpxtpx:TrackPointExtension>
    </extensions>
   </trkpt>
   <trkpt lat="37.2351220" lon="-79.9531500">
    <ele>457.0</ele>
    <time>2025-01-29T10:53:18Z</time>
    <extensions>
     <gpxtpx:TrackPointExtension>
      <gpxtpx:hr>141</gpxtpx:hr>
      <gpxtpx:cad>79</gpxtpx:cad>
     </gpxtpx:TrackPointExtension>
    </extensions>
   </trkpt>
   <trkpt lat="37.2350990" lon="-79.9531680">
    <ele>456.6</ele>
    <time>2025-01-29T10:53:19Z</time>
    <extensions>
     <gpxtpx:TrackPointExtension>
      <gpxtpx:hr>141</gpxtpx:hr>
      <gpxtpx:cad>79</gpxtpx:cad>
     </gpxtpx:TrackPointExtension>
    </extensions>
   </trkpt>
   <trkpt lat="37.2350080" lon="-79.9532240">
    <ele>455.4</ele>
    <time>2025-01-29T10:53:23Z</time>
    <extensions>
     <gpxtpx:TrackPointExtension>
      <gpxtpx:hr>143</gpxtpx:hr>
      <gpxtpx:cad>79</gpxtpx:cad>
     </gpxtpx:TrackPointExtension>
    </extensions>
   </trkpt>
   <trkpt lat="37.2349100" lon="-79.9532960">
    <ele>454.2</ele>
    <time>2025-01-29T10:53:27Z</time>
    <extensions>
     <gpxtpx:TrackPointExtension>
      <gpxtpx:hr>146</gpxtpx:hr>
      <gpxtpx:cad>79</gpxtpx:cad>
     </gpxtpx:TrackPointExtension>
    </extensions>
   </trkpt>
   <trkpt lat="37.2348470" lon="-79.9533590">
    <ele>453.0</ele>
    <time>2025-01-29T10:53:30Z</time>
    <extensions>
     <gpxtpx:TrackPointExtension>
      <gpxtpx:hr>146</gpxtpx:hr>
      <gpxtpx:cad>79</gpxtpx:cad>
     </gpxtpx:TrackPointExtension>
    </extensions>
   </trkpt>
   <trkpt lat="37.2348090" lon="-79.9534250">
    <ele>452.0</ele>
    <time>2025-01-29T10:53:33Z</time>
    <extensions>
     <gpxtpx:TrackPointExtension>
      <gpxtpx:hr>148</gpxtpx:hr>
      <gpxtpx:cad>79</gpxtpx:cad>
     </gpxtpx:TrackPointExtension>
    </extensions>
   </trkpt>
   <trkpt lat="37.2347990" lon="-79.9534530">
    <ele>451.8</ele>
    <time>2025-01-29T10:53:34Z</time>
    <extensions>
     <gpxtpx:TrackPointExtension>
      <gpxtpx:hr>147</gpxtpx:hr>
      <gpxtpx:cad>79</gpxtpx:cad>
     </gpxtpx:TrackPointExtension>
    </extensions>
   </trkpt>
   <trkpt lat="37.2347920" lon="-79.9535580">
    <ele>450.8</ele>
    <time>2025-01-29T10:53:37Z</time>
    <extensions>
     <gpxtpx:TrackPointExtension>
      <gpxtpx:hr>149</gpxtpx:hr>
      <gpxtpx:cad>78</gpxtpx:cad>
     </gpxtpx:TrackPointExtension>
    </extensions>
   </trkpt>
   <trkpt lat="37.2348440" lon="-79.9536610">
    <ele>449.6</ele>
    <time>2025-01-29T10:53:40Z</time>
    <extensions>
     <gpxtpx:TrackPointExtension>
      <gpxtpx:hr>150</gpxtpx:hr>
      <gpxtpx:cad>80</gpxtpx:cad>
     </gpxtpx:TrackPointExtension>
    </extensions>
   </trkpt>
   <trkpt lat="37.2349110" lon="-79.9537460">
    <ele>448.4</ele>
    <time>2025-01-29T10:53:43Z</time>
    <extensions>
     <gpxtpx:TrackPointExtension>
      <gpxtpx:hr>152</gpxtpx:hr>
      <gpxtpx:cad>80</gpxtpx:cad>
     </gpxtpx:TrackPointExtension>
    </extensions>
   </trkpt>
   <trkpt lat="37.2349690" lon="-79.9537800">
    <ele>447.8</ele>
    <time>2025-01-29T10:53:45Z</time>
    <extensions>
     <gpxtpx:TrackPointExtension>
      <gpxtpx:hr>155</gpxtpx:hr>
      <gpxtpx:cad>81</gpxtpx:cad>
     </gpxtpx:TrackPointExtension>
    </extensions>
   </trkpt>
   <trkpt lat="37.2349940" lon="-79.9537940">
    <ele>447.4</ele>
    <time>2025-01-29T10:53:46Z</time>
    <extensions>
     <gpxtpx:TrackPointExtension>
      <gpxtpx:hr>156</gpxtpx:hr>
      <gpxtpx:cad>81</gpxtpx:cad>
     </gpxtpx:TrackPointExtension>
    </extensions>
   </trkpt>
   <trkpt lat="37.2350200" lon="-79.9538080">
    <ele>447.2</ele>
    <time>2025-01-29T10:53:47Z</time>
    <extensions>
     <gpxtpx:TrackPointExtension>
      <gpxtpx:hr>156</gpxtpx:hr>
      <gpxtpx:cad>81</gpxtpx:cad>
     </gpxtpx:TrackPointExtension>
    </extensions>
   </trkpt>
   <trkpt lat="37.2350480" lon="-79.9538160">
    <ele>446.8</ele>
    <time>2025-01-29T10:53:48Z</time>
    <extensions>
     <gpxtpx:TrackPointExtension>
      <gpxtpx:hr>151</gpxtpx:hr>
      <gpxtpx:cad>81</gpxtpx:cad>
     </gpxtpx:TrackPointExtension>
    </extensions>
   </trkpt>
   <trkpt lat="37.2351450" lon="-79.9538010">
    <ele>446.2</ele>
    <time>2025-01-29T10:53:52Z</time>
    <extensions>
     <gpxtpx:TrackPointExtension>
      <gpxtpx:hr>151</gpxtpx:hr>
      <gpxtpx:cad>81</gpxtpx:cad>
     </gpxtpx:TrackPointExtension>
    </extensions>
   </trkpt>
   <trkpt lat="37.2351860" lon="-79.9537800">
    <ele>446.0</ele>
    <time>2025-01-29T10:53:54Z</time>
    <extensions>
     <gpxtpx:TrackPointExtension>
      <gpxtpx:hr>154</gpxtpx:hr>
      <gpxtpx:cad>80</gpxtpx:cad>
     </gpxtpx:TrackPointExtension>
    </extensions>
   </trkpt>
   <trkpt lat="37.2352370" lon="-79.9537640">
    <ele>445.6</ele>
    <time>2025-01-29T10:53:57Z</time>
    <extensions>
     <gpxtpx:TrackPointExtension>
      <gpxtpx:hr>153</gpxtpx:hr>
      <gpxtpx:cad>81</gpxtpx:cad>
     </gpxtpx:TrackPointExtension>
    </extensions>
   </trkpt>
   <trkpt lat="37.2351940" lon="-79.9537660">
    <ele>445.6</ele>
    <time>2025-01-29T10:54:00Z</time>
    <extensions>
     <gpxtpx:TrackPointExtension>
      <gpxtpx:hr>154</gpxtpx:hr>
      <gpxtpx:cad>79</gpxtpx:cad>
     </gpxtpx:TrackPointExtension>
    </extensions>
   </trkpt>
   <trkpt lat="37.2350030" lon="-79.9537450">
    <ele>446.4</ele>
    <time>2025-01-29T10:54:08Z</time>
    <extensions>
     <gpxtpx:TrackPointExtension>
      <gpxtpx:hr>156</gpxtpx:hr>
      <gpxtpx:cad>80</gpxtpx:cad>
     </gpxtpx:TrackPointExtension>
    </extensions>
   </trkpt>
   <trkpt lat="37.2349860" lon="-79.9537370">
    <ele>446.6</ele>
    <time>2025-01-29T10:54:09Z</time>
    <extensions>
     <gpxtpx:TrackPointExtension>
      <gpxtpx:hr>158</gpxtpx:hr>
      <gpxtpx:cad>80</gpxtpx:cad>
     </gpxtpx:TrackPointExtension>
    </extensions>
   </trkpt>
   <trkpt lat="37.2349310" lon="-79.9536760">
    <ele>447.0</ele>
    <time>2025-01-29T10:54:12Z</time>
    <extensions>
     <gpxtpx:TrackPointExtension>
      <gpxtpx:hr>156</gpxtpx:hr>
      <gpxtpx:cad>81</gpxtpx:cad>
     </gpxtpx:TrackPointExtension>
    </extensions>
   </trkpt>
   <trkpt lat="37.2348930" lon="-79.9535940">
    <ele>447.6</ele>
    <time>2025-01-29T10:54:15Z</time>
    <extensions>
     <gpxtpx:TrackPointExtension>
      <gpxtpx:hr>154</gpxtpx:hr>
      <gpxtpx:cad>81</gpxtpx:cad>
     </gpxtpx:TrackPointExtension>
    </extensions>
   </trkpt>
   <trkpt lat="37.2348880" lon="-79.9535390">
    <ele>448.0</ele>
    <time>2025-01-29T10:54:17Z</time>
    <extensions>
     <gpxtpx:TrackPointExtension>
      <gpxtpx:hr>156</gpxtpx:hr>
      <gpxtpx:cad>81</gpxtpx:cad>
     </gpxtpx:TrackPointExtension>
    </extensions>
   </trkpt>
   <trkpt lat="37.2349060" lon="-79.9533950">
    <ele>449.2</ele>
    <time>2025-01-29T10:54:22Z</time>
    <extensions>
     <gpxtpx:TrackPointExtension>
      <gpxtpx:hr>156</gpxtpx:hr>
      <gpxtpx:cad>80</gpxtpx:cad>
     </gpxtpx:TrackPointExtension>
    </extensions>
   </trkpt>
   <trkpt lat="37.2349640" lon="-79.9533140">
    <ele>450.8</ele>
    <time>2025-01-29T10:54:26Z</time>
    <extensions>
     <gpxtpx:TrackPointExtension>
      <gpxtpx:hr>158</gpxtpx:hr>
      <gpxtpx:cad>80</gpxtpx:cad>
     </gpxtpx:TrackPointExtension>
    </extensions>
   </trkpt>
   <trkpt lat="37.2350120" lon="-79.9532810">
    <ele>451.6</ele>
    <time>2025-01-29T10:54:29Z</time>
    <extensions>
     <gpxtpx:TrackPointExtension>
      <gpxtpx:hr>159</gpxtpx:hr>
      <gpxtpx:cad>79</gpxtpx:cad>
     </gpxtpx:TrackPointExtension>
    </extensions>
   </trkpt>
   <trkpt lat="37.2350240" lon="-79.9532630">
    <ele>452.0</ele>
    <time>2025-01-29T10:54:30Z</time>
    <extensions>
     <gpxtpx:TrackPointExtension>
      <gpxtpx:hr>160</gpxtpx:hr>
      <gpxtpx:cad>79</gpxtpx:cad>
     </gpxtpx:TrackPointExtension>
    </extensions>
   </trkpt>
   <trkpt lat="37.2350320" lon="-79.9532220">
    <ele>452.6</ele>
    <time>2025-01-29T10:54:32Z</time>
    <extensions>
     <gpxtpx:TrackPointExtension>
      <gpxtpx:hr>157</gpxtpx:hr>
      <gpxtpx:cad>79</gpxtpx:cad>
     </gpxtpx:TrackPointExtension>
    </extensions>
   </trkpt>
   <trkpt lat="37.2350800" lon="-79.9531850">
    <ele>453.2</ele>
    <time>2025-01-29T10:54:35Z</time>
    <extensions>
     <gpxtpx:TrackPointExtension>
      <gpxtpx:hr>161</gpxtpx:hr>
      <gpxtpx:cad>80</gpxtpx:cad>
     </gpxtpx:TrackPointExtension>
    </extensions>
   </trkpt>
   <trkpt lat="37.2351250" lon="-79.9531700">
    <ele>453.6</ele>
    <time>2025-01-29T10:54:37Z</time>
    <extensions>
     <gpxtpx:TrackPointExtension>
      <gpxtpx:hr>161</gpxtpx:hr>
      <gpxtpx:cad>80</gpxtpx:cad>
     </gpxtpx:TrackPointExtension>
    </extensions>
   </trkpt>
   <trkpt lat="37.2351940" lon="-79.9531290">
    <ele>454.4</ele>
    <time>2025-01-29T10:54:40Z</time>
    <extensions>
     <gpxtpx:TrackPointExtension>
      <gpxtpx:hr>162</gpxtpx:hr>
      <gpxtpx:cad>79</gpxtpx:cad>
     </gpxtpx:TrackPointExtension>
    </extensions>
   </trkpt>
   <trkpt lat="37.2352780" lon="-79.9530990">
    <ele>455.6</ele>
    <time>2025-01-29T10:54:44Z</time>
    <extensions>
     <gpxtpx:TrackPointExtension>
      <gpxtpx:hr>163</gpxtpx:hr>
      <gpxtpx:cad>79</gpxtpx:cad>
     </gpxtpx:TrackPointExtension>
    </extensions>
   </trkpt>
   <trkpt lat="37.2352990" lon="-79.9530900">
    <ele>455.8</ele>
    <time>2025-01-29T10:54:45Z</time>
    <extensions>
     <gpxtpx:TrackPointExtension>
      <gpxtpx:hr>165</gpxtpx:hr>
      <gpxtpx:cad>79</gpxtpx:cad>
     </gpxtpx:TrackPointExtension>
    </extensions>
   </trkpt>
   <trkpt lat="37.2353750" lon="-79.9530470">
    <ele>457.0</ele>
    <time>2025-01-29T10:54:49Z</time>
    <extensions>
     <gpxtpx:TrackPointExtension>
      <gpxtpx:hr>165</gpxtpx:hr>
      <gpxtpx:cad>79</gpxtpx:cad>
     </gpxtpx:TrackPointExtension>
    </extensions>
   </trkpt>
   <trkpt lat="37.2354240" lon="-79.9530060">
    <ele>458.0</ele>
    <time>2025-01-29T10:54:52Z</time>
    <extensions>
     <gpxtpx:TrackPointExtension>
      <gpxtpx:hr>166</gpxtpx:hr>
      <gpxtpx:cad>79</gpxtpx:cad>
     </gpxtpx:TrackPointExtension>
    </extensions>
   </trkpt>
   <trkpt lat="37.2354430" lon="-79.9529920">
    <ele>458.2</ele>
    <time>2025-01-29T10:54:53Z</time>
    <extensions>
     <gpxtpx:TrackPointExtension>
      <gpxtpx:hr>167</gpxtpx:hr>
      <gpxtpx:cad>79</gpxtpx:cad>
     </gpxtpx:TrackPointExtension>
    </extensions>
   </trkpt>
   <trkpt lat="37.2355060" lon="-79.9529660">
    <ele>459.2</ele>
    <time>2025-01-29T10:54:57Z</time>
    <extensions>
     <gpxtpx:TrackPointExtension>
      <gpxtpx:hr>166</gpxtpx:hr>
      <gpxtpx:cad>80</gpxtpx:cad>
     </gpxtpx:TrackPointExtension>
    </extensions>
   </trkpt>
   <trkpt lat="37.2355140" lon="-79.9529540">
    <ele>459.4</ele>
    <time>2025-01-29T10:54:58Z</time>
    <extensions>
     <gpxtpx:TrackPointExtension>
      <gpxtpx:hr>166</gpxtpx:hr>
      <gpxtpx:cad>81</gpxtpx:cad>
     </gpxtpx:TrackPointExtension>
    </extensions>
   </trkpt>
   <trkpt lat="37.2355160" lon="-79.9529420">
    <ele>459.6</ele>
    <time>2025-01-29T10:54:59Z</time>
    <extensions>
     <gpxtpx:TrackPointExtension>
      <gpxtpx:hr>166</gpxtpx:hr>
      <gpxtpx:cad>81</gpxtpx:cad>
     </gpxtpx:TrackPointExtension>
    </extensions>
   </trkpt>
   <trkpt lat="37.2354950" lon="-79.9528930">
    <ele>459.6</ele>
    <time>2025-01-29T10:55:03Z</time>
    <extensions>
     <gpxtpx:TrackPointExtension>
      <gpxtpx:hr>167</gpxtpx:hr>
      <gpxtpx:cad>66</gpxtpx:cad>
     </gpxtpx:TrackPointExtension>
    </extensions>
   </trkpt>
   <trkpt lat="37.2354910" lon="-79.9528910">
    <ele>459.6</ele>
    <time>2025-01-29T10:55:04Z</time>
    <extensions>
     <gpxtpx:TrackPointExtension>
      <gpxtpx:hr>167</gpxtpx:hr>
      <gpxtpx:cad>0</gpxtpx:cad>
     </gpxtpx:TrackPointExtension>
    </extensions>
   </trkpt>
   <trkpt lat="37.2354970" lon="-79.9528800">
    <ele>459.4</ele>
    <time>2025-01-29T10:55:08Z</time>
    <extensions>
     <gpxtpx:TrackPointExtension>
      <gpxtpx:hr>167</gpxtpx:hr>
      <gpxtpx:cad>0</gpxtpx:cad>
     </gpxtpx:TrackPointExtension>
    </extensions>
   </trkpt>
   <trkpt lat="37.2354970" lon="-79.9528820">
    <ele>459.8</ele>
    <time>2025-01-29T10:55:12Z</time>
    <extensions>
     <gpxtpx:TrackPointExtension>
      <gpxtpx:hr>168</gpxtpx:hr>
      <gpxtpx:cad>0</gpxtpx:cad>
     </gpxtpx:TrackPointExtension>
    </extensions>
   </trkpt>
   <trkpt lat="37.2352940" lon="-79.9530510">
    <ele>457.4</ele>
    <time>2025-01-29T10:56:02Z</time>
    <extensions>
     <gpxtpx:TrackPointExtension>
      <gpxtpx:hr>147</gpxtpx:hr>
      <gpxtpx:cad>81</gpxtpx:cad>
     </gpxtpx:TrackPointExtension>
    </extensions>
   </trkpt>
   <trkpt lat="37.2352650" lon="-79.9530720">
    <ele>457.0</ele>
    <time>2025-01-29T10:56:03Z</time>
    <extensions>
     <gpxtpx:TrackPointExtension>
      <gpxtpx:hr>148</gpxtpx:hr>
      <gpxtpx:cad>81</gpxtpx:cad>
     </gpxtpx:TrackPointExtension>
    </extensions>
   </trkpt>
   <trkpt lat="37.2352030" lon="-79.9531070">
    <ele>456.2</ele>
    <time>2025-01-29T10:56:05Z</time>
    <extensions>
     <gpxtpx:TrackPointExtension>
      <gpxtpx:hr>151</gpxtpx:hr>
      <gpxtpx:cad>79</gpxtpx:cad>
     </gpxtpx:TrackPointExtension>
    </extensions>
   </trkpt>
   <trkpt lat="37.2351320" lon="-79.9531360">
    <ele>455.0</ele>
    <time>2025-01-29T10:56:08Z</time>
    <extensions>
     <gpxtpx:TrackPointExtension>
      <gpxtpx:hr>152</gpxtpx:hr>
      <gpxtpx:cad>79</gpxtpx:cad>
     </gpxtpx:TrackPointExtension>
    </extensions>
   </trkpt>
   <trkpt lat="37.2350430" lon="-79.9531690">
    <ele>454.0</ele>
    <time>2025-01-29T10:56:11Z</time>
    <extensions>
     <gpxtpx:TrackPointExtension>
      <gpxtpx:hr>154</gpxtpx:hr>
      <gpxtpx:cad>79</gpxtpx:cad>
     </gpxtpx:TrackPointExtension>
    </extensions>
   </trkpt>
   <trkpt lat="37.2349650" lon="-79.9532090">
    <ele>452.8</ele>
    <time>2025-01-29T10:56:14Z</time>
    <extensions>
     <gpxtpx:TrackPointExtension>
      <gpxtpx:hr>154</gpxtpx:hr>
      <gpxtpx:cad>79</gpxtpx:cad>
     </gpxtpx:TrackPointExtension>
    </extensions>
   </trkpt>
   <trkpt lat="37.2348680" lon="-79.9532860">
    <ele>451.8</ele>
    <time>2025-01-29T10:56:18Z</time>
    <extensions>
     <gpxtpx:TrackPointExtension>
      <gpxtpx:hr>156</gpxtpx:hr>
      <gpxtpx:cad>79</gpxtpx:cad>
     </gpxtpx:TrackPointExtension>
    </extensions>
   </trkpt>
   <trkpt lat="37.2348040" lon="-79.9534640">
    <ele>450.8</ele>
    <time>2025-01-29T10:56:23Z</time>
    <extensions>
     <gpxtpx:TrackPointExtension>
      <gpxtpx:hr>155</gpxtpx:hr>
      <gpxtpx:cad>79</gpxtpx:cad>
     </gpxtpx:TrackPointExtension>
    </extensions>
   </trkpt>
   <trkpt lat="37.2348010" lon="-79.9535060">
    <ele>450.2</ele>
    <time>2025-01-29T10:56:24Z</time>
    <extensions>
     <gpxtpx:TrackPointExtension>
      <gpxtpx:hr>155</gpxtpx:hr>
      <gpxtpx:cad>79</gpxtpx:cad>
     </gpxtpx:TrackPointExtension>
    </extensions>
   </trkpt>
   <trkpt lat="37.2348040" lon="-79.9535760">
    <ele>449.0</ele>
    <time>2025-01-29T10:56:26Z</time>
    <extensions>
     <gpxtpx:TrackPointExtension>
      <gpxtpx:hr>156</gpxtpx:hr>
      <gpxtpx:cad>79</gpxtpx:cad>
     </gpxtpx:TrackPointExtension>
    </extensions>
   </trkpt>
   <trkpt lat="37.2348450" lon="-79.9536810">
    <ele>449.8</ele>
    <time>2025-01-29T10:56:29Z</time>
    <extensions>
     <gpxtpx:TrackPointExtension>
      <gpxtpx:hr>157</gpxtpx:hr>
      <gpxtpx:cad>79</gpxtpx:cad>
     </gpxtpx:TrackPointExtension>
    </extensions>
   </trkpt>
   <trkpt lat="37.2349790" lon="-79.9537960">
    <ele>448.6</ele>
    <time>2025-01-29T10:56:34Z</time>
    <extensions>
     <gpxtpx:TrackPointExtension>
      <gpxtpx:hr>157</gpxtpx:hr>
      <gpxtpx:cad>80</gpxtpx:cad>
     </gpxtpx:TrackPointExtension>
    </extensions>
   </trkpt>
   <trkpt lat="37.2350620" lon="-79.9538090">
    <ele>448.0</ele>
    <time>2025-01-29T10:56:37Z</time>
    <extensions>
     <gpxtpx:TrackPointExtension>
      <gpxtpx:hr>157</gpxtpx:hr>
      <gpxtpx:cad>82</gpxtpx:cad>
     </gpxtpx:TrackPointExtension>
    </extensions>
   </trkpt>
   <trkpt lat="37.2351170" lon="-79.9538010">
    <ele>447.6</ele>
    <time>2025-01-29T10:56:39Z</time>
    <extensions>
     <gpxtpx:TrackPointExtension>
      <gpxtpx:hr>157</gpxtpx:hr>
      <gpxtpx:cad>83</gpxtpx:cad>
     </gpxtpx:TrackPointExtension>
    </extensions>
   </trkpt>
   <trkpt lat="37.2352330" lon="-79.9537650">
    <ele>446.8</ele>
    <time>2025-01-29T10:56:43Z</time>
    <extensions>
     <gpxtpx:TrackPointExtension>
      <gpxtpx:hr>154</gpxtpx:hr>
      <gpxtpx:cad>83</gpxtpx:cad>
     </gpxtpx:TrackPointExtension>
    </extensions>
   </trkpt>
   <trkpt lat="37.2353130" lon="-79.9537190">
    <ele>446.4</ele>
    <time>2025-01-29T10:56:46Z</time>
    <extensions>
     <gpxtpx:TrackPointExtension>
      <gpxtpx:hr>153</gpxtpx:hr>
      <gpxtpx:cad>81</gpxtpx:cad>
     </gpxtpx:TrackPointExtension>
    </extensions>
   </trkpt>
   <trkpt lat="37.2353720" lon="-79.9536930">
    <ele>445.8</ele>
    <time>2025-01-29T10:56:48Z</time>
    <extensions>
     <gpxtpx:TrackPointExtension>
      <gpxtpx:hr>154</gpxtpx:hr>
      <gpxtpx:cad>81</gpxtpx:cad>
     </gpxtpx:TrackPointExtension>
    </extensions>
   </trkpt>
   <trkpt lat="37.2354870" lon="-79.9537120">
    <ele>444.6</ele>
    <time>2025-01-29T10:56:52Z</time>
    <extensions>
     <gpxtpx:TrackPointExtension>
      <gpxtpx:hr>155</gpxtpx:hr>
      <gpxtpx:cad>79</gpxtpx:cad>
     </gpxtpx:TrackPointExtension>
    </extensions>
   </trkpt>
   <trkpt lat="37.2355060" lon="-79.9537350">
    <ele>444.2</ele>
    <time>2025-01-29T10:56:53Z</time>
    <extensions>
     <gpxtpx:TrackPointExtension>
      <gpxtpx:hr>155</gpxtpx:hr>
      <gpxtpx:cad>79</gpxtpx:cad>
     </gpxtpx:TrackPointExtension>
    </extensions>
   </trkpt>
   <trkpt lat="37.2355300" lon="-79.9538010">
    <ele>443.2</ele>
    <time>2025-01-29T10:56:55Z</time>
    <extensions>
     <gpxtpx:TrackPointExtension>
      <gpxtpx:hr>154</gpxtpx:hr>
      <gpxtpx:cad>80</gpxtpx:cad>
     </gpxtpx:TrackPointExtension>
    </extensions>
   </trkpt>
   <trkpt lat="37.2355440" lon="-79.9538360">
    <ele>442.8</ele>
    <time>2025-01-29T10:56:56Z</time>
    <extensions>
     <gpxtpx:TrackPointExtension>
      <gpxtpx:hr>154</gpxtpx:hr>
      <gpxtpx:cad>81</gpxtpx:cad>
     </gpxtpx:TrackPointExtension>
    </extensions>
   </trkpt>
   <trkpt lat="37.2355650" lon="-79.9539380">
    <ele>442.0</ele>
    <time>2025-01-29T10:56:59Z</time>
    <extensions>
     <gpxtpx:TrackPointExtension>
      <gpxtpx:hr>152</gpxtpx:hr>
      <gpxtpx:cad>80</gpxtpx:cad>
     </gpxtpx:TrackPointExtension>
    </extensions>
   </trkpt>
   <trkpt lat="37.2355680" lon="-79.9540440">
    <ele>441.0</ele>
    <time>2025-01-29T10:57:02Z</time>
    <extensions>
     <gpxtpx:TrackPointExtension>
      <gpxtpx:hr>151</gpxtpx:hr>
      <gpxtpx:cad>80</gpxtpx:cad>
     </gpxtpx:TrackPointExtension>
    </extensions>
   </trkpt>
   <trkpt lat="37.2355690" lon="-79.9540750">
    <ele>440.6</ele>
    <time>2025-01-29T10:57:03Z</time>
    <extensions>
     <gpxtpx:TrackPointExtension>
      <gpxtpx:hr>151</gpxtpx:hr>
      <gpxtpx:cad>79</gpxtpx:cad>
     </gpxtpx:TrackPointExtension>
    </extensions>
   </trkpt>
   <trkpt lat="37.2355740" lon="-79.9541750">
    <ele>439.6</ele>
    <time>2025-01-29T10:57:06Z</time>
    <extensions>
     <gpxtpx:TrackPointExtension>
      <gpxtpx:hr>149</gpxtpx:hr>
      <gpxtpx:cad>81</gpxtpx:cad>
     </gpxtpx:TrackPointExtension>
    </extensions>
   </trkpt>
   <trkpt lat="37.2355960" lon="-79.9542710">
    <ele>438.2</ele>
    <time>2025-01-29T10:57:09Z</time>
    <extensions>
     <gpxtpx:TrackPointExtension>
      <gpxtpx:hr>150</gpxtpx:hr>
      <gpxtpx:cad>80</gpxtpx:cad>
     </gpxtpx:TrackPointExtension>
    </extensions>
   </trkpt>
   <trkpt lat="37.2356020" lon="-79.9543000">
    <ele>438.0</ele>
    <time>2025-01-29T10:57:10Z</time>
    <extensions>
     <gpxtpx:TrackPointExtension>
      <gpxtpx:hr>152</gpxtpx:hr>
      <gpxtpx:cad>80</gpxtpx:cad>
     </gpxtpx:TrackPointExtension>
    </extensions>
   </trkpt>
   <trkpt lat="37.2356110" lon="-79.9543630">
    <ele>437.2</ele>
    <time>2025-01-29T10:57:12Z</time>
    <extensions>
     <gpxtpx:TrackPointExtension>
      <gpxtpx:hr>152</gpxtpx:hr>
      <gpxtpx:cad>80</gpxtpx:cad>
     </gpxtpx:TrackPointExtension>
    </extensions>
   </trkpt>
   <trkpt lat="37.2356240" lon="-79.9544270">
    <ele>436.2</ele>
    <time>2025-01-29T10:57:14Z</time>
    <extensions>
     <gpxtpx:TrackPointExtension>
      <gpxtpx:hr>152</gpxtpx:hr>
      <gpxtpx:cad>80</gpxtpx:cad>
     </gpxtpx:TrackPointExtension>
    </extensions>
   </trkpt>
   <trkpt lat="37.2356460" lon="-79.9545170">
    <ele>435.0</ele>
    <time>2025-01-29T10:57:17Z</time>
    <extensions>
     <gpxtpx:TrackPointExtension>
      <gpxtpx:hr>152</gpxtpx:hr>
      <gpxtpx:cad>80</gpxtpx:cad>
     </gpxtpx:TrackPointExtension>
    </extensions>
   </trkpt>
   <trkpt lat="37.2356790" lon="-79.9546210">
    <ele>433.8</ele>
    <time>2025-01-29T10:57:20Z</time>
    <extensions>
     <gpxtpx:TrackPointExtension>
      <gpxtpx:hr>152</gpxtpx:hr>
      <gpxtpx:cad>80</gpxtpx:cad>
     </gpxtpx:TrackPointExtension>
    </extensions>
   </trkpt>
   <trkpt lat="37.2357220" lon="-79.9547460">
    <ele>432.6</ele>
    <time>2025-01-29T10:57:24Z</time>
    <extensions>
     <gpxtpx:TrackPointExtension>
      <gpxtpx:hr>152</gpxtpx:hr>
      <gpxtpx:cad>80</gpxtpx:cad>
     </gpxtpx:TrackPointExtension>
    </extensions>
   </trkpt>
   <trkpt lat="37.2357520" lon="-79.9548480">
    <ele>431.4</ele>
    <time>2025-01-29T10:57:27Z</time>
    <extensions>
     <gpxtpx:TrackPointExtension>
      <gpxtpx:hr>153</gpxtpx:hr>
      <gpxtpx:cad>80</gpxtpx:cad>
     </gpxtpx:TrackPointExtension>
    </extensions>
   </trkpt>
   <trkpt lat="37.2357930" lon="-79.9549680">
    <ele>430.4</ele>
    <time>2025-01-29T10:57:31Z</time>
    <extensions>
     <gpxtpx:TrackPointExtension>
      <gpxtpx:hr>152</gpxtpx:hr>
      <gpxtpx:cad>80</gpxtpx:cad>
     </gpxtpx:TrackPointExtension>
    </extensions>
   </trkpt>
   <trkpt lat="37.2358050" lon="-79.9550040">
    <ele>430.2</ele>
    <time>2025-01-29T10:57:32Z</time>
    <extensions>
     <gpxtpx:TrackPointExtension>
      <gpxtpx:hr>152</gpxtpx:hr>
      <gpxtpx:cad>79</gpxtpx:cad>
     </gpxtpx:TrackPointExtension>
    </extensions>
   </trkpt>
   <trkpt lat="37.2358180" lon="-79.9550720">
    <ele>428.8</ele>
    <time>2025-01-29T10:57:34Z</time>
    <extensions>
     <gpxtpx:TrackPointExtension>
      <gpxtpx:hr>153</gpxtpx:hr>
      <gpxtpx:cad>79</gpxtpx:cad>
     </gpxtpx:TrackPointExtension>
    </extensions>
   </trkpt>
   <trkpt lat="37.2358180" lon="-79.9551820">
    <ele>427.6</ele>
    <time>2025-01-29T10:57:37Z</time>
    <extensions>
     <gpxtpx:TrackPointExtension>
      <gpxtpx:hr>153</gpxtpx:hr>
      <gpxtpx:cad>80</gpxtpx:cad>
     </gpxtpx:TrackPointExtension>
    </extensions>
   </trkpt>
   <trkpt lat="37.2358160" lon="-79.9552200">
    <ele>427.2</ele>
    <time>2025-01-29T10:57:38Z</time>
    <extensions>
     <gpxtpx:TrackPointExtension>
      <gpxtpx:hr>153</gpxtpx:hr>
      <gpxtpx:cad>80</gpxtpx:cad>
     </gpxtpx:TrackPointExtension>
    </extensions>
   </trkpt>
   <trkpt lat="37.2358220" lon="-79.9553010">
    <ele>426.6</ele>
    <time>2025-01-29T10:57:40Z</time>
    <extensions>
     <gpxtpx:TrackPointExtension>
      <gpxtpx:hr>154</gpxtpx:hr>
      <gpxtpx:cad>80</gpxtpx:cad>
     </gpxtpx:TrackPointExtension>
    </extensions>
   </trkpt>
   <trkpt lat="37.2358190" lon="-79.9554430">
    <ele>425.8</ele>
    <time>2025-01-29T10:57:44Z</time>
    <extensions>
     <gpxtpx:TrackPointExtension>
      <gpxtpx:hr>153</gpxtpx:hr>
      <gpxtpx:cad>80</gpxtpx:cad>
     </gpxtpx:TrackPointExtension>
    </extensions>
   </trkpt>
   <trkpt lat="37.2358060" lon="-79.9555150">
    <ele>425.2</ele>
    <time>2025-01-29T10:57:46Z</time>
    <extensions>
     <gpxtpx:TrackPointExtension>
      <gpxtpx:hr>156</gpxtpx:hr>
      <gpxtpx:cad>79</gpxtpx:cad>
     </gpxtpx:TrackPointExtension>
    </extensions>
   </trkpt>
   <trkpt lat="37.2357880" lon="-79.9555860">
    <ele>424.2</ele>
    <time>2025-01-29T10:57:48Z</time>
    <extensions>
     <gpxtpx:TrackPointExtension>
      <gpxtpx:hr>154</gpxtpx:hr>
      <gpxtpx:cad>79</gpxtpx:cad>
     </gpxtpx:TrackPointExtension>
    </extensions>
   </trkpt>
   <trkpt lat="37.2357720" lon="-79.9556850">
    <ele>423.2</ele>
    <time>2025-01-29T10:57:51Z</time>
    <extensions>
     <gpxtpx:TrackPointExtension>
      <gpxtpx:hr>155</gpxtpx:hr>
      <gpxtpx:cad>80</gpxtpx:cad>
     </gpxtpx:TrackPointExtension>
    </extensions>
   </trkpt>
   <trkpt lat="37.2357630" lon="-79.9557150">
    <ele>422.6</ele>
    <time>2025-01-29T10:57:52Z</time>
    <extensions>
     <gpxtpx:TrackPointExtension>
      <gpxtpx:hr>155</gpxtpx:hr>
      <gpxtpx:cad>80</gpxtpx:cad>
     </gpxtpx:TrackPointExtension>
    </extensions>
   </trkpt>
   <trkpt lat="37.2357530" lon="-79.9557860">
    <ele>422.0</ele>
    <time>2025-01-29T10:57:54Z</time>
    <extensions>
     <gpxtpx:TrackPointExtension>
      <gpxtpx:hr>156</gpxtpx:hr>
      <gpxtpx:cad>79</gpxtpx:cad>
     </gpxtpx:TrackPointExtension>
    </extensions>
   </trkpt>
   <trkpt lat="37.2357410" lon="-79.9559210">
    <ele>420.8</ele>
    <time>2025-01-29T10:57:58Z</time>
    <extensions>
     <gpxtpx:TrackPointExtension>
      <gpxtpx:hr>157</gpxtpx:hr>
      <gpxtpx:cad>79</gpxtpx:cad>
     </gpxtpx:TrackPointExtension>
    </extensions>
   </trkpt>
   <trkpt lat="37.2357380" lon="-79.9559570">
    <ele>420.6</ele>
    <time>2025-01-29T10:57:59Z</time>
    <extensions>
     <gpxtpx:TrackPointExtension>
      <gpxtpx:hr>158</gpxtpx:hr>
      <gpxtpx:cad>79</gpxtpx:cad>
     </gpxtpx:TrackPointExtension>
    </extensions>
   </trkpt>
   <trkpt lat="37.2357310" lon="-79.9560370">
    <ele>419.6</ele>
    <time>2025-01-29T10:58:01Z</time>
    <extensions>
     <gpxtpx:TrackPointExtension>
      <gpxtpx:hr>159</gpxtpx:hr>
      <gpxtpx:cad>79</gpxtpx:cad>
     </gpxtpx:TrackPointExtension>
    </extensions>
   </trkpt>
   <trkpt lat="37.2357230" lon="-79.9561320">
    <ele>418.4</ele>
    <time>2025-01-29T10:58:04Z</time>
    <extensions>
     <gpxtpx:TrackPointExtension>
      <gpxtpx:hr>162</gpxtpx:hr>
      <gpxtpx:cad>80</gpxtpx:cad>
     </gpxtpx:TrackPointExtension>
    </extensions>
   </trkpt>
   <trkpt lat="37.2357220" lon="-79.9561940">
    <ele>417.6</ele>
    <time>2025-01-29T10:58:06Z</time>
    <extensions>
     <gpxtpx:TrackPointExtension>
      <gpxtpx:hr>161</gpxtpx:hr>
      <gpxtpx:cad>80</gpxtpx:cad>
     </gpxtpx:TrackPointExtension>
    </extensions>
   </trkpt>
   <trkpt lat="37.2357250" lon="-79.9562250">
    <ele>417.2</ele>
    <time>2025-01-29T10:58:07Z</time>
    <extensions>
     <gpxtpx:TrackPointExtension>
      <gpxtpx:hr>160</gpxtpx:hr>
      <gpxtpx:cad>80</gpxtpx:cad>
     </gpxtpx:TrackPointExtension>
    </extensions>
   </trkpt>
   <trkpt lat="37.2357470" lon="-79.9563620">
    <ele>416.0</ele>
    <time>2025-01-29T10:58:11Z</time>
    <extensions>
     <gpxtpx:TrackPointExtension>
      <gpxtpx:hr>159</gpxtpx:hr>
      <gpxtpx:cad>79</gpxtpx:cad>
     </gpxtpx:TrackPointExtension>
    </extensions>
   </trkpt>
   <trkpt lat="37.2357750" lon="-79.9564550">
    <ele>415.2</ele>
    <time>2025-01-29T10:58:14Z</time>
    <extensions>
     <gpxtpx:TrackPointExtension>
      <gpxtpx:hr>161</gpxtpx:hr>
      <gpxtpx:cad>79</gpxtpx:cad>
     </gpxtpx:TrackPointExtension>
    </extensions>
   </trkpt>
   <trkpt lat="37.2357860" lon="-79.9564870">
    <ele>414.8</ele>
    <time>2025-01-29T10:58:15Z</time>
    <extensions>
     <gpxtpx:TrackPointExtension>
      <gpxtpx:hr>161</gpxtpx:hr>
      <gpxtpx:cad>79</gpxtpx:cad>
     </gpxtpx:TrackPointExtension>
    </extensions>
   </trkpt>
   <trkpt lat="37.2358970" lon="-79.9566410">
    <ele>414.0</ele>
    <time>2025-01-29T10:58:21Z</time>
    <extensions>
     <gpxtpx:TrackPointExtension>
      <gpxtpx:hr>163</gpxtpx:hr>
      <gpxtpx:cad>80</gpxtpx:cad>
     </gpxtpx:TrackPointExtension>
    </extensions>
   </trkpt>
   <trkpt lat="37.2359190" lon="-79.9566630">
    <ele>413.4</ele>
    <time>2025-01-29T10:58:22Z</time>
    <extensions>
     <gpxtpx:TrackPointExtension>
      <gpxtpx:hr>163</gpxtpx:hr>
      <gpxtpx:cad>80</gpxtpx:cad>
     </gpxtpx:TrackPointExtension>
    </extensions>
   </trkpt>
   <trkpt lat="37.2359940" lon="-79.9567140">
    <ele>412.4</ele>
    <time>2025-01-29T10:58:25Z</time>
    <extensions>
     <gpxtpx:TrackPointExtension>
      <gpxtpx:hr>162</gpxtpx:hr>
      <gpxtpx:cad>79</gpxtpx:cad>
     </gpxtpx:TrackPointExtension>
    </extensions>
   </trkpt>
   <trkpt lat="37.2360640" lon="-79.9567680">
    <ele>411.2</ele>
    <time>2025-01-29T10:58:28Z</time>
    <extensions>
     <gpxtpx:TrackPointExtension>
      <gpxtpx:hr>161</gpxtpx:hr>
      <gpxtpx:cad>79</gpxtpx:cad>
     </gpxtpx:TrackPointExtension>
    </extensions>
   </trkpt>
   <trkpt lat="37.2361490" lon="-79.9568180">
    <ele>410.2</ele>
    <time>2025-01-29T10:58:32Z</time>
    <extensions>
     <gpxtpx:TrackPointExtension>
      <gpxtpx:hr>161</gpxtpx:hr>
      <gpxtpx:cad>79</gpxtpx:cad>
     </gpxtpx:TrackPointExtension>
    </extensions>
   </trkpt>
   <trkpt lat="37.2362470" lon="-79.9568560">
    <ele>409.4</ele>
    <time>2025-01-29T10:58:35Z</time>
    <extensions>
     <gpxtpx:TrackPointExtension>
      <gpxtpx:hr>163</gpxtpx:hr>
      <gpxtpx:cad>79</gpxtpx:cad>
     </gpxtpx:TrackPointExtension>
    </extensions>
   </trkpt>
   <trkpt lat="37.2362830" lon="-79.9568630">
    <ele>409.0</ele>
    <time>2025-01-29T10:58:36Z</time>
    <extensions>
     <gpxtpx:TrackPointExtension>
      <gpxtpx:hr>164</gpxtpx:hr>
      <gpxtpx:cad>79</gpxtpx:cad>
     </gpxtpx:TrackPointExtension>
    </extensions>
   </trkpt>
   <trkpt lat="37.2364070" lon="-79.9568850">
    <ele>407.8</ele>
    <time>2025-01-29T10:58:40Z</time>
    <extensions>
     <gpxtpx:TrackPointExtension>
      <gpxtpx:hr>165</gpxtpx:hr>
      <gpxtpx:cad>80</gpxtpx:cad>
     </gpxtpx:TrackPointExtension>
    </extensions>
   </trkpt>
   <trkpt lat="37.2364370" lon="-79.9568860">
    <ele>407.2</ele>
    <time>2025-01-29T10:58:41Z</time>
    <extensions>
     <gpxtpx:TrackPointExtension>
      <gpxtpx:hr>164</gpxtpx:hr>
      <gpxtpx:cad>80</gpxtpx:cad>
     </gpxtpx:TrackPointExtension>
    </extensions>
   </trkpt>
   <trkpt lat="37.2364650" lon="-79.9568860">
    <ele>406.8</ele>
    <time>2025-01-29T10:58:42Z</time>
    <extensions>
     <gpxtpx:TrackPointExtension>
      <gpxtpx:hr>164</gpxtpx:hr>
      <gpxtpx:cad>79</gpxtpx:cad>
     </gpxtpx:TrackPointExtension>
    </extensions>
   </trkpt>
   <trkpt lat="37.2365700" lon="-79.9568660">
    <ele>405.8</ele>
    <time>2025-01-29T10:58:46Z</time>
    <extensions>
     <gpxtpx:TrackPointExtension>
      <gpxtpx:hr>164</gpxtpx:hr>
      <gpxtpx:cad>79</gpxtpx:cad>
     </gpxtpx:TrackPointExtension>
    </extensions>
   </trkpt>
   <trkpt lat="37.2366540" lon="-79.9568240">
    <ele>404.8</ele>
    <time>2025-01-29T10:58:49Z</time>
    <extensions>
     <gpxtpx:TrackPointExtension>
      <gpxtpx:hr>163</gpxtpx:hr>
      <gpxtpx:cad>80</gpxtpx:cad>
     </gpxtpx:TrackPointExtension>
    </extensions>
   </trkpt>
   <trkpt lat="37.2366810" lon="-79.9568110">
    <ele>404.6</ele>
    <time>2025-01-29T10:58:50Z</time>
    <extensions>
     <gpxtpx:TrackPointExtension>
      <gpxtpx:hr>161</gpxtpx:hr>
      <gpxtpx:cad>80</gpxtpx:cad>
     </gpxtpx:TrackPointExtension>
    </extensions>
   </trkpt>
   <trkpt lat="37.2367580" lon="-79.9567640">
    <ele>403.4</ele>
    <time>2025-01-29T10:58:53Z</time>
    <extensions>
     <gpxtpx:TrackPointExtension>
      <gpxtpx:hr>159</gpxtpx:hr>
      <gpxtpx:cad>81</gpxtpx:cad>
     </gpxtpx:TrackPointExtension>
    </extensions>
   </trkpt>
   <trkpt lat="37.2368130" lon="-79.9567350">
    <ele>402.6</ele>
    <time>2025-01-29T10:58:55Z</time>
    <extensions>
     <gpxtpx:TrackPointExtension>
      <gpxtpx:hr>160</gpxtpx:hr>
      <gpxtpx:cad>81</gpxtpx:cad>
     </gpxtpx:TrackPointExtension>
    </extensions>
   </trkpt>
   <trkpt lat="37.2368400" lon="-79.9567180">
    <ele>402.2</ele>
    <time>2025-01-29T10:58:56Z</time>
    <extensions>
     <gpxtpx:TrackPointExtension>
      <gpxtpx:hr>157</gpxtpx:hr>
      <gpxtpx:cad>81</gpxtpx:cad>
     </gpxtpx:TrackPointExtension>
    </extensions>
   </trkpt>
   <trkpt lat="37.2369440" lon="-79.9566410">
    <ele>401.0</ele>
    <time>2025-01-29T10:59:00Z</time>
    <extensions>
     <gpxtpx:TrackPointExtension>
      <gpxtpx:hr>155</gpxtpx:hr>
      <gpxtpx:cad>80</gpxtpx:cad>
     </gpxtpx:TrackPointExtension>
    </extensions>
   </trkpt>
   <trkpt lat="37.2369670" lon="-79.9566190">
    <ele>400.6</ele>
    <time>2025-01-29T10:59:01Z</time>
    <extensions>
     <gpxtpx:TrackPointExtension>
      <gpxtpx:hr>154</gpxtpx:hr>
      <gpxtpx:cad>80</gpxtpx:cad>
     </gpxtpx:TrackPointExtension>
    </extensions>
   </trkpt>
   <trkpt lat="37.2370170" lon="-79.9565870">
    <ele>399.8</ele>
    <time>2025-01-29T10:59:03Z</time>
    <extensions>
     <gpxtpx:TrackPointExtension>
      <gpxtpx:hr>153</gpxtpx:hr>
      <gpxtpx:cad>80</gpxtpx:cad>
     </gpxtpx:TrackPointExtension>
    </extensions>
   </trkpt>
   <trkpt lat="37.2370760" lon="-79.9565280">
    <ele>399.0</ele>
    <time>2025-01-29T10:59:06Z</time>
    <extensions>
     <gpxtpx:TrackPointExtension>
      <gpxtpx:hr>154</gpxtpx:hr>
      <gpxtpx:cad>80</gpxtpx:cad>
     </gpxtpx:TrackPointExtension>
    </extensions>
   </trkpt>
   <trkpt lat="37.2370930" lon="-79.9565060">
    <ele>398.6</ele>
    <time>2025-01-29T10:59:07Z</time>
    <extensions>
     <gpxtpx:TrackPointExtension>
      <gpxtpx:hr>155</gpxtpx:hr>
      <gpxtpx:cad>80</gpxtpx:cad>
     </gpxtpx:TrackPointExtension>
    </extensions>
   </trkpt>
   <trkpt lat="37.2371600" lon="-79.9564360">
    <ele>397.8</ele>
    <time>2025-01-29T10:59:10Z</time>
    <extensions>
     <gpxtpx:TrackPointExtension>
      <gpxtpx:hr>151</gpxtpx:hr>
      <gpxtpx:cad>80</gpxtpx:cad>
     </gpxtpx:TrackPointExtension>
    </extensions>
   </trkpt>
   <trkpt lat="37.2371770" lon="-79.9564070">
    <ele>397.4</ele>
    <time>2025-01-29T10:59:11Z</time>
    <extensions>
     <gpxtpx:TrackPointExtension>
      <gpxtpx:hr>150</gpxtpx:hr>
      <gpxtpx:cad>80</gpxtpx:cad>
     </gpxtpx:TrackPointExtension>
    </extensions>
   </trkpt>
   <trkpt lat="37.2371980" lon="-79.9563720">
    <ele>397.0</ele>
    <time>2025-01-29T10:59:12Z</time>
    <extensions>
     <gpxtpx:TrackPointExtension>
      <gpxtpx:hr>150</gpxtpx:hr>
      <gpxtpx:cad>80</gpxtpx:cad>
     </gpxtpx:TrackPointExtension>
    </extensions>
   </trkpt>
   <trkpt lat="37.2372160" lon="-79.9563450">
    <ele>396.4</ele>
    <time>2025-01-29T10:59:13Z</time>
    <extensions>
     <gpxtpx:TrackPointExtension>
      <gpxtpx:hr>150</gpxtpx:hr>
      <gpxtpx:cad>80</gpxtpx:cad>
     </gpxtpx:TrackPointExtension>
    </extensions>
   </trkpt>
   <trkpt lat="37.2372770" lon="-79.9562680">
    <ele>395.2</ele>
    <time>2025-01-29T10:59:16Z</time>
    <extensions>
     <gpxtpx:TrackPointExtension>
      <gpxtpx:hr>151</gpxtpx:hr>
      <gpxtpx:cad>80</gpxtpx:cad>
     </gpxtpx:TrackPointExtension>
    </extensions>
   </trkpt>
   <trkpt lat="37.2373500" lon="-79.9562030">
    <ele>394.6</ele>
    <time>2025-01-29T10:59:19Z</time>
    <extensions>
     <gpxtpx:TrackPointExtension>
      <gpxtpx:hr>150</gpxtpx:hr>
      <gpxtpx:cad>80</gpxtpx:cad>
     </gpxtpx:TrackPointExtension>
    </extensions>
   </trkpt>
   <trkpt lat="37.2373750" lon="-79.9561850">
    <ele>394.0</ele>
    <time>2025-01-29T10:59:20Z</time>
    <extensions>
     <gpxtpx:TrackPointExtension>
      <gpxtpx:hr>150</gpxtpx:hr>
      <gpxtpx:cad>80</gpxtpx:cad>
     </gpxtpx:TrackPointExtension>
    </extensions>
   </trkpt>
   <trkpt lat="37.2374610" lon="-79.9561230">
    <ele>392.8</ele>
    <time>2025-01-29T10:59:23Z</time>
    <extensions>
     <gpxtpx:TrackPointExtension>
      <gpxtpx:hr>150</gpxtpx:hr>
      <gpxtpx:cad>80</gpxtpx:cad>
     </gpxtpx:TrackPointExtension>
    </extensions>
   </trkpt>
   <trkpt lat="37.2375290" lon="-79.9560760">
    <ele>391.8</ele>
    <time>2025-01-29T10:59:26Z</time>
    <extensions>
     <gpxtpx:TrackPointExtension>
      <gpxtpx:hr>151</gpxtpx:hr>
      <gpxtpx:cad>81</gpxtpx:cad>
     </gpxtpx:TrackPointExtension>
    </extensions>
   </trkpt>
   <trkpt lat="37.2376470" lon="-79.9560020">
    <ele>390.6</ele>
    <time>2025-01-29T10:59:31Z</time>
    <extensions>
     <gpxtpx:TrackPointExtension>
      <gpxtpx:hr>154</gpxtpx:hr>
      <gpxtpx:cad>80</gpxtpx:cad>
     </gpxtpx:TrackPointExtension>
    </extensions>
   </trkpt>
   <trkpt lat="37.2376870" lon="-79.9559840">
    <ele>390.0</ele>
    <time>2025-01-29T10:59:33Z</time>
    <extensions>
     <gpxtpx:TrackPointExtension>
      <gpxtpx:hr>155</gpxtpx:hr>
      <gpxtpx:cad>80</gpxtpx:cad>
     </gpxtpx:TrackPointExtension>
    </extensions>
   </trkpt>
   <trkpt lat="37.2377170" lon="-79.9559760">
    <ele>389.6</ele>
    <time>2025-01-29T10:59:35Z</time>
    <extensions>
     <gpxtpx:TrackPointExtension>
      <gpxtpx:hr>157</gpxtpx:hr>
      <gpxtpx:cad>81</gpxtpx:cad>
     </gpxtpx:TrackPointExtension>
    </extensions>
   </trkpt>
   <trkpt lat="37.2377370" lon="-79.9559720">
    <ele>389.4</ele>
    <time>2025-01-29T10:59:37Z</time>
    <extensions>
     <gpxtpx:TrackPointExtension>
      <gpxtpx:hr>158</gpxtpx:hr>
      <gpxtpx:cad>80</gpxtpx:cad>
     </gpxtpx:TrackPointExtension>
    </extensions>
   </trkpt>
   <trkpt lat="37.2377400" lon="-79.9559680">
    <ele>389.4</ele>
    <time>2025-01-29T10:59:38Z</time>
    <extensions>
     <gpxtpx:TrackPointExtension>
      <gpxtpx:hr>159</gpxtpx:hr>
      <gpxtpx:cad>80</gpxtpx:cad>
     </gpxtpx:TrackPointExtension>
    </extensions>
   </trkpt>
   <trkpt lat="37.2377430" lon="-79.9559640">
    <ele>389.4</ele>
    <time>2025-01-29T10:59:42Z</time>
    <extensions>
     <gpxtpx:TrackPointExtension>
      <gpxtpx:hr>159</gpxtpx:hr>
      <gpxtpx:cad>0</gpxtpx:cad>
     </gpxtpx:TrackPointExtension>
    </extensions>
   </trkpt>
   <trkpt lat="37.2378760" lon="-79.9560980">
    <ele>386.8</ele>
    <time>2025-01-29T10:59:54Z</time>
    <extensions>
     <gpxtpx:TrackPointExtension>
      <gpxtpx:hr>155</gpxtpx:hr>
      <gpxtpx:cad>76</gpxtpx:cad>
     </gpxtpx:TrackPointExtension>
    </extensions>
   </trkpt>
   <trkpt lat="37.2378870" lon="-79.9561230">
    <ele>386.2</ele>
    <time>2025-01-29T10:59:55Z</time>
    <extensions>
     <gpxtpx:TrackPointExtension>
      <gpxtpx:hr>155</gpxtpx:hr>
      <gpxtpx:cad>79</gpxtpx:cad>
     </gpxtpx:TrackPointExtension>
    </extensions>
   </trkpt>
   <trkpt lat="37.2378900" lon="-79.9561560">
    <ele>385.6</ele>
    <time>2025-01-29T10:59:56Z</time>
    <extensions>
     <gpxtpx:TrackPointExtension>
      <gpxtpx:hr>155</gpxtpx:hr>
      <gpxtpx:cad>79</gpxtpx:cad>
     </gpxtpx:TrackPointExtension>
    </extensions>
   </trkpt>
   <trkpt lat="37.2378940" lon="-79.9562190">
    <ele>384.4</ele>
    <time>2025-01-29T10:59:58Z</time>
    <extensions>
     <gpxtpx:TrackPointExtension>
      <gpxtpx:hr>155</gpxtpx:hr>
      <gpxtpx:cad>81</gpxtpx:cad>
     </gpxtpx:TrackPointExtension>
    </extensions>
   </trkpt>
   <trkpt lat="37.2378310" lon="-79.9563680">
    <ele>383.4</ele>
    <time>2025-01-29T11:00:03Z</time>
    <extensions>
     <gpxtpx:TrackPointExtension>
      <gpxtpx:hr>157</gpxtpx:hr>
      <gpxtpx:cad>79</gpxtpx:cad>
     </gpxtpx:TrackPointExtension>
    </extensions>
   </trkpt>
   <trkpt lat="37.2377680" lon="-79.9564510">
    <ele>382.6</ele>
    <time>2025-01-29T11:00:06Z</time>
    <extensions>
     <gpxtpx:TrackPointExtension>
      <gpxtpx:hr>160</gpxtpx:hr>
      <gpxtpx:cad>80</gpxtpx:cad>
     </gpxtpx:TrackPointExtension>
    </extensions>
   </trkpt>
   <trkpt lat="37.2377350" lon="-79.9565160">
    <ele>382.2</ele>
    <time>2025-01-29T11:00:08Z</time>
    <extensions>
     <gpxtpx:TrackPointExtension>
      <gpxtpx:hr>161</gpxtpx:hr>
      <gpxtpx:cad>81</gpxtpx:cad>
     </gpxtpx:TrackPointExtension>
    </extensions>
   </trkpt>
   <trkpt lat="37.2376560" lon="-79.9566680">
    <ele>381.2</ele>
    <time>2025-01-29T11:00:13Z</time>
    <extensions>
     <gpxtpx:TrackPointExtension>
      <gpxtpx:hr>163</gpxtpx:hr>
      <gpxtpx:cad>81</gpxtpx:cad>
     </gpxtpx:TrackPointExtension>
    </extensions>
   </trkpt>
   <trkpt lat="37.2376460" lon="-79.9566960">
    <ele>380.8</ele>
    <time>2025-01-29T11:00:14Z</time>
    <extensions>
     <gpxtpx:TrackPointExtension>
      <gpxtpx:hr>163</gpxtpx:hr>
      <gpxtpx:cad>80</gpxtpx:cad>
     </gpxtpx:TrackPointExtension>
    </extensions>
   </trkpt>
   <trkpt lat="37.2376290" lon="-79.9568690">
    <ele>379.6</ele>
    <time>2025-01-29T11:00:19Z</time>
    <extensions>
     <gpxtpx:TrackPointExtension>
      <gpxtpx:hr>164</gpxtpx:hr>
      <gpxtpx:cad>80</gpxtpx:cad>
     </gpxtpx:TrackPointExtension>
    </extensions>
   </trkpt>
   <trkpt lat="37.2376350" lon="-79.9569460">
    <ele>379.2</ele>
    <time>2025-01-29T11:00:21Z</time>
    <extensions>
     <gpxtpx:TrackPointExtension>
      <gpxtpx:hr>165</gpxtpx:hr>
      <gpxtpx:cad>80</gpxtpx:cad>
     </gpxtpx:TrackPointExtension>
    </extensions>
   </trkpt>
   <trkpt lat="37.2376440" lon="-79.9569830">
    <ele>378.6</ele>
    <time>2025-01-29T11:00:22Z</time>
    <extensions>
     <gpxtpx:TrackPointExtension>
      <gpxtpx:hr>165</gpxtpx:hr>
      <gpxtpx:cad>81</gpxtpx:cad>
     </gpxtpx:TrackPointExtension>
    </extensions>
   </trkpt>
   <trkpt lat="37.2376910" lon="-79.9570900">
    <ele>377.4</ele>
    <time>2025-01-29T11:00:25Z</time>
    <extensions>
     <gpxtpx:TrackPointExtension>
      <gpxtpx:hr>165</gpxtpx:hr>
      <gpxtpx:cad>80</gpxtpx:cad>
     </gpxtpx:TrackPointExtension>
    </extensions>
   </trkpt>
   <trkpt lat="37.2377170" lon="-79.9571490">
    <ele>376.8</ele>
    <time>2025-01-29T11:00:27Z</time>
    <extensions>
     <gpxtpx:TrackPointExtension>
      <gpxtpx:hr>164</gpxtpx:hr>
      <gpxtpx:cad>80</gpxtpx:cad>
     </gpxtpx:TrackPointExtension>
    </extensions>
   </trkpt>
   <trkpt lat="37.2377380" lon="-79.9571800">
    <ele>376.4</ele>
    <time>2025-01-29T11:00:28Z</time>
    <extensions>
     <gpxtpx:TrackPointExtension>
      <gpxtpx:hr>164</gpxtpx:hr>
      <gpxtpx:cad>80</gpxtpx:cad>
     </gpxtpx:TrackPointExtension>
    </extensions>
   </trkpt>
   <trkpt lat="37.2378220" lon="-79.9572330">
    <ele>375.2</ele>
    <time>2025-01-29T11:00:31Z</time>
    <extensions>
     <gpxtpx:TrackPointExtension>
      <gpxtpx:hr>164</gpxtpx:hr>
      <gpxtpx:cad>80</gpxtpx:cad>
     </gpxtpx:TrackPointExtension>
    </extensions>
   </trkpt>
   <trkpt lat="37.2378780" lon="-79.9572670">
    <ele>374.6</ele>
    <time>2025-01-29T11:00:33Z</time>
    <extensions>
     <gpxtpx:TrackPointExtension>
      <gpxtpx:hr>163</gpxtpx:hr>
      <gpxtpx:cad>80</gpxtpx:cad>
     </gpxtpx:TrackPointExtension>
    </extensions>
   </trkpt>
   <trkpt lat="37.2378970" lon="-79.9572840">
    <ele>374.0</ele>
    <time>2025-01-29T11:00:34Z</time>
    <extensions>
     <gpxtpx:TrackPointExtension>
      <gpxtpx:hr>163</gpxtpx:hr>
      <gpxtpx:cad>80</gpxtpx:cad>
     </gpxtpx:TrackPointExtension>
    </extensions>
   </trkpt>
   <trkpt lat="37.2380230" lon="-79.9573280">
    <ele>372.8</ele>
    <time>2025-01-29T11:00:38Z</time>
    <extensions>
     <gpxtpx:TrackPointExtension>
      <gpxtpx:hr>161</gpxtpx:hr>
      <gpxtpx:cad>81</gpxtpx:cad>
     </gpxtpx:TrackPointExtension>
    </extensions>
   </trkpt>
   <trkpt lat="37.2381250" lon="-79.9573140">
    <ele>372.2</ele>
    <time>2025-01-29T11:00:41Z</time>
    <extensions>
     <gpxtpx:TrackPointExtension>
      <gpxtpx:hr>161</gpxtpx:hr>
      <gpxtpx:cad>80</gpxtpx:cad>
     </gpxtpx:TrackPointExtension>
    </extensions>
   </trkpt>
   <trkpt lat="37.2382100" lon="-79.9573300">
    <ele>371.6</ele>
    <time>2025-01-29T11:00:44Z</time>
    <extensions>
     <gpxtpx:TrackPointExtension>
      <gpxtpx:hr>161</gpxtpx:hr>
      <gpxtpx:cad>79</gpxtpx:cad>
     </gpxtpx:TrackPointExtension>
    </extensions>
   </trkpt>
   <trkpt lat="37.2383420" lon="-79.9573360">
    <ele>370.4</ele>
    <time>2025-01-29T11:00:49Z</time>
    <extensions>
     <gpxtpx:TrackPointExtension>
      <gpxtpx:hr>161</gpxtpx:hr>
      <gpxtpx:cad>80</gpxtpx:cad>
     </gpxtpx:TrackPointExtension>
    </extensions>
   </trkpt>
   <trkpt lat="37.2383870" lon="-79.9573260">
    <ele>369.8</ele>
    <time>2025-01-29T11:00:51Z</time>
    <extensions>
     <gpxtpx:TrackPointExtension>
      <gpxtpx:hr>161</gpxtpx:hr>
      <gpxtpx:cad>80</gpxtpx:cad>
     </gpxtpx:TrackPointExtension>
    </extensions>
   </trkpt>
   <trkpt lat="37.2384530" lon="-79.9573380">
    <ele>369.0</ele>
    <time>2025-01-29T11:00:53Z</time>
    <extensions>
     <gpxtpx:TrackPointExtension>
      <gpxtpx:hr>161</gpxtpx:hr>
      <gpxtpx:cad>80</gpxtpx:cad>
     </gpxtpx:TrackPointExtension>
    </extensions>
   </trkpt>
   <trkpt lat="37.2385620" lon="-79.9573700">
    <ele>367.8</ele>
    <time>2025-01-29T11:00:57Z</time>
    <extensions>
     <gpxtpx:TrackPointExtension>
      <gpxtpx:hr>161</gpxtpx:hr>
      <gpxtpx:cad>81</gpxtpx:cad>
     </gpxtpx:TrackPointExtension>
    </extensions>
   </trkpt>
   <trkpt lat="37.2386280" lon="-79.9573970">
    <ele>366.8</ele>
    <time>2025-01-29T11:01:00Z</time>
    <extensions>
     <gpxtpx:TrackPointExtension>
      <gpxtpx:hr>161</gpxtpx:hr>
      <gpxtpx:cad>81</gpxtpx:cad>
     </gpxtpx:TrackPointExtension>
    </extensions>
   </trkpt>
   <trkpt lat="37.2386610" lon="-79.9574020">
    <ele>366.6</ele>
    <time>2025-01-29T11:01:01Z</time>
    <extensions>
     <gpxtpx:TrackPointExtension>
      <gpxtpx:hr>161</gpxtpx:hr>
      <gpxtpx:cad>81</gpxtpx:cad>
     </gpxtpx:TrackPointExtension>
    </extensions>
   </trkpt>
   <trkpt lat="37.2387430" lon="-79.9574420">
    <ele>365.6</ele>
    <time>2025-01-29T11:01:05Z</time>
    <extensions>
     <gpxtpx:TrackPointExtension>
      <gpxtpx:hr>161</gpxtpx:hr>
      <gpxtpx:cad>81</gpxtpx:cad>
     </gpxtpx:TrackPointExtension>
    </extensions>
   </trkpt>
   <trkpt lat="37.2387670" lon="-79.9574700">
    <ele>364.8</ele>
    <time>2025-01-29T11:01:07Z</time>
    <extensions>
     <gpxtpx:TrackPointExtension>
      <gpxtpx:hr>161</gpxtpx:hr>
      <gpxtpx:cad>83</gpxtpx:cad>
     </gpxtpx:TrackPointExtension>
    </extensions>
   </trkpt>
   <trkpt lat="37.2387840" lon="-79.9574840">
    <ele>364.4</ele>
    <time>2025-01-29T11:01:08Z</time>
    <extensions>
     <gpxtpx:TrackPointExtension>
      <gpxtpx:hr>161</gpxtpx:hr>
      <gpxtpx:cad>83</gpxtpx:cad>
     </gpxtpx:TrackPointExtension>
    </extensions>
   </trkpt>
   <trkpt lat="37.2388750" lon="-79.9576090">
    <ele>363.2</ele>
    <time>2025-01-29T11:01:13Z</time>
    <extensions>
     <gpxtpx:TrackPointExtension>
      <gpxtpx:hr>162</gpxtpx:hr>
      <gpxtpx:cad>82</gpxtpx:cad>
     </gpxtpx:TrackPointExtension>
    </extensions>
   </trkpt>
   <trkpt lat="37.2389080" lon="-79.9576750">
    <ele>363.0</ele>
    <time>2025-01-29T11:01:14Z</time>
    <extensions>
     <gpxtpx:TrackPointExtension>
      <gpxtpx:hr>163</gpxtpx:hr>
      <gpxtpx:cad>83</gpxtpx:cad>
     </gpxtpx:TrackPointExtension>
    </extensions>
   </trkpt>
   <trkpt lat="37.2389630" lon="-79.9577730">
    <ele>362.2</ele>
    <time>2025-01-29T11:01:16Z</time>
    <extensions>
     <gpxtpx:TrackPointExtension>
      <gpxtpx:hr>163</gpxtpx:hr>
      <gpxtpx:cad>83</gpxtpx:cad>
     </gpxtpx:TrackPointExtension>
    </extensions>
   </trkpt>
   <trkpt lat="37.2389850" lon="-79.9578150">
    <ele>362.0</ele>
    <time>2025-01-29T11:01:17Z</time>
    <extensions>
     <gpxtpx:TrackPointExtension>
      <gpxtpx:hr>167</gpxtpx:hr>
      <gpxtpx:cad>83</gpxtpx:cad>
     </gpxtpx:TrackPointExtension>
    </extensions>
   </trkpt>
   <trkpt lat="37.2390450" lon="-79.9578650">
    <ele>361.4</ele>
    <time>2025-01-29T11:01:19Z</time>
    <extensions>
     <gpxtpx:TrackPointExtension>
      <gpxtpx:hr>162</gpxtpx:hr>
      <gpxtpx:cad>83</gpxtpx:cad>
     </gpxtpx:TrackPointExtension>
    </extensions>
   </trkpt>
   <trkpt lat="37.2390940" lon="-79.9578930">
    <ele>361.2</ele>
    <time>2025-01-29T11:01:21Z</time>
    <extensions>
     <gpxtpx:TrackPointExtension>
      <gpxtpx:hr>162</gpxtpx:hr>
      <gpxtpx:cad>82</gpxtpx:cad>
     </gpxtpx:TrackPointExtension>
    </extensions>
   </trkpt>
   <trkpt lat="37.2391860" lon="-79.9579590">
    <ele>360.8</ele>
    <time>2025-01-29T11:01:24Z</time>
    <extensions>
     <gpxtpx:TrackPointExtension>
      <gpxtpx:hr>163</gpxtpx:hr>
      <gpxtpx:cad>82</gpxtpx:cad>
     </gpxtpx:TrackPointExtension>
    </extensions>
   </trkpt>
   <trkpt lat="37.2392550" lon="-79.9580170">
    <ele>360.0</ele>
    <time>2025-01-29T11:01:27Z</time>
    <extensions>
     <gpxtpx:TrackPointExtension>
      <gpxtpx:hr>163</gpxtpx:hr>
      <gpxtpx:cad>81</gpxtpx:cad>
     </gpxtpx:TrackPointExtension>
    </extensions>
   </trkpt>
   <trkpt lat="37.2393540" lon="-79.9580150">
    <ele>359.2</ele>
    <time>2025-01-29T11:01:30Z</time>
    <extensions>
     <gpxtpx:TrackPointExtension>
      <gpxtpx:hr>160</gpxtpx:hr>
      <gpxtpx:cad>81</gpxtpx:cad>
     </gpxtpx:TrackPointExtension>
    </extensions>
   </trkpt>
   <trkpt lat="37.2393810" lon="-79.9580170">
    <ele>358.4</ele>
    <time>2025-01-29T11:01:31Z</time>
    <extensions>
     <gpxtpx:TrackPointExtension>
      <gpxtpx:hr>162</gpxtpx:hr>
      <gpxtpx:cad>81</gpxtpx:cad>
     </gpxtpx:TrackPointExtension>
    </extensions>
   </trkpt>
   <trkpt lat="37.2394130" lon="-79.9580210">
    <ele>358.2</ele>
    <time>2025-01-29T11:01:32Z</time>
    <extensions>
     <gpxtpx:TrackPointExtension>
      <gpxtpx:hr>162</gpxtpx:hr>
      <gpxtpx:cad>81</gpxtpx:cad>
     </gpxtpx:TrackPointExtension>
    </extensions>
   </trkpt>
   <trkpt lat="37.2394690" lon="-79.9580090">
    <ele>357.4</ele>
    <time>2025-01-29T11:01:34Z</time>
    <extensions>
     <gpxtpx:TrackPointExtension>
      <gpxtpx:hr>160</gpxtpx:hr>
      <gpxtpx:cad>80</gpxtpx:cad>
     </gpxtpx:TrackPointExtension>
    </extensions>
   </trkpt>
   <trkpt lat="37.2395630" lon="-79.9579870">
    <ele>356.0</ele>
    <time>2025-01-29T11:01:38Z</time>
    <extensions>
     <gpxtpx:TrackPointExtension>
      <gpxtpx:hr>158</gpxtpx:hr>
      <gpxtpx:cad>82</gpxtpx:cad>
     </gpxtpx:TrackPointExtension>
    </extensions>
   </trkpt>
   <trkpt lat="37.2395950" lon="-79.9579790">
    <ele>355.6</ele>
    <time>2025-01-29T11:01:39Z</time>
    <extensions>
     <gpxtpx:TrackPointExtension>
      <gpxtpx:hr>157</gpxtpx:hr>
      <gpxtpx:cad>82</gpxtpx:cad>
     </gpxtpx:TrackPointExtension>
    </extensions>
   </trkpt>
   <trkpt lat="37.2396630" lon="-79.9579650">
    <ele>354.8</ele>
    <time>2025-01-29T11:01:41Z</time>
    <extensions>
     <gpxtpx:TrackPointExtension>
      <gpxtpx:hr>157</gpxtpx:hr>
      <gpxtpx:cad>80</gpxtpx:cad>
     </gpxtpx:TrackPointExtension>
    </extensions>
   </trkpt>
   <trkpt lat="37.2397680" lon="-79.9579020">
    <ele>353.8</ele>
    <time>2025-01-29T11:01:45Z</time>
    <extensions>
     <gpxtpx:TrackPointExtension>
      <gpxtpx:hr>158</gpxtpx:hr>
      <gpxtpx:cad>80</gpxtpx:cad>
     </gpxtpx:TrackPointExtension>
    </extensions>
   </trkpt>
   <trkpt lat="37.2398610" lon="-79.9578370">
    <ele>352.6</ele>
    <time>2025-01-29T11:01:48Z</time>
    <extensions>
     <gpxtpx:TrackPointExtension>
      <gpxtpx:hr>158</gpxtpx:hr>
      <gpxtpx:cad>81</gpxtpx:cad>
     </gpxtpx:TrackPointExtension>
    </extensions>
   </trkpt>
   <trkpt lat="37.2399550" lon="-79.9577650">
    <ele>351.2</ele>
    <time>2025-01-29T11:01:52Z</time>
    <extensions>
     <gpxtpx:TrackPointExtension>
      <gpxtpx:hr>159</gpxtpx:hr>
      <gpxtpx:cad>80</gpxtpx:cad>
     </gpxtpx:TrackPointExtension>
    </extensions>
   </trkpt>
   <trkpt lat="37.2400300" lon="-79.9577040">
    <ele>350.0</ele>
    <time>2025-01-29T11:01:55Z</time>
    <extensions>
     <gpxtpx:TrackPointExtension>
      <gpxtpx:hr>157</gpxtpx:hr>
      <gpxtpx:cad>81</gpxtpx:cad>
     </gpxtpx:TrackPointExtension>
    </extensions>
   </trkpt>
   <trkpt lat="37.2401190" lon="-79.9576110">
    <ele>348.8</ele>
    <time>2025-01-29T11:01:59Z</time>
    <extensions>
     <gpxtpx:TrackPointExtension>
      <gpxtpx:hr>157</gpxtpx:hr>
      <gpxtpx:cad>80</gpxtpx:cad>
     </gpxtpx:TrackPointExtension>
    </extensions>
   </trkpt>
   <trkpt lat="37.2402170" lon="-79.9574310">
    <ele>347.6</ele>
    <time>2025-01-29T11:02:05Z</time>
    <extensions>
     <gpxtpx:TrackPointExtension>
      <gpxtpx:hr>159</gpxtpx:hr>
      <gpxtpx:cad>82</gpxtpx:cad>
     </gpxtpx:TrackPointExtension>
    </extensions>
   </trkpt>
   <trkpt lat="37.2402320" lon="-79.9573950">
    <ele>347.2</ele>
    <time>2025-01-29T11:02:06Z</time>
    <extensions>
     <gpxtpx:TrackPointExtension>
      <gpxtpx:hr>156</gpxtpx:hr>
      <gpxtpx:cad>82</gpxtpx:cad>
     </gpxtpx:TrackPointExtension>
    </extensions>
   </trkpt>
   <trkpt lat="37.2402740" lon="-79.9573390">
    <ele>346.6</ele>
    <time>2025-01-29T11:02:08Z</time>
    <extensions>
     <gpxtpx:TrackPointExtension>
      <gpxtpx:hr>156</gpxtpx:hr>
      <gpxtpx:cad>81</gpxtpx:cad>
     </gpxtpx:TrackPointExtension>
    </extensions>
   </trkpt>
   <trkpt lat="37.2402910" lon="-79.9573090">
    <ele>346.2</ele>
    <time>2025-01-29T11:02:09Z</time>
    <extensions>
     <gpxtpx:TrackPointExtension>
      <gpxtpx:hr>156</gpxtpx:hr>
      <gpxtpx:cad>82</gpxtpx:cad>
     </gpxtpx:TrackPointExtension>
    </extensions>
   </trkpt>
   <trkpt lat="37.2403250" lon="-79.9572160">
    <ele>345.2</ele>
    <time>2025-01-29T11:02:12Z</time>
    <extensions>
     <gpxtpx:TrackPointExtension>
      <gpxtpx:hr>154</gpxtpx:hr>
      <gpxtpx:cad>80</gpxtpx:cad>
     </gpxtpx:TrackPointExtension>
    </extensions>
   </trkpt>
   <trkpt lat="37.2403640" lon="-79.9570980">
    <ele>344.0</ele>
    <time>2025-01-29T11:02:15Z</time>
    <extensions>
     <gpxtpx:TrackPointExtension>
      <gpxtpx:hr>155</gpxtpx:hr>
      <gpxtpx:cad>80</gpxtpx:cad>
     </gpxtpx:TrackPointExtension>
    </extensions>
   </trkpt>
   <trkpt lat="37.2403730" lon="-79.9570280">
    <ele>343.0</ele>
    <time>2025-01-29T11:02:17Z</time>
    <extensions>
     <gpxtpx:TrackPointExtension>
      <gpxtpx:hr>155</gpxtpx:hr>
      <gpxtpx:cad>80</gpxtpx:cad>
     </gpxtpx:TrackPointExtension>
    </extensions>
   </trkpt>
   <trkpt lat="37.2403930" lon="-79.9569730">
    <ele>342.2</ele>
    <time>2025-01-29T11:02:19Z</time>
    <extensions>
     <gpxtpx:TrackPointExtension>
      <gpxtpx:hr>158</gpxtpx:hr>
      <gpxtpx:cad>81</gpxtpx:cad>
     </gpxtpx:TrackPointExtension>
    </extensions>
   </trkpt>
   <trkpt lat="37.2403970" lon="-79.9569450">
    <ele>342.0</ele>
    <time>2025-01-29T11:02:20Z</time>
    <extensions>
     <gpxtpx:TrackPointExtension>
      <gpxtpx:hr>158</gpxtpx:hr>
      <gpxtpx:cad>81</gpxtpx:cad>
     </gpxtpx:TrackPointExtension>
    </extensions>
   </trkpt>
   <trkpt lat="37.2404090" lon="-79.9569150">
    <ele>341.6</ele>
    <time>2025-01-29T11:02:21Z</time>
    <extensions>
     <gpxtpx:TrackPointExtension>
      <gpxtpx:hr>159</gpxtpx:hr>
      <gpxtpx:cad>81</gpxtpx:cad>
     </gpxtpx:TrackPointExtension>
    </extensions>
   </trkpt>
   <trkpt lat="37.2404530" lon="-79.9568280">
    <ele>341.0</ele>
    <time>2025-01-29T11:02:24Z</time>
    <extensions>
     <gpxtpx:TrackPointExtension>
      <gpxtpx:hr>160</gpxtpx:hr>
      <gpxtpx:cad>81</gpxtpx:cad>
     </gpxtpx:TrackPointExtension>
    </extensions>
   </trkpt>
   <trkpt lat="37.2405000" lon="-79.9567430">
    <ele>339.8</ele>
    <time>2025-01-29T11:02:27Z</time>
    <extensions>
     <gpxtpx:TrackPointExtension>
      <gpxtpx:hr>161</gpxtpx:hr>
      <gpxtpx:cad>81</gpxtpx:cad>
     </gpxtpx:TrackPointExtension>
    </extensions>
   </trkpt>
   <trkpt lat="37.2405330" lon="-79.9566870">
    <ele>339.4</ele>
    <time>2025-01-29T11:02:29Z</time>
    <extensions>
     <gpxtpx:TrackPointExtension>
      <gpxtpx:hr>161</gpxtpx:hr>
      <gpxtpx:cad>82</gpxtpx:cad>
     </gpxtpx:TrackPointExtension>
    </extensions>
   </trkpt>
   <trkpt lat="37.2405640" lon="-79.9565930">
    <ele>338.6</ele>
    <time>2025-01-29T11:02:32Z</time>
    <extensions>
     <gpxtpx:TrackPointExtension>
      <gpxtpx:hr>160</gpxtpx:hr>
      <gpxtpx:cad>82</gpxtpx:cad>
     </gpxtpx:TrackPointExtension>
    </extensions>
   </trkpt>
   <trkpt lat="37.2406080" lon="-79.9565030">
    <ele>338.0</ele>
    <time>2025-01-29T11:02:35Z</time>
    <extensions>
     <gpxtpx:TrackPointExtension>
      <gpxtpx:hr>160</gpxtpx:hr>
      <gpxtpx:cad>82</gpxtpx:cad>
     </gpxtpx:TrackPointExtension>
    </extensions>
   </trkpt>
   <trkpt lat="37.2406470" lon="-79.9564130">
    <ele>337.6</ele>
    <time>2025-01-29T11:02:38Z</time>
    <extensions>
     <gpxtpx:TrackPointExtension>
      <gpxtpx:hr>159</gpxtpx:hr>
      <gpxtpx:cad>82</gpxtpx:cad>
     </gpxtpx:TrackPointExtension>
    </extensions>
   </trkpt>
   <trkpt lat="37.2407000" lon="-79.9562870">
    <ele>336.4</ele>
    <time>2025-01-29T11:02:42Z</time>
    <extensions>
     <gpxtpx:TrackPointExtension>
      <gpxtpx:hr>158</gpxtpx:hr>
      <gpxtpx:cad>82</gpxtpx:cad>
     </gpxtpx:TrackPointExtension>
    </extensions>
   </trkpt>
   <trkpt lat="37.2407250" lon="-79.9562130">
    <ele>336.2</ele>
    <time>2025-01-29T11:02:44Z</time>
    <extensions>
     <gpxtpx:TrackPointExtension>
      <gpxtpx:hr>160</gpxtpx:hr>
      <gpxtpx:cad>83</gpxtpx:cad>
     </gpxtpx:TrackPointExtension>
    </extensions>
   </trkpt>
   <trkpt lat="37.2408190" lon="-79.9560130">
    <ele>335.6</ele>
    <time>2025-01-29T11:02:50Z</time>
    <extensions>
     <gpxtpx:TrackPointExtension>
      <gpxtpx:hr>160</gpxtpx:hr>
      <gpxtpx:cad>83</gpxtpx:cad>
     </gpxtpx:TrackPointExtension>
    </extensions>
   </trkpt>
   <trkpt lat="37.2408800" lon="-79.9559360">
    <ele>335.4</ele>
    <time>2025-01-29T11:02:53Z</time>
    <extensions>
     <gpxtpx:TrackPointExtension>
      <gpxtpx:hr>162</gpxtpx:hr>
      <gpxtpx:cad>84</gpxtpx:cad>
     </gpxtpx:TrackPointExtension>
    </extensions>
   </trkpt>
   <trkpt lat="37.2409100" lon="-79.9559090">
    <ele>335.4</ele>
    <time>2025-01-29T11:02:54Z</time>
    <extensions>
     <gpxtpx:TrackPointExtension>
      <gpxtpx:hr>162</gpxtpx:hr>
      <gpxtpx:cad>83</gpxtpx:cad>
     </gpxtpx:TrackPointExtension>
    </extensions>
   </trkpt>
   <trkpt lat="37.2410200" lon="-79.9557290">
    <ele>335.4</ele>
    <time>2025-01-29T11:03:01Z</time>
    <extensions>
     <gpxtpx:TrackPointExtension>
      <gpxtpx:hr>161</gpxtpx:hr>
      <gpxtpx:cad>82</gpxtpx:cad>
     </gpxtpx:TrackPointExtension>
    </extensions>
   </trkpt>
   <trkpt lat="37.2410390" lon="-79.9556990">
    <ele>335.4</ele>
    <time>2025-01-29T11:03:02Z</time>
    <extensions>
     <gpxtpx:TrackPointExtension>
      <gpxtpx:hr>164</gpxtpx:hr>
      <gpxtpx:cad>83</gpxtpx:cad>
     </gpxtpx:TrackPointExtension>
    </extensions>
   </trkpt>
   <trkpt lat="37.2410590" lon="-79.9556740">
    <ele>335.4</ele>
    <time>2025-01-29T11:03:03Z</time>
    <extensions>
     <gpxtpx:TrackPointExtension>
      <gpxtpx:hr>161</gpxtpx:hr>
      <gpxtpx:cad>83</gpxtpx:cad>
     </gpxtpx:TrackPointExtension>
    </extensions>
   </trkpt>
   <trkpt lat="37.2411830" lon="-79.9554910">
    <ele>335.2</ele>
    <time>2025-01-29T11:03:10Z</time>
    <extensions>
     <gpxtpx:TrackPointExtension>
      <gpxtpx:hr>160</gpxtpx:hr>
      <gpxtpx:cad>82</gpxtpx:cad>
     </gpxtpx:TrackPointExtension>
    </extensions>
   </trkpt>
   <trkpt lat="37.2411990" lon="-79.9554690">
    <ele>335.0</ele>
    <time>2025-01-29T11:03:11Z</time>
    <extensions>
     <gpxtpx:TrackPointExtension>
      <gpxtpx:hr>161</gpxtpx:hr>
      <gpxtpx:cad>82</gpxtpx:cad>
     </gpxtpx:TrackPointExtension>
    </extensions>
   </trkpt>
   <trkpt lat="37.2412940" lon="-79.9553170">
    <ele>334.8</ele>
    <time>2025-01-29T11:03:17Z</time>
    <extensions>
     <gpxtpx:TrackPointExtension>
      <gpxtpx:hr>158</gpxtpx:hr>
      <gpxtpx:cad>80</gpxtpx:cad>
     </gpxtpx:TrackPointExtension>
    </extensions>
   </trkpt>
   <trkpt lat="37.2413420" lon="-79.9552750">
    <ele>334.6</ele>
    <time>2025-01-29T11:03:19Z</time>
    <extensions>
     <gpxtpx:TrackPointExtension>
      <gpxtpx:hr>153</gpxtpx:hr>
      <gpxtpx:cad>81</gpxtpx:cad>
     </gpxtpx:TrackPointExtension>
    </extensions>
   </trkpt>
   <trkpt lat="37.2413870" lon="-79.9552240">
    <ele>334.2</ele>
    <time>2025-01-29T11:03:21Z</time>
    <extensions>
     <gpxtpx:TrackPointExtension>
      <gpxtpx:hr>150</gpxtpx:hr>
      <gpxtpx:cad>81</gpxtpx:cad>
     </gpxtpx:TrackPointExtension>
    </extensions>
   </trkpt>
   <trkpt lat="37.2414840" lon="-79.9551190">
    <ele>333.4</ele>
    <time>2025-01-29T11:03:26Z</time>
    <extensions>
     <gpxtpx:TrackPointExtension>
      <gpxtpx:hr>147</gpxtpx:hr>
      <gpxtpx:cad>81</gpxtpx:cad>
     </gpxtpx:TrackPointExtension>
    </extensions>
   </trkpt>
   <trkpt lat="37.2415070" lon="-79.9550980">
    <ele>333.2</ele>
    <time>2025-01-29T11:03:27Z</time>
    <extensions>
     <gpxtpx:TrackPointExtension>
      <gpxtpx:hr>148</gpxtpx:hr>
      <gpxtpx:cad>81</gpxtpx:cad>
     </gpxtpx:TrackPointExtension>
    </extensions>
   </trkpt>
   <trkpt lat="37.2415220" lon="-79.9550790">
    <ele>333.0</ele>
    <time>2025-01-29T11:03:28Z</time>
    <extensions>
     <gpxtpx:TrackPointExtension>
      <gpxtpx:hr>148</gpxtpx:hr>
      <gpxtpx:cad>81</gpxtpx:cad>
     </gpxtpx:TrackPointExtension>
    </extensions>
   </trkpt>
   <trkpt lat="37.2415860" lon="-79.9549900">
    <ele>332.0</ele>
    <time>2025-01-29T11:03:33Z</time>
    <extensions>
     <gpxtpx:TrackPointExtension>
      <gpxtpx:hr>148</gpxtpx:hr>
      <gpxtpx:cad>80</gpxtpx:cad>
     </gpxtpx:TrackPointExtension>
    </extensions>
   </trkpt>
   <trkpt lat="37.2416730" lon="-79.9549420">
    <ele>331.4</ele>
    <time>2025-01-29T11:03:36Z</time>
    <extensions>
     <gpxtpx:TrackPointExtension>
      <gpxtpx:hr>149</gpxtpx:hr>
      <gpxtpx:cad>79</gpxtpx:cad>
     </gpxtpx:TrackPointExtension>
    </extensions>
   </trkpt>
   <trkpt lat="37.2417250" lon="-79.9549030">
    <ele>330.8</ele>
    <time>2025-01-29T11:03:38Z</time>
    <extensions>
     <gpxtpx:TrackPointExtension>
      <gpxtpx:hr>149</gpxtpx:hr>
      <gpxtpx:cad>80</gpxtpx:cad>
     </gpxtpx:TrackPointExtension>
    </extensions>
   </trkpt>
   <trkpt lat="37.2417840" lon="-79.9548440">
    <ele>330.0</ele>
    <time>2025-01-29T11:03:41Z</time>
    <extensions>
     <gpxtpx:TrackPointExtension>
      <gpxtpx:hr>152</gpxtpx:hr>
      <gpxtpx:cad>80</gpxtpx:cad>
     </gpxtpx:TrackPointExtension>
    </extensions>
   </trkpt>
   <trkpt lat="37.2418050" lon="-79.9548220">
    <ele>329.6</ele>
    <time>2025-01-29T11:03:42Z</time>
    <extensions>
     <gpxtpx:TrackPointExtension>
      <gpxtpx:hr>151</gpxtpx:hr>
      <gpxtpx:cad>80</gpxtpx:cad>
     </gpxtpx:TrackPointExtension>
    </extensions>
   </trkpt>
   <trkpt lat="37.2418440" lon="-79.9547930">
    <ele>329.0</ele>
    <time>2025-01-29T11:03:44Z</time>
    <extensions>
     <gpxtpx:TrackPointExtension>
      <gpxtpx:hr>154</gpxtpx:hr>
      <gpxtpx:cad>80</gpxtpx:cad>
     </gpxtpx:TrackPointExtension>
    </extensions>
   </trkpt>
   <trkpt lat="37.2418620" lon="-79.9547720">
    <ele>328.4</ele>
    <time>2025-01-29T11:03:45Z</time>
    <extensions>
     <gpxtpx:TrackPointExtension>
      <gpxtpx:hr>154</gpxtpx:hr>
      <gpxtpx:cad>80</gpxtpx:cad>
     </gpxtpx:TrackPointExtension>
    </extensions>
   </trkpt>
   <trkpt lat="37.2418760" lon="-79.9547520">
    <ele>327.8</ele>
    <time>2025-01-29T11:03:46Z</time>
    <extensions>
     <gpxtpx:TrackPointExtension>
      <gpxtpx:hr>156</gpxtpx:hr>
      <gpxtpx:cad>79</gpxtpx:cad>
     </gpxtpx:TrackPointExtension>
    </extensions>
   </trkpt>
   <trkpt lat="37.2418980" lon="-79.9547310">
    <ele>327.2</ele>
    <time>2025-01-29T11:03:47Z</time>
    <extensions>
     <gpxtpx:TrackPointExtension>
      <gpxtpx:hr>155</gpxtpx:hr>
      <gpxtpx:cad>79</gpxtpx:cad>
     </gpxtpx:TrackPointExtension>
    </extensions>
   </trkpt>
   <trkpt lat="37.2419680" lon="-79.9546760">
    <ele>326.2</ele>
    <time>2025-01-29T11:03:50Z</time>
    <extensions>
     <gpxtpx:TrackPointExtension>
      <gpxtpx:hr>157</gpxtpx:hr>
      <gpxtpx:cad>79</gpxtpx:cad>
     </gpxtpx:TrackPointExtension>
    </extensions>
   </trkpt>
   <trkpt lat="37.2420280" lon="-79.9546250">
    <ele>324.6</ele>
    <time>2025-01-29T11:03:53Z</time>
    <extensions>
     <gpxtpx:TrackPointExtension>
      <gpxtpx:hr>156</gpxtpx:hr>
      <gpxtpx:cad>79</gpxtpx:cad>
     </gpxtpx:TrackPointExtension>
    </extensions>
   </trkpt>
   <trkpt lat="37.2420970" lon="-79.9545840">
    <ele>323.4</ele>
    <time>2025-01-29T11:03:56Z</time>
    <extensions>
     <gpxtpx:TrackPointExtension>
      <gpxtpx:hr>158</gpxtpx:hr>
      <gpxtpx:cad>80</gpxtpx:cad>
     </gpxtpx:TrackPointExtension>
    </extensions>
   </trkpt>
   <trkpt lat="37.2422060" lon="-79.9544990">
    <ele>322.4</ele>
    <time>2025-01-29T11:04:00Z</time>
    <extensions>
     <gpxtpx:TrackPointExtension>
      <gpxtpx:hr>156</gpxtpx:hr>
      <gpxtpx:cad>81</gpxtpx:cad>
     </gpxtpx:TrackPointExtension>
    </extensions>
   </trkpt>
   <trkpt lat="37.2422600" lon="-79.9544740">
    <ele>322.0</ele>
    <time>2025-01-29T11:04:02Z</time>
    <extensions>
     <gpxtpx:TrackPointExtension>
      <gpxtpx:hr>154</gpxtpx:hr>
      <gpxtpx:cad>80</gpxtpx:cad>
     </gpxtpx:TrackPointExtension>
    </extensions>
   </trkpt>
   <trkpt lat="37.2423020" lon="-79.9544480">
    <ele>321.4</ele>
    <time>2025-01-29T11:04:04Z</time>
    <extensions>
     <gpxtpx:TrackPointExtension>
      <gpxtpx:hr>151</gpxtpx:hr>
      <gpxtpx:cad>79</gpxtpx:cad>
     </gpxtpx:TrackPointExtension>
    </extensions>
   </trkpt>
   <trkpt lat="37.2423500" lon="-79.9544080">
    <ele>320.8</ele>
    <time>2025-01-29T11:04:06Z</time>
    <extensions>
     <gpxtpx:TrackPointExtension>
      <gpxtpx:hr>148</gpxtpx:hr>
      <gpxtpx:cad>80</gpxtpx:cad>
     </gpxtpx:TrackPointExtension>
    </extensions>
   </trkpt>
   <trkpt lat="37.2424040" lon="-79.9543630">
    <ele>320.0</ele>
    <time>2025-01-29T11:04:08Z</time>
    <extensions>
     <gpxtpx:TrackPointExtension>
      <gpxtpx:hr>146</gpxtpx:hr>
      <gpxtpx:cad>81</gpxtpx:cad>
     </gpxtpx:TrackPointExtension>
    </extensions>
   </trkpt>
   <trkpt lat="37.2424580" lon="-79.9542940">
    <ele>319.2</ele>
    <time>2025-01-29T11:04:12Z</time>
    <extensions>
     <gpxtpx:TrackPointExtension>
      <gpxtpx:hr>143</gpxtpx:hr>
      <gpxtpx:cad>81</gpxtpx:cad>
     </gpxtpx:TrackPointExtension>
    </extensions>
   </trkpt>
   <trkpt lat="37.2424750" lon="-79.9542730">
    <ele>318.8</ele>
    <time>2025-01-29T11:04:13Z</time>
    <extensions>
     <gpxtpx:TrackPointExtension>
      <gpxtpx:hr>143</gpxtpx:hr>
      <gpxtpx:cad>81</gpxtpx:cad>
     </gpxtpx:TrackPointExtension>
    </extensions>
   </trkpt>
   <trkpt lat="37.2426620" lon="-79.9541510">
    <ele>317.6</ele>
    <time>2025-01-29T11:04:20Z</time>
    <extensions>
     <gpxtpx:TrackPointExtension>
      <gpxtpx:hr>144</gpxtpx:hr>
      <gpxtpx:cad>80</gpxtpx:cad>
     </gpxtpx:TrackPointExtension>
    </extensions>
   </trkpt>
   <trkpt lat="37.2426910" lon="-79.9541340">
    <ele>317.4</ele>
    <time>2025-01-29T11:04:21Z</time>
    <extensions>
     <gpxtpx:TrackPointExtension>
      <gpxtpx:hr>147</gpxtpx:hr>
      <gpxtpx:cad>81</gpxtpx:cad>
     </gpxtpx:TrackPointExtension>
    </extensions>
   </trkpt>
   <trkpt lat="37.2427150" lon="-79.9541290">
    <ele>317.2</ele>
    <time>2025-01-29T11:04:22Z</time>
    <extensions>
     <gpxtpx:TrackPointExtension>
      <gpxtpx:hr>144</gpxtpx:hr>
      <gpxtpx:cad>81</gpxtpx:cad>
     </gpxtpx:TrackPointExtension>
    </extensions>
   </trkpt>
   <trkpt lat="37.2428070" lon="-79.9540710">
    <ele>316.6</ele>
    <time>2025-01-29T11:04:25Z</time>
    <extensions>
     <gpxtpx:TrackPointExtension>
      <gpxtpx:hr>143</gpxtpx:hr>
      <gpxtpx:cad>82</gpxtpx:cad>
     </gpxtpx:TrackPointExtension>
    </extensions>
   </trkpt>
   <trkpt lat="37.2428900" lon="-79.9540260">
    <ele>315.4</ele>
    <time>2025-01-29T11:04:28Z</time>
    <extensions>
     <gpxtpx:TrackPointExtension>
      <gpxtpx:hr>144</gpxtpx:hr>
      <gpxtpx:cad>82</gpxtpx:cad>
     </gpxtpx:TrackPointExtension>
    </extensions>
   </trkpt>
   <trkpt lat="37.2429130" lon="-79.9540100">
    <ele>315.2</ele>
    <time>2025-01-29T11:04:29Z</time>
    <extensions>
     <gpxtpx:TrackPointExtension>
      <gpxtpx:hr>144</gpxtpx:hr>
      <gpxtpx:cad>83</gpxtpx:cad>
     </gpxtpx:TrackPointExtension>
    </extensions>
   </trkpt>
   <trkpt lat="37.2429940" lon="-79.9539410">
    <ele>314.4</ele>
    <time>2025-01-29T11:04:32Z</time>
    <extensions>
     <gpxtpx:TrackPointExtension>
      <gpxtpx:hr>144</gpxtpx:hr>
      <gpxtpx:cad>83</gpxtpx:cad>
     </gpxtpx:TrackPointExtension>
    </extensions>
   </trkpt>
   <trkpt lat="37.2430660" lon="-79.9538810">
    <ele>313.4</ele>
    <time>2025-01-29T11:04:35Z</time>
    <extensions>
     <gpxtpx:TrackPointExtension>
      <gpxtpx:hr>144</gpxtpx:hr>
      <gpxtpx:cad>82</gpxtpx:cad>
     </gpxtpx:TrackPointExtension>
    </extensions>
   </trkpt>
   <trkpt lat="37.2431060" lon="-79.9538420">
    <ele>313.0</ele>
    <time>2025-01-29T11:04:37Z</time>
    <extensions>
     <gpxtpx:TrackPointExtension>
      <gpxtpx:hr>145</gpxtpx:hr>
      <gpxtpx:cad>82</gpxtpx:cad>
     </gpxtpx:TrackPointExtension>
    </extensions>
   </trkpt>
   <trkpt lat="37.2431590" lon="-79.9538050">
    <ele>312.2</ele>
    <time>2025-01-29T11:04:39Z</time>
    <extensions>
     <gpxtpx:TrackPointExtension>
      <gpxtpx:hr>145</gpxtpx:hr>
      <gpxtpx:cad>83</gpxtpx:cad>
     </gpxtpx:TrackPointExtension>
    </extensions>
   </trkpt>
   <trkpt lat="37.2432770" lon="-79.9537220">
    <ele>311.0</ele>
    <time>2025-01-29T11:04:44Z</time>
    <extensions>
     <gpxtpx:TrackPointExtension>
      <gpxtpx:hr>145</gpxtpx:hr>
      <gpxtpx:cad>83</gpxtpx:cad>
     </gpxtpx:TrackPointExtension>
    </extensions>
   </trkpt>
   <trkpt lat="37.2433060" lon="-79.9537070">
    <ele>310.6</ele>
    <time>2025-01-29T11:04:45Z</time>
    <extensions>
     <gpxtpx:TrackPointExtension>
      <gpxtpx:hr>145</gpxtpx:hr>
      <gpxtpx:cad>83</gpxtpx:cad>
     </gpxtpx:TrackPointExtension>
    </extensions>
   </trkpt>
   <trkpt lat="37.2434500" lon="-79.9536120">
    <ele>309.8</ele>
    <time>2025-01-29T11:04:50Z</time>
    <extensions>
     <gpxtpx:TrackPointExtension>
      <gpxtpx:hr>143</gpxtpx:hr>
      <gpxtpx:cad>83</gpxtpx:cad>
     </gpxtpx:TrackPointExtension>
    </extensions>
   </trkpt>
   <trkpt lat="37.2435330" lon="-79.9535620">
    <ele>309.2</ele>
    <time>2025-01-29T11:04:53Z</time>
    <extensions>
     <gpxtpx:TrackPointExtension>
      <gpxtpx:hr>143</gpxtpx:hr>
      <gpxtpx:cad>83</gpxtpx:cad>
     </gpxtpx:TrackPointExtension>
    </extensions>
   </trkpt>
   <trkpt lat="37.2436100" lon="-79.9535090">
    <ele>308.8</ele>
    <time>2025-01-29T11:04:56Z</time>
    <extensions>
     <gpxtpx:TrackPointExtension>
      <gpxtpx:hr>144</gpxtpx:hr>
      <gpxtpx:cad>83</gpxtpx:cad>
     </gpxtpx:TrackPointExtension>
    </extensions>
   </trkpt>
   <trkpt lat="37.2437200" lon="-79.9534310">
    <ele>308.2</ele>
    <time>2025-01-29T11:05:00Z</time>
    <extensions>
     <gpxtpx:TrackPointExtension>
      <gpxtpx:hr>146</gpxtpx:hr>
      <gpxtpx:cad>83</gpxtpx:cad>
     </gpxtpx:TrackPointExtension>
    </extensions>
   </trkpt>
   <trkpt lat="37.2438130" lon="-79.9533430">
    <ele>307.8</ele>
    <time>2025-01-29T11:05:04Z</time>
    <extensions>
     <gpxtpx:TrackPointExtension>
      <gpxtpx:hr>148</gpxtpx:hr>
      <gpxtpx:cad>83</gpxtpx:cad>
     </gpxtpx:TrackPointExtension>
    </extensions>
   </trkpt>
   <trkpt lat="37.2438680" lon="-79.9533050">
    <ele>307.6</ele>
    <time>2025-01-29T11:05:06Z</time>
    <extensions>
     <gpxtpx:TrackPointExtension>
      <gpxtpx:hr>151</gpxtpx:hr>
      <gpxtpx:cad>83</gpxtpx:cad>
     </gpxtpx:TrackPointExtension>
    </extensions>
   </trkpt>
   <trkpt lat="37.2439510" lon="-79.9532410">
    <ele>307.2</ele>
    <time>2025-01-29T11:05:09Z</time>
    <extensions>
     <gpxtpx:TrackPointExtension>
      <gpxtpx:hr>148</gpxtpx:hr>
      <gpxtpx:cad>83</gpxtpx:cad>
     </gpxtpx:TrackPointExtension>
    </extensions>
   </trkpt>
   <trkpt lat="37.2441000" lon="-79.9531350">
    <ele>307.2</ele>
    <time>2025-01-29T11:05:15Z</time>
    <extensions>
     <gpxtpx:TrackPointExtension>
      <gpxtpx:hr>149</gpxtpx:hr>
      <gpxtpx:cad>84</gpxtpx:cad>
     </gpxtpx:TrackPointExtension>
    </extensions>
   </trkpt>
   <trkpt lat="37.2442600" lon="-79.9530110">
    <ele>306.8</ele>
    <time>2025-01-29T11:05:22Z</time>
    <extensions>
     <gpxtpx:TrackPointExtension>
      <gpxtpx:hr>150</gpxtpx:hr>
      <gpxtpx:cad>83</gpxtpx:cad>
     </gpxtpx:TrackPointExtension>
    </extensions>
   </trkpt>
   <trkpt lat="37.2442840" lon="-79.9529990">
    <ele>306.6</ele>
    <time>2025-01-29T11:05:23Z</time>
    <extensions>
     <gpxtpx:TrackPointExtension>
      <gpxtpx:hr>150</gpxtpx:hr>
      <gpxtpx:cad>83</gpxtpx:cad>
     </gpxtpx:TrackPointExtension>
    </extensions>
   </trkpt>
   <trkpt lat="37.2444300" lon="-79.9528930">
    <ele>306.0</ele>
    <time>2025-01-29T11:05:29Z</time>
    <extensions>
     <gpxtpx:TrackPointExtension>
      <gpxtpx:hr>151</gpxtpx:hr>
      <gpxtpx:cad>82</gpxtpx:cad>
     </gpxtpx:TrackPointExtension>
    </extensions>
   </trkpt>
   <trkpt lat="37.2445280" lon="-79.9528020">
    <ele>305.6</ele>
    <time>2025-01-29T11:05:34Z</time>
    <extensions>
     <gpxtpx:TrackPointExtension>
      <gpxtpx:hr>151</gpxtpx:hr>
      <gpxtpx:cad>82</gpxtpx:cad>
     </gpxtpx:TrackPointExtension>
    </extensions>
   </trkpt>
   <trkpt lat="37.2445650" lon="-79.9527600">
    <ele>305.0</ele>
    <time>2025-01-29T11:05:36Z</time>
    <extensions>
     <gpxtpx:TrackPointExtension>
      <gpxtpx:hr>151</gpxtpx:hr>
      <gpxtpx:cad>82</gpxtpx:cad>
     </gpxtpx:TrackPointExtension>
    </extensions>
   </trkpt>
   <trkpt lat="37.2446300" lon="-79.9526940">
    <ele>304.4</ele>
    <time>2025-01-29T11:05:39Z</time>
    <extensions>
     <gpxtpx:TrackPointExtension>
      <gpxtpx:hr>152</gpxtpx:hr>
      <gpxtpx:cad>82</gpxtpx:cad>
     </gpxtpx:TrackPointExtension>
    </extensions>
   </trkpt>
   <trkpt lat="37.2447440" lon="-79.9526130">
    <ele>303.6</ele>
    <time>2025-01-29T11:05:43Z</time>
    <extensions>
     <gpxtpx:TrackPointExtension>
      <gpxtpx:hr>152</gpxtpx:hr>
      <gpxtpx:cad>82</gpxtpx:cad>
     </gpxtpx:TrackPointExtension>
    </extensions>
   </trkpt>
   <trkpt lat="37.2447760" lon="-79.9525930">
    <ele>303.2</ele>
    <time>2025-01-29T11:05:44Z</time>
    <extensions>
     <gpxtpx:TrackPointExtension>
      <gpxtpx:hr>151</gpxtpx:hr>
      <gpxtpx:cad>82</gpxtpx:cad>
     </gpxtpx:TrackPointExtension>
    </extensions>
   </trkpt>
   <trkpt lat="37.2449040" lon="-79.9525100">
    <ele>302.2</ele>
    <time>2025-01-29T11:05:49Z</time>
    <extensions>
     <gpxtpx:TrackPointExtension>
      <gpxtpx:hr>150</gpxtpx:hr>
      <gpxtpx:cad>82</gpxtpx:cad>
     </gpxtpx:TrackPointExtension>
    </extensions>
   </trkpt>
   <trkpt lat="37.2449720" lon="-79.9524530">
    <ele>301.4</ele>
    <time>2025-01-29T11:05:52Z</time>
    <extensions>
     <gpxtpx:TrackPointExtension>
      <gpxtpx:hr>151</gpxtpx:hr>
      <gpxtpx:cad>83</gpxtpx:cad>
     </gpxtpx:TrackPointExtension>
    </extensions>
   </trkpt>
   <trkpt lat="37.2449980" lon="-79.9524330">
    <ele>301.2</ele>
    <time>2025-01-29T11:05:53Z</time>
    <extensions>
     <gpxtpx:TrackPointExtension>
      <gpxtpx:hr>151</gpxtpx:hr>
      <gpxtpx:cad>83</gpxtpx:cad>
     </gpxtpx:TrackPointExtension>
    </extensions>
   </trkpt>
   <trkpt lat="37.2451320" lon="-79.9523210">
    <ele>300.2</ele>
    <time>2025-01-29T11:05:58Z</time>
    <extensions>
     <gpxtpx:TrackPointExtension>
      <gpxtpx:hr>153</gpxtpx:hr>
      <gpxtpx:cad>84</gpxtpx:cad>
     </gpxtpx:TrackPointExtension>
    </extensions>
   </trkpt>
   <trkpt lat="37.2451580" lon="-79.9522990">
    <ele>299.8</ele>
    <time>2025-01-29T11:05:59Z</time>
    <extensions>
     <gpxtpx:TrackPointExtension>
      <gpxtpx:hr>152</gpxtpx:hr>
      <gpxtpx:cad>84</gpxtpx:cad>
     </gpxtpx:TrackPointExtension>
    </extensions>
   </trkpt>
   <trkpt lat="37.2453210" lon="-79.9521750">
    <ele>299.0</ele>
    <time>2025-01-29T11:06:05Z</time>
    <extensions>
     <gpxtpx:TrackPointExtension>
      <gpxtpx:hr>152</gpxtpx:hr>
      <gpxtpx:cad>83</gpxtpx:cad>
     </gpxtpx:TrackPointExtension>
    </extensions>
   </trkpt>
   <trkpt lat="37.2453510" lon="-79.9521520">
    <ele>298.8</ele>
    <time>2025-01-29T11:06:06Z</time>
    <extensions>
     <gpxtpx:TrackPointExtension>
      <gpxtpx:hr>153</gpxtpx:hr>
      <gpxtpx:cad>83</gpxtpx:cad>
     </gpxtpx:TrackPointExtension>
    </extensions>
   </trkpt>
   <trkpt lat="37.2454650" lon="-79.9520600">
    <ele>298.6</ele>
    <time>2025-01-29T11:06:10Z</time>
    <extensions>
     <gpxtpx:TrackPointExtension>
      <gpxtpx:hr>150</gpxtpx:hr>
      <gpxtpx:cad>83</gpxtpx:cad>
     </gpxtpx:TrackPointExtension>
    </extensions>
   </trkpt>
   <trkpt lat="37.2455010" lon="-79.9520330">
    <ele>298.4</ele>
    <time>2025-01-29T11:06:12Z</time>
    <extensions>
     <gpxtpx:TrackPointExtension>
      <gpxtpx:hr>153</gpxtpx:hr>
      <gpxtpx:cad>82</gpxtpx:cad>
     </gpxtpx:TrackPointExtension>
    </extensions>
   </trkpt>
   <trkpt lat="37.2455340" lon="-79.9519880">
    <ele>297.8</ele>
    <time>2025-01-29T11:06:16Z</time>
    <extensions>
     <gpxtpx:TrackPointExtension>
      <gpxtpx:hr>152</gpxtpx:hr>
      <gpxtpx:cad>79</gpxtpx:cad>
     </gpxtpx:TrackPointExtension>
    </extensions>
   </trkpt>
   <trkpt lat="37.2455370" lon="-79.9519850">
    <ele>297.8</ele>
    <time>2025-01-29T11:06:17Z</time>
    <extensions>
     <gpxtpx:TrackPointExtension>
      <gpxtpx:hr>154</gpxtpx:hr>
      <gpxtpx:cad>79</gpxtpx:cad>
     </gpxtpx:TrackPointExtension>
    </extensions>
   </trkpt>
   <trkpt lat="37.2455360" lon="-79.9519820">
    <ele>297.6</ele>
    <time>2025-01-29T11:06:19Z</time>
    <extensions>
     <gpxtpx:TrackPointExtension>
      <gpxtpx:hr>156</gpxtpx:hr>
      <gpxtpx:cad>79</gpxtpx:cad>
     </gpxtpx:TrackPointExtension>
    </extensions>
   </trkpt>
   <trkpt lat="37.2455370" lon="-79.9519800">
    <ele>297.4</ele>
    <time>2025-01-29T11:06:21Z</time>
    <extensions>
     <gpxtpx:TrackPointExtension>
      <gpxtpx:hr>153</gpxtpx:hr>
      <gpxtpx:cad>0</gpxtpx:cad>
     </gpxtpx:TrackPointExtension>
    </extensions>
   </trkpt>
   <trkpt lat="37.2455360" lon="-79.9519810">
    <ele>297.4</ele>
    <time>2025-01-29T11:06:22Z</time>
    <extensions>
     <gpxtpx:TrackPointExtension>
      <gpxtpx:hr>153</gpxtpx:hr>
      <gpxtpx:cad>0</gpxtpx:cad>
     </gpxtpx:TrackPointExtension>
    </extensions>
   </trkpt>
   <trkpt lat="37.2455380" lon="-79.9519840">
    <ele>297.2</ele>
    <time>2025-01-29T11:06:24Z</time>
    <extensions>
     <gpxtpx:TrackPointExtension>
      <gpxtpx:hr>151</gpxtpx:hr>
      <gpxtpx:cad>0</gpxtpx:cad>
     </gpxtpx:TrackPointExtension>
    </extensions>
   </trkpt>
   <trkpt lat="37.2457060" lon="-79.9518910">
    <ele>296.8</ele>
    <time>2025-01-29T11:07:00Z</time>
    <extensions>
     <gpxtpx:TrackPointExtension>
      <gpxtpx:hr>139</gpxtpx:hr>
      <gpxtpx:cad>83</gpxtpx:cad>
     </gpxtpx:TrackPointExtension>
    </extensions>
   </trkpt>
   <trkpt lat="37.2457380" lon="-79.9518720">
    <ele>296.6</ele>
    <time>2025-01-29T11:07:01Z</time>
    <extensions>
     <gpxtpx:TrackPointExtension>
      <gpxtpx:hr>141</gpxtpx:hr>
      <gpxtpx:cad>83</gpxtpx:cad>
     </gpxtpx:TrackPointExtension>
    </extensions>
   </trkpt>
   <trkpt lat="37.2459110" lon="-79.9517660">
    <ele>296.0</ele>
    <time>2025-01-29T11:07:07Z</time>
    <extensions>
     <gpxtpx:TrackPointExtension>
      <gpxtpx:hr>143</gpxtpx:hr>
      <gpxtpx:cad>84</gpxtpx:cad>
     </gpxtpx:TrackPointExtension>
    </extensions>
   </trkpt>
   <trkpt lat="37.2459620" lon="-79.9517320">
    <ele>295.6</ele>
    <time>2025-01-29T11:07:09Z</time>
    <extensions>
     <gpxtpx:TrackPointExtension>
      <gpxtpx:hr>143</gpxtpx:hr>
      <gpxtpx:cad>84</gpxtpx:cad>
     </gpxtpx:TrackPointExtension>
    </extensions>
   </trkpt>
   <trkpt lat="37.2461370" lon="-79.9516240">
    <ele>294.8</ele>
    <time>2025-01-29T11:07:16Z</time>
    <extensions>
     <gpxtpx:TrackPointExtension>
      <gpxtpx:hr>145</gpxtpx:hr>
      <gpxtpx:cad>83</gpxtpx:cad>
     </gpxtpx:TrackPointExtension>
    </extensions>
   </trkpt>
   <trkpt lat="37.2461860" lon="-79.9515960">
    <ele>294.6</ele>
    <time>2025-01-29T11:07:18Z</time>
    <extensions>
     <gpxtpx:TrackPointExtension>
      <gpxtpx:hr>148</gpxtpx:hr>
      <gpxtpx:cad>84</gpxtpx:cad>
     </gpxtpx:TrackPointExtension>
    </extensions>
   </trkpt>
   <trkpt lat="37.2462170" lon="-79.9515830">
    <ele>294.4</ele>
    <time>2025-01-29T11:07:19Z</time>
    <extensions>
     <gpxtpx:TrackPointExtension>
      <gpxtpx:hr>145</gpxtpx:hr>
      <gpxtpx:cad>84</gpxtpx:cad>
     </gpxtpx:TrackPointExtension>
    </extensions>
   </trkpt>
   <trkpt lat="37.2462980" lon="-79.9515200">
    <ele>294.2</ele>
    <time>2025-01-29T11:07:22Z</time>
    <extensions>
     <gpxtpx:TrackPointExtension>
      <gpxtpx:hr>144</gpxtpx:hr>
      <gpxtpx:cad>84</gpxtpx:cad>
     </gpxtpx:TrackPointExtension>
    </extensions>
   </trkpt>
   <trkpt lat="37.2464350" lon="-79.9513840">
    <ele>293.8</ele>
    <time>2025-01-29T11:07:28Z</time>
    <extensions>
     <gpxtpx:TrackPointExtension>
      <gpxtpx:hr>143</gpxtpx:hr>
      <gpxtpx:cad>84</gpxtpx:cad>
     </gpxtpx:TrackPointExtension>
    </extensions>
   </trkpt>
   <trkpt lat="37.2465800" lon="-79.9512630">
    <ele>293.6</ele>
    <time>2025-01-29T11:07:34Z</time>
    <extensions>
     <gpxtpx:TrackPointExtension>
      <gpxtpx:hr>144</gpxtpx:hr>
      <gpxtpx:cad>84</gpxtpx:cad>
     </gpxtpx:TrackPointExtension>
    </extensions>
   </trkpt>
   <trkpt lat="37.2466060" lon="-79.9512460">
    <ele>293.4</ele>
    <time>2025-01-29T11:07:35Z</time>
    <extensions>
     <gpxtpx:TrackPointExtension>
      <gpxtpx:hr>145</gpxtpx:hr>
      <gpxtpx:cad>84</gpxtpx:cad>
     </gpxtpx:TrackPointExtension>
    </extensions>
   </trkpt>
   <trkpt lat="37.2467460" lon="-79.9511210">
    <ele>293.0</ele>
    <time>2025-01-29T11:07:41Z</time>
    <extensions>
     <gpxtpx:TrackPointExtension>
      <gpxtpx:hr>144</gpxtpx:hr>
      <gpxtpx:cad>84</gpxtpx:cad>
     </gpxtpx:TrackPointExtension>
    </extensions>
   </trkpt>
   <trkpt lat="37.2468580" lon="-79.9510540">
    <ele>292.8</ele>
    <time>2025-01-29T11:07:46Z</time>
    <extensions>
     <gpxtpx:TrackPointExtension>
      <gpxtpx:hr>145</gpxtpx:hr>
      <gpxtpx:cad>84</gpxtpx:cad>
     </gpxtpx:TrackPointExtension>
    </extensions>
   </trkpt>
   <trkpt lat="37.2470190" lon="-79.9509210">
    <ele>293.0</ele>
    <time>2025-01-29T11:07:53Z</time>
    <extensions>
     <gpxtpx:TrackPointExtension>
      <gpxtpx:hr>145</gpxtpx:hr>
      <gpxtpx:cad>85</gpxtpx:cad>
     </gpxtpx:TrackPointExtension>
    </extensions>
   </trkpt>
   <trkpt lat="37.2471960" lon="-79.9508050">
    <ele>293.0</ele>
    <time>2025-01-29T11:08:00Z</time>
    <extensions>
     <gpxtpx:TrackPointExtension>
      <gpxtpx:hr>146</gpxtpx:hr>
      <gpxtpx:cad>85</gpxtpx:cad>
     </gpxtpx:TrackPointExtension>
    </extensions>
   </trkpt>
   <trkpt lat="37.2472540" lon="-79.9507670">
    <ele>292.8</ele>
    <time>2025-01-29T11:08:02Z</time>
    <extensions>
     <gpxtpx:TrackPointExtension>
      <gpxtpx:hr>147</gpxtpx:hr>
      <gpxtpx:cad>85</gpxtpx:cad>
     </gpxtpx:TrackPointExtension>
    </extensions>
   </trkpt>
   <trkpt lat="37.2473640" lon="-79.9506660">
    <ele>292.4</ele>
    <time>2025-01-29T11:08:06Z</time>
    <extensions>
     <gpxtpx:TrackPointExtension>
      <gpxtpx:hr>149</gpxtpx:hr>
      <gpxtpx:cad>85</gpxtpx:cad>
     </gpxtpx:TrackPointExtension>
    </extensions>
   </trkpt>
   <trkpt lat="37.2474450" lon="-79.9506030">
    <ele>292.0</ele>
    <time>2025-01-29T11:08:09Z</time>
    <extensions>
     <gpxtpx:TrackPointExtension>
      <gpxtpx:hr>148</gpxtpx:hr>
      <gpxtpx:cad>85</gpxtpx:cad>
     </gpxtpx:TrackPointExtension>
    </extensions>
   </trkpt>
   <trkpt lat="37.2476280" lon="-79.9505020">
    <ele>292.0</ele>
    <time>2025-01-29T11:08:15Z</time>
    <extensions>
     <gpxtpx:TrackPointExtension>
      <gpxtpx:hr>149</gpxtpx:hr>
      <gpxtpx:cad>85</gpxtpx:cad>
     </gpxtpx:TrackPointExtension>
    </extensions>
   </trkpt>
   <trkpt lat="37.2476550" lon="-79.9504820">
    <ele>292.2</ele>
    <time>2025-01-29T11:08:16Z</time>
    <extensions>
     <gpxtpx:TrackPointExtension>
      <gpxtpx:hr>148</gpxtpx:hr>
      <gpxtpx:cad>85</gpxtpx:cad>
     </gpxtpx:TrackPointExtension>
    </extensions>
   </trkpt>
   <trkpt lat="37.2478340" lon="-79.9503620">
    <ele>291.4</ele>
    <time>2025-01-29T11:08:23Z</time>
    <extensions>
     <gpxtpx:TrackPointExtension>
      <gpxtpx:hr>147</gpxtpx:hr>
      <gpxtpx:cad>83</gpxtpx:cad>
     </gpxtpx:TrackPointExtension>
    </extensions>
   </trkpt>
   <trkpt lat="37.2478780" lon="-79.9503300">
    <ele>290.8</ele>
    <time>2025-01-29T11:08:25Z</time>
    <extensions>
     <gpxtpx:TrackPointExtension>
      <gpxtpx:hr>147</gpxtpx:hr>
      <gpxtpx:cad>84</gpxtpx:cad>
     </gpxtpx:TrackPointExtension>
    </extensions>
   </trkpt>
   <trkpt lat="37.2479570" lon="-79.9502670">
    <ele>290.2</ele>
    <time>2025-01-29T11:08:28Z</time>
    <extensions>
     <gpxtpx:TrackPointExtension>
      <gpxtpx:hr>144</gpxtpx:hr>
      <gpxtpx:cad>83</gpxtpx:cad>
     </gpxtpx:TrackPointExtension>
    </extensions>
   </trkpt>
   <trkpt lat="37.2479800" lon="-79.9502470">
    <ele>290.2</ele>
    <time>2025-01-29T11:08:29Z</time>
    <extensions>
     <gpxtpx:TrackPointExtension>
      <gpxtpx:hr>147</gpxtpx:hr>
      <gpxtpx:cad>83</gpxtpx:cad>
     </gpxtpx:TrackPointExtension>
    </extensions>
   </trkpt>
   <trkpt lat="37.2480460" lon="-79.9501910">
    <ele>289.6</ele>
    <time>2025-01-29T11:08:32Z</time>
    <extensions>
     <gpxtpx:TrackPointExtension>
      <gpxtpx:hr>146</gpxtpx:hr>
      <gpxtpx:cad>83</gpxtpx:cad>
     </gpxtpx:TrackPointExtension>
    </extensions>
   </trkpt>
   <trkpt lat="37.2481290" lon="-79.9501430">
    <ele>289.0</ele>
    <time>2025-01-29T11:08:35Z</time>
    <extensions>
     <gpxtpx:TrackPointExtension>
      <gpxtpx:hr>147</gpxtpx:hr>
      <gpxtpx:cad>84</gpxtpx:cad>
     </gpxtpx:TrackPointExtension>
    </extensions>
   </trkpt>
   <trkpt lat="37.2482250" lon="-79.9500660">
    <ele>288.4</ele>
    <time>2025-01-29T11:08:39Z</time>
    <extensions>
     <gpxtpx:TrackPointExtension>
      <gpxtpx:hr>150</gpxtpx:hr>
      <gpxtpx:cad>83</gpxtpx:cad>
     </gpxtpx:TrackPointExtension>
    </extensions>
   </trkpt>
   <trkpt lat="37.2483030" lon="-79.9500190">
    <ele>288.0</ele>
    <time>2025-01-29T11:08:42Z</time>
    <extensions>
     <gpxtpx:TrackPointExtension>
      <gpxtpx:hr>150</gpxtpx:hr>
      <gpxtpx:cad>83</gpxtpx:cad>
     </gpxtpx:TrackPointExtension>
    </extensions>
   </trkpt>
   <trkpt lat="37.2484620" lon="-79.9499410">
    <ele>287.0</ele>
    <time>2025-01-29T11:08:47Z</time>
    <extensions>
     <gpxtpx:TrackPointExtension>
      <gpxtpx:hr>150</gpxtpx:hr>
      <gpxtpx:cad>83</gpxtpx:cad>
     </gpxtpx:TrackPointExtension>
    </extensions>
   </trkpt>
   <trkpt lat="37.2484920" lon="-79.9499210">
    <ele>286.8</ele>
    <time>2025-01-29T11:08:48Z</time>
    <extensions>
     <gpxtpx:TrackPointExtension>
      <gpxtpx:hr>150</gpxtpx:hr>
      <gpxtpx:cad>83</gpxtpx:cad>
     </gpxtpx:TrackPointExtension>
    </extensions>
   </trkpt>
   <trkpt lat="37.2485720" lon="-79.9498740">
    <ele>286.4</ele>
    <time>2025-01-29T11:08:51Z</time>
    <extensions>
     <gpxtpx:TrackPointExtension>
      <gpxtpx:hr>150</gpxtpx:hr>
      <gpxtpx:cad>85</gpxtpx:cad>
     </gpxtpx:TrackPointExtension>
    </extensions>
   </trkpt>
   <trkpt lat="37.2486750" lon="-79.9497760">
    <ele>285.8</ele>
    <time>2025-01-29T11:08:55Z</time>
    <extensions>
     <gpxtpx:TrackPointExtension>
      <gpxtpx:hr>151</gpxtpx:hr>
      <gpxtpx:cad>84</gpxtpx:cad>
     </gpxtpx:TrackPointExtension>
    </extensions>
   </trkpt>
   <trkpt lat="37.2487310" lon="-79.9497370">
    <ele>285.6</ele>
    <time>2025-01-29T11:08:57Z</time>
    <extensions>
     <gpxtpx:TrackPointExtension>
      <gpxtpx:hr>151</gpxtpx:hr>
      <gpxtpx:cad>84</gpxtpx:cad>
     </gpxtpx:TrackPointExtension>
    </extensions>
   </trkpt>
   <trkpt lat="37.2489070" lon="-79.9496090">
    <ele>285.0</ele>
    <time>2025-01-29T11:09:03Z</time>
    <extensions>
     <gpxtpx:TrackPointExtension>
      <gpxtpx:hr>152</gpxtpx:hr>
      <gpxtpx:cad>85</gpxtpx:cad>
     </gpxtpx:TrackPointExtension>
    </extensions>
   </trkpt>
   <trkpt lat="37.2489270" lon="-79.9495840">
    <ele>284.8</ele>
    <time>2025-01-29T11:09:04Z</time>
    <extensions>
     <gpxtpx:TrackPointExtension>
      <gpxtpx:hr>152</gpxtpx:hr>
      <gpxtpx:cad>85</gpxtpx:cad>
     </gpxtpx:TrackPointExtension>
    </extensions>
   </trkpt>
   <trkpt lat="37.2489510" lon="-79.9495600">
    <ele>284.8</ele>
    <time>2025-01-29T11:09:05Z</time>
    <extensions>
     <gpxtpx:TrackPointExtension>
      <gpxtpx:hr>152</gpxtpx:hr>
      <gpxtpx:cad>85</gpxtpx:cad>
     </gpxtpx:TrackPointExtension>
    </extensions>
   </trkpt>
   <trkpt lat="37.2491110" lon="-79.9494160">
    <ele>284.0</ele>
    <time>2025-01-29T11:09:12Z</time>
    <extensions>
     <gpxtpx:TrackPointExtension>
      <gpxtpx:hr>151</gpxtpx:hr>
      <gpxtpx:cad>84</gpxtpx:cad>
     </gpxtpx:TrackPointExtension>
    </extensions>
   </trkpt>
   <trkpt lat="37.2492740" lon="-79.9493020">
    <ele>283.8</ele>
    <time>2025-01-29T11:09:18Z</time>
    <extensions>
     <gpxtpx:TrackPointExtension>
      <gpxtpx:hr>152</gpxtpx:hr>
      <gpxtpx:cad>84</gpxtpx:cad>
     </gpxtpx:TrackPointExtension>
    </extensions>
   </trkpt>
   <trkpt lat="37.2493000" lon="-79.9492830">
    <ele>283.8</ele>
    <time>2025-01-29T11:09:19Z</time>
    <extensions>
     <gpxtpx:TrackPointExtension>
      <gpxtpx:hr>152</gpxtpx:hr>
      <gpxtpx:cad>83</gpxtpx:cad>
     </gpxtpx:TrackPointExtension>
    </extensions>
   </trkpt>
   <trkpt lat="37.2493290" lon="-79.9492630">
    <ele>283.6</ele>
    <time>2025-01-29T11:09:20Z</time>
    <extensions>
     <gpxtpx:TrackPointExtension>
      <gpxtpx:hr>152</gpxtpx:hr>
      <gpxtpx:cad>83</gpxtpx:cad>
     </gpxtpx:TrackPointExtension>
    </extensions>
   </trkpt>
   <trkpt lat="37.2494770" lon="-79.9491320">
    <ele>283.0</ele>
    <time>2025-01-29T11:09:26Z</time>
    <extensions>
     <gpxtpx:TrackPointExtension>
      <gpxtpx:hr>153</gpxtpx:hr>
      <gpxtpx:cad>85</gpxtpx:cad>
     </gpxtpx:TrackPointExtension>
    </extensions>
   </trkpt>
   <trkpt lat="37.2496350" lon="-79.9490130">
    <ele>282.8</ele>
    <time>2025-01-29T11:09:32Z</time>
    <extensions>
     <gpxtpx:TrackPointExtension>
      <gpxtpx:hr>153</gpxtpx:hr>
      <gpxtpx:cad>84</gpxtpx:cad>
     </gpxtpx:TrackPointExtension>
    </extensions>
   </trkpt>
   <trkpt lat="37.2496830" lon="-79.9489700">
    <ele>282.4</ele>
    <time>2025-01-29T11:09:34Z</time>
    <extensions>
     <gpxtpx:TrackPointExtension>
      <gpxtpx:hr>153</gpxtpx:hr>
      <gpxtpx:cad>84</gpxtpx:cad>
     </gpxtpx:TrackPointExtension>
    </extensions>
   </trkpt>
   <trkpt lat="37.2498590" lon="-79.9488550">
    <ele>282.0</ele>
    <time>2025-01-29T11:09:41Z</time>
    <extensions>
     <gpxtpx:TrackPointExtension>
      <gpxtpx:hr>155</gpxtpx:hr>
      <gpxtpx:cad>83</gpxtpx:cad>
     </gpxtpx:TrackPointExtension>
    </extensions>
   </trkpt>
   <trkpt lat="37.2500200" lon="-79.9487410">
    <ele>281.2</ele>
    <time>2025-01-29T11:09:47Z</time>
    <extensions>
     <gpxtpx:TrackPointExtension>
      <gpxtpx:hr>155</gpxtpx:hr>
      <gpxtpx:cad>83</gpxtpx:cad>
     </gpxtpx:TrackPointExtension>
    </extensions>
   </trkpt>
   <trkpt lat="37.2500500" lon="-79.9487220">
    <ele>281.0</ele>
    <time>2025-01-29T11:09:48Z</time>
    <extensions>
     <gpxtpx:TrackPointExtension>
      <gpxtpx:hr>155</gpxtpx:hr>
      <gpxtpx:cad>84</gpxtpx:cad>
     </gpxtpx:TrackPointExtension>
    </extensions>
   </trkpt>
   <trkpt lat="37.2501870" lon="-79.9486330">
    <ele>280.4</ele>
    <time>2025-01-29T11:09:53Z</time>
    <extensions>
     <gpxtpx:TrackPointExtension>
      <gpxtpx:hr>158</gpxtpx:hr>
      <gpxtpx:cad>83</gpxtpx:cad>
     </gpxtpx:TrackPointExtension>
    </extensions>
   </trkpt>
   <trkpt lat="37.2502550" lon="-79.9485770">
    <ele>280.2</ele>
    <time>2025-01-29T11:09:56Z</time>
    <extensions>
     <gpxtpx:TrackPointExtension>
      <gpxtpx:hr>158</gpxtpx:hr>
      <gpxtpx:cad>83</gpxtpx:cad>
     </gpxtpx:TrackPointExtension>
    </extensions>
   </trkpt>
   <trkpt lat="37.2504360" lon="-79.9484410">
    <ele>279.6</ele>
    <time>2025-01-29T11:10:03Z</time>
    <extensions>
     <gpxtpx:TrackPointExtension>
      <gpxtpx:hr>158</gpxtpx:hr>
      <gpxtpx:cad>83</gpxtpx:cad>
     </gpxtpx:TrackPointExtension>
    </extensions>
   </trkpt>
   <trkpt lat="37.2504890" lon="-79.9484020">
    <ele>279.2</ele>
    <time>2025-01-29T11:10:05Z</time>
    <extensions>
     <gpxtpx:TrackPointExtension>
      <gpxtpx:hr>157</gpxtpx:hr>
      <gpxtpx:cad>83</gpxtpx:cad>
     </gpxtpx:TrackPointExtension>
    </extensions>
   </trkpt>
   <trkpt lat="37.2505360" lon="-79.9483580">
    <ele>279.0</ele>
    <time>2025-01-29T11:10:07Z</time>
    <extensions>
     <gpxtpx:TrackPointExtension>
      <gpxtpx:hr>156</gpxtpx:hr>
      <gpxtpx:cad>83</gpxtpx:cad>
     </gpxtpx:TrackPointExtension>
    </extensions>
   </trkpt>
   <trkpt lat="37.2506370" lon="-79.9483000">
    <ele>278.6</ele>
    <time>2025-01-29T11:10:11Z</time>
    <extensions>
     <gpxtpx:TrackPointExtension>
      <gpxtpx:hr>156</gpxtpx:hr>
      <gpxtpx:cad>82</gpxtpx:cad>
     </gpxtpx:TrackPointExtension>
    </extensions>
   </trkpt>
   <trkpt lat="37.2507900" lon="-79.9482060">
    <ele>278.0</ele>
    <time>2025-01-29T11:10:17Z</time>
    <extensions>
     <gpxtpx:TrackPointExtension>
      <gpxtpx:hr>154</gpxtpx:hr>
      <gpxtpx:cad>81</gpxtpx:cad>
     </gpxtpx:TrackPointExtension>
    </extensions>
   </trkpt>
   <trkpt lat="37.2508260" lon="-79.9481220">
    <ele>277.8</ele>
    <time>2025-01-29T11:10:20Z</time>
    <extensions>
     <gpxtpx:TrackPointExtension>
      <gpxtpx:hr>154</gpxtpx:hr>
      <gpxtpx:cad>81</gpxtpx:cad>
     </gpxtpx:TrackPointExtension>
    </extensions>
   </trkpt>
   <trkpt lat="37.2508610" lon="-79.9481070">
    <ele>277.6</ele>
    <time>2025-01-29T11:10:22Z</time>
    <extensions>
     <gpxtpx:TrackPointExtension>
      <gpxtpx:hr>154</gpxtpx:hr>
      <gpxtpx:cad>82</gpxtpx:cad>
     </gpxtpx:TrackPointExtension>
    </extensions>
   </trkpt>
   <trkpt lat="37.2508910" lon="-79.9481130">
    <ele>277.4</ele>
    <time>2025-01-29T11:10:26Z</time>
    <extensions>
     <gpxtpx:TrackPointExtension>
      <gpxtpx:hr>154</gpxtpx:hr>
      <gpxtpx:cad>82</gpxtpx:cad>
     </gpxtpx:TrackPointExtension>
    </extensions>
   </trkpt>
   <trkpt lat="37.2509070" lon="-79.9481100">
    <ele>277.4</ele>
    <time>2025-01-29T11:10:28Z</time>
    <extensions>
     <gpxtpx:TrackPointExtension>
      <gpxtpx:hr>154</gpxtpx:hr>
      <gpxtpx:cad>0</gpxtpx:cad>
     </gpxtpx:TrackPointExtension>
    </extensions>
   </trkpt>
   <trkpt lat="37.2509110" lon="-79.9481060">
    <ele>277.4</ele>
    <time>2025-01-29T11:10:31Z</time>
    <extensions>
     <gpxtpx:TrackPointExtension>
      <gpxtpx:hr>153</gpxtpx:hr>
      <gpxtpx:cad>0</gpxtpx:cad>
     </gpxtpx:TrackPointExtension>
    </extensions>
   </trkpt>
   <trkpt lat="37.2510380" lon="-79.9481550">
    <ele>277.6</ele>
    <time>2025-01-29T11:10:45Z</time>
    <extensions>
     <gpxtpx:TrackPointExtension>
      <gpxtpx:hr>149</gpxtpx:hr>
      <gpxtpx:cad>82</gpxtpx:cad>
     </gpxtpx:TrackPointExtension>
    </extensions>
   </trkpt>
   <trkpt lat="37.2510560" lon="-79.9481720">
    <ele>277.8</ele>
    <time>2025-01-29T11:10:46Z</time>
    <extensions>
     <gpxtpx:TrackPointExtension>
      <gpxtpx:hr>149</gpxtpx:hr>
      <gpxtpx:cad>81</gpxtpx:cad>
     </gpxtpx:TrackPointExtension>
    </extensions>
   </trkpt>
   <trkpt lat="37.2511290" lon="-79.9482940">
    <ele>277.8</ele>
    <time>2025-01-29T11:10:51Z</time>
    <extensions>
     <gpxtpx:TrackPointExtension>
      <gpxtpx:hr>149</gpxtpx:hr>
      <gpxtpx:cad>82</gpxtpx:cad>
     </gpxtpx:TrackPointExtension>
    </extensions>
   </trkpt>
   <trkpt lat="37.2511910" lon="-79.9485130">
    <ele>278.2</ele>
    <time>2025-01-29T11:10:58Z</time>
    <extensions>
     <gpxtpx:TrackPointExtension>
      <gpxtpx:hr>150</gpxtpx:hr>
      <gpxtpx:cad>81</gpxtpx:cad>
     </gpxtpx:TrackPointExtension>
    </extensions>
   </trkpt>
   <trkpt lat="37.2512140" lon="-79.9485630">
    <ele>278.4</ele>
    <time>2025-01-29T11:11:00Z</time>
    <extensions>
     <gpxtpx:TrackPointExtension>
      <gpxtpx:hr>150</gpxtpx:hr>
      <gpxtpx:cad>81</gpxtpx:cad>
     </gpxtpx:TrackPointExtension>
    </extensions>
   </trkpt>
   <trkpt lat="37.2512910" lon="-79.9487690">
    <ele>278.8</ele>
    <time>2025-01-29T11:11:07Z</time>
    <extensions>
     <gpxtpx:TrackPointExtension>
      <gpxtpx:hr>148</gpxtpx:hr>
      <gpxtpx:cad>80</gpxtpx:cad>
     </gpxtpx:TrackPointExtension>
    </extensions>
   </trkpt>
   <trkpt lat="37.2513000" lon="-79.9488010">
    <ele>279.0</ele>
    <time>2025-01-29T11:11:08Z</time>
    <extensions>
     <gpxtpx:TrackPointExtension>
      <gpxtpx:hr>147</gpxtpx:hr>
      <gpxtpx:cad>81</gpxtpx:cad>
     </gpxtpx:TrackPointExtension>
    </extensions>
   </trkpt>
   <trkpt lat="37.2513500" lon="-79.9489340">
    <ele>279.2</ele>
    <time>2025-01-29T11:11:12Z</time>
    <extensions>
     <gpxtpx:TrackPointExtension>
      <gpxtpx:hr>146</gpxtpx:hr>
      <gpxtpx:cad>82</gpxtpx:cad>
     </gpxtpx:TrackPointExtension>
    </extensions>
   </trkpt>
   <trkpt lat="37.2514640" lon="-79.9491460">
    <ele>279.8</ele>
    <time>2025-01-29T11:11:20Z</time>
    <extensions>
     <gpxtpx:TrackPointExtension>
      <gpxtpx:hr>145</gpxtpx:hr>
      <gpxtpx:cad>80</gpxtpx:cad>
     </gpxtpx:TrackPointExtension>
    </extensions>
   </trkpt>
   <trkpt lat="37.2515300" lon="-79.9492810">
    <ele>279.8</ele>
    <time>2025-01-29T11:11:25Z</time>
    <extensions>
     <gpxtpx:TrackPointExtension>
      <gpxtpx:hr>148</gpxtpx:hr>
      <gpxtpx:cad>82</gpxtpx:cad>
     </gpxtpx:TrackPointExtension>
    </extensions>
   </trkpt>
   <trkpt lat="37.2515620" lon="-79.9493830">
    <ele>279.6</ele>
    <time>2025-01-29T11:11:28Z</time>
    <extensions>
     <gpxtpx:TrackPointExtension>
      <gpxtpx:hr>149</gpxtpx:hr>
      <gpxtpx:cad>82</gpxtpx:cad>
     </gpxtpx:TrackPointExtension>
    </extensions>
   </trkpt>
   <trkpt lat="37.2516550" lon="-79.9495940">
    <ele>279.4</ele>
    <time>2025-01-29T11:11:35Z</time>
    <extensions>
     <gpxtpx:TrackPointExtension>
      <gpxtpx:hr>150</gpxtpx:hr>
      <gpxtpx:cad>82</gpxtpx:cad>
     </gpxtpx:TrackPointExtension>
    </extensions>
   </trkpt>
   <trkpt lat="37.2517090" lon="-79.9497170">
    <ele>279.4</ele>
    <time>2025-01-29T11:11:39Z</time>
    <extensions>
     <gpxtpx:TrackPointExtension>
      <gpxtpx:hr>152</gpxtpx:hr>
      <gpxtpx:cad>82</gpxtpx:cad>
     </gpxtpx:TrackPointExtension>
    </extensions>
   </trkpt>
   <trkpt lat="37.2518210" lon="-79.9499370">
    <ele>279.6</ele>
    <time>2025-01-29T11:11:46Z</time>
    <extensions>
     <gpxtpx:TrackPointExtension>
      <gpxtpx:hr>153</gpxtpx:hr>
      <gpxtpx:cad>83</gpxtpx:cad>
     </gpxtpx:TrackPointExtension>
    </extensions>
   </trkpt>
   <trkpt lat="37.2518440" lon="-79.9500080">
    <ele>279.4</ele>
    <time>2025-01-29T11:11:48Z</time>
    <extensions>
     <gpxtpx:TrackPointExtension>
      <gpxtpx:hr>153</gpxtpx:hr>
      <gpxtpx:cad>84</gpxtpx:cad>
     </gpxtpx:TrackPointExtension>
    </extensions>
   </trkpt>
   <trkpt lat="37.2519410" lon="-79.9502290">
    <ele>279.4</ele>
    <time>2025-01-29T11:11:55Z</time>
    <extensions>
     <gpxtpx:TrackPointExtension>
      <gpxtpx:hr>154</gpxtpx:hr>
      <gpxtpx:cad>82</gpxtpx:cad>
     </gpxtpx:TrackPointExtension>
    </extensions>
   </trkpt>
   <trkpt lat="37.2519560" lon="-79.9502590">
    <ele>279.4</ele>
    <time>2025-01-29T11:11:56Z</time>
    <extensions>
     <gpxtpx:TrackPointExtension>
      <gpxtpx:hr>154</gpxtpx:hr>
      <gpxtpx:cad>82</gpxtpx:cad>
     </gpxtpx:TrackPointExtension>
    </extensions>
   </trkpt>
   <trkpt lat="37.2520890" lon="-79.9504220">
    <ele>279.4</ele>
    <time>2025-01-29T11:12:03Z</time>
    <extensions>
     <gpxtpx:TrackPointExtension>
      <gpxtpx:hr>154</gpxtpx:hr>
      <gpxtpx:cad>81</gpxtpx:cad>
     </gpxtpx:TrackPointExtension>
    </extensions>
   </trkpt>
   <trkpt lat="37.2521050" lon="-79.9504450">
    <ele>279.4</ele>
    <time>2025-01-29T11:12:04Z</time>
    <extensions>
     <gpxtpx:TrackPointExtension>
      <gpxtpx:hr>155</gpxtpx:hr>
      <gpxtpx:cad>81</gpxtpx:cad>
     </gpxtpx:TrackPointExtension>
    </extensions>
   </trkpt>
   <trkpt lat="37.2521840" lon="-79.9506160">
    <ele>279.4</ele>
    <time>2025-01-29T11:12:10Z</time>
    <extensions>
     <gpxtpx:TrackPointExtension>
      <gpxtpx:hr>155</gpxtpx:hr>
      <gpxtpx:cad>82</gpxtpx:cad>
     </gpxtpx:TrackPointExtension>
    </extensions>
   </trkpt>
   <trkpt lat="37.2522590" lon="-79.9507520">
    <ele>279.0</ele>
    <time>2025-01-29T11:12:15Z</time>
    <extensions>
     <gpxtpx:TrackPointExtension>
      <gpxtpx:hr>152</gpxtpx:hr>
      <gpxtpx:cad>82</gpxtpx:cad>
     </gpxtpx:TrackPointExtension>
    </extensions>
   </trkpt>
   <trkpt lat="37.2523470" lon="-79.9509370">
    <ele>278.2</ele>
    <time>2025-01-29T11:12:21Z</time>
    <extensions>
     <gpxtpx:TrackPointExtension>
      <gpxtpx:hr>154</gpxtpx:hr>
      <gpxtpx:cad>82</gpxtpx:cad>
     </gpxtpx:TrackPointExtension>
    </extensions>
   </trkpt>
   <trkpt lat="37.2523620" lon="-79.9509660">
    <ele>278.0</ele>
    <time>2025-01-29T11:12:22Z</time>
    <extensions>
     <gpxtpx:TrackPointExtension>
      <gpxtpx:hr>151</gpxtpx:hr>
      <gpxtpx:cad>82</gpxtpx:cad>
     </gpxtpx:TrackPointExtension>
    </extensions>
   </trkpt>
   <trkpt lat="37.2523880" lon="-79.9510200">
    <ele>278.0</ele>
    <time>2025-01-29T11:12:24Z</time>
    <extensions>
     <gpxtpx:TrackPointExtension>
      <gpxtpx:hr>151</gpxtpx:hr>
      <gpxtpx:cad>82</gpxtpx:cad>
     </gpxtpx:TrackPointExtension>
    </extensions>
   </trkpt>
   <trkpt lat="37.2525120" lon="-79.9511600">
    <ele>276.8</ele>
    <time>2025-01-29T11:12:30Z</time>
    <extensions>
     <gpxtpx:TrackPointExtension>
      <gpxtpx:hr>151</gpxtpx:hr>
      <gpxtpx:cad>81</gpxtpx:cad>
     </gpxtpx:TrackPointExtension>
    </extensions>
   </trkpt>
   <trkpt lat="37.2526430" lon="-79.9512330">
    <ele>275.8</ele>
    <time>2025-01-29T11:12:35Z</time>
    <extensions>
     <gpxtpx:TrackPointExtension>
      <gpxtpx:hr>152</gpxtpx:hr>
      <gpxtpx:cad>81</gpxtpx:cad>
     </gpxtpx:TrackPointExtension>
    </extensions>
   </trkpt>
   <trkpt lat="37.2526970" lon="-79.9512450">
    <ele>275.6</ele>
    <time>2025-01-29T11:12:37Z</time>
    <extensions>
     <gpxtpx:TrackPointExtension>
      <gpxtpx:hr>151</gpxtpx:hr>
      <gpxtpx:cad>82</gpxtpx:cad>
     </gpxtpx:TrackPointExtension>
    </extensions>
   </trkpt>
   <trkpt lat="37.2528690" lon="-79.9512840">
    <ele>274.4</ele>
    <time>2025-01-29T11:12:43Z</time>
    <extensions>
     <gpxtpx:TrackPointExtension>
      <gpxtpx:hr>152</gpxtpx:hr>
      <gpxtpx:cad>82</gpxtpx:cad>
     </gpxtpx:TrackPointExtension>
    </extensions>
   </trkpt>
   <trkpt lat="37.2529150" lon="-79.9512990">
    <ele>273.8</ele>
    <time>2025-01-29T11:12:45Z</time>
    <extensions>
     <gpxtpx:TrackPointExtension>
      <gpxtpx:hr>152</gpxtpx:hr>
      <gpxtpx:cad>82</gpxtpx:cad>
     </gpxtpx:TrackPointExtension>
    </extensions>
   </trkpt>
   <trkpt lat="37.2529420" lon="-79.9512970">
    <ele>273.6</ele>
    <time>2025-01-29T11:12:46Z</time>
    <extensions>
     <gpxtpx:TrackPointExtension>
      <gpxtpx:hr>152</gpxtpx:hr>
      <gpxtpx:cad>82</gpxtpx:cad>
     </gpxtpx:TrackPointExtension>
    </extensions>
   </trkpt>
   <trkpt lat="37.2530010" lon="-79.9513090">
    <ele>273.4</ele>
    <time>2025-01-29T11:12:48Z</time>
    <extensions>
     <gpxtpx:TrackPointExtension>
      <gpxtpx:hr>154</gpxtpx:hr>
      <gpxtpx:cad>81</gpxtpx:cad>
     </gpxtpx:TrackPointExtension>
    </extensions>
   </trkpt>
   <trkpt lat="37.2530390" lon="-79.9513210">
    <ele>273.2</ele>
    <time>2025-01-29T11:12:49Z</time>
    <extensions>
     <gpxtpx:TrackPointExtension>
      <gpxtpx:hr>152</gpxtpx:hr>
      <gpxtpx:cad>81</gpxtpx:cad>
     </gpxtpx:TrackPointExtension>
    </extensions>
   </trkpt>
   <trkpt lat="37.2532210" lon="-79.9513630">
    <ele>272.4</ele>
    <time>2025-01-29T11:12:56Z</time>
    <extensions>
     <gpxtpx:TrackPointExtension>
      <gpxtpx:hr>151</gpxtpx:hr>
      <gpxtpx:cad>82</gpxtpx:cad>
     </gpxtpx:TrackPointExtension>
    </extensions>
   </trkpt>
   <trkpt lat="37.2533730" lon="-79.9513090">
    <ele>272.4</ele>
    <time>2025-01-29T11:13:01Z</time>
    <extensions>
     <gpxtpx:TrackPointExtension>
      <gpxtpx:hr>151</gpxtpx:hr>
      <gpxtpx:cad>82</gpxtpx:cad>
     </gpxtpx:TrackPointExtension>
    </extensions>
   </trkpt>
   <trkpt lat="37.2534020" lon="-79.9512880">
    <ele>272.4</ele>
    <time>2025-01-29T11:13:02Z</time>
    <extensions>
     <gpxtpx:TrackPointExtension>
      <gpxtpx:hr>151</gpxtpx:hr>
      <gpxtpx:cad>82</gpxtpx:cad>
     </gpxtpx:TrackPointExtension>
    </extensions>
   </trkpt>
   <trkpt lat="37.2534390" lon="-79.9512640">
    <ele>272.2</ele>
    <time>2025-01-29T11:13:06Z</time>
    <extensions>
     <gpxtpx:TrackPointExtension>
      <gpxtpx:hr>151</gpxtpx:hr>
      <gpxtpx:cad>0</gpxtpx:cad>
     </gpxtpx:TrackPointExtension>
    </extensions>
   </trkpt>
   <trkpt lat="37.2534380" lon="-79.9512670">
    <ele>272.0</ele>
    <time>2025-01-29T11:13:08Z</time>
    <extensions>
     <gpxtpx:TrackPointExtension>
      <gpxtpx:hr>151</gpxtpx:hr>
      <gpxtpx:cad>0</gpxtpx:cad>
     </gpxtpx:TrackPointExtension>
    </extensions>
   </trkpt>
   <trkpt lat="37.2535830" lon="-79.9510690">
    <ele>271.8</ele>
    <time>2025-01-29T11:13:33Z</time>
    <extensions>
     <gpxtpx:TrackPointExtension>
      <gpxtpx:hr>142</gpxtpx:hr>
      <gpxtpx:cad>76</gpxtpx:cad>
     </gpxtpx:TrackPointExtension>
    </extensions>
   </trkpt>
   <trkpt lat="37.2536300" lon="-79.9510480">
    <ele>271.6</ele>
    <time>2025-01-29T11:13:36Z</time>
    <extensions>
     <gpxtpx:TrackPointExtension>
      <gpxtpx:hr>141</gpxtpx:hr>
      <gpxtpx:cad>76</gpxtpx:cad>
     </gpxtpx:TrackPointExtension>
    </extensions>
   </trkpt>
   <trkpt lat="37.2536920" lon="-79.9510040">
    <ele>271.4</ele>
    <time>2025-01-29T11:13:40Z</time>
    <extensions>
     <gpxtpx:TrackPointExtension>
      <gpxtpx:hr>138</gpxtpx:hr>
      <gpxtpx:cad>69</gpxtpx:cad>
     </gpxtpx:TrackPointExtension>
    </extensions>
   </trkpt>
   <trkpt lat="37.2537080" lon="-79.9509890">
    <ele>271.2</ele>
    <time>2025-01-29T11:13:41Z</time>
    <extensions>
     <gpxtpx:TrackPointExtension>
      <gpxtpx:hr>138</gpxtpx:hr>
      <gpxtpx:cad>69</gpxtpx:cad>
     </gpxtpx:TrackPointExtension>
    </extensions>
   </trkpt>
   <trkpt lat="37.2537460" lon="-79.9509510">
    <ele>271.0</ele>
    <time>2025-01-29T11:13:44Z</time>
    <extensions>
     <gpxtpx:TrackPointExtension>
      <gpxtpx:hr>137</gpxtpx:hr>
      <gpxtpx:cad>71</gpxtpx:cad>
     </gpxtpx:TrackPointExtension>
    </extensions>
   </trkpt>
   <trkpt lat="37.2539270" lon="-79.9508310">
    <ele>271.4</ele>
    <time>2025-01-29T11:13:53Z</time>
    <extensions>
     <gpxtpx:TrackPointExtension>
      <gpxtpx:hr>138</gpxtpx:hr>
      <gpxtpx:cad>77</gpxtpx:cad>
     </gpxtpx:TrackPointExtension>
    </extensions>
   </trkpt>
   <trkpt lat="37.2540380" lon="-79.9507500">
    <ele>271.2</ele>
    <time>2025-01-29T11:13:59Z</time>
    <extensions>
     <gpxtpx:TrackPointExtension>
      <gpxtpx:hr>139</gpxtpx:hr>
      <gpxtpx:cad>77</gpxtpx:cad>
     </gpxtpx:TrackPointExtension>
    </extensions>
   </trkpt>
   <trkpt lat="37.2540520" lon="-79.9507220">
    <ele>271.2</ele>
    <time>2025-01-29T11:14:00Z</time>
    <extensions>
     <gpxtpx:TrackPointExtension>
      <gpxtpx:hr>140</gpxtpx:hr>
      <gpxtpx:cad>78</gpxtpx:cad>
     </gpxtpx:TrackPointExtension>
    </extensions>
   </trkpt>
   <trkpt lat="37.2540640" lon="-79.9506400">
    <ele>271.6</ele>
    <time>2025-01-29T11:14:03Z</time>
    <extensions>
     <gpxtpx:TrackPointExtension>
      <gpxtpx:hr>140</gpxtpx:hr>
      <gpxtpx:cad>78</gpxtpx:cad>
     </gpxtpx:TrackPointExtension>
    </extensions>
   </trkpt>
   <trkpt lat="37.2540590" lon="-79.9505840">
    <ele>271.6</ele>
    <time>2025-01-29T11:14:05Z</time>
    <extensions>
     <gpxtpx:TrackPointExtension>
      <gpxtpx:hr>140</gpxtpx:hr>
      <gpxtpx:cad>79</gpxtpx:cad>
     </gpxtpx:TrackPointExtension>
    </extensions>
   </trkpt>
   <trkpt lat="37.2539970" lon="-79.9504780">
    <ele>271.6</ele>
    <time>2025-01-29T11:14:09Z</time>
    <extensions>
     <gpxtpx:TrackPointExtension>
      <gpxtpx:hr>141</gpxtpx:hr>
      <gpxtpx:cad>79</gpxtpx:cad>
     </gpxtpx:TrackPointExtension>
    </extensions>
   </trkpt>
   <trkpt lat="37.2539630" lon="-79.9503910">
    <ele>271.6</ele>
    <time>2025-01-29T11:14:12Z</time>
    <extensions>
     <gpxtpx:TrackPointExtension>
      <gpxtpx:hr>144</gpxtpx:hr>
      <gpxtpx:cad>80</gpxtpx:cad>
     </gpxtpx:TrackPointExtension>
    </extensions>
   </trkpt>
   <trkpt lat="37.2539310" lon="-79.9503310">
    <ele>271.6</ele>
    <time>2025-01-29T11:14:14Z</time>
    <extensions>
     <gpxtpx:TrackPointExtension>
      <gpxtpx:hr>141</gpxtpx:hr>
      <gpxtpx:cad>80</gpxtpx:cad>
     </gpxtpx:TrackPointExtension>
    </extensions>
   </trkpt>
   <trkpt lat="37.2539030" lon="-79.9502780">
    <ele>271.8</ele>
    <time>2025-01-29T11:14:16Z</time>
    <extensions>
     <gpxtpx:TrackPointExtension>
      <gpxtpx:hr>141</gpxtpx:hr>
      <gpxtpx:cad>81</gpxtpx:cad>
     </gpxtpx:TrackPointExtension>
    </extensions>
   </trkpt>
   <trkpt lat="37.2537990" lon="-79.9500530">
    <ele>271.8</ele>
    <time>2025-01-29T11:14:23Z</time>
    <extensions>
     <gpxtpx:TrackPointExtension>
      <gpxtpx:hr>142</gpxtpx:hr>
      <gpxtpx:cad>82</gpxtpx:cad>
     </gpxtpx:TrackPointExtension>
    </extensions>
   </trkpt>
   <trkpt lat="37.2537810" lon="-79.9500180">
    <ele>271.8</ele>
    <time>2025-01-29T11:14:24Z</time>
    <extensions>
     <gpxtpx:TrackPointExtension>
      <gpxtpx:hr>142</gpxtpx:hr>
      <gpxtpx:cad>82</gpxtpx:cad>
     </gpxtpx:TrackPointExtension>
    </extensions>
   </trkpt>
   <trkpt lat="37.2536840" lon="-79.9498110">
    <ele>272.0</ele>
    <time>2025-01-29T11:14:31Z</time>
    <extensions>
     <gpxtpx:TrackPointExtension>
      <gpxtpx:hr>144</gpxtpx:hr>
      <gpxtpx:cad>82</gpxtpx:cad>
     </gpxtpx:TrackPointExtension>
    </extensions>
   </trkpt>
   <trkpt lat="37.2536450" lon="-79.9497410">
    <ele>271.8</ele>
    <time>2025-01-29T11:14:34Z</time>
    <extensions>
     <gpxtpx:TrackPointExtension>
      <gpxtpx:hr>143</gpxtpx:hr>
      <gpxtpx:cad>82</gpxtpx:cad>
     </gpxtpx:TrackPointExtension>
    </extensions>
   </trkpt>
   <trkpt lat="37.2535540" lon="-79.9495490">
    <ele>271.6</ele>
    <time>2025-01-29T11:14:42Z</time>
    <extensions>
     <gpxtpx:TrackPointExtension>
      <gpxtpx:hr>145</gpxtpx:hr>
      <gpxtpx:cad>81</gpxtpx:cad>
     </gpxtpx:TrackPointExtension>
    </extensions>
   </trkpt>
   <trkpt lat="37.2535170" lon="-79.9494890">
    <ele>271.4</ele>
    <time>2025-01-29T11:14:47Z</time>
    <extensions>
     <gpxtpx:TrackPointExtension>
      <gpxtpx:hr>144</gpxtpx:hr>
      <gpxtpx:cad>78</gpxtpx:cad>
     </gpxtpx:TrackPointExtension>
    </extensions>
   </trkpt>
   <trkpt lat="37.2534550" lon="-79.9494070">
    <ele>271.4</ele>
    <time>2025-01-29T11:14:54Z</time>
    <extensions>
     <gpxtpx:TrackPointExtension>
      <gpxtpx:hr>140</gpxtpx:hr>
      <gpxtpx:cad>53</gpxtpx:cad>
     </gpxtpx:TrackPointExtension>
    </extensions>
   </trkpt>
   <trkpt lat="37.2534450" lon="-79.9493990">
    <ele>271.2</ele>
    <time>2025-01-29T11:14:58Z</time>
    <extensions>
     <gpxtpx:TrackPointExtension>
      <gpxtpx:hr>139</gpxtpx:hr>
      <gpxtpx:cad>53</gpxtpx:cad>
     </gpxtpx:TrackPointExtension>
    </extensions>
   </trkpt>
   <trkpt lat="37.2534480" lon="-79.9493980">
    <ele>271.2</ele>
    <time>2025-01-29T11:14:59Z</time>
    <extensions>
     <gpxtpx:TrackPointExtension>
      <gpxtpx:hr>137</gpxtpx:hr>
      <gpxtpx:cad>57</gpxtpx:cad>
     </gpxtpx:TrackPointExtension>
    </extensions>
   </trkpt>
   <trkpt lat="37.2534410" lon="-79.9493830">
    <ele>271.0</ele>
    <time>2025-01-29T11:15:02Z</time>
    <extensions>
     <gpxtpx:TrackPointExtension>
      <gpxtpx:hr>134</gpxtpx:hr>
      <gpxtpx:cad>0</gpxtpx:cad>
     </gpxtpx:TrackPointExtension>
    </extensions>
   </trkpt>
   <trkpt lat="37.2534360" lon="-79.9493800">
    <ele>271.0</ele>
    <time>2025-01-29T11:15:04Z</time>
    <extensions>
     <gpxtpx:TrackPointExtension>
      <gpxtpx:hr>131</gpxtpx:hr>
      <gpxtpx:cad>0</gpxtpx:cad>
     </gpxtpx:TrackPointExtension>
    </extensions>
   </trkpt>
   <trkpt lat="37.2534340" lon="-79.9493800">
    <ele>271.0</ele>
    <time>2025-01-29T11:15:05Z</time>
    <extensions>
     <gpxtpx:TrackPointExtension>
      <gpxtpx:hr>129</gpxtpx:hr>
      <gpxtpx:cad>0</gpxtpx:cad>
     </gpxtpx:TrackPointExtension>
    </extensions>
   </trkpt>
   <trkpt lat="37.2534330" lon="-79.9493790">
    <ele>271.0</ele>
    <time>2025-01-29T11:15:06Z</time>
    <extensions>
     <gpxtpx:TrackPointExtension>
      <gpxtpx:hr>129</gpxtpx:hr>
      <gpxtpx:cad>0</gpxtpx:cad>
     </gpxtpx:TrackPointExtension>
    </extensions>
   </trkpt>
   <trkpt lat="37.2534400" lon="-79.9493760">
    <ele>270.8</ele>
    <time>2025-01-29T11:15:10Z</time>
    <extensions>
     <gpxtpx:TrackPointExtension>
      <gpxtpx:hr>126</gpxtpx:hr>
      <gpxtpx:cad>0</gpxtpx:cad>
     </gpxtpx:TrackPointExtension>
    </extensions>
   </trkpt>
   <trkpt lat="37.2534410" lon="-79.9493730">
    <ele>270.6</ele>
    <time>2025-01-29T11:15:12Z</time>
    <extensions>
     <gpxtpx:TrackPointExtension>
      <gpxtpx:hr>125</gpxtpx:hr>
      <gpxtpx:cad>0</gpxtpx:cad>
     </gpxtpx:TrackPointExtension>
    </extensions>
   </trkpt>
   <trkpt lat="37.2534420" lon="-79.9493720">
    <ele>270.6</ele>
    <time>2025-01-29T11:15:15Z</time>
    <extensions>
     <gpxtpx:TrackPointExtension>
      <gpxtpx:hr>124</gpxtpx:hr>
      <gpxtpx:cad>0</gpxtpx:cad>
     </gpxtpx:TrackPointExtension>
    </extensions>
   </trkpt>
   <trkpt lat="37.2533360" lon="-79.9493000">
    <ele>270.4</ele>
    <time>2025-01-29T11:18:35Z</time>
    <extensions>
     <gpxtpx:TrackPointExtension>
      <gpxtpx:hr>117</gpxtpx:hr>
      <gpxtpx:cad>57</gpxtpx:cad>
     </gpxtpx:TrackPointExtension>
    </extensions>
   </trkpt>
   <trkpt lat="37.2533240" lon="-79.9492860">
    <ele>270.4</ele>
    <time>2025-01-29T11:18:36Z</time>
    <extensions>
     <gpxtpx:TrackPointExtension>
      <gpxtpx:hr>117</gpxtpx:hr>
      <gpxtpx:cad>58</gpxtpx:cad>
     </gpxtpx:TrackPointExtension>
    </extensions>
   </trkpt>
   <trkpt lat="37.2533130" lon="-79.9492710">
    <ele>270.4</ele>
    <time>2025-01-29T11:18:37Z</time>
    <extensions>
     <gpxtpx:TrackPointExtension>
      <gpxtpx:hr>117</gpxtpx:hr>
      <gpxtpx:cad>58</gpxtpx:cad>
     </gpxtpx:TrackPointExtension>
    </extensions>
   </trkpt>
   <trkpt lat="37.2533020" lon="-79.9492570">
    <ele>270.2</ele>
    <time>2025-01-29T11:18:38Z</time>
    <extensions>
     <gpxtpx:TrackPointExtension>
      <gpxtpx:hr>117</gpxtpx:hr>
      <gpxtpx:cad>58</gpxtpx:cad>
     </gpxtpx:TrackPointExtension>
    </extensions>
   </trkpt>
   <trkpt lat="37.2532100" lon="-79.9491320">
    <ele>270.0</ele>
    <time>2025-01-29T11:18:44Z</time>
    <extensions>
     <gpxtpx:TrackPointExtension>
      <gpxtpx:hr>120</gpxtpx:hr>
      <gpxtpx:cad>80</gpxtpx:cad>
     </gpxtpx:TrackPointExtension>
    </extensions>
   </trkpt>
   <trkpt lat="37.2531710" lon="-79.9490870">
    <ele>270.0</ele>
    <time>2025-01-29T11:18:46Z</time>
    <extensions>
     <gpxtpx:TrackPointExtension>
      <gpxtpx:hr>123</gpxtpx:hr>
      <gpxtpx:cad>82</gpxtpx:cad>
     </gpxtpx:TrackPointExtension>
    </extensions>
   </trkpt>
   <trkpt lat="37.2531330" lon="-79.9490420">
    <ele>270.0</ele>
    <time>2025-01-29T11:18:48Z</time>
    <extensions>
     <gpxtpx:TrackPointExtension>
      <gpxtpx:hr>126</gpxtpx:hr>
      <gpxtpx:cad>82</gpxtpx:cad>
     </gpxtpx:TrackPointExtension>
    </extensions>
   </trkpt>
   <trkpt lat="37.2531150" lon="-79.9490210">
    <ele>270.2</ele>
    <time>2025-01-29T11:18:49Z</time>
    <extensions>
     <gpxtpx:TrackPointExtension>
      <gpxtpx:hr>130</gpxtpx:hr>
      <gpxtpx:cad>83</gpxtpx:cad>
     </gpxtpx:TrackPointExtension>
    </extensions>
   </trkpt>
   <trkpt lat="37.2530740" lon="-79.9489750">
    <ele>270.0</ele>
    <time>2025-01-29T11:18:51Z</time>
    <extensions>
     <gpxtpx:TrackPointExtension>
      <gpxtpx:hr>133</gpxtpx:hr>
      <gpxtpx:cad>84</gpxtpx:cad>
     </gpxtpx:TrackPointExtension>
    </extensions>
   </trkpt>
   <trkpt lat="37.2530340" lon="-79.9489280">
    <ele>270.0</ele>
    <time>2025-01-29T11:18:53Z</time>
    <extensions>
     <gpxtpx:TrackPointExtension>
      <gpxtpx:hr>136</gpxtpx:hr>
      <gpxtpx:cad>85</gpxtpx:cad>
     </gpxtpx:TrackPointExtension>
    </extensions>
   </trkpt>
   <trkpt lat="37.2529730" lon="-79.9488660">
    <ele>270.0</ele>
    <time>2025-01-29T11:18:56Z</time>
    <extensions>
     <gpxtpx:TrackPointExtension>
      <gpxtpx:hr>139</gpxtpx:hr>
      <gpxtpx:cad>84</gpxtpx:cad>
     </gpxtpx:TrackPointExtension>
    </extensions>
   </trkpt>
   <trkpt lat="37.2528700" lon="-79.9487470">
    <ele>270.2</ele>
    <time>2025-01-29T11:19:01Z</time>
    <extensions>
     <gpxtpx:TrackPointExtension>
      <gpxtpx:hr>142</gpxtpx:hr>
      <gpxtpx:cad>85</gpxtpx:cad>
     </gpxtpx:TrackPointExtension>
    </extensions>
   </trkpt>
   <trkpt lat="37.2527590" lon="-79.9486360">
    <ele>269.8</ele>
    <time>2025-01-29T11:19:06Z</time>
    <extensions>
     <gpxtpx:TrackPointExtension>
      <gpxtpx:hr>145</gpxtpx:hr>
      <gpxtpx:cad>85</gpxtpx:cad>
     </gpxtpx:TrackPointExtension>
    </extensions>
   </trkpt>
   <trkpt lat="37.2526980" lon="-79.9485550">
    <ele>269.6</ele>
    <time>2025-01-29T11:19:09Z</time>
    <extensions>
     <gpxtpx:TrackPointExtension>
      <gpxtpx:hr>148</gpxtpx:hr>
      <gpxtpx:cad>85</gpxtpx:cad>
     </gpxtpx:TrackPointExtension>
    </extensions>
   </trkpt>
   <trkpt lat="37.2526800" lon="-79.9485280">
    <ele>269.6</ele>
    <time>2025-01-29T11:19:10Z</time>
    <extensions>
     <gpxtpx:TrackPointExtension>
      <gpxtpx:hr>148</gpxtpx:hr>
      <gpxtpx:cad>86</gpxtpx:cad>
     </gpxtpx:TrackPointExtension>
    </extensions>
   </trkpt>
   <trkpt lat="37.2526180" lon="-79.9484480">
    <ele>269.8</ele>
    <time>2025-01-29T11:19:13Z</time>
    <extensions>
     <gpxtpx:TrackPointExtension>
      <gpxtpx:hr>151</gpxtpx:hr>
      <gpxtpx:cad>86</gpxtpx:cad>
     </gpxtpx:TrackPointExtension>
    </extensions>
   </trkpt>
   <trkpt lat="37.2525220" lon="-79.9483240">
    <ele>270.0</ele>
    <time>2025-01-29T11:19:18Z</time>
    <extensions>
     <gpxtpx:TrackPointExtension>
      <gpxtpx:hr>152</gpxtpx:hr>
      <gpxtpx:cad>85</gpxtpx:cad>
     </gpxtpx:TrackPointExtension>
    </extensions>
   </trkpt>
   <trkpt lat="37.2525030" lon="-79.9483030">
    <ele>270.0</ele>
    <time>2025-01-29T11:19:19Z</time>
    <extensions>
     <gpxtpx:TrackPointExtension>
      <gpxtpx:hr>149</gpxtpx:hr>
      <gpxtpx:cad>85</gpxtpx:cad>
     </gpxtpx:TrackPointExtension>
    </extensions>
   </trkpt>
   <trkpt lat="37.2524470" lon="-79.9482260">
    <ele>270.0</ele>
    <time>2025-01-29T11:19:22Z</time>
    <extensions>
     <gpxtpx:TrackPointExtension>
      <gpxtpx:hr>153</gpxtpx:hr>
      <gpxtpx:cad>84</gpxtpx:cad>
     </gpxtpx:TrackPointExtension>
    </extensions>
   </trkpt>
   <trkpt lat="37.2523660" lon="-79.9480970">
    <ele>269.8</ele>
    <time>2025-01-29T11:19:27Z</time>
    <extensions>
     <gpxtpx:TrackPointExtension>
      <gpxtpx:hr>155</gpxtpx:hr>
      <gpxtpx:cad>83</gpxtpx:cad>
     </gpxtpx:TrackPointExtension>
    </extensions>
   </trkpt>
   <trkpt lat="37.2522450" lon="-79.9479070">
    <ele>269.8</ele>
    <time>2025-01-29T11:19:34Z</time>
    <extensions>
     <gpxtpx:TrackPointExtension>
      <gpxtpx:hr>156</gpxtpx:hr>
      <gpxtpx:cad>83</gpxtpx:cad>
     </gpxtpx:TrackPointExtension>
    </extensions>
   </trkpt>
   <trkpt lat="37.2522010" lon="-79.9478190">
    <ele>269.8</ele>
    <time>2025-01-29T11:19:37Z</time>
    <extensions>
     <gpxtpx:TrackPointExtension>
      <gpxtpx:hr>156</gpxtpx:hr>
      <gpxtpx:cad>84</gpxtpx:cad>
     </gpxtpx:TrackPointExtension>
    </extensions>
   </trkpt>
   <trkpt lat="37.2520920" lon="-79.9476240">
    <ele>270.0</ele>
    <time>2025-01-29T11:19:44Z</time>
    <extensions>
     <gpxtpx:TrackPointExtension>
      <gpxtpx:hr>155</gpxtpx:hr>
      <gpxtpx:cad>83</gpxtpx:cad>
     </gpxtpx:TrackPointExtension>
    </extensions>
   </trkpt>
   <trkpt lat="37.2520430" lon="-79.9475380">
    <ele>270.0</ele>
    <time>2025-01-29T11:19:47Z</time>
    <extensions>
     <gpxtpx:TrackPointExtension>
      <gpxtpx:hr>155</gpxtpx:hr>
      <gpxtpx:cad>84</gpxtpx:cad>
     </gpxtpx:TrackPointExtension>
    </extensions>
   </trkpt>
   <trkpt lat="37.2519440" lon="-79.9473310">
    <ele>270.2</ele>
    <time>2025-01-29T11:19:54Z</time>
    <extensions>
     <gpxtpx:TrackPointExtension>
      <gpxtpx:hr>157</gpxtpx:hr>
      <gpxtpx:cad>84</gpxtpx:cad>
     </gpxtpx:TrackPointExtension>
    </extensions>
   </trkpt>
   <trkpt lat="37.2519130" lon="-79.9472690">
    <ele>270.2</ele>
    <time>2025-01-29T11:19:56Z</time>
    <extensions>
     <gpxtpx:TrackPointExtension>
      <gpxtpx:hr>157</gpxtpx:hr>
      <gpxtpx:cad>84</gpxtpx:cad>
     </gpxtpx:TrackPointExtension>
    </extensions>
   </trkpt>
   <trkpt lat="37.2518570" lon="-79.9471750">
    <ele>270.2</ele>
    <time>2025-01-29T11:19:59Z</time>
    <extensions>
     <gpxtpx:TrackPointExtension>
      <gpxtpx:hr>160</gpxtpx:hr>
      <gpxtpx:cad>86</gpxtpx:cad>
     </gpxtpx:TrackPointExtension>
    </extensions>
   </trkpt>
   <trkpt lat="37.2517890" lon="-79.9470980">
    <ele>270.4</ele>
    <time>2025-01-29T11:20:02Z</time>
    <extensions>
     <gpxtpx:TrackPointExtension>
      <gpxtpx:hr>163</gpxtpx:hr>
      <gpxtpx:cad>88</gpxtpx:cad>
     </gpxtpx:TrackPointExtension>
    </extensions>
   </trkpt>
   <trkpt lat="37.2517390" lon="-79.9470510">
    <ele>270.4</ele>
    <time>2025-01-29T11:20:04Z</time>
    <extensions>
     <gpxtpx:TrackPointExtension>
      <gpxtpx:hr>164</gpxtpx:hr>
      <gpxtpx:cad>85</gpxtpx:cad>
     </gpxtpx:TrackPointExtension>
    </extensions>
   </trkpt>
   <trkpt lat="37.2516020" lon="-79.9468910">
    <ele>270.8</ele>
    <time>2025-01-29T11:20:10Z</time>
    <extensions>
     <gpxtpx:TrackPointExtension>
      <gpxtpx:hr>165</gpxtpx:hr>
      <gpxtpx:cad>86</gpxtpx:cad>
     </gpxtpx:TrackPointExtension>
    </extensions>
   </trkpt>
   <trkpt lat="37.2515620" lon="-79.9468320">
    <ele>270.8</ele>
    <time>2025-01-29T11:20:12Z</time>
    <extensions>
     <gpxtpx:TrackPointExtension>
      <gpxtpx:hr>167</gpxtpx:hr>
      <gpxtpx:cad>86</gpxtpx:cad>
     </gpxtpx:TrackPointExtension>
    </extensions>
   </trkpt>
   <trkpt lat="37.2514900" lon="-79.9466720">
    <ele>270.8</ele>
    <time>2025-01-29T11:20:18Z</time>
    <extensions>
     <gpxtpx:TrackPointExtension>
      <gpxtpx:hr>163</gpxtpx:hr>
      <gpxtpx:cad>84</gpxtpx:cad>
     </gpxtpx:TrackPointExtension>
    </extensions>
   </trkpt>
   <trkpt lat="37.2514650" lon="-79.9466300">
    <ele>270.8</ele>
    <time>2025-01-29T11:20:21Z</time>
    <extensions>
     <gpxtpx:TrackPointExtension>
      <gpxtpx:hr>166</gpxtpx:hr>
      <gpxtpx:cad>84</gpxtpx:cad>
     </gpxtpx:TrackPointExtension>
    </extensions>
   </trkpt>
   <trkpt lat="37.2514340" lon="-79.9466240">
    <ele>270.8</ele>
    <time>2025-01-29T11:20:23Z</time>
    <extensions>
     <gpxtpx:TrackPointExtension>
      <gpxtpx:hr>166</gpxtpx:hr>
      <gpxtpx:cad>84</gpxtpx:cad>
     </gpxtpx:TrackPointExtension>
    </extensions>
   </trkpt>
   <trkpt lat="37.2513010" lon="-79.9466750">
    <ele>270.4</ele>
    <time>2025-01-29T11:20:29Z</time>
    <extensions>
     <gpxtpx:TrackPointExtension>
      <gpxtpx:hr>166</gpxtpx:hr>
      <gpxtpx:cad>83</gpxtpx:cad>
     </gpxtpx:TrackPointExtension>
    </extensions>
   </trkpt>
   <trkpt lat="37.2512500" lon="-79.9466890">
    <ele>270.2</ele>
    <time>2025-01-29T11:20:31Z</time>
    <extensions>
     <gpxtpx:TrackPointExtension>
      <gpxtpx:hr>162</gpxtpx:hr>
      <gpxtpx:cad>83</gpxtpx:cad>
     </gpxtpx:TrackPointExtension>
    </extensions>
   </trkpt>
   <trkpt lat="37.2511800" lon="-79.9466910">
    <ele>270.2</ele>
    <time>2025-01-29T11:20:36Z</time>
    <extensions>
     <gpxtpx:TrackPointExtension>
      <gpxtpx:hr>162</gpxtpx:hr>
      <gpxtpx:cad>84</gpxtpx:cad>
     </gpxtpx:TrackPointExtension>
    </extensions>
   </trkpt>
   <trkpt lat="37.2511770" lon="-79.9466690">
    <ele>270.4</ele>
    <time>2025-01-29T11:20:37Z</time>
    <extensions>
     <gpxtpx:TrackPointExtension>
      <gpxtpx:hr>159</gpxtpx:hr>
      <gpxtpx:cad>84</gpxtpx:cad>
     </gpxtpx:TrackPointExtension>
    </extensions>
   </trkpt>
   <trkpt lat="37.2511710" lon="-79.9466490">
    <ele>270.4</ele>
    <time>2025-01-29T11:20:38Z</time>
    <extensions>
     <gpxtpx:TrackPointExtension>
      <gpxtpx:hr>162</gpxtpx:hr>
      <gpxtpx:cad>83</gpxtpx:cad>
     </gpxtpx:TrackPointExtension>
    </extensions>
   </trkpt>
   <trkpt lat="37.2511390" lon="-79.9466210">
    <ele>270.8</ele>
    <time>2025-01-29T11:20:40Z</time>
    <extensions>
     <gpxtpx:TrackPointExtension>
      <gpxtpx:hr>162</gpxtpx:hr>
      <gpxtpx:cad>82</gpxtpx:cad>
     </gpxtpx:TrackPointExtension>
    </extensions>
   </trkpt>
   <trkpt lat="37.2511290" lon="-79.9466250">
    <ele>271.0</ele>
    <time>2025-01-29T11:20:41Z</time>
    <extensions>
     <gpxtpx:TrackPointExtension>
      <gpxtpx:hr>162</gpxtpx:hr>
      <gpxtpx:cad>82</gpxtpx:cad>
     </gpxtpx:TrackPointExtension>
    </extensions>
   </trkpt>
   <trkpt lat="37.2511120" lon="-79.9466410">
    <ele>271.2</ele>
    <time>2025-01-29T11:20:42Z</time>
    <extensions>
     <gpxtpx:TrackPointExtension>
      <gpxtpx:hr>162</gpxtpx:hr>
      <gpxtpx:cad>81</gpxtpx:cad>
     </gpxtpx:TrackPointExtension>
    </extensions>
   </trkpt>
   <trkpt lat="37.2510590" lon="-79.9467200">
    <ele>271.4</ele>
    <time>2025-01-29T11:20:45Z</time>
    <extensions>
     <gpxtpx:TrackPointExtension>
      <gpxtpx:hr>161</gpxtpx:hr>
      <gpxtpx:cad>80</gpxtpx:cad>
     </gpxtpx:TrackPointExtension>
    </extensions>
   </trkpt>
   <trkpt lat="37.2508900" lon="-79.9468520">
    <ele>272.2</ele>
    <time>2025-01-29T11:20:52Z</time>
    <extensions>
     <gpxtpx:TrackPointExtension>
      <gpxtpx:hr>160</gpxtpx:hr>
      <gpxtpx:cad>84</gpxtpx:cad>
     </gpxtpx:TrackPointExtension>
    </extensions>
   </trkpt>
   <trkpt lat="37.2508390" lon="-79.9468840">
    <ele>272.2</ele>
    <time>2025-01-29T11:20:54Z</time>
    <extensions>
     <gpxtpx:TrackPointExtension>
      <gpxtpx:hr>160</gpxtpx:hr>
      <gpxtpx:cad>83</gpxtpx:cad>
     </gpxtpx:TrackPointExtension>
    </extensions>
   </trkpt>
   <trkpt lat="37.2508180" lon="-79.9468970">
    <ele>272.2</ele>
    <time>2025-01-29T11:20:55Z</time>
    <extensions>
     <gpxtpx:TrackPointExtension>
      <gpxtpx:hr>160</gpxtpx:hr>
      <gpxtpx:cad>83</gpxtpx:cad>
     </gpxtpx:TrackPointExtension>
    </extensions>
   </trkpt>
   <trkpt lat="37.2506380" lon="-79.9470210">
    <ele>272.4</ele>
    <time>2025-01-29T11:21:02Z</time>
    <extensions>
     <gpxtpx:TrackPointExtension>
      <gpxtpx:hr>160</gpxtpx:hr>
      <gpxtpx:cad>84</gpxtpx:cad>
     </gpxtpx:TrackPointExtension>
    </extensions>
   </trkpt>
   <trkpt lat="37.2506150" lon="-79.9470480">
    <ele>272.4</ele>
    <time>2025-01-29T11:21:03Z</time>
    <extensions>
     <gpxtpx:TrackPointExtension>
      <gpxtpx:hr>160</gpxtpx:hr>
      <gpxtpx:cad>84</gpxtpx:cad>
     </gpxtpx:TrackPointExtension>
    </extensions>
   </trkpt>
   <trkpt lat="37.2505500" lon="-79.9472480">
    <ele>272.2</ele>
    <time>2025-01-29T11:21:08Z</time>
    <extensions>
     <gpxtpx:TrackPointExtension>
      <gpxtpx:hr>160</gpxtpx:hr>
      <gpxtpx:cad>84</gpxtpx:cad>
     </gpxtpx:TrackPointExtension>
    </extensions>
   </trkpt>
   <trkpt lat="37.2505790" lon="-79.9474970">
    <ele>273.0</ele>
    <time>2025-01-29T11:21:14Z</time>
    <extensions>
     <gpxtpx:TrackPointExtension>
      <gpxtpx:hr>160</gpxtpx:hr>
      <gpxtpx:cad>83</gpxtpx:cad>
     </gpxtpx:TrackPointExtension>
    </extensions>
   </trkpt>
   <trkpt lat="37.2505870" lon="-79.9475300">
    <ele>273.0</ele>
    <time>2025-01-29T11:21:15Z</time>
    <extensions>
     <gpxtpx:TrackPointExtension>
      <gpxtpx:hr>159</gpxtpx:hr>
      <gpxtpx:cad>83</gpxtpx:cad>
     </gpxtpx:TrackPointExtension>
    </extensions>
   </trkpt>
   <trkpt lat="37.2505910" lon="-79.9475630">
    <ele>273.4</ele>
    <time>2025-01-29T11:21:16Z</time>
    <extensions>
     <gpxtpx:TrackPointExtension>
      <gpxtpx:hr>159</gpxtpx:hr>
      <gpxtpx:cad>84</gpxtpx:cad>
     </gpxtpx:TrackPointExtension>
    </extensions>
   </trkpt>
   <trkpt lat="37.2505820" lon="-79.9476940">
    <ele>274.0</ele>
    <time>2025-01-29T11:21:21Z</time>
    <extensions>
     <gpxtpx:TrackPointExtension>
      <gpxtpx:hr>158</gpxtpx:hr>
      <gpxtpx:cad>82</gpxtpx:cad>
     </gpxtpx:TrackPointExtension>
    </extensions>
   </trkpt>
  </trkseg>
 </trk>
</gpx>
