<?xml version="1.0" encoding="UTF-8"?>
<gpx creator="StravaGPX" version="1.1" xmlns="http://www.topografix.com/GPX/1/1" xmlns:xsi="http://www.w3.org/2001/XMLSchema-instance" xsi:schemaLocation="http://www.topografix.com/GPX/1/1 http://www.topografix.com/GPX/1/1/gpx.xsd http://www.garmin.com/xmlschemas/GpxExtensions/v3 http://www.garmin.com/xmlschemas/GpxExtensionsv3.xsd http://www.garmin.com/xmlschemas/TrackPointExtension/v1 http://www.garmin.com/xmlschemas/TrackPointExtensionv1.xsd" xmlns:gpxtpx="http://www.garmin.com/xmlschemas/TrackPointExtension/v1" xmlns:gpxx="http://www.garmin.com/xmlschemas/GpxExtensions/v3">
 <metadata>
  <time>2026-04-08T09:29:53Z</time>
 </metadata>
 <trk>
  <name>Morning Run</name>
  <type>running</type>
  <trkseg>
   <trkpt lat="37.2535280" lon="-79.9495610">
    <ele>284.2</ele>
    <time>2026-04-08T09:29:53Z</time>
    <extensions>
     <power>0</power>
     <gpxtpx:TrackPointExtension>
      <gpxtpx:hr>75</gpxtpx:hr>
      <gpxtpx:cad>0</gpxtpx:cad>
     </gpxtpx:TrackPointExtension>
    </extensions>
   </trkpt>
   <trkpt lat="37.2535160" lon="-79.9495050">
    <ele>284.3</ele>
    <time>2026-04-08T09:29:54Z</time>
    <extensions>
     <power>0</power>
     <gpxtpx:TrackPointExtension>
      <gpxtpx:hr>74</gpxtpx:hr>
      <gpxtpx:cad>0</gpxtpx:cad>
     </gpxtpx:TrackPointExtension>
    </extensions>
   </trkpt>
   <trkpt lat="37.2535050" lon="-79.9494670">
    <ele>284.4</ele>
    <time>2026-04-08T09:29:55Z</time>
    <extensions>
     <power>0</power>
     <gpxtpx:TrackPointExtension>
      <gpxtpx:hr>74</gpxtpx:hr>
      <gpxtpx:cad>0</gpxtpx:cad>
     </gpxtpx:TrackPointExtension>
    </extensions>
   </trkpt>
   <trkpt lat="37.2534720" lon="-79.9493740">
    <ele>284.6</ele>
    <time>2026-04-08T09:29:56Z</time>
    <extensions>
     <power>0</power>
     <gpxtpx:TrackPointExtension>
      <gpxtpx:hr>74</gpxtpx:hr>
      <gpxtpx:cad>0</gpxtpx:cad>
     </gpxtpx:TrackPointExtension>
    </extensions>
   </trkpt>
   <trkpt lat="37.2534640" lon="-79.9493570">
    <ele>284.6</ele>
    <time>2026-04-08T09:29:57Z</time>
    <extensions>
     <power>0</power>
     <gpxtpx:TrackPointExtension>
      <gpxtpx:hr>75</gpxtpx:hr>
      <gpxtpx:cad>0</gpxtpx:cad>
     </gpxtpx:TrackPointExtension>
    </extensions>
   </trkpt>
   <trkpt lat="37.2534550" lon="-79.9493400">
    <ele>284.7</ele>
    <time>2026-04-08T09:29:58Z</time>
    <extensions>
     <power>0</power>
     <gpxtpx:TrackPointExtension>
      <gpxtpx:hr>76</gpxtpx:hr>
      <gpxtpx:cad>0</gpxtpx:cad>
     </gpxtpx:TrackPointExtension>
    </extensions>
   </trkpt>
   <trkpt lat="37.2534600" lon="-79.9493150">
    <ele>284.7</ele>
    <time>2026-04-08T09:29:59Z</time>
    <extensions>
     <power>0</power>
     <gpxtpx:TrackPointExtension>
      <gpxtpx:hr>76</gpxtpx:hr>
      <gpxtpx:cad>0</gpxtpx:cad>
     </gpxtpx:TrackPointExtension>
    </extensions>
   </trkpt>
   <trkpt lat="37.2534740" lon="-79.9492850">
    <ele>284.6</ele>
    <time>2026-04-08T09:30:00Z</time>
    <extensions>
     <power>0</power>
     <gpxtpx:TrackPointExtension>
      <gpxtpx:hr>76</gpxtpx:hr>
      <gpxtpx:cad>82</gpxtpx:cad>
     </gpxtpx:TrackPointExtension>
    </extensions>
   </trkpt>
   <trkpt lat="37.2534960" lon="-79.9492660">
    <ele>284.5</ele>
    <time>2026-04-08T09:30:01Z</time>
    <extensions>
     <power>395</power>
     <gpxtpx:TrackPointExtension>
      <gpxtpx:hr>78</gpxtpx:hr>
      <gpxtpx:cad>82</gpxtpx:cad>
     </gpxtpx:TrackPointExtension>
    </extensions>
   </trkpt>
   <trkpt lat="37.2535180" lon="-79.9492550">
    <ele>284.4</ele>
    <time>2026-04-08T09:30:02Z</time>
    <extensions>
     <power>397</power>
     <gpxtpx:TrackPointExtension>
      <gpxtpx:hr>80</gpxtpx:hr>
      <gpxtpx:cad>82</gpxtpx:cad>
     </gpxtpx:TrackPointExtension>
    </extensions>
   </trkpt>
   <trkpt lat="37.2535410" lon="-79.9492420">
    <ele>284.2</ele>
    <time>2026-04-08T09:30:03Z</time>
    <extensions>
     <power>413</power>
     <gpxtpx:TrackPointExtension>
      <gpxtpx:hr>82</gpxtpx:hr>
      <gpxtpx:cad>82</gpxtpx:cad>
     </gpxtpx:TrackPointExtension>
    </extensions>
   </trkpt>
   <trkpt lat="37.2535650" lon="-79.9492310">
    <ele>284.1</ele>
    <time>2026-04-08T09:30:04Z</time>
    <extensions>
     <power>436</power>
     <gpxtpx:TrackPointExtension>
      <gpxtpx:hr>83</gpxtpx:hr>
      <gpxtpx:cad>83</gpxtpx:cad>
     </gpxtpx:TrackPointExtension>
    </extensions>
   </trkpt>
   <trkpt lat="37.2535880" lon="-79.9492230">
    <ele>284.0</ele>
    <time>2026-04-08T09:30:05Z</time>
    <extensions>
     <power>452</power>
     <gpxtpx:TrackPointExtension>
      <gpxtpx:hr>85</gpxtpx:hr>
      <gpxtpx:cad>86</gpxtpx:cad>
     </gpxtpx:TrackPointExtension>
    </extensions>
   </trkpt>
   <trkpt lat="37.2536100" lon="-79.9492100">
    <ele>283.9</ele>
    <time>2026-04-08T09:30:06Z</time>
    <extensions>
     <power>433</power>
     <gpxtpx:TrackPointExtension>
      <gpxtpx:hr>86</gpxtpx:hr>
      <gpxtpx:cad>86</gpxtpx:cad>
     </gpxtpx:TrackPointExtension>
    </extensions>
   </trkpt>
   <trkpt lat="37.2536340" lon="-79.9491970">
    <ele>283.8</ele>
    <time>2026-04-08T09:30:07Z</time>
    <extensions>
     <power>406</power>
     <gpxtpx:TrackPointExtension>
      <gpxtpx:hr>88</gpxtpx:hr>
      <gpxtpx:cad>86</gpxtpx:cad>
     </gpxtpx:TrackPointExtension>
    </extensions>
   </trkpt>
   <trkpt lat="37.2536560" lon="-79.9491850">
    <ele>283.7</ele>
    <time>2026-04-08T09:30:08Z</time>
    <extensions>
     <power>408</power>
     <gpxtpx:TrackPointExtension>
      <gpxtpx:hr>89</gpxtpx:hr>
      <gpxtpx:cad>86</gpxtpx:cad>
     </gpxtpx:TrackPointExtension>
    </extensions>
   </trkpt>
   <trkpt lat="37.2536810" lon="-79.9491720">
    <ele>283.6</ele>
    <time>2026-04-08T09:30:09Z</time>
    <extensions>
     <power>404</power>
     <gpxtpx:TrackPointExtension>
      <gpxtpx:hr>90</gpxtpx:hr>
      <gpxtpx:cad>87</gpxtpx:cad>
     </gpxtpx:TrackPointExtension>
    </extensions>
   </trkpt>
   <trkpt lat="37.2537040" lon="-79.9491610">
    <ele>283.5</ele>
    <time>2026-04-08T09:30:10Z</time>
    <extensions>
     <power>396</power>
     <gpxtpx:TrackPointExtension>
      <gpxtpx:hr>92</gpxtpx:hr>
      <gpxtpx:cad>87</gpxtpx:cad>
     </gpxtpx:TrackPointExtension>
    </extensions>
   </trkpt>
   <trkpt lat="37.2537280" lon="-79.9491460">
    <ele>283.4</ele>
    <time>2026-04-08T09:30:11Z</time>
    <extensions>
     <power>394</power>
     <gpxtpx:TrackPointExtension>
      <gpxtpx:hr>93</gpxtpx:hr>
      <gpxtpx:cad>88</gpxtpx:cad>
     </gpxtpx:TrackPointExtension>
    </extensions>
   </trkpt>
   <trkpt lat="37.2537500" lon="-79.9491290">
    <ele>283.3</ele>
    <time>2026-04-08T09:30:12Z</time>
    <extensions>
     <power>391</power>
     <gpxtpx:TrackPointExtension>
      <gpxtpx:hr>94</gpxtpx:hr>
      <gpxtpx:cad>88</gpxtpx:cad>
     </gpxtpx:TrackPointExtension>
    </extensions>
   </trkpt>
   <trkpt lat="37.2537610" lon="-79.9491030">
    <ele>283.2</ele>
    <time>2026-04-08T09:30:13Z</time>
    <extensions>
     <power>393</power>
     <gpxtpx:TrackPointExtension>
      <gpxtpx:hr>95</gpxtpx:hr>
      <gpxtpx:cad>88</gpxtpx:cad>
     </gpxtpx:TrackPointExtension>
    </extensions>
   </trkpt>
   <trkpt lat="37.2537680" lon="-79.9490740">
    <ele>283.1</ele>
    <time>2026-04-08T09:30:14Z</time>
    <extensions>
     <power>393</power>
     <gpxtpx:TrackPointExtension>
      <gpxtpx:hr>96</gpxtpx:hr>
      <gpxtpx:cad>87</gpxtpx:cad>
     </gpxtpx:TrackPointExtension>
    </extensions>
   </trkpt>
   <trkpt lat="37.2537770" lon="-79.9490460">
    <ele>283.0</ele>
    <time>2026-04-08T09:30:15Z</time>
    <extensions>
     <power>391</power>
     <gpxtpx:TrackPointExtension>
      <gpxtpx:hr>97</gpxtpx:hr>
      <gpxtpx:cad>87</gpxtpx:cad>
     </gpxtpx:TrackPointExtension>
    </extensions>
   </trkpt>
   <trkpt lat="37.2537930" lon="-79.9490180">
    <ele>282.9</ele>
    <time>2026-04-08T09:30:16Z</time>
    <extensions>
     <power>369</power>
     <gpxtpx:TrackPointExtension>
      <gpxtpx:hr>98</gpxtpx:hr>
      <gpxtpx:cad>87</gpxtpx:cad>
     </gpxtpx:TrackPointExtension>
    </extensions>
   </trkpt>
   <trkpt lat="37.2538150" lon="-79.9489970">
    <ele>282.8</ele>
    <time>2026-04-08T09:30:17Z</time>
    <extensions>
     <power>365</power>
     <gpxtpx:TrackPointExtension>
      <gpxtpx:hr>99</gpxtpx:hr>
      <gpxtpx:cad>86</gpxtpx:cad>
     </gpxtpx:TrackPointExtension>
    </extensions>
   </trkpt>
   <trkpt lat="37.2538420" lon="-79.9489820">
    <ele>282.6</ele>
    <time>2026-04-08T09:30:18Z</time>
    <extensions>
     <power>364</power>
     <gpxtpx:TrackPointExtension>
      <gpxtpx:hr>100</gpxtpx:hr>
      <gpxtpx:cad>86</gpxtpx:cad>
     </gpxtpx:TrackPointExtension>
    </extensions>
   </trkpt>
   <trkpt lat="37.2538690" lon="-79.9489730">
    <ele>282.5</ele>
    <time>2026-04-08T09:30:19Z</time>
    <extensions>
     <power>371</power>
     <gpxtpx:TrackPointExtension>
      <gpxtpx:hr>101</gpxtpx:hr>
      <gpxtpx:cad>87</gpxtpx:cad>
     </gpxtpx:TrackPointExtension>
    </extensions>
   </trkpt>
   <trkpt lat="37.2538950" lon="-79.9489640">
    <ele>282.4</ele>
    <time>2026-04-08T09:30:20Z</time>
    <extensions>
     <power>460</power>
     <gpxtpx:TrackPointExtension>
      <gpxtpx:hr>102</gpxtpx:hr>
      <gpxtpx:cad>87</gpxtpx:cad>
     </gpxtpx:TrackPointExtension>
    </extensions>
   </trkpt>
   <trkpt lat="37.2539220" lon="-79.9489560">
    <ele>282.3</ele>
    <time>2026-04-08T09:30:21Z</time>
    <extensions>
     <power>1372</power>
     <gpxtpx:TrackPointExtension>
      <gpxtpx:hr>103</gpxtpx:hr>
      <gpxtpx:cad>88</gpxtpx:cad>
     </gpxtpx:TrackPointExtension>
    </extensions>
   </trkpt>
   <trkpt lat="37.2539450" lon="-79.9489430">
    <ele>282.2</ele>
    <time>2026-04-08T09:30:22Z</time>
    <extensions>
     <power>1490</power>
     <gpxtpx:TrackPointExtension>
      <gpxtpx:hr>104</gpxtpx:hr>
      <gpxtpx:cad>89</gpxtpx:cad>
     </gpxtpx:TrackPointExtension>
    </extensions>
   </trkpt>
   <trkpt lat="37.2539690" lon="-79.9489320">
    <ele>282.1</ele>
    <time>2026-04-08T09:30:23Z</time>
    <extensions>
     <power>1509</power>
     <gpxtpx:TrackPointExtension>
      <gpxtpx:hr>105</gpxtpx:hr>
      <gpxtpx:cad>89</gpxtpx:cad>
     </gpxtpx:TrackPointExtension>
    </extensions>
   </trkpt>
   <trkpt lat="37.2539930" lon="-79.9489220">
    <ele>282.0</ele>
    <time>2026-04-08T09:30:24Z</time>
    <extensions>
     <power>1269</power>
     <gpxtpx:TrackPointExtension>
      <gpxtpx:hr>106</gpxtpx:hr>
      <gpxtpx:cad>89</gpxtpx:cad>
     </gpxtpx:TrackPointExtension>
    </extensions>
   </trkpt>
   <trkpt lat="37.2540170" lon="-79.9489120">
    <ele>281.9</ele>
    <time>2026-04-08T09:30:25Z</time>
    <extensions>
     <power>410</power>
     <gpxtpx:TrackPointExtension>
      <gpxtpx:hr>107</gpxtpx:hr>
      <gpxtpx:cad>89</gpxtpx:cad>
     </gpxtpx:TrackPointExtension>
    </extensions>
   </trkpt>
   <trkpt lat="37.2540430" lon="-79.9489000">
    <ele>281.7</ele>
    <time>2026-04-08T09:30:26Z</time>
    <extensions>
     <power>394</power>
     <gpxtpx:TrackPointExtension>
      <gpxtpx:hr>108</gpxtpx:hr>
      <gpxtpx:cad>89</gpxtpx:cad>
     </gpxtpx:TrackPointExtension>
    </extensions>
   </trkpt>
   <trkpt lat="37.2540690" lon="-79.9488880">
    <ele>281.6</ele>
    <time>2026-04-08T09:30:27Z</time>
    <extensions>
     <power>388</power>
     <gpxtpx:TrackPointExtension>
      <gpxtpx:hr>109</gpxtpx:hr>
      <gpxtpx:cad>89</gpxtpx:cad>
     </gpxtpx:TrackPointExtension>
    </extensions>
   </trkpt>
   <trkpt lat="37.2540950" lon="-79.9488750">
    <ele>281.5</ele>
    <time>2026-04-08T09:30:28Z</time>
    <extensions>
     <power>389</power>
     <gpxtpx:TrackPointExtension>
      <gpxtpx:hr>110</gpxtpx:hr>
      <gpxtpx:cad>88</gpxtpx:cad>
     </gpxtpx:TrackPointExtension>
    </extensions>
   </trkpt>
   <trkpt lat="37.2541190" lon="-79.9488630">
    <ele>281.4</ele>
    <time>2026-04-08T09:30:29Z</time>
    <extensions>
     <power>405</power>
     <gpxtpx:TrackPointExtension>
      <gpxtpx:hr>110</gpxtpx:hr>
      <gpxtpx:cad>87</gpxtpx:cad>
     </gpxtpx:TrackPointExtension>
    </extensions>
   </trkpt>
   <trkpt lat="37.2541440" lon="-79.9488520">
    <ele>281.3</ele>
    <time>2026-04-08T09:30:30Z</time>
    <extensions>
     <power>409</power>
     <gpxtpx:TrackPointExtension>
      <gpxtpx:hr>111</gpxtpx:hr>
      <gpxtpx:cad>87</gpxtpx:cad>
     </gpxtpx:TrackPointExtension>
    </extensions>
   </trkpt>
   <trkpt lat="37.2541680" lon="-79.9488410">
    <ele>281.2</ele>
    <time>2026-04-08T09:30:31Z</time>
    <extensions>
     <power>395</power>
     <gpxtpx:TrackPointExtension>
      <gpxtpx:hr>112</gpxtpx:hr>
      <gpxtpx:cad>88</gpxtpx:cad>
     </gpxtpx:TrackPointExtension>
    </extensions>
   </trkpt>
   <trkpt lat="37.2541870" lon="-79.9488280">
    <ele>281.1</ele>
    <time>2026-04-08T09:30:32Z</time>
    <extensions>
     <power>387</power>
     <gpxtpx:TrackPointExtension>
      <gpxtpx:hr>113</gpxtpx:hr>
      <gpxtpx:cad>88</gpxtpx:cad>
     </gpxtpx:TrackPointExtension>
    </extensions>
   </trkpt>
   <trkpt lat="37.2542050" lon="-79.9488090">
    <ele>281.0</ele>
    <time>2026-04-08T09:30:33Z</time>
    <extensions>
     <power>384</power>
     <gpxtpx:TrackPointExtension>
      <gpxtpx:hr>113</gpxtpx:hr>
      <gpxtpx:cad>88</gpxtpx:cad>
     </gpxtpx:TrackPointExtension>
    </extensions>
   </trkpt>
   <trkpt lat="37.2542190" lon="-79.9487910">
    <ele>281.0</ele>
    <time>2026-04-08T09:30:34Z</time>
    <extensions>
     <power>373</power>
     <gpxtpx:TrackPointExtension>
      <gpxtpx:hr>114</gpxtpx:hr>
      <gpxtpx:cad>88</gpxtpx:cad>
     </gpxtpx:TrackPointExtension>
    </extensions>
   </trkpt>
   <trkpt lat="37.2542390" lon="-79.9487660">
    <ele>281.0</ele>
    <time>2026-04-08T09:30:35Z</time>
    <extensions>
     <power>351</power>
     <gpxtpx:TrackPointExtension>
      <gpxtpx:hr>115</gpxtpx:hr>
      <gpxtpx:cad>88</gpxtpx:cad>
     </gpxtpx:TrackPointExtension>
    </extensions>
   </trkpt>
   <trkpt lat="37.2542610" lon="-79.9487410">
    <ele>281.0</ele>
    <time>2026-04-08T09:30:36Z</time>
    <extensions>
     <power>347</power>
     <gpxtpx:TrackPointExtension>
      <gpxtpx:hr>115</gpxtpx:hr>
      <gpxtpx:cad>88</gpxtpx:cad>
     </gpxtpx:TrackPointExtension>
    </extensions>
   </trkpt>
   <trkpt lat="37.2542830" lon="-79.9487200">
    <ele>281.0</ele>
    <time>2026-04-08T09:30:37Z</time>
    <extensions>
     <power>345</power>
     <gpxtpx:TrackPointExtension>
      <gpxtpx:hr>116</gpxtpx:hr>
      <gpxtpx:cad>86</gpxtpx:cad>
     </gpxtpx:TrackPointExtension>
    </extensions>
   </trkpt>
   <trkpt lat="37.2543120" lon="-79.9487050">
    <ele>281.0</ele>
    <time>2026-04-08T09:30:38Z</time>
    <extensions>
     <power>354</power>
     <gpxtpx:TrackPointExtension>
      <gpxtpx:hr>116</gpxtpx:hr>
      <gpxtpx:cad>84</gpxtpx:cad>
     </gpxtpx:TrackPointExtension>
    </extensions>
   </trkpt>
   <trkpt lat="37.2543380" lon="-79.9487030">
    <ele>280.9</ele>
    <time>2026-04-08T09:30:39Z</time>
    <extensions>
     <power>378</power>
     <gpxtpx:TrackPointExtension>
      <gpxtpx:hr>117</gpxtpx:hr>
      <gpxtpx:cad>84</gpxtpx:cad>
     </gpxtpx:TrackPointExtension>
    </extensions>
   </trkpt>
   <trkpt lat="37.2543660" lon="-79.9487150">
    <ele>280.9</ele>
    <time>2026-04-08T09:30:40Z</time>
    <extensions>
     <power>379</power>
     <gpxtpx:TrackPointExtension>
      <gpxtpx:hr>117</gpxtpx:hr>
      <gpxtpx:cad>83</gpxtpx:cad>
     </gpxtpx:TrackPointExtension>
    </extensions>
   </trkpt>
   <trkpt lat="37.2543880" lon="-79.9487370">
    <ele>280.9</ele>
    <time>2026-04-08T09:30:41Z</time>
    <extensions>
     <power>377</power>
     <gpxtpx:TrackPointExtension>
      <gpxtpx:hr>118</gpxtpx:hr>
      <gpxtpx:cad>83</gpxtpx:cad>
     </gpxtpx:TrackPointExtension>
    </extensions>
   </trkpt>
   <trkpt lat="37.2544080" lon="-79.9487630">
    <ele>280.9</ele>
    <time>2026-04-08T09:30:42Z</time>
    <extensions>
     <power>376</power>
     <gpxtpx:TrackPointExtension>
      <gpxtpx:hr>119</gpxtpx:hr>
      <gpxtpx:cad>83</gpxtpx:cad>
     </gpxtpx:TrackPointExtension>
    </extensions>
   </trkpt>
   <trkpt lat="37.2544250" lon="-79.9487850">
    <ele>280.9</ele>
    <time>2026-04-08T09:30:43Z</time>
    <extensions>
     <power>370</power>
     <gpxtpx:TrackPointExtension>
      <gpxtpx:hr>119</gpxtpx:hr>
      <gpxtpx:cad>84</gpxtpx:cad>
     </gpxtpx:TrackPointExtension>
    </extensions>
   </trkpt>
   <trkpt lat="37.2544430" lon="-79.9488080">
    <ele>280.9</ele>
    <time>2026-04-08T09:30:44Z</time>
    <extensions>
     <power>373</power>
     <gpxtpx:TrackPointExtension>
      <gpxtpx:hr>120</gpxtpx:hr>
      <gpxtpx:cad>86</gpxtpx:cad>
     </gpxtpx:TrackPointExtension>
    </extensions>
   </trkpt>
   <trkpt lat="37.2544620" lon="-79.9488310">
    <ele>280.9</ele>
    <time>2026-04-08T09:30:45Z</time>
    <extensions>
     <power>366</power>
     <gpxtpx:TrackPointExtension>
      <gpxtpx:hr>120</gpxtpx:hr>
      <gpxtpx:cad>86</gpxtpx:cad>
     </gpxtpx:TrackPointExtension>
    </extensions>
   </trkpt>
   <trkpt lat="37.2544810" lon="-79.9488560">
    <ele>280.9</ele>
    <time>2026-04-08T09:30:46Z</time>
    <extensions>
     <power>364</power>
     <gpxtpx:TrackPointExtension>
      <gpxtpx:hr>121</gpxtpx:hr>
      <gpxtpx:cad>88</gpxtpx:cad>
     </gpxtpx:TrackPointExtension>
    </extensions>
   </trkpt>
   <trkpt lat="37.2544990" lon="-79.9488800">
    <ele>280.9</ele>
    <time>2026-04-08T09:30:47Z</time>
    <extensions>
     <power>364</power>
     <gpxtpx:TrackPointExtension>
      <gpxtpx:hr>121</gpxtpx:hr>
      <gpxtpx:cad>88</gpxtpx:cad>
     </gpxtpx:TrackPointExtension>
    </extensions>
   </trkpt>
   <trkpt lat="37.2545170" lon="-79.9489060">
    <ele>280.9</ele>
    <time>2026-04-08T09:30:48Z</time>
    <extensions>
     <power>364</power>
     <gpxtpx:TrackPointExtension>
      <gpxtpx:hr>122</gpxtpx:hr>
      <gpxtpx:cad>88</gpxtpx:cad>
     </gpxtpx:TrackPointExtension>
    </extensions>
   </trkpt>
   <trkpt lat="37.2545370" lon="-79.9489330">
    <ele>280.9</ele>
    <time>2026-04-08T09:30:49Z</time>
    <extensions>
     <power>361</power>
     <gpxtpx:TrackPointExtension>
      <gpxtpx:hr>122</gpxtpx:hr>
      <gpxtpx:cad>88</gpxtpx:cad>
     </gpxtpx:TrackPointExtension>
    </extensions>
   </trkpt>
   <trkpt lat="37.2545550" lon="-79.9489620">
    <ele>280.9</ele>
    <time>2026-04-08T09:30:50Z</time>
    <extensions>
     <power>362</power>
     <gpxtpx:TrackPointExtension>
      <gpxtpx:hr>122</gpxtpx:hr>
      <gpxtpx:cad>88</gpxtpx:cad>
     </gpxtpx:TrackPointExtension>
    </extensions>
   </trkpt>
   <trkpt lat="37.2545730" lon="-79.9489920">
    <ele>280.9</ele>
    <time>2026-04-08T09:30:51Z</time>
    <extensions>
     <power>364</power>
     <gpxtpx:TrackPointExtension>
      <gpxtpx:hr>123</gpxtpx:hr>
      <gpxtpx:cad>88</gpxtpx:cad>
     </gpxtpx:TrackPointExtension>
    </extensions>
   </trkpt>
   <trkpt lat="37.2545890" lon="-79.9490180">
    <ele>280.9</ele>
    <time>2026-04-08T09:30:52Z</time>
    <extensions>
     <power>374</power>
     <gpxtpx:TrackPointExtension>
      <gpxtpx:hr>123</gpxtpx:hr>
      <gpxtpx:cad>88</gpxtpx:cad>
     </gpxtpx:TrackPointExtension>
    </extensions>
   </trkpt>
   <trkpt lat="37.2546070" lon="-79.9490420">
    <ele>280.9</ele>
    <time>2026-04-08T09:30:53Z</time>
    <extensions>
     <power>386</power>
     <gpxtpx:TrackPointExtension>
      <gpxtpx:hr>124</gpxtpx:hr>
      <gpxtpx:cad>88</gpxtpx:cad>
     </gpxtpx:TrackPointExtension>
    </extensions>
   </trkpt>
   <trkpt lat="37.2546230" lon="-79.9490680">
    <ele>280.8</ele>
    <time>2026-04-08T09:30:54Z</time>
    <extensions>
     <power>385</power>
     <gpxtpx:TrackPointExtension>
      <gpxtpx:hr>124</gpxtpx:hr>
      <gpxtpx:cad>88</gpxtpx:cad>
     </gpxtpx:TrackPointExtension>
    </extensions>
   </trkpt>
   <trkpt lat="37.2546410" lon="-79.9490930">
    <ele>280.8</ele>
    <time>2026-04-08T09:30:55Z</time>
    <extensions>
     <power>364</power>
     <gpxtpx:TrackPointExtension>
      <gpxtpx:hr>125</gpxtpx:hr>
      <gpxtpx:cad>88</gpxtpx:cad>
     </gpxtpx:TrackPointExtension>
    </extensions>
   </trkpt>
   <trkpt lat="37.2546600" lon="-79.9491180">
    <ele>280.8</ele>
    <time>2026-04-08T09:30:56Z</time>
    <extensions>
     <power>359</power>
     <gpxtpx:TrackPointExtension>
      <gpxtpx:hr>126</gpxtpx:hr>
      <gpxtpx:cad>88</gpxtpx:cad>
     </gpxtpx:TrackPointExtension>
    </extensions>
   </trkpt>
   <trkpt lat="37.2546790" lon="-79.9491450">
    <ele>280.8</ele>
    <time>2026-04-08T09:30:57Z</time>
    <extensions>
     <power>358</power>
     <gpxtpx:TrackPointExtension>
      <gpxtpx:hr>126</gpxtpx:hr>
      <gpxtpx:cad>88</gpxtpx:cad>
     </gpxtpx:TrackPointExtension>
    </extensions>
   </trkpt>
   <trkpt lat="37.2546950" lon="-79.9491720">
    <ele>280.8</ele>
    <time>2026-04-08T09:30:58Z</time>
    <extensions>
     <power>360</power>
     <gpxtpx:TrackPointExtension>
      <gpxtpx:hr>126</gpxtpx:hr>
      <gpxtpx:cad>88</gpxtpx:cad>
     </gpxtpx:TrackPointExtension>
    </extensions>
   </trkpt>
   <trkpt lat="37.2547120" lon="-79.9491980">
    <ele>280.8</ele>
    <time>2026-04-08T09:30:59Z</time>
    <extensions>
     <power>364</power>
     <gpxtpx:TrackPointExtension>
      <gpxtpx:hr>127</gpxtpx:hr>
      <gpxtpx:cad>88</gpxtpx:cad>
     </gpxtpx:TrackPointExtension>
    </extensions>
   </trkpt>
   <trkpt lat="37.2547300" lon="-79.9492220">
    <ele>280.8</ele>
    <time>2026-04-08T09:31:00Z</time>
    <extensions>
     <power>361</power>
     <gpxtpx:TrackPointExtension>
      <gpxtpx:hr>128</gpxtpx:hr>
      <gpxtpx:cad>88</gpxtpx:cad>
     </gpxtpx:TrackPointExtension>
    </extensions>
   </trkpt>
   <trkpt lat="37.2547490" lon="-79.9492480">
    <ele>280.8</ele>
    <time>2026-04-08T09:31:01Z</time>
    <extensions>
     <power>356</power>
     <gpxtpx:TrackPointExtension>
      <gpxtpx:hr>128</gpxtpx:hr>
      <gpxtpx:cad>87</gpxtpx:cad>
     </gpxtpx:TrackPointExtension>
    </extensions>
   </trkpt>
   <trkpt lat="37.2547690" lon="-79.9492750">
    <ele>280.8</ele>
    <time>2026-04-08T09:31:02Z</time>
    <extensions>
     <power>355</power>
     <gpxtpx:TrackPointExtension>
      <gpxtpx:hr>128</gpxtpx:hr>
      <gpxtpx:cad>87</gpxtpx:cad>
     </gpxtpx:TrackPointExtension>
    </extensions>
   </trkpt>
   <trkpt lat="37.2547890" lon="-79.9493020">
    <ele>280.8</ele>
    <time>2026-04-08T09:31:03Z</time>
    <extensions>
     <power>351</power>
     <gpxtpx:TrackPointExtension>
      <gpxtpx:hr>128</gpxtpx:hr>
      <gpxtpx:cad>87</gpxtpx:cad>
     </gpxtpx:TrackPointExtension>
    </extensions>
   </trkpt>
   <trkpt lat="37.2548100" lon="-79.9493290">
    <ele>280.8</ele>
    <time>2026-04-08T09:31:04Z</time>
    <extensions>
     <power>351</power>
     <gpxtpx:TrackPointExtension>
      <gpxtpx:hr>129</gpxtpx:hr>
      <gpxtpx:cad>87</gpxtpx:cad>
     </gpxtpx:TrackPointExtension>
    </extensions>
   </trkpt>
   <trkpt lat="37.2548280" lon="-79.9493550">
    <ele>280.8</ele>
    <time>2026-04-08T09:31:05Z</time>
    <extensions>
     <power>351</power>
     <gpxtpx:TrackPointExtension>
      <gpxtpx:hr>129</gpxtpx:hr>
      <gpxtpx:cad>87</gpxtpx:cad>
     </gpxtpx:TrackPointExtension>
    </extensions>
   </trkpt>
   <trkpt lat="37.2548470" lon="-79.9493800">
    <ele>280.8</ele>
    <time>2026-04-08T09:31:06Z</time>
    <extensions>
     <power>351</power>
     <gpxtpx:TrackPointExtension>
      <gpxtpx:hr>129</gpxtpx:hr>
      <gpxtpx:cad>87</gpxtpx:cad>
     </gpxtpx:TrackPointExtension>
    </extensions>
   </trkpt>
   <trkpt lat="37.2548660" lon="-79.9494040">
    <ele>280.8</ele>
    <time>2026-04-08T09:31:07Z</time>
    <extensions>
     <power>351</power>
     <gpxtpx:TrackPointExtension>
      <gpxtpx:hr>129</gpxtpx:hr>
      <gpxtpx:cad>87</gpxtpx:cad>
     </gpxtpx:TrackPointExtension>
    </extensions>
   </trkpt>
   <trkpt lat="37.2548870" lon="-79.9494280">
    <ele>280.8</ele>
    <time>2026-04-08T09:31:08Z</time>
    <extensions>
     <power>349</power>
     <gpxtpx:TrackPointExtension>
      <gpxtpx:hr>130</gpxtpx:hr>
      <gpxtpx:cad>87</gpxtpx:cad>
     </gpxtpx:TrackPointExtension>
    </extensions>
   </trkpt>
   <trkpt lat="37.2549050" lon="-79.9494510">
    <ele>280.8</ele>
    <time>2026-04-08T09:31:09Z</time>
    <extensions>
     <power>345</power>
     <gpxtpx:TrackPointExtension>
      <gpxtpx:hr>130</gpxtpx:hr>
      <gpxtpx:cad>87</gpxtpx:cad>
     </gpxtpx:TrackPointExtension>
    </extensions>
   </trkpt>
   <trkpt lat="37.2549240" lon="-79.9494760">
    <ele>280.8</ele>
    <time>2026-04-08T09:31:10Z</time>
    <extensions>
     <power>345</power>
     <gpxtpx:TrackPointExtension>
      <gpxtpx:hr>130</gpxtpx:hr>
      <gpxtpx:cad>87</gpxtpx:cad>
     </gpxtpx:TrackPointExtension>
    </extensions>
   </trkpt>
   <trkpt lat="37.2549430" lon="-79.9495000">
    <ele>280.8</ele>
    <time>2026-04-08T09:31:11Z</time>
    <extensions>
     <power>343</power>
     <gpxtpx:TrackPointExtension>
      <gpxtpx:hr>131</gpxtpx:hr>
      <gpxtpx:cad>87</gpxtpx:cad>
     </gpxtpx:TrackPointExtension>
    </extensions>
   </trkpt>
   <trkpt lat="37.2549610" lon="-79.9495280">
    <ele>280.8</ele>
    <time>2026-04-08T09:31:12Z</time>
    <extensions>
     <power>340</power>
     <gpxtpx:TrackPointExtension>
      <gpxtpx:hr>131</gpxtpx:hr>
      <gpxtpx:cad>87</gpxtpx:cad>
     </gpxtpx:TrackPointExtension>
    </extensions>
   </trkpt>
   <trkpt lat="37.2549790" lon="-79.9495590">
    <ele>280.8</ele>
    <time>2026-04-08T09:31:13Z</time>
    <extensions>
     <power>338</power>
     <gpxtpx:TrackPointExtension>
      <gpxtpx:hr>131</gpxtpx:hr>
      <gpxtpx:cad>87</gpxtpx:cad>
     </gpxtpx:TrackPointExtension>
    </extensions>
   </trkpt>
   <trkpt lat="37.2549980" lon="-79.9495880">
    <ele>280.8</ele>
    <time>2026-04-08T09:31:14Z</time>
    <extensions>
     <power>338</power>
     <gpxtpx:TrackPointExtension>
      <gpxtpx:hr>132</gpxtpx:hr>
      <gpxtpx:cad>87</gpxtpx:cad>
     </gpxtpx:TrackPointExtension>
    </extensions>
   </trkpt>
   <trkpt lat="37.2550150" lon="-79.9496160">
    <ele>280.8</ele>
    <time>2026-04-08T09:31:15Z</time>
    <extensions>
     <power>340</power>
     <gpxtpx:TrackPointExtension>
      <gpxtpx:hr>132</gpxtpx:hr>
      <gpxtpx:cad>87</gpxtpx:cad>
     </gpxtpx:TrackPointExtension>
    </extensions>
   </trkpt>
   <trkpt lat="37.2550300" lon="-79.9496430">
    <ele>280.8</ele>
    <time>2026-04-08T09:31:16Z</time>
    <extensions>
     <power>343</power>
     <gpxtpx:TrackPointExtension>
      <gpxtpx:hr>132</gpxtpx:hr>
      <gpxtpx:cad>86</gpxtpx:cad>
     </gpxtpx:TrackPointExtension>
    </extensions>
   </trkpt>
   <trkpt lat="37.2550470" lon="-79.9496710">
    <ele>280.8</ele>
    <time>2026-04-08T09:31:17Z</time>
    <extensions>
     <power>342</power>
     <gpxtpx:TrackPointExtension>
      <gpxtpx:hr>132</gpxtpx:hr>
      <gpxtpx:cad>87</gpxtpx:cad>
     </gpxtpx:TrackPointExtension>
    </extensions>
   </trkpt>
   <trkpt lat="37.2550620" lon="-79.9497000">
    <ele>280.8</ele>
    <time>2026-04-08T09:31:18Z</time>
    <extensions>
     <power>341</power>
     <gpxtpx:TrackPointExtension>
      <gpxtpx:hr>133</gpxtpx:hr>
      <gpxtpx:cad>87</gpxtpx:cad>
     </gpxtpx:TrackPointExtension>
    </extensions>
   </trkpt>
   <trkpt lat="37.2550780" lon="-79.9497320">
    <ele>280.8</ele>
    <time>2026-04-08T09:31:19Z</time>
    <extensions>
     <power>340</power>
     <gpxtpx:TrackPointExtension>
      <gpxtpx:hr>133</gpxtpx:hr>
      <gpxtpx:cad>87</gpxtpx:cad>
     </gpxtpx:TrackPointExtension>
    </extensions>
   </trkpt>
   <trkpt lat="37.2550920" lon="-79.9497590">
    <ele>280.9</ele>
    <time>2026-04-08T09:31:20Z</time>
    <extensions>
     <power>340</power>
     <gpxtpx:TrackPointExtension>
      <gpxtpx:hr>134</gpxtpx:hr>
      <gpxtpx:cad>87</gpxtpx:cad>
     </gpxtpx:TrackPointExtension>
    </extensions>
   </trkpt>
   <trkpt lat="37.2551080" lon="-79.9497880">
    <ele>280.9</ele>
    <time>2026-04-08T09:31:21Z</time>
    <extensions>
     <power>342</power>
     <gpxtpx:TrackPointExtension>
      <gpxtpx:hr>134</gpxtpx:hr>
      <gpxtpx:cad>88</gpxtpx:cad>
     </gpxtpx:TrackPointExtension>
    </extensions>
   </trkpt>
   <trkpt lat="37.2551250" lon="-79.9498130">
    <ele>280.9</ele>
    <time>2026-04-08T09:31:22Z</time>
    <extensions>
     <power>342</power>
     <gpxtpx:TrackPointExtension>
      <gpxtpx:hr>134</gpxtpx:hr>
      <gpxtpx:cad>88</gpxtpx:cad>
     </gpxtpx:TrackPointExtension>
    </extensions>
   </trkpt>
   <trkpt lat="37.2551400" lon="-79.9498350">
    <ele>281.0</ele>
    <time>2026-04-08T09:31:23Z</time>
    <extensions>
     <power>344</power>
     <gpxtpx:TrackPointExtension>
      <gpxtpx:hr>134</gpxtpx:hr>
      <gpxtpx:cad>87</gpxtpx:cad>
     </gpxtpx:TrackPointExtension>
    </extensions>
   </trkpt>
   <trkpt lat="37.2551540" lon="-79.9498580">
    <ele>281.0</ele>
    <time>2026-04-08T09:31:24Z</time>
    <extensions>
     <power>343</power>
     <gpxtpx:TrackPointExtension>
      <gpxtpx:hr>135</gpxtpx:hr>
      <gpxtpx:cad>87</gpxtpx:cad>
     </gpxtpx:TrackPointExtension>
    </extensions>
   </trkpt>
   <trkpt lat="37.2551690" lon="-79.9498880">
    <ele>281.0</ele>
    <time>2026-04-08T09:31:25Z</time>
    <extensions>
     <power>336</power>
     <gpxtpx:TrackPointExtension>
      <gpxtpx:hr>135</gpxtpx:hr>
      <gpxtpx:cad>87</gpxtpx:cad>
     </gpxtpx:TrackPointExtension>
    </extensions>
   </trkpt>
   <trkpt lat="37.2551820" lon="-79.9499180">
    <ele>281.0</ele>
    <time>2026-04-08T09:31:26Z</time>
    <extensions>
     <power>337</power>
     <gpxtpx:TrackPointExtension>
      <gpxtpx:hr>135</gpxtpx:hr>
      <gpxtpx:cad>87</gpxtpx:cad>
     </gpxtpx:TrackPointExtension>
    </extensions>
   </trkpt>
   <trkpt lat="37.2551940" lon="-79.9499380">
    <ele>281.1</ele>
    <time>2026-04-08T09:31:27Z</time>
    <extensions>
     <power>338</power>
     <gpxtpx:TrackPointExtension>
      <gpxtpx:hr>135</gpxtpx:hr>
      <gpxtpx:cad>87</gpxtpx:cad>
     </gpxtpx:TrackPointExtension>
    </extensions>
   </trkpt>
   <trkpt lat="37.2552130" lon="-79.9499660">
    <ele>281.1</ele>
    <time>2026-04-08T09:31:28Z</time>
    <extensions>
     <power>342</power>
     <gpxtpx:TrackPointExtension>
      <gpxtpx:hr>136</gpxtpx:hr>
      <gpxtpx:cad>87</gpxtpx:cad>
     </gpxtpx:TrackPointExtension>
    </extensions>
   </trkpt>
   <trkpt lat="37.2552300" lon="-79.9499930">
    <ele>281.1</ele>
    <time>2026-04-08T09:31:29Z</time>
    <extensions>
     <power>343</power>
     <gpxtpx:TrackPointExtension>
      <gpxtpx:hr>136</gpxtpx:hr>
      <gpxtpx:cad>86</gpxtpx:cad>
     </gpxtpx:TrackPointExtension>
    </extensions>
   </trkpt>
   <trkpt lat="37.2552500" lon="-79.9500260">
    <ele>281.2</ele>
    <time>2026-04-08T09:31:30Z</time>
    <extensions>
     <power>345</power>
     <gpxtpx:TrackPointExtension>
      <gpxtpx:hr>136</gpxtpx:hr>
      <gpxtpx:cad>86</gpxtpx:cad>
     </gpxtpx:TrackPointExtension>
    </extensions>
   </trkpt>
   <trkpt lat="37.2552670" lon="-79.9500540">
    <ele>281.2</ele>
    <time>2026-04-08T09:31:31Z</time>
    <extensions>
     <power>347</power>
     <gpxtpx:TrackPointExtension>
      <gpxtpx:hr>137</gpxtpx:hr>
      <gpxtpx:cad>86</gpxtpx:cad>
     </gpxtpx:TrackPointExtension>
    </extensions>
   </trkpt>
   <trkpt lat="37.2552830" lon="-79.9500870">
    <ele>281.2</ele>
    <time>2026-04-08T09:31:32Z</time>
    <extensions>
     <power>345</power>
     <gpxtpx:TrackPointExtension>
      <gpxtpx:hr>137</gpxtpx:hr>
      <gpxtpx:cad>87</gpxtpx:cad>
     </gpxtpx:TrackPointExtension>
    </extensions>
   </trkpt>
   <trkpt lat="37.2553000" lon="-79.9501170">
    <ele>281.2</ele>
    <time>2026-04-08T09:31:33Z</time>
    <extensions>
     <power>348</power>
     <gpxtpx:TrackPointExtension>
      <gpxtpx:hr>137</gpxtpx:hr>
      <gpxtpx:cad>88</gpxtpx:cad>
     </gpxtpx:TrackPointExtension>
    </extensions>
   </trkpt>
   <trkpt lat="37.2553160" lon="-79.9501430">
    <ele>281.3</ele>
    <time>2026-04-08T09:31:34Z</time>
    <extensions>
     <power>351</power>
     <gpxtpx:TrackPointExtension>
      <gpxtpx:hr>137</gpxtpx:hr>
      <gpxtpx:cad>88</gpxtpx:cad>
     </gpxtpx:TrackPointExtension>
    </extensions>
   </trkpt>
   <trkpt lat="37.2553310" lon="-79.9501720">
    <ele>281.3</ele>
    <time>2026-04-08T09:31:35Z</time>
    <extensions>
     <power>351</power>
     <gpxtpx:TrackPointExtension>
      <gpxtpx:hr>138</gpxtpx:hr>
      <gpxtpx:cad>88</gpxtpx:cad>
     </gpxtpx:TrackPointExtension>
    </extensions>
   </trkpt>
   <trkpt lat="37.2553450" lon="-79.9501970">
    <ele>281.3</ele>
    <time>2026-04-08T09:31:36Z</time>
    <extensions>
     <power>350</power>
     <gpxtpx:TrackPointExtension>
      <gpxtpx:hr>138</gpxtpx:hr>
      <gpxtpx:cad>88</gpxtpx:cad>
     </gpxtpx:TrackPointExtension>
    </extensions>
   </trkpt>
   <trkpt lat="37.2553590" lon="-79.9502250">
    <ele>281.3</ele>
    <time>2026-04-08T09:31:37Z</time>
    <extensions>
     <power>351</power>
     <gpxtpx:TrackPointExtension>
      <gpxtpx:hr>138</gpxtpx:hr>
      <gpxtpx:cad>88</gpxtpx:cad>
     </gpxtpx:TrackPointExtension>
    </extensions>
   </trkpt>
   <trkpt lat="37.2553720" lon="-79.9502530">
    <ele>281.4</ele>
    <time>2026-04-08T09:31:38Z</time>
    <extensions>
     <power>350</power>
     <gpxtpx:TrackPointExtension>
      <gpxtpx:hr>138</gpxtpx:hr>
      <gpxtpx:cad>87</gpxtpx:cad>
     </gpxtpx:TrackPointExtension>
    </extensions>
   </trkpt>
   <trkpt lat="37.2553850" lon="-79.9502820">
    <ele>281.4</ele>
    <time>2026-04-08T09:31:39Z</time>
    <extensions>
     <power>347</power>
     <gpxtpx:TrackPointExtension>
      <gpxtpx:hr>139</gpxtpx:hr>
      <gpxtpx:cad>87</gpxtpx:cad>
     </gpxtpx:TrackPointExtension>
    </extensions>
   </trkpt>
   <trkpt lat="37.2553980" lon="-79.9503110">
    <ele>281.4</ele>
    <time>2026-04-08T09:31:40Z</time>
    <extensions>
     <power>347</power>
     <gpxtpx:TrackPointExtension>
      <gpxtpx:hr>139</gpxtpx:hr>
      <gpxtpx:cad>86</gpxtpx:cad>
     </gpxtpx:TrackPointExtension>
    </extensions>
   </trkpt>
   <trkpt lat="37.2554110" lon="-79.9503420">
    <ele>281.4</ele>
    <time>2026-04-08T09:31:41Z</time>
    <extensions>
     <power>345</power>
     <gpxtpx:TrackPointExtension>
      <gpxtpx:hr>139</gpxtpx:hr>
      <gpxtpx:cad>86</gpxtpx:cad>
     </gpxtpx:TrackPointExtension>
    </extensions>
   </trkpt>
   <trkpt lat="37.2554260" lon="-79.9503720">
    <ele>281.5</ele>
    <time>2026-04-08T09:31:42Z</time>
    <extensions>
     <power>342</power>
     <gpxtpx:TrackPointExtension>
      <gpxtpx:hr>139</gpxtpx:hr>
      <gpxtpx:cad>87</gpxtpx:cad>
     </gpxtpx:TrackPointExtension>
    </extensions>
   </trkpt>
   <trkpt lat="37.2554390" lon="-79.9504000">
    <ele>281.5</ele>
    <time>2026-04-08T09:31:43Z</time>
    <extensions>
     <power>342</power>
     <gpxtpx:TrackPointExtension>
      <gpxtpx:hr>139</gpxtpx:hr>
      <gpxtpx:cad>87</gpxtpx:cad>
     </gpxtpx:TrackPointExtension>
    </extensions>
   </trkpt>
   <trkpt lat="37.2554520" lon="-79.9504290">
    <ele>281.5</ele>
    <time>2026-04-08T09:31:44Z</time>
    <extensions>
     <power>346</power>
     <gpxtpx:TrackPointExtension>
      <gpxtpx:hr>139</gpxtpx:hr>
      <gpxtpx:cad>87</gpxtpx:cad>
     </gpxtpx:TrackPointExtension>
    </extensions>
   </trkpt>
   <trkpt lat="37.2554630" lon="-79.9504580">
    <ele>281.5</ele>
    <time>2026-04-08T09:31:45Z</time>
    <extensions>
     <power>348</power>
     <gpxtpx:TrackPointExtension>
      <gpxtpx:hr>140</gpxtpx:hr>
      <gpxtpx:cad>87</gpxtpx:cad>
     </gpxtpx:TrackPointExtension>
    </extensions>
   </trkpt>
   <trkpt lat="37.2554790" lon="-79.9504870">
    <ele>281.6</ele>
    <time>2026-04-08T09:31:46Z</time>
    <extensions>
     <power>347</power>
     <gpxtpx:TrackPointExtension>
      <gpxtpx:hr>140</gpxtpx:hr>
      <gpxtpx:cad>87</gpxtpx:cad>
     </gpxtpx:TrackPointExtension>
    </extensions>
   </trkpt>
   <trkpt lat="37.2554940" lon="-79.9505140">
    <ele>281.6</ele>
    <time>2026-04-08T09:31:47Z</time>
    <extensions>
     <power>347</power>
     <gpxtpx:TrackPointExtension>
      <gpxtpx:hr>140</gpxtpx:hr>
      <gpxtpx:cad>86</gpxtpx:cad>
     </gpxtpx:TrackPointExtension>
    </extensions>
   </trkpt>
   <trkpt lat="37.2555070" lon="-79.9505430">
    <ele>281.6</ele>
    <time>2026-04-08T09:31:48Z</time>
    <extensions>
     <power>346</power>
     <gpxtpx:TrackPointExtension>
      <gpxtpx:hr>140</gpxtpx:hr>
      <gpxtpx:cad>85</gpxtpx:cad>
     </gpxtpx:TrackPointExtension>
    </extensions>
   </trkpt>
   <trkpt lat="37.2555220" lon="-79.9505710">
    <ele>281.6</ele>
    <time>2026-04-08T09:31:49Z</time>
    <extensions>
     <power>346</power>
     <gpxtpx:TrackPointExtension>
      <gpxtpx:hr>140</gpxtpx:hr>
      <gpxtpx:cad>85</gpxtpx:cad>
     </gpxtpx:TrackPointExtension>
    </extensions>
   </trkpt>
   <trkpt lat="37.2555360" lon="-79.9506010">
    <ele>281.7</ele>
    <time>2026-04-08T09:31:50Z</time>
    <extensions>
     <power>345</power>
     <gpxtpx:TrackPointExtension>
      <gpxtpx:hr>140</gpxtpx:hr>
      <gpxtpx:cad>85</gpxtpx:cad>
     </gpxtpx:TrackPointExtension>
    </extensions>
   </trkpt>
   <trkpt lat="37.2555500" lon="-79.9506320">
    <ele>281.7</ele>
    <time>2026-04-08T09:31:51Z</time>
    <extensions>
     <power>345</power>
     <gpxtpx:TrackPointExtension>
      <gpxtpx:hr>140</gpxtpx:hr>
      <gpxtpx:cad>85</gpxtpx:cad>
     </gpxtpx:TrackPointExtension>
    </extensions>
   </trkpt>
   <trkpt lat="37.2555620" lon="-79.9506630">
    <ele>281.7</ele>
    <time>2026-04-08T09:31:52Z</time>
    <extensions>
     <power>343</power>
     <gpxtpx:TrackPointExtension>
      <gpxtpx:hr>141</gpxtpx:hr>
      <gpxtpx:cad>86</gpxtpx:cad>
     </gpxtpx:TrackPointExtension>
    </extensions>
   </trkpt>
   <trkpt lat="37.2555760" lon="-79.9506920">
    <ele>281.8</ele>
    <time>2026-04-08T09:31:53Z</time>
    <extensions>
     <power>344</power>
     <gpxtpx:TrackPointExtension>
      <gpxtpx:hr>141</gpxtpx:hr>
      <gpxtpx:cad>86</gpxtpx:cad>
     </gpxtpx:TrackPointExtension>
    </extensions>
   </trkpt>
   <trkpt lat="37.2555890" lon="-79.9507190">
    <ele>281.8</ele>
    <time>2026-04-08T09:31:54Z</time>
    <extensions>
     <power>343</power>
     <gpxtpx:TrackPointExtension>
      <gpxtpx:hr>141</gpxtpx:hr>
      <gpxtpx:cad>86</gpxtpx:cad>
     </gpxtpx:TrackPointExtension>
    </extensions>
   </trkpt>
   <trkpt lat="37.2556030" lon="-79.9507440">
    <ele>281.8</ele>
    <time>2026-04-08T09:31:55Z</time>
    <extensions>
     <power>342</power>
     <gpxtpx:TrackPointExtension>
      <gpxtpx:hr>140</gpxtpx:hr>
      <gpxtpx:cad>86</gpxtpx:cad>
     </gpxtpx:TrackPointExtension>
    </extensions>
   </trkpt>
   <trkpt lat="37.2556170" lon="-79.9507690">
    <ele>281.8</ele>
    <time>2026-04-08T09:31:56Z</time>
    <extensions>
     <power>341</power>
     <gpxtpx:TrackPointExtension>
      <gpxtpx:hr>140</gpxtpx:hr>
      <gpxtpx:cad>86</gpxtpx:cad>
     </gpxtpx:TrackPointExtension>
    </extensions>
   </trkpt>
   <trkpt lat="37.2556310" lon="-79.9507950">
    <ele>281.8</ele>
    <time>2026-04-08T09:31:57Z</time>
    <extensions>
     <power>337</power>
     <gpxtpx:TrackPointExtension>
      <gpxtpx:hr>140</gpxtpx:hr>
      <gpxtpx:cad>86</gpxtpx:cad>
     </gpxtpx:TrackPointExtension>
    </extensions>
   </trkpt>
   <trkpt lat="37.2556460" lon="-79.9508200">
    <ele>281.9</ele>
    <time>2026-04-08T09:31:58Z</time>
    <extensions>
     <power>339</power>
     <gpxtpx:TrackPointExtension>
      <gpxtpx:hr>140</gpxtpx:hr>
      <gpxtpx:cad>86</gpxtpx:cad>
     </gpxtpx:TrackPointExtension>
    </extensions>
   </trkpt>
   <trkpt lat="37.2556590" lon="-79.9508440">
    <ele>281.9</ele>
    <time>2026-04-08T09:31:59Z</time>
    <extensions>
     <power>338</power>
     <gpxtpx:TrackPointExtension>
      <gpxtpx:hr>140</gpxtpx:hr>
      <gpxtpx:cad>86</gpxtpx:cad>
     </gpxtpx:TrackPointExtension>
    </extensions>
   </trkpt>
   <trkpt lat="37.2556750" lon="-79.9508710">
    <ele>281.9</ele>
    <time>2026-04-08T09:32:00Z</time>
    <extensions>
     <power>340</power>
     <gpxtpx:TrackPointExtension>
      <gpxtpx:hr>141</gpxtpx:hr>
      <gpxtpx:cad>86</gpxtpx:cad>
     </gpxtpx:TrackPointExtension>
    </extensions>
   </trkpt>
   <trkpt lat="37.2556900" lon="-79.9508970">
    <ele>281.9</ele>
    <time>2026-04-08T09:32:01Z</time>
    <extensions>
     <power>341</power>
     <gpxtpx:TrackPointExtension>
      <gpxtpx:hr>140</gpxtpx:hr>
      <gpxtpx:cad>86</gpxtpx:cad>
     </gpxtpx:TrackPointExtension>
    </extensions>
   </trkpt>
   <trkpt lat="37.2557050" lon="-79.9509250">
    <ele>282.0</ele>
    <time>2026-04-08T09:32:02Z</time>
    <extensions>
     <power>341</power>
     <gpxtpx:TrackPointExtension>
      <gpxtpx:hr>140</gpxtpx:hr>
      <gpxtpx:cad>86</gpxtpx:cad>
     </gpxtpx:TrackPointExtension>
    </extensions>
   </trkpt>
   <trkpt lat="37.2557180" lon="-79.9509540">
    <ele>282.0</ele>
    <time>2026-04-08T09:32:03Z</time>
    <extensions>
     <power>344</power>
     <gpxtpx:TrackPointExtension>
      <gpxtpx:hr>140</gpxtpx:hr>
      <gpxtpx:cad>86</gpxtpx:cad>
     </gpxtpx:TrackPointExtension>
    </extensions>
   </trkpt>
   <trkpt lat="37.2557330" lon="-79.9509830">
    <ele>282.0</ele>
    <time>2026-04-08T09:32:04Z</time>
    <extensions>
     <power>344</power>
     <gpxtpx:TrackPointExtension>
      <gpxtpx:hr>141</gpxtpx:hr>
      <gpxtpx:cad>85</gpxtpx:cad>
     </gpxtpx:TrackPointExtension>
    </extensions>
   </trkpt>
   <trkpt lat="37.2557490" lon="-79.9510120">
    <ele>282.1</ele>
    <time>2026-04-08T09:32:05Z</time>
    <extensions>
     <power>344</power>
     <gpxtpx:TrackPointExtension>
      <gpxtpx:hr>140</gpxtpx:hr>
      <gpxtpx:cad>85</gpxtpx:cad>
     </gpxtpx:TrackPointExtension>
    </extensions>
   </trkpt>
   <trkpt lat="37.2557650" lon="-79.9510420">
    <ele>282.1</ele>
    <time>2026-04-08T09:32:06Z</time>
    <extensions>
     <power>344</power>
     <gpxtpx:TrackPointExtension>
      <gpxtpx:hr>140</gpxtpx:hr>
      <gpxtpx:cad>86</gpxtpx:cad>
     </gpxtpx:TrackPointExtension>
    </extensions>
   </trkpt>
   <trkpt lat="37.2557800" lon="-79.9510710">
    <ele>282.1</ele>
    <time>2026-04-08T09:32:07Z</time>
    <extensions>
     <power>345</power>
     <gpxtpx:TrackPointExtension>
      <gpxtpx:hr>140</gpxtpx:hr>
      <gpxtpx:cad>86</gpxtpx:cad>
     </gpxtpx:TrackPointExtension>
    </extensions>
   </trkpt>
   <trkpt lat="37.2557950" lon="-79.9510990">
    <ele>282.1</ele>
    <time>2026-04-08T09:32:08Z</time>
    <extensions>
     <power>347</power>
     <gpxtpx:TrackPointExtension>
      <gpxtpx:hr>141</gpxtpx:hr>
      <gpxtpx:cad>86</gpxtpx:cad>
     </gpxtpx:TrackPointExtension>
    </extensions>
   </trkpt>
   <trkpt lat="37.2558120" lon="-79.9511280">
    <ele>282.2</ele>
    <time>2026-04-08T09:32:09Z</time>
    <extensions>
     <power>349</power>
     <gpxtpx:TrackPointExtension>
      <gpxtpx:hr>140</gpxtpx:hr>
      <gpxtpx:cad>86</gpxtpx:cad>
     </gpxtpx:TrackPointExtension>
    </extensions>
   </trkpt>
   <trkpt lat="37.2558280" lon="-79.9511550">
    <ele>282.2</ele>
    <time>2026-04-08T09:32:10Z</time>
    <extensions>
     <power>351</power>
     <gpxtpx:TrackPointExtension>
      <gpxtpx:hr>140</gpxtpx:hr>
      <gpxtpx:cad>86</gpxtpx:cad>
     </gpxtpx:TrackPointExtension>
    </extensions>
   </trkpt>
   <trkpt lat="37.2558440" lon="-79.9511800">
    <ele>282.2</ele>
    <time>2026-04-08T09:32:11Z</time>
    <extensions>
     <power>351</power>
     <gpxtpx:TrackPointExtension>
      <gpxtpx:hr>140</gpxtpx:hr>
      <gpxtpx:cad>86</gpxtpx:cad>
     </gpxtpx:TrackPointExtension>
    </extensions>
   </trkpt>
   <trkpt lat="37.2558620" lon="-79.9512050">
    <ele>282.2</ele>
    <time>2026-04-08T09:32:12Z</time>
    <extensions>
     <power>349</power>
     <gpxtpx:TrackPointExtension>
      <gpxtpx:hr>141</gpxtpx:hr>
      <gpxtpx:cad>86</gpxtpx:cad>
     </gpxtpx:TrackPointExtension>
    </extensions>
   </trkpt>
   <trkpt lat="37.2558810" lon="-79.9512290">
    <ele>282.3</ele>
    <time>2026-04-08T09:32:13Z</time>
    <extensions>
     <power>347</power>
     <gpxtpx:TrackPointExtension>
      <gpxtpx:hr>140</gpxtpx:hr>
      <gpxtpx:cad>86</gpxtpx:cad>
     </gpxtpx:TrackPointExtension>
    </extensions>
   </trkpt>
   <trkpt lat="37.2559020" lon="-79.9512500">
    <ele>282.3</ele>
    <time>2026-04-08T09:32:14Z</time>
    <extensions>
     <power>348</power>
     <gpxtpx:TrackPointExtension>
      <gpxtpx:hr>141</gpxtpx:hr>
      <gpxtpx:cad>86</gpxtpx:cad>
     </gpxtpx:TrackPointExtension>
    </extensions>
   </trkpt>
   <trkpt lat="37.2559230" lon="-79.9512720">
    <ele>282.3</ele>
    <time>2026-04-08T09:32:15Z</time>
    <extensions>
     <power>349</power>
     <gpxtpx:TrackPointExtension>
      <gpxtpx:hr>141</gpxtpx:hr>
      <gpxtpx:cad>86</gpxtpx:cad>
     </gpxtpx:TrackPointExtension>
    </extensions>
   </trkpt>
   <trkpt lat="37.2559450" lon="-79.9512950">
    <ele>282.3</ele>
    <time>2026-04-08T09:32:16Z</time>
    <extensions>
     <power>350</power>
     <gpxtpx:TrackPointExtension>
      <gpxtpx:hr>141</gpxtpx:hr>
      <gpxtpx:cad>85</gpxtpx:cad>
     </gpxtpx:TrackPointExtension>
    </extensions>
   </trkpt>
   <trkpt lat="37.2559660" lon="-79.9513180">
    <ele>282.4</ele>
    <time>2026-04-08T09:32:17Z</time>
    <extensions>
     <power>354</power>
     <gpxtpx:TrackPointExtension>
      <gpxtpx:hr>141</gpxtpx:hr>
      <gpxtpx:cad>85</gpxtpx:cad>
     </gpxtpx:TrackPointExtension>
    </extensions>
   </trkpt>
   <trkpt lat="37.2559850" lon="-79.9513440">
    <ele>282.4</ele>
    <time>2026-04-08T09:32:18Z</time>
    <extensions>
     <power>358</power>
     <gpxtpx:TrackPointExtension>
      <gpxtpx:hr>141</gpxtpx:hr>
      <gpxtpx:cad>86</gpxtpx:cad>
     </gpxtpx:TrackPointExtension>
    </extensions>
   </trkpt>
   <trkpt lat="37.2560040" lon="-79.9513690">
    <ele>282.4</ele>
    <time>2026-04-08T09:32:19Z</time>
    <extensions>
     <power>363</power>
     <gpxtpx:TrackPointExtension>
      <gpxtpx:hr>141</gpxtpx:hr>
      <gpxtpx:cad>86</gpxtpx:cad>
     </gpxtpx:TrackPointExtension>
    </extensions>
   </trkpt>
   <trkpt lat="37.2560190" lon="-79.9513980">
    <ele>282.4</ele>
    <time>2026-04-08T09:32:20Z</time>
    <extensions>
     <power>366</power>
     <gpxtpx:TrackPointExtension>
      <gpxtpx:hr>141</gpxtpx:hr>
      <gpxtpx:cad>86</gpxtpx:cad>
     </gpxtpx:TrackPointExtension>
    </extensions>
   </trkpt>
   <trkpt lat="37.2560340" lon="-79.9514270">
    <ele>282.5</ele>
    <time>2026-04-08T09:32:21Z</time>
    <extensions>
     <power>369</power>
     <gpxtpx:TrackPointExtension>
      <gpxtpx:hr>142</gpxtpx:hr>
      <gpxtpx:cad>85</gpxtpx:cad>
     </gpxtpx:TrackPointExtension>
    </extensions>
   </trkpt>
   <trkpt lat="37.2560490" lon="-79.9514550">
    <ele>282.5</ele>
    <time>2026-04-08T09:32:22Z</time>
    <extensions>
     <power>368</power>
     <gpxtpx:TrackPointExtension>
      <gpxtpx:hr>141</gpxtpx:hr>
      <gpxtpx:cad>85</gpxtpx:cad>
     </gpxtpx:TrackPointExtension>
    </extensions>
   </trkpt>
   <trkpt lat="37.2560640" lon="-79.9514820">
    <ele>282.5</ele>
    <time>2026-04-08T09:32:23Z</time>
    <extensions>
     <power>368</power>
     <gpxtpx:TrackPointExtension>
      <gpxtpx:hr>141</gpxtpx:hr>
      <gpxtpx:cad>85</gpxtpx:cad>
     </gpxtpx:TrackPointExtension>
    </extensions>
   </trkpt>
   <trkpt lat="37.2560800" lon="-79.9515080">
    <ele>282.6</ele>
    <time>2026-04-08T09:32:24Z</time>
    <extensions>
     <power>370</power>
     <gpxtpx:TrackPointExtension>
      <gpxtpx:hr>142</gpxtpx:hr>
      <gpxtpx:cad>85</gpxtpx:cad>
     </gpxtpx:TrackPointExtension>
    </extensions>
   </trkpt>
   <trkpt lat="37.2560960" lon="-79.9515370">
    <ele>282.6</ele>
    <time>2026-04-08T09:32:25Z</time>
    <extensions>
     <power>368</power>
     <gpxtpx:TrackPointExtension>
      <gpxtpx:hr>141</gpxtpx:hr>
      <gpxtpx:cad>86</gpxtpx:cad>
     </gpxtpx:TrackPointExtension>
    </extensions>
   </trkpt>
   <trkpt lat="37.2561130" lon="-79.9515660">
    <ele>282.6</ele>
    <time>2026-04-08T09:32:26Z</time>
    <extensions>
     <power>371</power>
     <gpxtpx:TrackPointExtension>
      <gpxtpx:hr>141</gpxtpx:hr>
      <gpxtpx:cad>86</gpxtpx:cad>
     </gpxtpx:TrackPointExtension>
    </extensions>
   </trkpt>
   <trkpt lat="37.2561290" lon="-79.9515950">
    <ele>282.6</ele>
    <time>2026-04-08T09:32:27Z</time>
    <extensions>
     <power>372</power>
     <gpxtpx:TrackPointExtension>
      <gpxtpx:hr>142</gpxtpx:hr>
      <gpxtpx:cad>86</gpxtpx:cad>
     </gpxtpx:TrackPointExtension>
    </extensions>
   </trkpt>
   <trkpt lat="37.2561430" lon="-79.9516240">
    <ele>282.7</ele>
    <time>2026-04-08T09:32:28Z</time>
    <extensions>
     <power>375</power>
     <gpxtpx:TrackPointExtension>
      <gpxtpx:hr>141</gpxtpx:hr>
      <gpxtpx:cad>86</gpxtpx:cad>
     </gpxtpx:TrackPointExtension>
    </extensions>
   </trkpt>
   <trkpt lat="37.2561560" lon="-79.9516530">
    <ele>282.7</ele>
    <time>2026-04-08T09:32:29Z</time>
    <extensions>
     <power>374</power>
     <gpxtpx:TrackPointExtension>
      <gpxtpx:hr>142</gpxtpx:hr>
      <gpxtpx:cad>86</gpxtpx:cad>
     </gpxtpx:TrackPointExtension>
    </extensions>
   </trkpt>
   <trkpt lat="37.2561730" lon="-79.9516830">
    <ele>282.7</ele>
    <time>2026-04-08T09:32:30Z</time>
    <extensions>
     <power>374</power>
     <gpxtpx:TrackPointExtension>
      <gpxtpx:hr>141</gpxtpx:hr>
      <gpxtpx:cad>86</gpxtpx:cad>
     </gpxtpx:TrackPointExtension>
    </extensions>
   </trkpt>
   <trkpt lat="37.2561880" lon="-79.9517100">
    <ele>282.7</ele>
    <time>2026-04-08T09:32:31Z</time>
    <extensions>
     <power>374</power>
     <gpxtpx:TrackPointExtension>
      <gpxtpx:hr>141</gpxtpx:hr>
      <gpxtpx:cad>86</gpxtpx:cad>
     </gpxtpx:TrackPointExtension>
    </extensions>
   </trkpt>
   <trkpt lat="37.2562030" lon="-79.9517380">
    <ele>282.8</ele>
    <time>2026-04-08T09:32:32Z</time>
    <extensions>
     <power>370</power>
     <gpxtpx:TrackPointExtension>
      <gpxtpx:hr>141</gpxtpx:hr>
      <gpxtpx:cad>87</gpxtpx:cad>
     </gpxtpx:TrackPointExtension>
    </extensions>
   </trkpt>
   <trkpt lat="37.2562180" lon="-79.9517660">
    <ele>282.8</ele>
    <time>2026-04-08T09:32:33Z</time>
    <extensions>
     <power>368</power>
     <gpxtpx:TrackPointExtension>
      <gpxtpx:hr>141</gpxtpx:hr>
      <gpxtpx:cad>87</gpxtpx:cad>
     </gpxtpx:TrackPointExtension>
    </extensions>
   </trkpt>
   <trkpt lat="37.2562310" lon="-79.9517930">
    <ele>282.8</ele>
    <time>2026-04-08T09:32:34Z</time>
    <extensions>
     <power>366</power>
     <gpxtpx:TrackPointExtension>
      <gpxtpx:hr>141</gpxtpx:hr>
      <gpxtpx:cad>87</gpxtpx:cad>
     </gpxtpx:TrackPointExtension>
    </extensions>
   </trkpt>
   <trkpt lat="37.2562460" lon="-79.9518210">
    <ele>282.8</ele>
    <time>2026-04-08T09:32:35Z</time>
    <extensions>
     <power>365</power>
     <gpxtpx:TrackPointExtension>
      <gpxtpx:hr>141</gpxtpx:hr>
      <gpxtpx:cad>87</gpxtpx:cad>
     </gpxtpx:TrackPointExtension>
    </extensions>
   </trkpt>
   <trkpt lat="37.2562580" lon="-79.9518490">
    <ele>282.9</ele>
    <time>2026-04-08T09:32:36Z</time>
    <extensions>
     <power>361</power>
     <gpxtpx:TrackPointExtension>
      <gpxtpx:hr>142</gpxtpx:hr>
      <gpxtpx:cad>86</gpxtpx:cad>
     </gpxtpx:TrackPointExtension>
    </extensions>
   </trkpt>
   <trkpt lat="37.2562720" lon="-79.9518780">
    <ele>282.9</ele>
    <time>2026-04-08T09:32:37Z</time>
    <extensions>
     <power>356</power>
     <gpxtpx:TrackPointExtension>
      <gpxtpx:hr>141</gpxtpx:hr>
      <gpxtpx:cad>86</gpxtpx:cad>
     </gpxtpx:TrackPointExtension>
    </extensions>
   </trkpt>
   <trkpt lat="37.2562860" lon="-79.9519080">
    <ele>282.9</ele>
    <time>2026-04-08T09:32:38Z</time>
    <extensions>
     <power>353</power>
     <gpxtpx:TrackPointExtension>
      <gpxtpx:hr>141</gpxtpx:hr>
      <gpxtpx:cad>86</gpxtpx:cad>
     </gpxtpx:TrackPointExtension>
    </extensions>
   </trkpt>
   <trkpt lat="37.2562980" lon="-79.9519400">
    <ele>282.9</ele>
    <time>2026-04-08T09:32:39Z</time>
    <extensions>
     <power>350</power>
     <gpxtpx:TrackPointExtension>
      <gpxtpx:hr>140</gpxtpx:hr>
      <gpxtpx:cad>86</gpxtpx:cad>
     </gpxtpx:TrackPointExtension>
    </extensions>
   </trkpt>
   <trkpt lat="37.2563070" lon="-79.9519700">
    <ele>283.0</ele>
    <time>2026-04-08T09:32:40Z</time>
    <extensions>
     <power>350</power>
     <gpxtpx:TrackPointExtension>
      <gpxtpx:hr>140</gpxtpx:hr>
      <gpxtpx:cad>86</gpxtpx:cad>
     </gpxtpx:TrackPointExtension>
    </extensions>
   </trkpt>
   <trkpt lat="37.2563130" lon="-79.9520010">
    <ele>283.0</ele>
    <time>2026-04-08T09:32:41Z</time>
    <extensions>
     <power>352</power>
     <gpxtpx:TrackPointExtension>
      <gpxtpx:hr>140</gpxtpx:hr>
      <gpxtpx:cad>86</gpxtpx:cad>
     </gpxtpx:TrackPointExtension>
    </extensions>
   </trkpt>
   <trkpt lat="37.2563220" lon="-79.9520340">
    <ele>283.0</ele>
    <time>2026-04-08T09:32:42Z</time>
    <extensions>
     <power>351</power>
     <gpxtpx:TrackPointExtension>
      <gpxtpx:hr>139</gpxtpx:hr>
      <gpxtpx:cad>85</gpxtpx:cad>
     </gpxtpx:TrackPointExtension>
    </extensions>
   </trkpt>
   <trkpt lat="37.2563310" lon="-79.9520640">
    <ele>283.0</ele>
    <time>2026-04-08T09:32:43Z</time>
    <extensions>
     <power>351</power>
     <gpxtpx:TrackPointExtension>
      <gpxtpx:hr>139</gpxtpx:hr>
      <gpxtpx:cad>85</gpxtpx:cad>
     </gpxtpx:TrackPointExtension>
    </extensions>
   </trkpt>
   <trkpt lat="37.2563410" lon="-79.9520960">
    <ele>283.1</ele>
    <time>2026-04-08T09:32:44Z</time>
    <extensions>
     <power>350</power>
     <gpxtpx:TrackPointExtension>
      <gpxtpx:hr>139</gpxtpx:hr>
      <gpxtpx:cad>85</gpxtpx:cad>
     </gpxtpx:TrackPointExtension>
    </extensions>
   </trkpt>
   <trkpt lat="37.2563520" lon="-79.9521250">
    <ele>283.1</ele>
    <time>2026-04-08T09:32:45Z</time>
    <extensions>
     <power>350</power>
     <gpxtpx:TrackPointExtension>
      <gpxtpx:hr>139</gpxtpx:hr>
      <gpxtpx:cad>86</gpxtpx:cad>
     </gpxtpx:TrackPointExtension>
    </extensions>
   </trkpt>
   <trkpt lat="37.2563660" lon="-79.9521540">
    <ele>283.1</ele>
    <time>2026-04-08T09:32:46Z</time>
    <extensions>
     <power>347</power>
     <gpxtpx:TrackPointExtension>
      <gpxtpx:hr>139</gpxtpx:hr>
      <gpxtpx:cad>86</gpxtpx:cad>
     </gpxtpx:TrackPointExtension>
    </extensions>
   </trkpt>
   <trkpt lat="37.2563810" lon="-79.9521820">
    <ele>283.2</ele>
    <time>2026-04-08T09:32:47Z</time>
    <extensions>
     <power>349</power>
     <gpxtpx:TrackPointExtension>
      <gpxtpx:hr>139</gpxtpx:hr>
      <gpxtpx:cad>86</gpxtpx:cad>
     </gpxtpx:TrackPointExtension>
    </extensions>
   </trkpt>
   <trkpt lat="37.2563960" lon="-79.9522110">
    <ele>283.2</ele>
    <time>2026-04-08T09:32:48Z</time>
    <extensions>
     <power>348</power>
     <gpxtpx:TrackPointExtension>
      <gpxtpx:hr>139</gpxtpx:hr>
      <gpxtpx:cad>85</gpxtpx:cad>
     </gpxtpx:TrackPointExtension>
    </extensions>
   </trkpt>
   <trkpt lat="37.2564100" lon="-79.9522390">
    <ele>283.2</ele>
    <time>2026-04-08T09:32:49Z</time>
    <extensions>
     <power>348</power>
     <gpxtpx:TrackPointExtension>
      <gpxtpx:hr>138</gpxtpx:hr>
      <gpxtpx:cad>85</gpxtpx:cad>
     </gpxtpx:TrackPointExtension>
    </extensions>
   </trkpt>
   <trkpt lat="37.2564230" lon="-79.9522660">
    <ele>283.2</ele>
    <time>2026-04-08T09:32:50Z</time>
    <extensions>
     <power>349</power>
     <gpxtpx:TrackPointExtension>
      <gpxtpx:hr>138</gpxtpx:hr>
      <gpxtpx:cad>85</gpxtpx:cad>
     </gpxtpx:TrackPointExtension>
    </extensions>
   </trkpt>
   <trkpt lat="37.2564380" lon="-79.9522920">
    <ele>283.3</ele>
    <time>2026-04-08T09:32:51Z</time>
    <extensions>
     <power>349</power>
     <gpxtpx:TrackPointExtension>
      <gpxtpx:hr>138</gpxtpx:hr>
      <gpxtpx:cad>86</gpxtpx:cad>
     </gpxtpx:TrackPointExtension>
    </extensions>
   </trkpt>
   <trkpt lat="37.2564530" lon="-79.9523160">
    <ele>283.3</ele>
    <time>2026-04-08T09:32:52Z</time>
    <extensions>
     <power>348</power>
     <gpxtpx:TrackPointExtension>
      <gpxtpx:hr>138</gpxtpx:hr>
      <gpxtpx:cad>86</gpxtpx:cad>
     </gpxtpx:TrackPointExtension>
    </extensions>
   </trkpt>
   <trkpt lat="37.2564690" lon="-79.9523390">
    <ele>283.3</ele>
    <time>2026-04-08T09:32:53Z</time>
    <extensions>
     <power>348</power>
     <gpxtpx:TrackPointExtension>
      <gpxtpx:hr>138</gpxtpx:hr>
      <gpxtpx:cad>87</gpxtpx:cad>
     </gpxtpx:TrackPointExtension>
    </extensions>
   </trkpt>
   <trkpt lat="37.2564830" lon="-79.9523660">
    <ele>283.3</ele>
    <time>2026-04-08T09:32:54Z</time>
    <extensions>
     <power>357</power>
     <gpxtpx:TrackPointExtension>
      <gpxtpx:hr>139</gpxtpx:hr>
      <gpxtpx:cad>86</gpxtpx:cad>
     </gpxtpx:TrackPointExtension>
    </extensions>
   </trkpt>
   <trkpt lat="37.2564970" lon="-79.9523970">
    <ele>283.3</ele>
    <time>2026-04-08T09:32:55Z</time>
    <extensions>
     <power>359</power>
     <gpxtpx:TrackPointExtension>
      <gpxtpx:hr>139</gpxtpx:hr>
      <gpxtpx:cad>86</gpxtpx:cad>
     </gpxtpx:TrackPointExtension>
    </extensions>
   </trkpt>
   <trkpt lat="37.2565140" lon="-79.9524250">
    <ele>283.3</ele>
    <time>2026-04-08T09:32:56Z</time>
    <extensions>
     <power>355</power>
     <gpxtpx:TrackPointExtension>
      <gpxtpx:hr>139</gpxtpx:hr>
      <gpxtpx:cad>86</gpxtpx:cad>
     </gpxtpx:TrackPointExtension>
    </extensions>
   </trkpt>
   <trkpt lat="37.2565310" lon="-79.9524500">
    <ele>283.3</ele>
    <time>2026-04-08T09:32:57Z</time>
    <extensions>
     <power>349</power>
     <gpxtpx:TrackPointExtension>
      <gpxtpx:hr>138</gpxtpx:hr>
      <gpxtpx:cad>85</gpxtpx:cad>
     </gpxtpx:TrackPointExtension>
    </extensions>
   </trkpt>
   <trkpt lat="37.2565480" lon="-79.9524760">
    <ele>283.3</ele>
    <time>2026-04-08T09:32:58Z</time>
    <extensions>
     <power>347</power>
     <gpxtpx:TrackPointExtension>
      <gpxtpx:hr>138</gpxtpx:hr>
      <gpxtpx:cad>84</gpxtpx:cad>
     </gpxtpx:TrackPointExtension>
    </extensions>
   </trkpt>
   <trkpt lat="37.2565660" lon="-79.9525030">
    <ele>283.3</ele>
    <time>2026-04-08T09:32:59Z</time>
    <extensions>
     <power>349</power>
     <gpxtpx:TrackPointExtension>
      <gpxtpx:hr>138</gpxtpx:hr>
      <gpxtpx:cad>83</gpxtpx:cad>
     </gpxtpx:TrackPointExtension>
    </extensions>
   </trkpt>
   <trkpt lat="37.2565810" lon="-79.9525240">
    <ele>283.3</ele>
    <time>2026-04-08T09:33:00Z</time>
    <extensions>
     <power>349</power>
     <gpxtpx:TrackPointExtension>
      <gpxtpx:hr>138</gpxtpx:hr>
      <gpxtpx:cad>83</gpxtpx:cad>
     </gpxtpx:TrackPointExtension>
    </extensions>
   </trkpt>
   <trkpt lat="37.2565940" lon="-79.9525410">
    <ele>283.3</ele>
    <time>2026-04-08T09:33:01Z</time>
    <extensions>
     <power>348</power>
     <gpxtpx:TrackPointExtension>
      <gpxtpx:hr>138</gpxtpx:hr>
      <gpxtpx:cad>84</gpxtpx:cad>
     </gpxtpx:TrackPointExtension>
    </extensions>
   </trkpt>
   <trkpt lat="37.2566040" lon="-79.9525510">
    <ele>283.3</ele>
    <time>2026-04-08T09:33:02Z</time>
    <extensions>
     <power>345</power>
     <gpxtpx:TrackPointExtension>
      <gpxtpx:hr>138</gpxtpx:hr>
      <gpxtpx:cad>84</gpxtpx:cad>
     </gpxtpx:TrackPointExtension>
    </extensions>
   </trkpt>
   <trkpt lat="37.2566180" lon="-79.9525680">
    <ele>283.3</ele>
    <time>2026-04-08T09:33:03Z</time>
    <extensions>
     <power>342</power>
     <gpxtpx:TrackPointExtension>
      <gpxtpx:hr>138</gpxtpx:hr>
      <gpxtpx:cad>84</gpxtpx:cad>
     </gpxtpx:TrackPointExtension>
    </extensions>
   </trkpt>
   <trkpt lat="37.2566400" lon="-79.9525960">
    <ele>283.3</ele>
    <time>2026-04-08T09:33:04Z</time>
    <extensions>
     <power>337</power>
     <gpxtpx:TrackPointExtension>
      <gpxtpx:hr>137</gpxtpx:hr>
      <gpxtpx:cad>84</gpxtpx:cad>
     </gpxtpx:TrackPointExtension>
    </extensions>
   </trkpt>
   <trkpt lat="37.2566630" lon="-79.9526300">
    <ele>283.3</ele>
    <time>2026-04-08T09:33:05Z</time>
    <extensions>
     <power>341</power>
     <gpxtpx:TrackPointExtension>
      <gpxtpx:hr>138</gpxtpx:hr>
      <gpxtpx:cad>84</gpxtpx:cad>
     </gpxtpx:TrackPointExtension>
    </extensions>
   </trkpt>
   <trkpt lat="37.2566840" lon="-79.9526650">
    <ele>283.3</ele>
    <time>2026-04-08T09:33:06Z</time>
    <extensions>
     <power>337</power>
     <gpxtpx:TrackPointExtension>
      <gpxtpx:hr>138</gpxtpx:hr>
      <gpxtpx:cad>84</gpxtpx:cad>
     </gpxtpx:TrackPointExtension>
    </extensions>
   </trkpt>
   <trkpt lat="37.2566990" lon="-79.9527000">
    <ele>283.2</ele>
    <time>2026-04-08T09:33:07Z</time>
    <extensions>
     <power>338</power>
     <gpxtpx:TrackPointExtension>
      <gpxtpx:hr>137</gpxtpx:hr>
      <gpxtpx:cad>84</gpxtpx:cad>
     </gpxtpx:TrackPointExtension>
    </extensions>
   </trkpt>
   <trkpt lat="37.2567140" lon="-79.9527310">
    <ele>283.2</ele>
    <time>2026-04-08T09:33:08Z</time>
    <extensions>
     <power>341</power>
     <gpxtpx:TrackPointExtension>
      <gpxtpx:hr>138</gpxtpx:hr>
      <gpxtpx:cad>83</gpxtpx:cad>
     </gpxtpx:TrackPointExtension>
    </extensions>
   </trkpt>
   <trkpt lat="37.2567320" lon="-79.9527600">
    <ele>283.2</ele>
    <time>2026-04-08T09:33:09Z</time>
    <extensions>
     <power>345</power>
     <gpxtpx:TrackPointExtension>
      <gpxtpx:hr>138</gpxtpx:hr>
      <gpxtpx:cad>83</gpxtpx:cad>
     </gpxtpx:TrackPointExtension>
    </extensions>
   </trkpt>
   <trkpt lat="37.2567500" lon="-79.9527870">
    <ele>283.1</ele>
    <time>2026-04-08T09:33:10Z</time>
    <extensions>
     <power>345</power>
     <gpxtpx:TrackPointExtension>
      <gpxtpx:hr>137</gpxtpx:hr>
      <gpxtpx:cad>84</gpxtpx:cad>
     </gpxtpx:TrackPointExtension>
    </extensions>
   </trkpt>
   <trkpt lat="37.2567670" lon="-79.9528180">
    <ele>283.0</ele>
    <time>2026-04-08T09:33:11Z</time>
    <extensions>
     <power>348</power>
     <gpxtpx:TrackPointExtension>
      <gpxtpx:hr>137</gpxtpx:hr>
      <gpxtpx:cad>84</gpxtpx:cad>
     </gpxtpx:TrackPointExtension>
    </extensions>
   </trkpt>
   <trkpt lat="37.2567850" lon="-79.9528480">
    <ele>283.0</ele>
    <time>2026-04-08T09:33:12Z</time>
    <extensions>
     <power>346</power>
     <gpxtpx:TrackPointExtension>
      <gpxtpx:hr>137</gpxtpx:hr>
      <gpxtpx:cad>84</gpxtpx:cad>
     </gpxtpx:TrackPointExtension>
    </extensions>
   </trkpt>
   <trkpt lat="37.2568060" lon="-79.9528790">
    <ele>282.9</ele>
    <time>2026-04-08T09:33:13Z</time>
    <extensions>
     <power>349</power>
     <gpxtpx:TrackPointExtension>
      <gpxtpx:hr>137</gpxtpx:hr>
      <gpxtpx:cad>85</gpxtpx:cad>
     </gpxtpx:TrackPointExtension>
    </extensions>
   </trkpt>
   <trkpt lat="37.2568280" lon="-79.9529060">
    <ele>282.8</ele>
    <time>2026-04-08T09:33:14Z</time>
    <extensions>
     <power>369</power>
     <gpxtpx:TrackPointExtension>
      <gpxtpx:hr>137</gpxtpx:hr>
      <gpxtpx:cad>85</gpxtpx:cad>
     </gpxtpx:TrackPointExtension>
    </extensions>
   </trkpt>
   <trkpt lat="37.2568490" lon="-79.9529320">
    <ele>282.8</ele>
    <time>2026-04-08T09:33:15Z</time>
    <extensions>
     <power>393</power>
     <gpxtpx:TrackPointExtension>
      <gpxtpx:hr>137</gpxtpx:hr>
      <gpxtpx:cad>85</gpxtpx:cad>
     </gpxtpx:TrackPointExtension>
    </extensions>
   </trkpt>
   <trkpt lat="37.2568690" lon="-79.9529600">
    <ele>282.7</ele>
    <time>2026-04-08T09:33:16Z</time>
    <extensions>
     <power>392</power>
     <gpxtpx:TrackPointExtension>
      <gpxtpx:hr>137</gpxtpx:hr>
      <gpxtpx:cad>85</gpxtpx:cad>
     </gpxtpx:TrackPointExtension>
    </extensions>
   </trkpt>
   <trkpt lat="37.2568860" lon="-79.9529890">
    <ele>282.6</ele>
    <time>2026-04-08T09:33:17Z</time>
    <extensions>
     <power>384</power>
     <gpxtpx:TrackPointExtension>
      <gpxtpx:hr>137</gpxtpx:hr>
      <gpxtpx:cad>85</gpxtpx:cad>
     </gpxtpx:TrackPointExtension>
    </extensions>
   </trkpt>
   <trkpt lat="37.2569040" lon="-79.9530170">
    <ele>282.6</ele>
    <time>2026-04-08T09:33:18Z</time>
    <extensions>
     <power>371</power>
     <gpxtpx:TrackPointExtension>
      <gpxtpx:hr>137</gpxtpx:hr>
      <gpxtpx:cad>86</gpxtpx:cad>
     </gpxtpx:TrackPointExtension>
    </extensions>
   </trkpt>
   <trkpt lat="37.2569240" lon="-79.9530420">
    <ele>282.5</ele>
    <time>2026-04-08T09:33:19Z</time>
    <extensions>
     <power>361</power>
     <gpxtpx:TrackPointExtension>
      <gpxtpx:hr>137</gpxtpx:hr>
      <gpxtpx:cad>86</gpxtpx:cad>
     </gpxtpx:TrackPointExtension>
    </extensions>
   </trkpt>
   <trkpt lat="37.2569470" lon="-79.9530660">
    <ele>282.4</ele>
    <time>2026-04-08T09:33:20Z</time>
    <extensions>
     <power>360</power>
     <gpxtpx:TrackPointExtension>
      <gpxtpx:hr>137</gpxtpx:hr>
      <gpxtpx:cad>86</gpxtpx:cad>
     </gpxtpx:TrackPointExtension>
    </extensions>
   </trkpt>
   <trkpt lat="37.2569700" lon="-79.9530890">
    <ele>282.4</ele>
    <time>2026-04-08T09:33:21Z</time>
    <extensions>
     <power>356</power>
     <gpxtpx:TrackPointExtension>
      <gpxtpx:hr>138</gpxtpx:hr>
      <gpxtpx:cad>85</gpxtpx:cad>
     </gpxtpx:TrackPointExtension>
    </extensions>
   </trkpt>
   <trkpt lat="37.2569890" lon="-79.9531130">
    <ele>282.3</ele>
    <time>2026-04-08T09:33:22Z</time>
    <extensions>
     <power>359</power>
     <gpxtpx:TrackPointExtension>
      <gpxtpx:hr>138</gpxtpx:hr>
      <gpxtpx:cad>85</gpxtpx:cad>
     </gpxtpx:TrackPointExtension>
    </extensions>
   </trkpt>
   <trkpt lat="37.2570080" lon="-79.9531400">
    <ele>282.2</ele>
    <time>2026-04-08T09:33:23Z</time>
    <extensions>
     <power>361</power>
     <gpxtpx:TrackPointExtension>
      <gpxtpx:hr>138</gpxtpx:hr>
      <gpxtpx:cad>85</gpxtpx:cad>
     </gpxtpx:TrackPointExtension>
    </extensions>
   </trkpt>
   <trkpt lat="37.2570260" lon="-79.9531670">
    <ele>282.2</ele>
    <time>2026-04-08T09:33:24Z</time>
    <extensions>
     <power>358</power>
     <gpxtpx:TrackPointExtension>
      <gpxtpx:hr>138</gpxtpx:hr>
      <gpxtpx:cad>85</gpxtpx:cad>
     </gpxtpx:TrackPointExtension>
    </extensions>
   </trkpt>
   <trkpt lat="37.2570450" lon="-79.9531960">
    <ele>282.1</ele>
    <time>2026-04-08T09:33:25Z</time>
    <extensions>
     <power>353</power>
     <gpxtpx:TrackPointExtension>
      <gpxtpx:hr>138</gpxtpx:hr>
      <gpxtpx:cad>85</gpxtpx:cad>
     </gpxtpx:TrackPointExtension>
    </extensions>
   </trkpt>
   <trkpt lat="37.2570630" lon="-79.9532250">
    <ele>282.0</ele>
    <time>2026-04-08T09:33:26Z</time>
    <extensions>
     <power>351</power>
     <gpxtpx:TrackPointExtension>
      <gpxtpx:hr>138</gpxtpx:hr>
      <gpxtpx:cad>85</gpxtpx:cad>
     </gpxtpx:TrackPointExtension>
    </extensions>
   </trkpt>
   <trkpt lat="37.2570810" lon="-79.9532520">
    <ele>282.0</ele>
    <time>2026-04-08T09:33:27Z</time>
    <extensions>
     <power>350</power>
     <gpxtpx:TrackPointExtension>
      <gpxtpx:hr>138</gpxtpx:hr>
      <gpxtpx:cad>85</gpxtpx:cad>
     </gpxtpx:TrackPointExtension>
    </extensions>
   </trkpt>
   <trkpt lat="37.2570990" lon="-79.9532780">
    <ele>281.9</ele>
    <time>2026-04-08T09:33:28Z</time>
    <extensions>
     <power>348</power>
     <gpxtpx:TrackPointExtension>
      <gpxtpx:hr>138</gpxtpx:hr>
      <gpxtpx:cad>85</gpxtpx:cad>
     </gpxtpx:TrackPointExtension>
    </extensions>
   </trkpt>
   <trkpt lat="37.2571180" lon="-79.9533020">
    <ele>281.9</ele>
    <time>2026-04-08T09:33:29Z</time>
    <extensions>
     <power>347</power>
     <gpxtpx:TrackPointExtension>
      <gpxtpx:hr>139</gpxtpx:hr>
      <gpxtpx:cad>85</gpxtpx:cad>
     </gpxtpx:TrackPointExtension>
    </extensions>
   </trkpt>
   <trkpt lat="37.2571360" lon="-79.9533260">
    <ele>281.8</ele>
    <time>2026-04-08T09:33:30Z</time>
    <extensions>
     <power>350</power>
     <gpxtpx:TrackPointExtension>
      <gpxtpx:hr>139</gpxtpx:hr>
      <gpxtpx:cad>85</gpxtpx:cad>
     </gpxtpx:TrackPointExtension>
    </extensions>
   </trkpt>
   <trkpt lat="37.2571530" lon="-79.9533500">
    <ele>281.7</ele>
    <time>2026-04-08T09:33:31Z</time>
    <extensions>
     <power>353</power>
     <gpxtpx:TrackPointExtension>
      <gpxtpx:hr>140</gpxtpx:hr>
      <gpxtpx:cad>85</gpxtpx:cad>
     </gpxtpx:TrackPointExtension>
    </extensions>
   </trkpt>
   <trkpt lat="37.2571730" lon="-79.9533740">
    <ele>281.7</ele>
    <time>2026-04-08T09:33:32Z</time>
    <extensions>
     <power>355</power>
     <gpxtpx:TrackPointExtension>
      <gpxtpx:hr>140</gpxtpx:hr>
      <gpxtpx:cad>85</gpxtpx:cad>
     </gpxtpx:TrackPointExtension>
    </extensions>
   </trkpt>
   <trkpt lat="37.2571930" lon="-79.9533980">
    <ele>281.6</ele>
    <time>2026-04-08T09:33:33Z</time>
    <extensions>
     <power>359</power>
     <gpxtpx:TrackPointExtension>
      <gpxtpx:hr>140</gpxtpx:hr>
      <gpxtpx:cad>85</gpxtpx:cad>
     </gpxtpx:TrackPointExtension>
    </extensions>
   </trkpt>
   <trkpt lat="37.2572140" lon="-79.9534220">
    <ele>281.5</ele>
    <time>2026-04-08T09:33:34Z</time>
    <extensions>
     <power>356</power>
     <gpxtpx:TrackPointExtension>
      <gpxtpx:hr>140</gpxtpx:hr>
      <gpxtpx:cad>85</gpxtpx:cad>
     </gpxtpx:TrackPointExtension>
    </extensions>
   </trkpt>
   <trkpt lat="37.2572340" lon="-79.9534440">
    <ele>281.5</ele>
    <time>2026-04-08T09:33:35Z</time>
    <extensions>
     <power>360</power>
     <gpxtpx:TrackPointExtension>
      <gpxtpx:hr>140</gpxtpx:hr>
      <gpxtpx:cad>85</gpxtpx:cad>
     </gpxtpx:TrackPointExtension>
    </extensions>
   </trkpt>
   <trkpt lat="37.2572550" lon="-79.9534670">
    <ele>281.4</ele>
    <time>2026-04-08T09:33:36Z</time>
    <extensions>
     <power>360</power>
     <gpxtpx:TrackPointExtension>
      <gpxtpx:hr>140</gpxtpx:hr>
      <gpxtpx:cad>85</gpxtpx:cad>
     </gpxtpx:TrackPointExtension>
    </extensions>
   </trkpt>
   <trkpt lat="37.2572750" lon="-79.9534920">
    <ele>281.4</ele>
    <time>2026-04-08T09:33:37Z</time>
    <extensions>
     <power>361</power>
     <gpxtpx:TrackPointExtension>
      <gpxtpx:hr>140</gpxtpx:hr>
      <gpxtpx:cad>85</gpxtpx:cad>
     </gpxtpx:TrackPointExtension>
    </extensions>
   </trkpt>
   <trkpt lat="37.2572930" lon="-79.9535180">
    <ele>281.3</ele>
    <time>2026-04-08T09:33:38Z</time>
    <extensions>
     <power>364</power>
     <gpxtpx:TrackPointExtension>
      <gpxtpx:hr>140</gpxtpx:hr>
      <gpxtpx:cad>85</gpxtpx:cad>
     </gpxtpx:TrackPointExtension>
    </extensions>
   </trkpt>
   <trkpt lat="37.2573120" lon="-79.9535430">
    <ele>281.2</ele>
    <time>2026-04-08T09:33:39Z</time>
    <extensions>
     <power>365</power>
     <gpxtpx:TrackPointExtension>
      <gpxtpx:hr>140</gpxtpx:hr>
      <gpxtpx:cad>85</gpxtpx:cad>
     </gpxtpx:TrackPointExtension>
    </extensions>
   </trkpt>
   <trkpt lat="37.2573310" lon="-79.9535670">
    <ele>281.2</ele>
    <time>2026-04-08T09:33:40Z</time>
    <extensions>
     <power>367</power>
     <gpxtpx:TrackPointExtension>
      <gpxtpx:hr>140</gpxtpx:hr>
      <gpxtpx:cad>85</gpxtpx:cad>
     </gpxtpx:TrackPointExtension>
    </extensions>
   </trkpt>
   <trkpt lat="37.2573530" lon="-79.9535930">
    <ele>281.1</ele>
    <time>2026-04-08T09:33:41Z</time>
    <extensions>
     <power>363</power>
     <gpxtpx:TrackPointExtension>
      <gpxtpx:hr>139</gpxtpx:hr>
      <gpxtpx:cad>85</gpxtpx:cad>
     </gpxtpx:TrackPointExtension>
    </extensions>
   </trkpt>
   <trkpt lat="37.2573740" lon="-79.9536200">
    <ele>281.0</ele>
    <time>2026-04-08T09:33:42Z</time>
    <extensions>
     <power>362</power>
     <gpxtpx:TrackPointExtension>
      <gpxtpx:hr>139</gpxtpx:hr>
      <gpxtpx:cad>85</gpxtpx:cad>
     </gpxtpx:TrackPointExtension>
    </extensions>
   </trkpt>
   <trkpt lat="37.2573930" lon="-79.9536460">
    <ele>281.0</ele>
    <time>2026-04-08T09:33:43Z</time>
    <extensions>
     <power>361</power>
     <gpxtpx:TrackPointExtension>
      <gpxtpx:hr>139</gpxtpx:hr>
      <gpxtpx:cad>85</gpxtpx:cad>
     </gpxtpx:TrackPointExtension>
    </extensions>
   </trkpt>
   <trkpt lat="37.2574140" lon="-79.9536740">
    <ele>280.9</ele>
    <time>2026-04-08T09:33:44Z</time>
    <extensions>
     <power>362</power>
     <gpxtpx:TrackPointExtension>
      <gpxtpx:hr>139</gpxtpx:hr>
      <gpxtpx:cad>85</gpxtpx:cad>
     </gpxtpx:TrackPointExtension>
    </extensions>
   </trkpt>
   <trkpt lat="37.2574330" lon="-79.9537010">
    <ele>280.8</ele>
    <time>2026-04-08T09:33:45Z</time>
    <extensions>
     <power>365</power>
     <gpxtpx:TrackPointExtension>
      <gpxtpx:hr>139</gpxtpx:hr>
      <gpxtpx:cad>86</gpxtpx:cad>
     </gpxtpx:TrackPointExtension>
    </extensions>
   </trkpt>
   <trkpt lat="37.2574510" lon="-79.9537290">
    <ele>280.8</ele>
    <time>2026-04-08T09:33:46Z</time>
    <extensions>
     <power>363</power>
     <gpxtpx:TrackPointExtension>
      <gpxtpx:hr>140</gpxtpx:hr>
      <gpxtpx:cad>85</gpxtpx:cad>
     </gpxtpx:TrackPointExtension>
    </extensions>
   </trkpt>
   <trkpt lat="37.2574660" lon="-79.9537560">
    <ele>280.7</ele>
    <time>2026-04-08T09:33:47Z</time>
    <extensions>
     <power>365</power>
     <gpxtpx:TrackPointExtension>
      <gpxtpx:hr>139</gpxtpx:hr>
      <gpxtpx:cad>85</gpxtpx:cad>
     </gpxtpx:TrackPointExtension>
    </extensions>
   </trkpt>
   <trkpt lat="37.2574800" lon="-79.9537870">
    <ele>280.6</ele>
    <time>2026-04-08T09:33:48Z</time>
    <extensions>
     <power>365</power>
     <gpxtpx:TrackPointExtension>
      <gpxtpx:hr>140</gpxtpx:hr>
      <gpxtpx:cad>85</gpxtpx:cad>
     </gpxtpx:TrackPointExtension>
    </extensions>
   </trkpt>
   <trkpt lat="37.2574930" lon="-79.9538150">
    <ele>280.5</ele>
    <time>2026-04-08T09:33:49Z</time>
    <extensions>
     <power>363</power>
     <gpxtpx:TrackPointExtension>
      <gpxtpx:hr>140</gpxtpx:hr>
      <gpxtpx:cad>85</gpxtpx:cad>
     </gpxtpx:TrackPointExtension>
    </extensions>
   </trkpt>
   <trkpt lat="37.2575060" lon="-79.9538420">
    <ele>280.4</ele>
    <time>2026-04-08T09:33:50Z</time>
    <extensions>
     <power>363</power>
     <gpxtpx:TrackPointExtension>
      <gpxtpx:hr>140</gpxtpx:hr>
      <gpxtpx:cad>85</gpxtpx:cad>
     </gpxtpx:TrackPointExtension>
    </extensions>
   </trkpt>
   <trkpt lat="37.2575190" lon="-79.9538710">
    <ele>280.3</ele>
    <time>2026-04-08T09:33:51Z</time>
    <extensions>
     <power>363</power>
     <gpxtpx:TrackPointExtension>
      <gpxtpx:hr>140</gpxtpx:hr>
      <gpxtpx:cad>85</gpxtpx:cad>
     </gpxtpx:TrackPointExtension>
    </extensions>
   </trkpt>
   <trkpt lat="37.2575290" lon="-79.9538980">
    <ele>280.2</ele>
    <time>2026-04-08T09:33:52Z</time>
    <extensions>
     <power>361</power>
     <gpxtpx:TrackPointExtension>
      <gpxtpx:hr>140</gpxtpx:hr>
      <gpxtpx:cad>85</gpxtpx:cad>
     </gpxtpx:TrackPointExtension>
    </extensions>
   </trkpt>
   <trkpt lat="37.2575370" lon="-79.9539250">
    <ele>280.1</ele>
    <time>2026-04-08T09:33:53Z</time>
    <extensions>
     <power>361</power>
     <gpxtpx:TrackPointExtension>
      <gpxtpx:hr>140</gpxtpx:hr>
      <gpxtpx:cad>85</gpxtpx:cad>
     </gpxtpx:TrackPointExtension>
    </extensions>
   </trkpt>
   <trkpt lat="37.2575470" lon="-79.9539500">
    <ele>280.0</ele>
    <time>2026-04-08T09:33:54Z</time>
    <extensions>
     <power>361</power>
     <gpxtpx:TrackPointExtension>
      <gpxtpx:hr>140</gpxtpx:hr>
      <gpxtpx:cad>85</gpxtpx:cad>
     </gpxtpx:TrackPointExtension>
    </extensions>
   </trkpt>
   <trkpt lat="37.2575600" lon="-79.9539740">
    <ele>279.9</ele>
    <time>2026-04-08T09:33:55Z</time>
    <extensions>
     <power>359</power>
     <gpxtpx:TrackPointExtension>
      <gpxtpx:hr>140</gpxtpx:hr>
      <gpxtpx:cad>85</gpxtpx:cad>
     </gpxtpx:TrackPointExtension>
    </extensions>
   </trkpt>
   <trkpt lat="37.2575730" lon="-79.9540010">
    <ele>279.8</ele>
    <time>2026-04-08T09:33:56Z</time>
    <extensions>
     <power>359</power>
     <gpxtpx:TrackPointExtension>
      <gpxtpx:hr>140</gpxtpx:hr>
      <gpxtpx:cad>85</gpxtpx:cad>
     </gpxtpx:TrackPointExtension>
    </extensions>
   </trkpt>
   <trkpt lat="37.2575850" lon="-79.9540260">
    <ele>279.7</ele>
    <time>2026-04-08T09:33:57Z</time>
    <extensions>
     <power>364</power>
     <gpxtpx:TrackPointExtension>
      <gpxtpx:hr>140</gpxtpx:hr>
      <gpxtpx:cad>85</gpxtpx:cad>
     </gpxtpx:TrackPointExtension>
    </extensions>
   </trkpt>
   <trkpt lat="37.2575990" lon="-79.9540530">
    <ele>279.6</ele>
    <time>2026-04-08T09:33:58Z</time>
    <extensions>
     <power>378</power>
     <gpxtpx:TrackPointExtension>
      <gpxtpx:hr>141</gpxtpx:hr>
      <gpxtpx:cad>84</gpxtpx:cad>
     </gpxtpx:TrackPointExtension>
    </extensions>
   </trkpt>
   <trkpt lat="37.2576120" lon="-79.9540800">
    <ele>279.5</ele>
    <time>2026-04-08T09:33:59Z</time>
    <extensions>
     <power>389</power>
     <gpxtpx:TrackPointExtension>
      <gpxtpx:hr>140</gpxtpx:hr>
      <gpxtpx:cad>84</gpxtpx:cad>
     </gpxtpx:TrackPointExtension>
    </extensions>
   </trkpt>
   <trkpt lat="37.2576240" lon="-79.9541100">
    <ele>279.4</ele>
    <time>2026-04-08T09:34:00Z</time>
    <extensions>
     <power>379</power>
     <gpxtpx:TrackPointExtension>
      <gpxtpx:hr>140</gpxtpx:hr>
      <gpxtpx:cad>84</gpxtpx:cad>
     </gpxtpx:TrackPointExtension>
    </extensions>
   </trkpt>
   <trkpt lat="37.2576360" lon="-79.9541410">
    <ele>279.3</ele>
    <time>2026-04-08T09:34:01Z</time>
    <extensions>
     <power>376</power>
     <gpxtpx:TrackPointExtension>
      <gpxtpx:hr>141</gpxtpx:hr>
      <gpxtpx:cad>84</gpxtpx:cad>
     </gpxtpx:TrackPointExtension>
    </extensions>
   </trkpt>
   <trkpt lat="37.2576480" lon="-79.9541730">
    <ele>279.3</ele>
    <time>2026-04-08T09:34:02Z</time>
    <extensions>
     <power>381</power>
     <gpxtpx:TrackPointExtension>
      <gpxtpx:hr>140</gpxtpx:hr>
      <gpxtpx:cad>84</gpxtpx:cad>
     </gpxtpx:TrackPointExtension>
    </extensions>
   </trkpt>
   <trkpt lat="37.2576590" lon="-79.9542020">
    <ele>279.4</ele>
    <time>2026-04-08T09:34:03Z</time>
    <extensions>
     <power>381</power>
     <gpxtpx:TrackPointExtension>
      <gpxtpx:hr>140</gpxtpx:hr>
      <gpxtpx:cad>84</gpxtpx:cad>
     </gpxtpx:TrackPointExtension>
    </extensions>
   </trkpt>
   <trkpt lat="37.2576710" lon="-79.9542300">
    <ele>279.5</ele>
    <time>2026-04-08T09:34:04Z</time>
    <extensions>
     <power>383</power>
     <gpxtpx:TrackPointExtension>
      <gpxtpx:hr>140</gpxtpx:hr>
      <gpxtpx:cad>84</gpxtpx:cad>
     </gpxtpx:TrackPointExtension>
    </extensions>
   </trkpt>
   <trkpt lat="37.2576840" lon="-79.9542600">
    <ele>279.7</ele>
    <time>2026-04-08T09:34:05Z</time>
    <extensions>
     <power>381</power>
     <gpxtpx:TrackPointExtension>
      <gpxtpx:hr>140</gpxtpx:hr>
      <gpxtpx:cad>84</gpxtpx:cad>
     </gpxtpx:TrackPointExtension>
    </extensions>
   </trkpt>
   <trkpt lat="37.2576960" lon="-79.9542880">
    <ele>279.8</ele>
    <time>2026-04-08T09:34:06Z</time>
    <extensions>
     <power>377</power>
     <gpxtpx:TrackPointExtension>
      <gpxtpx:hr>140</gpxtpx:hr>
      <gpxtpx:cad>84</gpxtpx:cad>
     </gpxtpx:TrackPointExtension>
    </extensions>
   </trkpt>
   <trkpt lat="37.2577050" lon="-79.9543180">
    <ele>279.9</ele>
    <time>2026-04-08T09:34:07Z</time>
    <extensions>
     <power>373</power>
     <gpxtpx:TrackPointExtension>
      <gpxtpx:hr>140</gpxtpx:hr>
      <gpxtpx:cad>85</gpxtpx:cad>
     </gpxtpx:TrackPointExtension>
    </extensions>
   </trkpt>
   <trkpt lat="37.2577170" lon="-79.9543490">
    <ele>280.1</ele>
    <time>2026-04-08T09:34:08Z</time>
    <extensions>
     <power>376</power>
     <gpxtpx:TrackPointExtension>
      <gpxtpx:hr>140</gpxtpx:hr>
      <gpxtpx:cad>85</gpxtpx:cad>
     </gpxtpx:TrackPointExtension>
    </extensions>
   </trkpt>
   <trkpt lat="37.2577290" lon="-79.9543780">
    <ele>280.2</ele>
    <time>2026-04-08T09:34:09Z</time>
    <extensions>
     <power>377</power>
     <gpxtpx:TrackPointExtension>
      <gpxtpx:hr>140</gpxtpx:hr>
      <gpxtpx:cad>84</gpxtpx:cad>
     </gpxtpx:TrackPointExtension>
    </extensions>
   </trkpt>
   <trkpt lat="37.2577430" lon="-79.9544080">
    <ele>280.3</ele>
    <time>2026-04-08T09:34:10Z</time>
    <extensions>
     <power>375</power>
     <gpxtpx:TrackPointExtension>
      <gpxtpx:hr>140</gpxtpx:hr>
      <gpxtpx:cad>84</gpxtpx:cad>
     </gpxtpx:TrackPointExtension>
    </extensions>
   </trkpt>
   <trkpt lat="37.2577580" lon="-79.9544380">
    <ele>280.5</ele>
    <time>2026-04-08T09:34:11Z</time>
    <extensions>
     <power>378</power>
     <gpxtpx:TrackPointExtension>
      <gpxtpx:hr>140</gpxtpx:hr>
      <gpxtpx:cad>84</gpxtpx:cad>
     </gpxtpx:TrackPointExtension>
    </extensions>
   </trkpt>
   <trkpt lat="37.2577730" lon="-79.9544710">
    <ele>280.7</ele>
    <time>2026-04-08T09:34:12Z</time>
    <extensions>
     <power>381</power>
     <gpxtpx:TrackPointExtension>
      <gpxtpx:hr>139</gpxtpx:hr>
      <gpxtpx:cad>84</gpxtpx:cad>
     </gpxtpx:TrackPointExtension>
    </extensions>
   </trkpt>
   <trkpt lat="37.2577890" lon="-79.9545010">
    <ele>280.8</ele>
    <time>2026-04-08T09:34:13Z</time>
    <extensions>
     <power>383</power>
     <gpxtpx:TrackPointExtension>
      <gpxtpx:hr>139</gpxtpx:hr>
      <gpxtpx:cad>84</gpxtpx:cad>
     </gpxtpx:TrackPointExtension>
    </extensions>
   </trkpt>
   <trkpt lat="37.2578040" lon="-79.9545280">
    <ele>280.9</ele>
    <time>2026-04-08T09:34:14Z</time>
    <extensions>
     <power>392</power>
     <gpxtpx:TrackPointExtension>
      <gpxtpx:hr>139</gpxtpx:hr>
      <gpxtpx:cad>84</gpxtpx:cad>
     </gpxtpx:TrackPointExtension>
    </extensions>
   </trkpt>
   <trkpt lat="37.2578170" lon="-79.9545560">
    <ele>281.1</ele>
    <time>2026-04-08T09:34:15Z</time>
    <extensions>
     <power>396</power>
     <gpxtpx:TrackPointExtension>
      <gpxtpx:hr>140</gpxtpx:hr>
      <gpxtpx:cad>84</gpxtpx:cad>
     </gpxtpx:TrackPointExtension>
    </extensions>
   </trkpt>
   <trkpt lat="37.2578300" lon="-79.9545860">
    <ele>281.2</ele>
    <time>2026-04-08T09:34:16Z</time>
    <extensions>
     <power>395</power>
     <gpxtpx:TrackPointExtension>
      <gpxtpx:hr>139</gpxtpx:hr>
      <gpxtpx:cad>85</gpxtpx:cad>
     </gpxtpx:TrackPointExtension>
    </extensions>
   </trkpt>
   <trkpt lat="37.2578430" lon="-79.9546150">
    <ele>281.3</ele>
    <time>2026-04-08T09:34:17Z</time>
    <extensions>
     <power>393</power>
     <gpxtpx:TrackPointExtension>
      <gpxtpx:hr>139</gpxtpx:hr>
      <gpxtpx:cad>85</gpxtpx:cad>
     </gpxtpx:TrackPointExtension>
    </extensions>
   </trkpt>
   <trkpt lat="37.2578560" lon="-79.9546470">
    <ele>281.5</ele>
    <time>2026-04-08T09:34:18Z</time>
    <extensions>
     <power>389</power>
     <gpxtpx:TrackPointExtension>
      <gpxtpx:hr>139</gpxtpx:hr>
      <gpxtpx:cad>85</gpxtpx:cad>
     </gpxtpx:TrackPointExtension>
    </extensions>
   </trkpt>
   <trkpt lat="37.2578680" lon="-79.9546790">
    <ele>281.6</ele>
    <time>2026-04-08T09:34:19Z</time>
    <extensions>
     <power>390</power>
     <gpxtpx:TrackPointExtension>
      <gpxtpx:hr>140</gpxtpx:hr>
      <gpxtpx:cad>85</gpxtpx:cad>
     </gpxtpx:TrackPointExtension>
    </extensions>
   </trkpt>
   <trkpt lat="37.2578750" lon="-79.9547110">
    <ele>281.8</ele>
    <time>2026-04-08T09:34:20Z</time>
    <extensions>
     <power>394</power>
     <gpxtpx:TrackPointExtension>
      <gpxtpx:hr>139</gpxtpx:hr>
      <gpxtpx:cad>85</gpxtpx:cad>
     </gpxtpx:TrackPointExtension>
    </extensions>
   </trkpt>
   <trkpt lat="37.2578820" lon="-79.9547440">
    <ele>281.9</ele>
    <time>2026-04-08T09:34:21Z</time>
    <extensions>
     <power>397</power>
     <gpxtpx:TrackPointExtension>
      <gpxtpx:hr>139</gpxtpx:hr>
      <gpxtpx:cad>85</gpxtpx:cad>
     </gpxtpx:TrackPointExtension>
    </extensions>
   </trkpt>
   <trkpt lat="37.2578900" lon="-79.9547780">
    <ele>282.1</ele>
    <time>2026-04-08T09:34:22Z</time>
    <extensions>
     <power>392</power>
     <gpxtpx:TrackPointExtension>
      <gpxtpx:hr>139</gpxtpx:hr>
      <gpxtpx:cad>86</gpxtpx:cad>
     </gpxtpx:TrackPointExtension>
    </extensions>
   </trkpt>
   <trkpt lat="37.2578980" lon="-79.9548090">
    <ele>282.2</ele>
    <time>2026-04-08T09:34:23Z</time>
    <extensions>
     <power>389</power>
     <gpxtpx:TrackPointExtension>
      <gpxtpx:hr>139</gpxtpx:hr>
      <gpxtpx:cad>86</gpxtpx:cad>
     </gpxtpx:TrackPointExtension>
    </extensions>
   </trkpt>
   <trkpt lat="37.2579050" lon="-79.9548410">
    <ele>282.3</ele>
    <time>2026-04-08T09:34:24Z</time>
    <extensions>
     <power>392</power>
     <gpxtpx:TrackPointExtension>
      <gpxtpx:hr>139</gpxtpx:hr>
      <gpxtpx:cad>85</gpxtpx:cad>
     </gpxtpx:TrackPointExtension>
    </extensions>
   </trkpt>
   <trkpt lat="37.2579130" lon="-79.9548720">
    <ele>282.5</ele>
    <time>2026-04-08T09:34:25Z</time>
    <extensions>
     <power>394</power>
     <gpxtpx:TrackPointExtension>
      <gpxtpx:hr>139</gpxtpx:hr>
      <gpxtpx:cad>85</gpxtpx:cad>
     </gpxtpx:TrackPointExtension>
    </extensions>
   </trkpt>
   <trkpt lat="37.2579210" lon="-79.9549030">
    <ele>282.6</ele>
    <time>2026-04-08T09:34:26Z</time>
    <extensions>
     <power>393</power>
     <gpxtpx:TrackPointExtension>
      <gpxtpx:hr>139</gpxtpx:hr>
      <gpxtpx:cad>86</gpxtpx:cad>
     </gpxtpx:TrackPointExtension>
    </extensions>
   </trkpt>
   <trkpt lat="37.2579290" lon="-79.9549350">
    <ele>282.7</ele>
    <time>2026-04-08T09:34:27Z</time>
    <extensions>
     <power>389</power>
     <gpxtpx:TrackPointExtension>
      <gpxtpx:hr>138</gpxtpx:hr>
      <gpxtpx:cad>86</gpxtpx:cad>
     </gpxtpx:TrackPointExtension>
    </extensions>
   </trkpt>
   <trkpt lat="37.2579360" lon="-79.9549660">
    <ele>282.9</ele>
    <time>2026-04-08T09:34:28Z</time>
    <extensions>
     <power>384</power>
     <gpxtpx:TrackPointExtension>
      <gpxtpx:hr>139</gpxtpx:hr>
      <gpxtpx:cad>86</gpxtpx:cad>
     </gpxtpx:TrackPointExtension>
    </extensions>
   </trkpt>
   <trkpt lat="37.2579440" lon="-79.9549990">
    <ele>283.0</ele>
    <time>2026-04-08T09:34:29Z</time>
    <extensions>
     <power>379</power>
     <gpxtpx:TrackPointExtension>
      <gpxtpx:hr>139</gpxtpx:hr>
      <gpxtpx:cad>86</gpxtpx:cad>
     </gpxtpx:TrackPointExtension>
    </extensions>
   </trkpt>
   <trkpt lat="37.2579530" lon="-79.9550340">
    <ele>283.2</ele>
    <time>2026-04-08T09:34:30Z</time>
    <extensions>
     <power>374</power>
     <gpxtpx:TrackPointExtension>
      <gpxtpx:hr>139</gpxtpx:hr>
      <gpxtpx:cad>86</gpxtpx:cad>
     </gpxtpx:TrackPointExtension>
    </extensions>
   </trkpt>
   <trkpt lat="37.2579610" lon="-79.9550670">
    <ele>283.3</ele>
    <time>2026-04-08T09:34:31Z</time>
    <extensions>
     <power>374</power>
     <gpxtpx:TrackPointExtension>
      <gpxtpx:hr>138</gpxtpx:hr>
      <gpxtpx:cad>86</gpxtpx:cad>
     </gpxtpx:TrackPointExtension>
    </extensions>
   </trkpt>
   <trkpt lat="37.2579680" lon="-79.9551020">
    <ele>283.5</ele>
    <time>2026-04-08T09:34:32Z</time>
    <extensions>
     <power>369</power>
     <gpxtpx:TrackPointExtension>
      <gpxtpx:hr>139</gpxtpx:hr>
      <gpxtpx:cad>86</gpxtpx:cad>
     </gpxtpx:TrackPointExtension>
    </extensions>
   </trkpt>
   <trkpt lat="37.2579740" lon="-79.9551340">
    <ele>283.6</ele>
    <time>2026-04-08T09:34:33Z</time>
    <extensions>
     <power>366</power>
     <gpxtpx:TrackPointExtension>
      <gpxtpx:hr>139</gpxtpx:hr>
      <gpxtpx:cad>86</gpxtpx:cad>
     </gpxtpx:TrackPointExtension>
    </extensions>
   </trkpt>
   <trkpt lat="37.2579800" lon="-79.9551670">
    <ele>283.7</ele>
    <time>2026-04-08T09:34:34Z</time>
    <extensions>
     <power>368</power>
     <gpxtpx:TrackPointExtension>
      <gpxtpx:hr>139</gpxtpx:hr>
      <gpxtpx:cad>86</gpxtpx:cad>
     </gpxtpx:TrackPointExtension>
    </extensions>
   </trkpt>
   <trkpt lat="37.2579880" lon="-79.9551990">
    <ele>283.9</ele>
    <time>2026-04-08T09:34:35Z</time>
    <extensions>
     <power>373</power>
     <gpxtpx:TrackPointExtension>
      <gpxtpx:hr>138</gpxtpx:hr>
      <gpxtpx:cad>85</gpxtpx:cad>
     </gpxtpx:TrackPointExtension>
    </extensions>
   </trkpt>
   <trkpt lat="37.2579940" lon="-79.9552340">
    <ele>284.0</ele>
    <time>2026-04-08T09:34:36Z</time>
    <extensions>
     <power>378</power>
     <gpxtpx:TrackPointExtension>
      <gpxtpx:hr>139</gpxtpx:hr>
      <gpxtpx:cad>85</gpxtpx:cad>
     </gpxtpx:TrackPointExtension>
    </extensions>
   </trkpt>
   <trkpt lat="37.2580030" lon="-79.9552680">
    <ele>284.2</ele>
    <time>2026-04-08T09:34:37Z</time>
    <extensions>
     <power>379</power>
     <gpxtpx:TrackPointExtension>
      <gpxtpx:hr>139</gpxtpx:hr>
      <gpxtpx:cad>85</gpxtpx:cad>
     </gpxtpx:TrackPointExtension>
    </extensions>
   </trkpt>
   <trkpt lat="37.2580100" lon="-79.9553000">
    <ele>284.3</ele>
    <time>2026-04-08T09:34:38Z</time>
    <extensions>
     <power>379</power>
     <gpxtpx:TrackPointExtension>
      <gpxtpx:hr>139</gpxtpx:hr>
      <gpxtpx:cad>85</gpxtpx:cad>
     </gpxtpx:TrackPointExtension>
    </extensions>
   </trkpt>
   <trkpt lat="37.2580200" lon="-79.9553330">
    <ele>284.5</ele>
    <time>2026-04-08T09:34:39Z</time>
    <extensions>
     <power>384</power>
     <gpxtpx:TrackPointExtension>
      <gpxtpx:hr>139</gpxtpx:hr>
      <gpxtpx:cad>85</gpxtpx:cad>
     </gpxtpx:TrackPointExtension>
    </extensions>
   </trkpt>
   <trkpt lat="37.2580270" lon="-79.9553660">
    <ele>284.6</ele>
    <time>2026-04-08T09:34:40Z</time>
    <extensions>
     <power>384</power>
     <gpxtpx:TrackPointExtension>
      <gpxtpx:hr>139</gpxtpx:hr>
      <gpxtpx:cad>85</gpxtpx:cad>
     </gpxtpx:TrackPointExtension>
    </extensions>
   </trkpt>
   <trkpt lat="37.2580350" lon="-79.9553980">
    <ele>284.7</ele>
    <time>2026-04-08T09:34:41Z</time>
    <extensions>
     <power>377</power>
     <gpxtpx:TrackPointExtension>
      <gpxtpx:hr>139</gpxtpx:hr>
      <gpxtpx:cad>85</gpxtpx:cad>
     </gpxtpx:TrackPointExtension>
    </extensions>
   </trkpt>
   <trkpt lat="37.2580420" lon="-79.9554310">
    <ele>284.9</ele>
    <time>2026-04-08T09:34:42Z</time>
    <extensions>
     <power>374</power>
     <gpxtpx:TrackPointExtension>
      <gpxtpx:hr>139</gpxtpx:hr>
      <gpxtpx:cad>85</gpxtpx:cad>
     </gpxtpx:TrackPointExtension>
    </extensions>
   </trkpt>
   <trkpt lat="37.2580490" lon="-79.9554660">
    <ele>285.0</ele>
    <time>2026-04-08T09:34:43Z</time>
    <extensions>
     <power>372</power>
     <gpxtpx:TrackPointExtension>
      <gpxtpx:hr>140</gpxtpx:hr>
      <gpxtpx:cad>85</gpxtpx:cad>
     </gpxtpx:TrackPointExtension>
    </extensions>
   </trkpt>
   <trkpt lat="37.2580540" lon="-79.9554980">
    <ele>285.2</ele>
    <time>2026-04-08T09:34:44Z</time>
    <extensions>
     <power>368</power>
     <gpxtpx:TrackPointExtension>
      <gpxtpx:hr>140</gpxtpx:hr>
      <gpxtpx:cad>86</gpxtpx:cad>
     </gpxtpx:TrackPointExtension>
    </extensions>
   </trkpt>
   <trkpt lat="37.2580600" lon="-79.9555310">
    <ele>285.3</ele>
    <time>2026-04-08T09:34:45Z</time>
    <extensions>
     <power>373</power>
     <gpxtpx:TrackPointExtension>
      <gpxtpx:hr>140</gpxtpx:hr>
      <gpxtpx:cad>86</gpxtpx:cad>
     </gpxtpx:TrackPointExtension>
    </extensions>
   </trkpt>
   <trkpt lat="37.2580680" lon="-79.9555640">
    <ele>285.4</ele>
    <time>2026-04-08T09:34:46Z</time>
    <extensions>
     <power>375</power>
     <gpxtpx:TrackPointExtension>
      <gpxtpx:hr>139</gpxtpx:hr>
      <gpxtpx:cad>86</gpxtpx:cad>
     </gpxtpx:TrackPointExtension>
    </extensions>
   </trkpt>
   <trkpt lat="37.2580750" lon="-79.9555970">
    <ele>285.6</ele>
    <time>2026-04-08T09:34:47Z</time>
    <extensions>
     <power>377</power>
     <gpxtpx:TrackPointExtension>
      <gpxtpx:hr>140</gpxtpx:hr>
      <gpxtpx:cad>85</gpxtpx:cad>
     </gpxtpx:TrackPointExtension>
    </extensions>
   </trkpt>
   <trkpt lat="37.2580830" lon="-79.9556290">
    <ele>285.7</ele>
    <time>2026-04-08T09:34:48Z</time>
    <extensions>
     <power>382</power>
     <gpxtpx:TrackPointExtension>
      <gpxtpx:hr>140</gpxtpx:hr>
      <gpxtpx:cad>85</gpxtpx:cad>
     </gpxtpx:TrackPointExtension>
    </extensions>
   </trkpt>
   <trkpt lat="37.2580910" lon="-79.9556620">
    <ele>285.9</ele>
    <time>2026-04-08T09:34:49Z</time>
    <extensions>
     <power>384</power>
     <gpxtpx:TrackPointExtension>
      <gpxtpx:hr>139</gpxtpx:hr>
      <gpxtpx:cad>85</gpxtpx:cad>
     </gpxtpx:TrackPointExtension>
    </extensions>
   </trkpt>
   <trkpt lat="37.2580960" lon="-79.9556930">
    <ele>286.0</ele>
    <time>2026-04-08T09:34:50Z</time>
    <extensions>
     <power>389</power>
     <gpxtpx:TrackPointExtension>
      <gpxtpx:hr>139</gpxtpx:hr>
      <gpxtpx:cad>84</gpxtpx:cad>
     </gpxtpx:TrackPointExtension>
    </extensions>
   </trkpt>
   <trkpt lat="37.2581030" lon="-79.9557260">
    <ele>286.1</ele>
    <time>2026-04-08T09:34:51Z</time>
    <extensions>
     <power>394</power>
     <gpxtpx:TrackPointExtension>
      <gpxtpx:hr>139</gpxtpx:hr>
      <gpxtpx:cad>84</gpxtpx:cad>
     </gpxtpx:TrackPointExtension>
    </extensions>
   </trkpt>
   <trkpt lat="37.2581080" lon="-79.9557580">
    <ele>286.1</ele>
    <time>2026-04-08T09:34:52Z</time>
    <extensions>
     <power>398</power>
     <gpxtpx:TrackPointExtension>
      <gpxtpx:hr>140</gpxtpx:hr>
      <gpxtpx:cad>84</gpxtpx:cad>
     </gpxtpx:TrackPointExtension>
    </extensions>
   </trkpt>
   <trkpt lat="37.2581140" lon="-79.9557920">
    <ele>286.1</ele>
    <time>2026-04-08T09:34:53Z</time>
    <extensions>
     <power>398</power>
     <gpxtpx:TrackPointExtension>
      <gpxtpx:hr>140</gpxtpx:hr>
      <gpxtpx:cad>84</gpxtpx:cad>
     </gpxtpx:TrackPointExtension>
    </extensions>
   </trkpt>
   <trkpt lat="37.2581190" lon="-79.9558250">
    <ele>286.1</ele>
    <time>2026-04-08T09:34:54Z</time>
    <extensions>
     <power>396</power>
     <gpxtpx:TrackPointExtension>
      <gpxtpx:hr>140</gpxtpx:hr>
      <gpxtpx:cad>84</gpxtpx:cad>
     </gpxtpx:TrackPointExtension>
    </extensions>
   </trkpt>
   <trkpt lat="37.2581240" lon="-79.9558570">
    <ele>286.1</ele>
    <time>2026-04-08T09:34:55Z</time>
    <extensions>
     <power>391</power>
     <gpxtpx:TrackPointExtension>
      <gpxtpx:hr>140</gpxtpx:hr>
      <gpxtpx:cad>84</gpxtpx:cad>
     </gpxtpx:TrackPointExtension>
    </extensions>
   </trkpt>
   <trkpt lat="37.2581310" lon="-79.9558920">
    <ele>286.0</ele>
    <time>2026-04-08T09:34:56Z</time>
    <extensions>
     <power>388</power>
     <gpxtpx:TrackPointExtension>
      <gpxtpx:hr>140</gpxtpx:hr>
      <gpxtpx:cad>84</gpxtpx:cad>
     </gpxtpx:TrackPointExtension>
    </extensions>
   </trkpt>
   <trkpt lat="37.2581390" lon="-79.9559240">
    <ele>286.0</ele>
    <time>2026-04-08T09:34:57Z</time>
    <extensions>
     <power>389</power>
     <gpxtpx:TrackPointExtension>
      <gpxtpx:hr>140</gpxtpx:hr>
      <gpxtpx:cad>84</gpxtpx:cad>
     </gpxtpx:TrackPointExtension>
    </extensions>
   </trkpt>
   <trkpt lat="37.2581500" lon="-79.9559550">
    <ele>286.0</ele>
    <time>2026-04-08T09:34:58Z</time>
    <extensions>
     <power>388</power>
     <gpxtpx:TrackPointExtension>
      <gpxtpx:hr>140</gpxtpx:hr>
      <gpxtpx:cad>84</gpxtpx:cad>
     </gpxtpx:TrackPointExtension>
    </extensions>
   </trkpt>
   <trkpt lat="37.2581620" lon="-79.9559840">
    <ele>285.9</ele>
    <time>2026-04-08T09:34:59Z</time>
    <extensions>
     <power>386</power>
     <gpxtpx:TrackPointExtension>
      <gpxtpx:hr>140</gpxtpx:hr>
      <gpxtpx:cad>84</gpxtpx:cad>
     </gpxtpx:TrackPointExtension>
    </extensions>
   </trkpt>
   <trkpt lat="37.2581770" lon="-79.9560130">
    <ele>285.9</ele>
    <time>2026-04-08T09:35:00Z</time>
    <extensions>
     <power>384</power>
     <gpxtpx:TrackPointExtension>
      <gpxtpx:hr>140</gpxtpx:hr>
      <gpxtpx:cad>84</gpxtpx:cad>
     </gpxtpx:TrackPointExtension>
    </extensions>
   </trkpt>
   <trkpt lat="37.2581950" lon="-79.9560400">
    <ele>285.9</ele>
    <time>2026-04-08T09:35:01Z</time>
    <extensions>
     <power>382</power>
     <gpxtpx:TrackPointExtension>
      <gpxtpx:hr>140</gpxtpx:hr>
      <gpxtpx:cad>84</gpxtpx:cad>
     </gpxtpx:TrackPointExtension>
    </extensions>
   </trkpt>
   <trkpt lat="37.2582150" lon="-79.9560670">
    <ele>285.9</ele>
    <time>2026-04-08T09:35:02Z</time>
    <extensions>
     <power>383</power>
     <gpxtpx:TrackPointExtension>
      <gpxtpx:hr>141</gpxtpx:hr>
      <gpxtpx:cad>84</gpxtpx:cad>
     </gpxtpx:TrackPointExtension>
    </extensions>
   </trkpt>
   <trkpt lat="37.2582360" lon="-79.9560890">
    <ele>285.8</ele>
    <time>2026-04-08T09:35:03Z</time>
    <extensions>
     <power>383</power>
     <gpxtpx:TrackPointExtension>
      <gpxtpx:hr>140</gpxtpx:hr>
      <gpxtpx:cad>84</gpxtpx:cad>
     </gpxtpx:TrackPointExtension>
    </extensions>
   </trkpt>
   <trkpt lat="37.2582540" lon="-79.9561100">
    <ele>285.8</ele>
    <time>2026-04-08T09:35:04Z</time>
    <extensions>
     <power>379</power>
     <gpxtpx:TrackPointExtension>
      <gpxtpx:hr>140</gpxtpx:hr>
      <gpxtpx:cad>84</gpxtpx:cad>
     </gpxtpx:TrackPointExtension>
    </extensions>
   </trkpt>
   <trkpt lat="37.2582730" lon="-79.9561320">
    <ele>285.8</ele>
    <time>2026-04-08T09:35:05Z</time>
    <extensions>
     <power>375</power>
     <gpxtpx:TrackPointExtension>
      <gpxtpx:hr>139</gpxtpx:hr>
      <gpxtpx:cad>84</gpxtpx:cad>
     </gpxtpx:TrackPointExtension>
    </extensions>
   </trkpt>
   <trkpt lat="37.2582950" lon="-79.9561530">
    <ele>285.7</ele>
    <time>2026-04-08T09:35:06Z</time>
    <extensions>
     <power>378</power>
     <gpxtpx:TrackPointExtension>
      <gpxtpx:hr>139</gpxtpx:hr>
      <gpxtpx:cad>83</gpxtpx:cad>
     </gpxtpx:TrackPointExtension>
    </extensions>
   </trkpt>
   <trkpt lat="37.2583170" lon="-79.9561720">
    <ele>285.7</ele>
    <time>2026-04-08T09:35:07Z</time>
    <extensions>
     <power>379</power>
     <gpxtpx:TrackPointExtension>
      <gpxtpx:hr>139</gpxtpx:hr>
      <gpxtpx:cad>83</gpxtpx:cad>
     </gpxtpx:TrackPointExtension>
    </extensions>
   </trkpt>
   <trkpt lat="37.2583390" lon="-79.9561910">
    <ele>285.7</ele>
    <time>2026-04-08T09:35:08Z</time>
    <extensions>
     <power>378</power>
     <gpxtpx:TrackPointExtension>
      <gpxtpx:hr>140</gpxtpx:hr>
      <gpxtpx:cad>83</gpxtpx:cad>
     </gpxtpx:TrackPointExtension>
    </extensions>
   </trkpt>
   <trkpt lat="37.2583590" lon="-79.9562100">
    <ele>285.7</ele>
    <time>2026-04-08T09:35:09Z</time>
    <extensions>
     <power>376</power>
     <gpxtpx:TrackPointExtension>
      <gpxtpx:hr>140</gpxtpx:hr>
      <gpxtpx:cad>84</gpxtpx:cad>
     </gpxtpx:TrackPointExtension>
    </extensions>
   </trkpt>
   <trkpt lat="37.2583790" lon="-79.9562280">
    <ele>285.6</ele>
    <time>2026-04-08T09:35:10Z</time>
    <extensions>
     <power>376</power>
     <gpxtpx:TrackPointExtension>
      <gpxtpx:hr>140</gpxtpx:hr>
      <gpxtpx:cad>84</gpxtpx:cad>
     </gpxtpx:TrackPointExtension>
    </extensions>
   </trkpt>
   <trkpt lat="37.2584010" lon="-79.9562450">
    <ele>285.6</ele>
    <time>2026-04-08T09:35:11Z</time>
    <extensions>
     <power>376</power>
     <gpxtpx:TrackPointExtension>
      <gpxtpx:hr>140</gpxtpx:hr>
      <gpxtpx:cad>84</gpxtpx:cad>
     </gpxtpx:TrackPointExtension>
    </extensions>
   </trkpt>
   <trkpt lat="37.2584230" lon="-79.9562630">
    <ele>285.6</ele>
    <time>2026-04-08T09:35:12Z</time>
    <extensions>
     <power>376</power>
     <gpxtpx:TrackPointExtension>
      <gpxtpx:hr>140</gpxtpx:hr>
      <gpxtpx:cad>84</gpxtpx:cad>
     </gpxtpx:TrackPointExtension>
    </extensions>
   </trkpt>
   <trkpt lat="37.2584470" lon="-79.9562810">
    <ele>285.5</ele>
    <time>2026-04-08T09:35:13Z</time>
    <extensions>
     <power>373</power>
     <gpxtpx:TrackPointExtension>
      <gpxtpx:hr>140</gpxtpx:hr>
      <gpxtpx:cad>84</gpxtpx:cad>
     </gpxtpx:TrackPointExtension>
    </extensions>
   </trkpt>
   <trkpt lat="37.2584730" lon="-79.9562970">
    <ele>285.5</ele>
    <time>2026-04-08T09:35:14Z</time>
    <extensions>
     <power>372</power>
     <gpxtpx:TrackPointExtension>
      <gpxtpx:hr>140</gpxtpx:hr>
      <gpxtpx:cad>84</gpxtpx:cad>
     </gpxtpx:TrackPointExtension>
    </extensions>
   </trkpt>
   <trkpt lat="37.2585010" lon="-79.9563120">
    <ele>285.5</ele>
    <time>2026-04-08T09:35:15Z</time>
    <extensions>
     <power>369</power>
     <gpxtpx:TrackPointExtension>
      <gpxtpx:hr>140</gpxtpx:hr>
      <gpxtpx:cad>84</gpxtpx:cad>
     </gpxtpx:TrackPointExtension>
    </extensions>
   </trkpt>
   <trkpt lat="37.2585280" lon="-79.9563300">
    <ele>285.5</ele>
    <time>2026-04-08T09:35:16Z</time>
    <extensions>
     <power>367</power>
     <gpxtpx:TrackPointExtension>
      <gpxtpx:hr>140</gpxtpx:hr>
      <gpxtpx:cad>84</gpxtpx:cad>
     </gpxtpx:TrackPointExtension>
    </extensions>
   </trkpt>
   <trkpt lat="37.2585530" lon="-79.9563460">
    <ele>285.4</ele>
    <time>2026-04-08T09:35:17Z</time>
    <extensions>
     <power>365</power>
     <gpxtpx:TrackPointExtension>
      <gpxtpx:hr>140</gpxtpx:hr>
      <gpxtpx:cad>84</gpxtpx:cad>
     </gpxtpx:TrackPointExtension>
    </extensions>
   </trkpt>
   <trkpt lat="37.2585780" lon="-79.9563630">
    <ele>285.4</ele>
    <time>2026-04-08T09:35:18Z</time>
    <extensions>
     <power>363</power>
     <gpxtpx:TrackPointExtension>
      <gpxtpx:hr>140</gpxtpx:hr>
      <gpxtpx:cad>85</gpxtpx:cad>
     </gpxtpx:TrackPointExtension>
    </extensions>
   </trkpt>
   <trkpt lat="37.2586030" lon="-79.9563810">
    <ele>285.4</ele>
    <time>2026-04-08T09:35:19Z</time>
    <extensions>
     <power>364</power>
     <gpxtpx:TrackPointExtension>
      <gpxtpx:hr>139</gpxtpx:hr>
      <gpxtpx:cad>85</gpxtpx:cad>
     </gpxtpx:TrackPointExtension>
    </extensions>
   </trkpt>
   <trkpt lat="37.2586300" lon="-79.9563950">
    <ele>285.3</ele>
    <time>2026-04-08T09:35:20Z</time>
    <extensions>
     <power>367</power>
     <gpxtpx:TrackPointExtension>
      <gpxtpx:hr>140</gpxtpx:hr>
      <gpxtpx:cad>85</gpxtpx:cad>
     </gpxtpx:TrackPointExtension>
    </extensions>
   </trkpt>
   <trkpt lat="37.2586550" lon="-79.9564100">
    <ele>285.3</ele>
    <time>2026-04-08T09:35:21Z</time>
    <extensions>
     <power>371</power>
     <gpxtpx:TrackPointExtension>
      <gpxtpx:hr>140</gpxtpx:hr>
      <gpxtpx:cad>85</gpxtpx:cad>
     </gpxtpx:TrackPointExtension>
    </extensions>
   </trkpt>
   <trkpt lat="37.2586810" lon="-79.9564270">
    <ele>285.3</ele>
    <time>2026-04-08T09:35:22Z</time>
    <extensions>
     <power>374</power>
     <gpxtpx:TrackPointExtension>
      <gpxtpx:hr>140</gpxtpx:hr>
      <gpxtpx:cad>85</gpxtpx:cad>
     </gpxtpx:TrackPointExtension>
    </extensions>
   </trkpt>
   <trkpt lat="37.2587060" lon="-79.9564400">
    <ele>285.2</ele>
    <time>2026-04-08T09:35:23Z</time>
    <extensions>
     <power>378</power>
     <gpxtpx:TrackPointExtension>
      <gpxtpx:hr>140</gpxtpx:hr>
      <gpxtpx:cad>85</gpxtpx:cad>
     </gpxtpx:TrackPointExtension>
    </extensions>
   </trkpt>
   <trkpt lat="37.2587300" lon="-79.9564540">
    <ele>285.2</ele>
    <time>2026-04-08T09:35:24Z</time>
    <extensions>
     <power>381</power>
     <gpxtpx:TrackPointExtension>
      <gpxtpx:hr>139</gpxtpx:hr>
      <gpxtpx:cad>85</gpxtpx:cad>
     </gpxtpx:TrackPointExtension>
    </extensions>
   </trkpt>
   <trkpt lat="37.2587530" lon="-79.9564670">
    <ele>285.2</ele>
    <time>2026-04-08T09:35:25Z</time>
    <extensions>
     <power>380</power>
     <gpxtpx:TrackPointExtension>
      <gpxtpx:hr>140</gpxtpx:hr>
      <gpxtpx:cad>86</gpxtpx:cad>
     </gpxtpx:TrackPointExtension>
    </extensions>
   </trkpt>
   <trkpt lat="37.2587790" lon="-79.9564820">
    <ele>285.2</ele>
    <time>2026-04-08T09:35:26Z</time>
    <extensions>
     <power>375</power>
     <gpxtpx:TrackPointExtension>
      <gpxtpx:hr>139</gpxtpx:hr>
      <gpxtpx:cad>86</gpxtpx:cad>
     </gpxtpx:TrackPointExtension>
    </extensions>
   </trkpt>
   <trkpt lat="37.2588060" lon="-79.9564930">
    <ele>285.2</ele>
    <time>2026-04-08T09:35:27Z</time>
    <extensions>
     <power>370</power>
     <gpxtpx:TrackPointExtension>
      <gpxtpx:hr>138</gpxtpx:hr>
      <gpxtpx:cad>86</gpxtpx:cad>
     </gpxtpx:TrackPointExtension>
    </extensions>
   </trkpt>
   <trkpt lat="37.2588320" lon="-79.9565050">
    <ele>285.2</ele>
    <time>2026-04-08T09:35:28Z</time>
    <extensions>
     <power>371</power>
     <gpxtpx:TrackPointExtension>
      <gpxtpx:hr>137</gpxtpx:hr>
      <gpxtpx:cad>85</gpxtpx:cad>
     </gpxtpx:TrackPointExtension>
    </extensions>
   </trkpt>
   <trkpt lat="37.2588580" lon="-79.9565190">
    <ele>285.2</ele>
    <time>2026-04-08T09:35:29Z</time>
    <extensions>
     <power>375</power>
     <gpxtpx:TrackPointExtension>
      <gpxtpx:hr>136</gpxtpx:hr>
      <gpxtpx:cad>85</gpxtpx:cad>
     </gpxtpx:TrackPointExtension>
    </extensions>
   </trkpt>
   <trkpt lat="37.2588830" lon="-79.9565330">
    <ele>285.1</ele>
    <time>2026-04-08T09:35:30Z</time>
    <extensions>
     <power>376</power>
     <gpxtpx:TrackPointExtension>
      <gpxtpx:hr>136</gpxtpx:hr>
      <gpxtpx:cad>85</gpxtpx:cad>
     </gpxtpx:TrackPointExtension>
    </extensions>
   </trkpt>
   <trkpt lat="37.2589050" lon="-79.9565470">
    <ele>285.1</ele>
    <time>2026-04-08T09:35:31Z</time>
    <extensions>
     <power>375</power>
     <gpxtpx:TrackPointExtension>
      <gpxtpx:hr>136</gpxtpx:hr>
      <gpxtpx:cad>85</gpxtpx:cad>
     </gpxtpx:TrackPointExtension>
    </extensions>
   </trkpt>
   <trkpt lat="37.2589290" lon="-79.9565570">
    <ele>285.1</ele>
    <time>2026-04-08T09:35:32Z</time>
    <extensions>
     <power>376</power>
     <gpxtpx:TrackPointExtension>
      <gpxtpx:hr>136</gpxtpx:hr>
      <gpxtpx:cad>85</gpxtpx:cad>
     </gpxtpx:TrackPointExtension>
    </extensions>
   </trkpt>
   <trkpt lat="37.2589530" lon="-79.9565650">
    <ele>285.1</ele>
    <time>2026-04-08T09:35:33Z</time>
    <extensions>
     <power>375</power>
     <gpxtpx:TrackPointExtension>
      <gpxtpx:hr>135</gpxtpx:hr>
      <gpxtpx:cad>85</gpxtpx:cad>
     </gpxtpx:TrackPointExtension>
    </extensions>
   </trkpt>
   <trkpt lat="37.2589800" lon="-79.9565730">
    <ele>285.1</ele>
    <time>2026-04-08T09:35:34Z</time>
    <extensions>
     <power>372</power>
     <gpxtpx:TrackPointExtension>
      <gpxtpx:hr>136</gpxtpx:hr>
      <gpxtpx:cad>85</gpxtpx:cad>
     </gpxtpx:TrackPointExtension>
    </extensions>
   </trkpt>
   <trkpt lat="37.2590050" lon="-79.9565820">
    <ele>285.1</ele>
    <time>2026-04-08T09:35:35Z</time>
    <extensions>
     <power>371</power>
     <gpxtpx:TrackPointExtension>
      <gpxtpx:hr>135</gpxtpx:hr>
      <gpxtpx:cad>85</gpxtpx:cad>
     </gpxtpx:TrackPointExtension>
    </extensions>
   </trkpt>
   <trkpt lat="37.2590310" lon="-79.9565930">
    <ele>285.1</ele>
    <time>2026-04-08T09:35:36Z</time>
    <extensions>
     <power>374</power>
     <gpxtpx:TrackPointExtension>
      <gpxtpx:hr>135</gpxtpx:hr>
      <gpxtpx:cad>84</gpxtpx:cad>
     </gpxtpx:TrackPointExtension>
    </extensions>
   </trkpt>
   <trkpt lat="37.2590580" lon="-79.9566050">
    <ele>285.1</ele>
    <time>2026-04-08T09:35:37Z</time>
    <extensions>
     <power>374</power>
     <gpxtpx:TrackPointExtension>
      <gpxtpx:hr>135</gpxtpx:hr>
      <gpxtpx:cad>84</gpxtpx:cad>
     </gpxtpx:TrackPointExtension>
    </extensions>
   </trkpt>
   <trkpt lat="37.2590830" lon="-79.9566170">
    <ele>285.1</ele>
    <time>2026-04-08T09:35:38Z</time>
    <extensions>
     <power>372</power>
     <gpxtpx:TrackPointExtension>
      <gpxtpx:hr>136</gpxtpx:hr>
      <gpxtpx:cad>84</gpxtpx:cad>
     </gpxtpx:TrackPointExtension>
    </extensions>
   </trkpt>
   <trkpt lat="37.2591120" lon="-79.9566270">
    <ele>285.1</ele>
    <time>2026-04-08T09:35:39Z</time>
    <extensions>
     <power>367</power>
     <gpxtpx:TrackPointExtension>
      <gpxtpx:hr>135</gpxtpx:hr>
      <gpxtpx:cad>85</gpxtpx:cad>
     </gpxtpx:TrackPointExtension>
    </extensions>
   </trkpt>
   <trkpt lat="37.2591380" lon="-79.9566350">
    <ele>285.0</ele>
    <time>2026-04-08T09:35:40Z</time>
    <extensions>
     <power>366</power>
     <gpxtpx:TrackPointExtension>
      <gpxtpx:hr>135</gpxtpx:hr>
      <gpxtpx:cad>85</gpxtpx:cad>
     </gpxtpx:TrackPointExtension>
    </extensions>
   </trkpt>
   <trkpt lat="37.2591640" lon="-79.9566430">
    <ele>285.0</ele>
    <time>2026-04-08T09:35:41Z</time>
    <extensions>
     <power>369</power>
     <gpxtpx:TrackPointExtension>
      <gpxtpx:hr>135</gpxtpx:hr>
      <gpxtpx:cad>85</gpxtpx:cad>
     </gpxtpx:TrackPointExtension>
    </extensions>
   </trkpt>
   <trkpt lat="37.2591900" lon="-79.9566510">
    <ele>285.0</ele>
    <time>2026-04-08T09:35:42Z</time>
    <extensions>
     <power>372</power>
     <gpxtpx:TrackPointExtension>
      <gpxtpx:hr>134</gpxtpx:hr>
      <gpxtpx:cad>85</gpxtpx:cad>
     </gpxtpx:TrackPointExtension>
    </extensions>
   </trkpt>
   <trkpt lat="37.2592190" lon="-79.9566590">
    <ele>285.0</ele>
    <time>2026-04-08T09:35:43Z</time>
    <extensions>
     <power>372</power>
     <gpxtpx:TrackPointExtension>
      <gpxtpx:hr>134</gpxtpx:hr>
      <gpxtpx:cad>85</gpxtpx:cad>
     </gpxtpx:TrackPointExtension>
    </extensions>
   </trkpt>
   <trkpt lat="37.2592470" lon="-79.9566620">
    <ele>285.0</ele>
    <time>2026-04-08T09:35:44Z</time>
    <extensions>
     <power>373</power>
     <gpxtpx:TrackPointExtension>
      <gpxtpx:hr>133</gpxtpx:hr>
      <gpxtpx:cad>85</gpxtpx:cad>
     </gpxtpx:TrackPointExtension>
    </extensions>
   </trkpt>
   <trkpt lat="37.2592710" lon="-79.9566640">
    <ele>285.0</ele>
    <time>2026-04-08T09:35:45Z</time>
    <extensions>
     <power>377</power>
     <gpxtpx:TrackPointExtension>
      <gpxtpx:hr>133</gpxtpx:hr>
      <gpxtpx:cad>85</gpxtpx:cad>
     </gpxtpx:TrackPointExtension>
    </extensions>
   </trkpt>
   <trkpt lat="37.2592980" lon="-79.9566680">
    <ele>285.0</ele>
    <time>2026-04-08T09:35:46Z</time>
    <extensions>
     <power>382</power>
     <gpxtpx:TrackPointExtension>
      <gpxtpx:hr>133</gpxtpx:hr>
      <gpxtpx:cad>85</gpxtpx:cad>
     </gpxtpx:TrackPointExtension>
    </extensions>
   </trkpt>
   <trkpt lat="37.2593240" lon="-79.9566730">
    <ele>285.0</ele>
    <time>2026-04-08T09:35:47Z</time>
    <extensions>
     <power>384</power>
     <gpxtpx:TrackPointExtension>
      <gpxtpx:hr>133</gpxtpx:hr>
      <gpxtpx:cad>84</gpxtpx:cad>
     </gpxtpx:TrackPointExtension>
    </extensions>
   </trkpt>
   <trkpt lat="37.2593490" lon="-79.9566780">
    <ele>285.0</ele>
    <time>2026-04-08T09:35:48Z</time>
    <extensions>
     <power>388</power>
     <gpxtpx:TrackPointExtension>
      <gpxtpx:hr>133</gpxtpx:hr>
      <gpxtpx:cad>84</gpxtpx:cad>
     </gpxtpx:TrackPointExtension>
    </extensions>
   </trkpt>
   <trkpt lat="37.2593740" lon="-79.9566820">
    <ele>285.0</ele>
    <time>2026-04-08T09:35:49Z</time>
    <extensions>
     <power>387</power>
     <gpxtpx:TrackPointExtension>
      <gpxtpx:hr>133</gpxtpx:hr>
      <gpxtpx:cad>84</gpxtpx:cad>
     </gpxtpx:TrackPointExtension>
    </extensions>
   </trkpt>
   <trkpt lat="37.2594000" lon="-79.9566860">
    <ele>285.0</ele>
    <time>2026-04-08T09:35:50Z</time>
    <extensions>
     <power>386</power>
     <gpxtpx:TrackPointExtension>
      <gpxtpx:hr>133</gpxtpx:hr>
      <gpxtpx:cad>84</gpxtpx:cad>
     </gpxtpx:TrackPointExtension>
    </extensions>
   </trkpt>
   <trkpt lat="37.2594290" lon="-79.9566890">
    <ele>284.9</ele>
    <time>2026-04-08T09:35:51Z</time>
    <extensions>
     <power>385</power>
     <gpxtpx:TrackPointExtension>
      <gpxtpx:hr>133</gpxtpx:hr>
      <gpxtpx:cad>84</gpxtpx:cad>
     </gpxtpx:TrackPointExtension>
    </extensions>
   </trkpt>
   <trkpt lat="37.2594560" lon="-79.9566910">
    <ele>284.9</ele>
    <time>2026-04-08T09:35:52Z</time>
    <extensions>
     <power>386</power>
     <gpxtpx:TrackPointExtension>
      <gpxtpx:hr>133</gpxtpx:hr>
      <gpxtpx:cad>84</gpxtpx:cad>
     </gpxtpx:TrackPointExtension>
    </extensions>
   </trkpt>
   <trkpt lat="37.2594830" lon="-79.9566950">
    <ele>284.9</ele>
    <time>2026-04-08T09:35:53Z</time>
    <extensions>
     <power>390</power>
     <gpxtpx:TrackPointExtension>
      <gpxtpx:hr>133</gpxtpx:hr>
      <gpxtpx:cad>84</gpxtpx:cad>
     </gpxtpx:TrackPointExtension>
    </extensions>
   </trkpt>
   <trkpt lat="37.2595100" lon="-79.9566920">
    <ele>284.9</ele>
    <time>2026-04-08T09:35:54Z</time>
    <extensions>
     <power>396</power>
     <gpxtpx:TrackPointExtension>
      <gpxtpx:hr>133</gpxtpx:hr>
      <gpxtpx:cad>84</gpxtpx:cad>
     </gpxtpx:TrackPointExtension>
    </extensions>
   </trkpt>
   <trkpt lat="37.2595360" lon="-79.9566890">
    <ele>284.9</ele>
    <time>2026-04-08T09:35:55Z</time>
    <extensions>
     <power>397</power>
     <gpxtpx:TrackPointExtension>
      <gpxtpx:hr>133</gpxtpx:hr>
      <gpxtpx:cad>84</gpxtpx:cad>
     </gpxtpx:TrackPointExtension>
    </extensions>
   </trkpt>
   <trkpt lat="37.2595630" lon="-79.9566870">
    <ele>284.9</ele>
    <time>2026-04-08T09:35:56Z</time>
    <extensions>
     <power>398</power>
     <gpxtpx:TrackPointExtension>
      <gpxtpx:hr>133</gpxtpx:hr>
      <gpxtpx:cad>85</gpxtpx:cad>
     </gpxtpx:TrackPointExtension>
    </extensions>
   </trkpt>
   <trkpt lat="37.2595900" lon="-79.9566850">
    <ele>284.9</ele>
    <time>2026-04-08T09:35:57Z</time>
    <extensions>
     <power>393</power>
     <gpxtpx:TrackPointExtension>
      <gpxtpx:hr>133</gpxtpx:hr>
      <gpxtpx:cad>84</gpxtpx:cad>
     </gpxtpx:TrackPointExtension>
    </extensions>
   </trkpt>
   <trkpt lat="37.2596160" lon="-79.9566830">
    <ele>284.9</ele>
    <time>2026-04-08T09:35:58Z</time>
    <extensions>
     <power>386</power>
     <gpxtpx:TrackPointExtension>
      <gpxtpx:hr>133</gpxtpx:hr>
      <gpxtpx:cad>84</gpxtpx:cad>
     </gpxtpx:TrackPointExtension>
    </extensions>
   </trkpt>
   <trkpt lat="37.2596430" lon="-79.9566800">
    <ele>284.9</ele>
    <time>2026-04-08T09:35:59Z</time>
    <extensions>
     <power>378</power>
     <gpxtpx:TrackPointExtension>
      <gpxtpx:hr>133</gpxtpx:hr>
      <gpxtpx:cad>84</gpxtpx:cad>
     </gpxtpx:TrackPointExtension>
    </extensions>
   </trkpt>
   <trkpt lat="37.2596690" lon="-79.9566770">
    <ele>284.9</ele>
    <time>2026-04-08T09:36:00Z</time>
    <extensions>
     <power>370</power>
     <gpxtpx:TrackPointExtension>
      <gpxtpx:hr>133</gpxtpx:hr>
      <gpxtpx:cad>84</gpxtpx:cad>
     </gpxtpx:TrackPointExtension>
    </extensions>
   </trkpt>
   <trkpt lat="37.2596960" lon="-79.9566740">
    <ele>284.8</ele>
    <time>2026-04-08T09:36:01Z</time>
    <extensions>
     <power>365</power>
     <gpxtpx:TrackPointExtension>
      <gpxtpx:hr>133</gpxtpx:hr>
      <gpxtpx:cad>84</gpxtpx:cad>
     </gpxtpx:TrackPointExtension>
    </extensions>
   </trkpt>
   <trkpt lat="37.2597230" lon="-79.9566700">
    <ele>284.8</ele>
    <time>2026-04-08T09:36:02Z</time>
    <extensions>
     <power>359</power>
     <gpxtpx:TrackPointExtension>
      <gpxtpx:hr>133</gpxtpx:hr>
      <gpxtpx:cad>85</gpxtpx:cad>
     </gpxtpx:TrackPointExtension>
    </extensions>
   </trkpt>
   <trkpt lat="37.2597500" lon="-79.9566670">
    <ele>284.8</ele>
    <time>2026-04-08T09:36:03Z</time>
    <extensions>
     <power>356</power>
     <gpxtpx:TrackPointExtension>
      <gpxtpx:hr>133</gpxtpx:hr>
      <gpxtpx:cad>85</gpxtpx:cad>
     </gpxtpx:TrackPointExtension>
    </extensions>
   </trkpt>
   <trkpt lat="37.2597780" lon="-79.9566640">
    <ele>284.8</ele>
    <time>2026-04-08T09:36:04Z</time>
    <extensions>
     <power>352</power>
     <gpxtpx:TrackPointExtension>
      <gpxtpx:hr>132</gpxtpx:hr>
      <gpxtpx:cad>85</gpxtpx:cad>
     </gpxtpx:TrackPointExtension>
    </extensions>
   </trkpt>
   <trkpt lat="37.2598050" lon="-79.9566610">
    <ele>284.8</ele>
    <time>2026-04-08T09:36:05Z</time>
    <extensions>
     <power>350</power>
     <gpxtpx:TrackPointExtension>
      <gpxtpx:hr>133</gpxtpx:hr>
      <gpxtpx:cad>85</gpxtpx:cad>
     </gpxtpx:TrackPointExtension>
    </extensions>
   </trkpt>
   <trkpt lat="37.2598330" lon="-79.9566580">
    <ele>284.8</ele>
    <time>2026-04-08T09:36:06Z</time>
    <extensions>
     <power>350</power>
     <gpxtpx:TrackPointExtension>
      <gpxtpx:hr>133</gpxtpx:hr>
      <gpxtpx:cad>85</gpxtpx:cad>
     </gpxtpx:TrackPointExtension>
    </extensions>
   </trkpt>
   <trkpt lat="37.2598600" lon="-79.9566560">
    <ele>284.8</ele>
    <time>2026-04-08T09:36:07Z</time>
    <extensions>
     <power>352</power>
     <gpxtpx:TrackPointExtension>
      <gpxtpx:hr>133</gpxtpx:hr>
      <gpxtpx:cad>85</gpxtpx:cad>
     </gpxtpx:TrackPointExtension>
    </extensions>
   </trkpt>
   <trkpt lat="37.2598860" lon="-79.9566520">
    <ele>284.8</ele>
    <time>2026-04-08T09:36:08Z</time>
    <extensions>
     <power>353</power>
     <gpxtpx:TrackPointExtension>
      <gpxtpx:hr>133</gpxtpx:hr>
      <gpxtpx:cad>85</gpxtpx:cad>
     </gpxtpx:TrackPointExtension>
    </extensions>
   </trkpt>
   <trkpt lat="37.2599110" lon="-79.9566480">
    <ele>284.8</ele>
    <time>2026-04-08T09:36:09Z</time>
    <extensions>
     <power>355</power>
     <gpxtpx:TrackPointExtension>
      <gpxtpx:hr>132</gpxtpx:hr>
      <gpxtpx:cad>85</gpxtpx:cad>
     </gpxtpx:TrackPointExtension>
    </extensions>
   </trkpt>
   <trkpt lat="37.2599380" lon="-79.9566430">
    <ele>284.8</ele>
    <time>2026-04-08T09:36:10Z</time>
    <extensions>
     <power>356</power>
     <gpxtpx:TrackPointExtension>
      <gpxtpx:hr>133</gpxtpx:hr>
      <gpxtpx:cad>85</gpxtpx:cad>
     </gpxtpx:TrackPointExtension>
    </extensions>
   </trkpt>
   <trkpt lat="37.2599640" lon="-79.9566380">
    <ele>284.8</ele>
    <time>2026-04-08T09:36:11Z</time>
    <extensions>
     <power>355</power>
     <gpxtpx:TrackPointExtension>
      <gpxtpx:hr>133</gpxtpx:hr>
      <gpxtpx:cad>85</gpxtpx:cad>
     </gpxtpx:TrackPointExtension>
    </extensions>
   </trkpt>
   <trkpt lat="37.2599890" lon="-79.9566330">
    <ele>284.7</ele>
    <time>2026-04-08T09:36:12Z</time>
    <extensions>
     <power>355</power>
     <gpxtpx:TrackPointExtension>
      <gpxtpx:hr>133</gpxtpx:hr>
      <gpxtpx:cad>85</gpxtpx:cad>
     </gpxtpx:TrackPointExtension>
    </extensions>
   </trkpt>
   <trkpt lat="37.2600150" lon="-79.9566300">
    <ele>284.7</ele>
    <time>2026-04-08T09:36:13Z</time>
    <extensions>
     <power>356</power>
     <gpxtpx:TrackPointExtension>
      <gpxtpx:hr>133</gpxtpx:hr>
      <gpxtpx:cad>85</gpxtpx:cad>
     </gpxtpx:TrackPointExtension>
    </extensions>
   </trkpt>
   <trkpt lat="37.2600400" lon="-79.9566300">
    <ele>284.7</ele>
    <time>2026-04-08T09:36:14Z</time>
    <extensions>
     <power>356</power>
     <gpxtpx:TrackPointExtension>
      <gpxtpx:hr>133</gpxtpx:hr>
      <gpxtpx:cad>86</gpxtpx:cad>
     </gpxtpx:TrackPointExtension>
    </extensions>
   </trkpt>
   <trkpt lat="37.2600690" lon="-79.9566270">
    <ele>284.7</ele>
    <time>2026-04-08T09:36:15Z</time>
    <extensions>
     <power>354</power>
     <gpxtpx:TrackPointExtension>
      <gpxtpx:hr>133</gpxtpx:hr>
      <gpxtpx:cad>86</gpxtpx:cad>
     </gpxtpx:TrackPointExtension>
    </extensions>
   </trkpt>
   <trkpt lat="37.2600950" lon="-79.9566230">
    <ele>284.7</ele>
    <time>2026-04-08T09:36:16Z</time>
    <extensions>
     <power>354</power>
     <gpxtpx:TrackPointExtension>
      <gpxtpx:hr>133</gpxtpx:hr>
      <gpxtpx:cad>86</gpxtpx:cad>
     </gpxtpx:TrackPointExtension>
    </extensions>
   </trkpt>
   <trkpt lat="37.2601230" lon="-79.9566190">
    <ele>284.7</ele>
    <time>2026-04-08T09:36:17Z</time>
    <extensions>
     <power>355</power>
     <gpxtpx:TrackPointExtension>
      <gpxtpx:hr>133</gpxtpx:hr>
      <gpxtpx:cad>86</gpxtpx:cad>
     </gpxtpx:TrackPointExtension>
    </extensions>
   </trkpt>
   <trkpt lat="37.2601510" lon="-79.9566120">
    <ele>284.7</ele>
    <time>2026-04-08T09:36:18Z</time>
    <extensions>
     <power>356</power>
     <gpxtpx:TrackPointExtension>
      <gpxtpx:hr>133</gpxtpx:hr>
      <gpxtpx:cad>86</gpxtpx:cad>
     </gpxtpx:TrackPointExtension>
    </extensions>
   </trkpt>
   <trkpt lat="37.2601780" lon="-79.9566080">
    <ele>284.7</ele>
    <time>2026-04-08T09:36:19Z</time>
    <extensions>
     <power>359</power>
     <gpxtpx:TrackPointExtension>
      <gpxtpx:hr>134</gpxtpx:hr>
      <gpxtpx:cad>87</gpxtpx:cad>
     </gpxtpx:TrackPointExtension>
    </extensions>
   </trkpt>
   <trkpt lat="37.2602080" lon="-79.9566030">
    <ele>284.7</ele>
    <time>2026-04-08T09:36:20Z</time>
    <extensions>
     <power>365</power>
     <gpxtpx:TrackPointExtension>
      <gpxtpx:hr>134</gpxtpx:hr>
      <gpxtpx:cad>86</gpxtpx:cad>
     </gpxtpx:TrackPointExtension>
    </extensions>
   </trkpt>
   <trkpt lat="37.2602360" lon="-79.9565960">
    <ele>284.7</ele>
    <time>2026-04-08T09:36:21Z</time>
    <extensions>
     <power>366</power>
     <gpxtpx:TrackPointExtension>
      <gpxtpx:hr>134</gpxtpx:hr>
      <gpxtpx:cad>86</gpxtpx:cad>
     </gpxtpx:TrackPointExtension>
    </extensions>
   </trkpt>
   <trkpt lat="37.2602640" lon="-79.9565900">
    <ele>284.6</ele>
    <time>2026-04-08T09:36:22Z</time>
    <extensions>
     <power>371</power>
     <gpxtpx:TrackPointExtension>
      <gpxtpx:hr>133</gpxtpx:hr>
      <gpxtpx:cad>85</gpxtpx:cad>
     </gpxtpx:TrackPointExtension>
    </extensions>
   </trkpt>
   <trkpt lat="37.2602910" lon="-79.9565840">
    <ele>284.6</ele>
    <time>2026-04-08T09:36:23Z</time>
    <extensions>
     <power>370</power>
     <gpxtpx:TrackPointExtension>
      <gpxtpx:hr>132</gpxtpx:hr>
      <gpxtpx:cad>85</gpxtpx:cad>
     </gpxtpx:TrackPointExtension>
    </extensions>
   </trkpt>
   <trkpt lat="37.2603170" lon="-79.9565800">
    <ele>284.6</ele>
    <time>2026-04-08T09:36:24Z</time>
    <extensions>
     <power>365</power>
     <gpxtpx:TrackPointExtension>
      <gpxtpx:hr>132</gpxtpx:hr>
      <gpxtpx:cad>85</gpxtpx:cad>
     </gpxtpx:TrackPointExtension>
    </extensions>
   </trkpt>
   <trkpt lat="37.2603460" lon="-79.9565760">
    <ele>284.6</ele>
    <time>2026-04-08T09:36:25Z</time>
    <extensions>
     <power>366</power>
     <gpxtpx:TrackPointExtension>
      <gpxtpx:hr>132</gpxtpx:hr>
      <gpxtpx:cad>85</gpxtpx:cad>
     </gpxtpx:TrackPointExtension>
    </extensions>
   </trkpt>
   <trkpt lat="37.2603730" lon="-79.9565720">
    <ele>284.6</ele>
    <time>2026-04-08T09:36:26Z</time>
    <extensions>
     <power>366</power>
     <gpxtpx:TrackPointExtension>
      <gpxtpx:hr>132</gpxtpx:hr>
      <gpxtpx:cad>85</gpxtpx:cad>
     </gpxtpx:TrackPointExtension>
    </extensions>
   </trkpt>
   <trkpt lat="37.2604020" lon="-79.9565670">
    <ele>284.6</ele>
    <time>2026-04-08T09:36:27Z</time>
    <extensions>
     <power>363</power>
     <gpxtpx:TrackPointExtension>
      <gpxtpx:hr>132</gpxtpx:hr>
      <gpxtpx:cad>84</gpxtpx:cad>
     </gpxtpx:TrackPointExtension>
    </extensions>
   </trkpt>
   <trkpt lat="37.2604290" lon="-79.9565610">
    <ele>284.6</ele>
    <time>2026-04-08T09:36:28Z</time>
    <extensions>
     <power>364</power>
     <gpxtpx:TrackPointExtension>
      <gpxtpx:hr>133</gpxtpx:hr>
      <gpxtpx:cad>84</gpxtpx:cad>
     </gpxtpx:TrackPointExtension>
    </extensions>
   </trkpt>
   <trkpt lat="37.2604580" lon="-79.9565550">
    <ele>284.6</ele>
    <time>2026-04-08T09:36:29Z</time>
    <extensions>
     <power>362</power>
     <gpxtpx:TrackPointExtension>
      <gpxtpx:hr>133</gpxtpx:hr>
      <gpxtpx:cad>85</gpxtpx:cad>
     </gpxtpx:TrackPointExtension>
    </extensions>
   </trkpt>
   <trkpt lat="37.2604870" lon="-79.9565480">
    <ele>284.6</ele>
    <time>2026-04-08T09:36:30Z</time>
    <extensions>
     <power>361</power>
     <gpxtpx:TrackPointExtension>
      <gpxtpx:hr>132</gpxtpx:hr>
      <gpxtpx:cad>85</gpxtpx:cad>
     </gpxtpx:TrackPointExtension>
    </extensions>
   </trkpt>
   <trkpt lat="37.2605150" lon="-79.9565430">
    <ele>284.6</ele>
    <time>2026-04-08T09:36:31Z</time>
    <extensions>
     <power>360</power>
     <gpxtpx:TrackPointExtension>
      <gpxtpx:hr>132</gpxtpx:hr>
      <gpxtpx:cad>85</gpxtpx:cad>
     </gpxtpx:TrackPointExtension>
    </extensions>
   </trkpt>
   <trkpt lat="37.2605440" lon="-79.9565390">
    <ele>284.6</ele>
    <time>2026-04-08T09:36:32Z</time>
    <extensions>
     <power>359</power>
     <gpxtpx:TrackPointExtension>
      <gpxtpx:hr>132</gpxtpx:hr>
      <gpxtpx:cad>85</gpxtpx:cad>
     </gpxtpx:TrackPointExtension>
    </extensions>
   </trkpt>
   <trkpt lat="37.2605710" lon="-79.9565360">
    <ele>284.6</ele>
    <time>2026-04-08T09:36:33Z</time>
    <extensions>
     <power>359</power>
     <gpxtpx:TrackPointExtension>
      <gpxtpx:hr>132</gpxtpx:hr>
      <gpxtpx:cad>85</gpxtpx:cad>
     </gpxtpx:TrackPointExtension>
    </extensions>
   </trkpt>
   <trkpt lat="37.2606010" lon="-79.9565320">
    <ele>284.6</ele>
    <time>2026-04-08T09:36:34Z</time>
    <extensions>
     <power>359</power>
     <gpxtpx:TrackPointExtension>
      <gpxtpx:hr>132</gpxtpx:hr>
      <gpxtpx:cad>86</gpxtpx:cad>
     </gpxtpx:TrackPointExtension>
    </extensions>
   </trkpt>
   <trkpt lat="37.2606280" lon="-79.9565300">
    <ele>284.6</ele>
    <time>2026-04-08T09:36:35Z</time>
    <extensions>
     <power>357</power>
     <gpxtpx:TrackPointExtension>
      <gpxtpx:hr>132</gpxtpx:hr>
      <gpxtpx:cad>86</gpxtpx:cad>
     </gpxtpx:TrackPointExtension>
    </extensions>
   </trkpt>
   <trkpt lat="37.2606590" lon="-79.9565290">
    <ele>284.6</ele>
    <time>2026-04-08T09:36:36Z</time>
    <extensions>
     <power>357</power>
     <gpxtpx:TrackPointExtension>
      <gpxtpx:hr>132</gpxtpx:hr>
      <gpxtpx:cad>86</gpxtpx:cad>
     </gpxtpx:TrackPointExtension>
    </extensions>
   </trkpt>
   <trkpt lat="37.2606860" lon="-79.9565280">
    <ele>284.6</ele>
    <time>2026-04-08T09:36:37Z</time>
    <extensions>
     <power>357</power>
     <gpxtpx:TrackPointExtension>
      <gpxtpx:hr>132</gpxtpx:hr>
      <gpxtpx:cad>86</gpxtpx:cad>
     </gpxtpx:TrackPointExtension>
    </extensions>
   </trkpt>
   <trkpt lat="37.2607130" lon="-79.9565270">
    <ele>284.6</ele>
    <time>2026-04-08T09:36:38Z</time>
    <extensions>
     <power>357</power>
     <gpxtpx:TrackPointExtension>
      <gpxtpx:hr>132</gpxtpx:hr>
      <gpxtpx:cad>86</gpxtpx:cad>
     </gpxtpx:TrackPointExtension>
    </extensions>
   </trkpt>
   <trkpt lat="37.2607420" lon="-79.9565240">
    <ele>284.6</ele>
    <time>2026-04-08T09:36:39Z</time>
    <extensions>
     <power>357</power>
     <gpxtpx:TrackPointExtension>
      <gpxtpx:hr>132</gpxtpx:hr>
      <gpxtpx:cad>86</gpxtpx:cad>
     </gpxtpx:TrackPointExtension>
    </extensions>
   </trkpt>
   <trkpt lat="37.2607690" lon="-79.9565230">
    <ele>284.6</ele>
    <time>2026-04-08T09:36:40Z</time>
    <extensions>
     <power>358</power>
     <gpxtpx:TrackPointExtension>
      <gpxtpx:hr>133</gpxtpx:hr>
      <gpxtpx:cad>85</gpxtpx:cad>
     </gpxtpx:TrackPointExtension>
    </extensions>
   </trkpt>
   <trkpt lat="37.2607960" lon="-79.9565220">
    <ele>284.6</ele>
    <time>2026-04-08T09:36:41Z</time>
    <extensions>
     <power>359</power>
     <gpxtpx:TrackPointExtension>
      <gpxtpx:hr>132</gpxtpx:hr>
      <gpxtpx:cad>85</gpxtpx:cad>
     </gpxtpx:TrackPointExtension>
    </extensions>
   </trkpt>
   <trkpt lat="37.2608230" lon="-79.9565210">
    <ele>284.6</ele>
    <time>2026-04-08T09:36:42Z</time>
    <extensions>
     <power>358</power>
     <gpxtpx:TrackPointExtension>
      <gpxtpx:hr>132</gpxtpx:hr>
      <gpxtpx:cad>84</gpxtpx:cad>
     </gpxtpx:TrackPointExtension>
    </extensions>
   </trkpt>
   <trkpt lat="37.2608500" lon="-79.9565210">
    <ele>284.6</ele>
    <time>2026-04-08T09:36:43Z</time>
    <extensions>
     <power>360</power>
     <gpxtpx:TrackPointExtension>
      <gpxtpx:hr>133</gpxtpx:hr>
      <gpxtpx:cad>84</gpxtpx:cad>
     </gpxtpx:TrackPointExtension>
    </extensions>
   </trkpt>
   <trkpt lat="37.2608770" lon="-79.9565240">
    <ele>284.6</ele>
    <time>2026-04-08T09:36:44Z</time>
    <extensions>
     <power>360</power>
     <gpxtpx:TrackPointExtension>
      <gpxtpx:hr>132</gpxtpx:hr>
      <gpxtpx:cad>84</gpxtpx:cad>
     </gpxtpx:TrackPointExtension>
    </extensions>
   </trkpt>
   <trkpt lat="37.2609010" lon="-79.9565280">
    <ele>284.6</ele>
    <time>2026-04-08T09:36:45Z</time>
    <extensions>
     <power>361</power>
     <gpxtpx:TrackPointExtension>
      <gpxtpx:hr>132</gpxtpx:hr>
      <gpxtpx:cad>84</gpxtpx:cad>
     </gpxtpx:TrackPointExtension>
    </extensions>
   </trkpt>
   <trkpt lat="37.2609290" lon="-79.9565300">
    <ele>284.6</ele>
    <time>2026-04-08T09:36:46Z</time>
    <extensions>
     <power>363</power>
     <gpxtpx:TrackPointExtension>
      <gpxtpx:hr>132</gpxtpx:hr>
      <gpxtpx:cad>84</gpxtpx:cad>
     </gpxtpx:TrackPointExtension>
    </extensions>
   </trkpt>
   <trkpt lat="37.2609560" lon="-79.9565300">
    <ele>284.6</ele>
    <time>2026-04-08T09:36:47Z</time>
    <extensions>
     <power>363</power>
     <gpxtpx:TrackPointExtension>
      <gpxtpx:hr>133</gpxtpx:hr>
      <gpxtpx:cad>84</gpxtpx:cad>
     </gpxtpx:TrackPointExtension>
    </extensions>
   </trkpt>
   <trkpt lat="37.2609830" lon="-79.9565290">
    <ele>284.6</ele>
    <time>2026-04-08T09:36:48Z</time>
    <extensions>
     <power>365</power>
     <gpxtpx:TrackPointExtension>
      <gpxtpx:hr>133</gpxtpx:hr>
      <gpxtpx:cad>85</gpxtpx:cad>
     </gpxtpx:TrackPointExtension>
    </extensions>
   </trkpt>
   <trkpt lat="37.2610120" lon="-79.9565280">
    <ele>284.6</ele>
    <time>2026-04-08T09:36:49Z</time>
    <extensions>
     <power>364</power>
     <gpxtpx:TrackPointExtension>
      <gpxtpx:hr>133</gpxtpx:hr>
      <gpxtpx:cad>85</gpxtpx:cad>
     </gpxtpx:TrackPointExtension>
    </extensions>
   </trkpt>
   <trkpt lat="37.2610410" lon="-79.9565260">
    <ele>284.6</ele>
    <time>2026-04-08T09:36:50Z</time>
    <extensions>
     <power>364</power>
     <gpxtpx:TrackPointExtension>
      <gpxtpx:hr>133</gpxtpx:hr>
      <gpxtpx:cad>85</gpxtpx:cad>
     </gpxtpx:TrackPointExtension>
    </extensions>
   </trkpt>
   <trkpt lat="37.2610700" lon="-79.9565250">
    <ele>284.6</ele>
    <time>2026-04-08T09:36:51Z</time>
    <extensions>
     <power>364</power>
     <gpxtpx:TrackPointExtension>
      <gpxtpx:hr>133</gpxtpx:hr>
      <gpxtpx:cad>85</gpxtpx:cad>
     </gpxtpx:TrackPointExtension>
    </extensions>
   </trkpt>
   <trkpt lat="37.2610980" lon="-79.9565240">
    <ele>284.6</ele>
    <time>2026-04-08T09:36:52Z</time>
    <extensions>
     <power>364</power>
     <gpxtpx:TrackPointExtension>
      <gpxtpx:hr>133</gpxtpx:hr>
      <gpxtpx:cad>85</gpxtpx:cad>
     </gpxtpx:TrackPointExtension>
    </extensions>
   </trkpt>
   <trkpt lat="37.2611270" lon="-79.9565230">
    <ele>284.6</ele>
    <time>2026-04-08T09:36:53Z</time>
    <extensions>
     <power>364</power>
     <gpxtpx:TrackPointExtension>
      <gpxtpx:hr>133</gpxtpx:hr>
      <gpxtpx:cad>85</gpxtpx:cad>
     </gpxtpx:TrackPointExtension>
    </extensions>
   </trkpt>
   <trkpt lat="37.2611530" lon="-79.9565210">
    <ele>284.6</ele>
    <time>2026-04-08T09:36:54Z</time>
    <extensions>
     <power>365</power>
     <gpxtpx:TrackPointExtension>
      <gpxtpx:hr>133</gpxtpx:hr>
      <gpxtpx:cad>85</gpxtpx:cad>
     </gpxtpx:TrackPointExtension>
    </extensions>
   </trkpt>
   <trkpt lat="37.2611790" lon="-79.9565180">
    <ele>284.6</ele>
    <time>2026-04-08T09:36:55Z</time>
    <extensions>
     <power>369</power>
     <gpxtpx:TrackPointExtension>
      <gpxtpx:hr>133</gpxtpx:hr>
      <gpxtpx:cad>85</gpxtpx:cad>
     </gpxtpx:TrackPointExtension>
    </extensions>
   </trkpt>
   <trkpt lat="37.2612050" lon="-79.9565170">
    <ele>284.6</ele>
    <time>2026-04-08T09:36:56Z</time>
    <extensions>
     <power>368</power>
     <gpxtpx:TrackPointExtension>
      <gpxtpx:hr>133</gpxtpx:hr>
      <gpxtpx:cad>85</gpxtpx:cad>
     </gpxtpx:TrackPointExtension>
    </extensions>
   </trkpt>
   <trkpt lat="37.2612290" lon="-79.9565160">
    <ele>284.6</ele>
    <time>2026-04-08T09:36:57Z</time>
    <extensions>
     <power>367</power>
     <gpxtpx:TrackPointExtension>
      <gpxtpx:hr>133</gpxtpx:hr>
      <gpxtpx:cad>85</gpxtpx:cad>
     </gpxtpx:TrackPointExtension>
    </extensions>
   </trkpt>
   <trkpt lat="37.2612570" lon="-79.9565170">
    <ele>284.6</ele>
    <time>2026-04-08T09:36:58Z</time>
    <extensions>
     <power>367</power>
     <gpxtpx:TrackPointExtension>
      <gpxtpx:hr>133</gpxtpx:hr>
      <gpxtpx:cad>85</gpxtpx:cad>
     </gpxtpx:TrackPointExtension>
    </extensions>
   </trkpt>
   <trkpt lat="37.2612830" lon="-79.9565200">
    <ele>284.6</ele>
    <time>2026-04-08T09:36:59Z</time>
    <extensions>
     <power>364</power>
     <gpxtpx:TrackPointExtension>
      <gpxtpx:hr>133</gpxtpx:hr>
      <gpxtpx:cad>84</gpxtpx:cad>
     </gpxtpx:TrackPointExtension>
    </extensions>
   </trkpt>
   <trkpt lat="37.2613110" lon="-79.9565220">
    <ele>284.6</ele>
    <time>2026-04-08T09:37:00Z</time>
    <extensions>
     <power>365</power>
     <gpxtpx:TrackPointExtension>
      <gpxtpx:hr>133</gpxtpx:hr>
      <gpxtpx:cad>84</gpxtpx:cad>
     </gpxtpx:TrackPointExtension>
    </extensions>
   </trkpt>
   <trkpt lat="37.2613380" lon="-79.9565240">
    <ele>284.6</ele>
    <time>2026-04-08T09:37:01Z</time>
    <extensions>
     <power>365</power>
     <gpxtpx:TrackPointExtension>
      <gpxtpx:hr>133</gpxtpx:hr>
      <gpxtpx:cad>84</gpxtpx:cad>
     </gpxtpx:TrackPointExtension>
    </extensions>
   </trkpt>
   <trkpt lat="37.2613660" lon="-79.9565250">
    <ele>284.6</ele>
    <time>2026-04-08T09:37:02Z</time>
    <extensions>
     <power>365</power>
     <gpxtpx:TrackPointExtension>
      <gpxtpx:hr>132</gpxtpx:hr>
      <gpxtpx:cad>84</gpxtpx:cad>
     </gpxtpx:TrackPointExtension>
    </extensions>
   </trkpt>
   <trkpt lat="37.2613930" lon="-79.9565230">
    <ele>284.6</ele>
    <time>2026-04-08T09:37:03Z</time>
    <extensions>
     <power>366</power>
     <gpxtpx:TrackPointExtension>
      <gpxtpx:hr>132</gpxtpx:hr>
      <gpxtpx:cad>84</gpxtpx:cad>
     </gpxtpx:TrackPointExtension>
    </extensions>
   </trkpt>
   <trkpt lat="37.2614210" lon="-79.9565220">
    <ele>284.6</ele>
    <time>2026-04-08T09:37:04Z</time>
    <extensions>
     <power>365</power>
     <gpxtpx:TrackPointExtension>
      <gpxtpx:hr>131</gpxtpx:hr>
      <gpxtpx:cad>85</gpxtpx:cad>
     </gpxtpx:TrackPointExtension>
    </extensions>
   </trkpt>
   <trkpt lat="37.2614490" lon="-79.9565210">
    <ele>284.6</ele>
    <time>2026-04-08T09:37:05Z</time>
    <extensions>
     <power>368</power>
     <gpxtpx:TrackPointExtension>
      <gpxtpx:hr>131</gpxtpx:hr>
      <gpxtpx:cad>85</gpxtpx:cad>
     </gpxtpx:TrackPointExtension>
    </extensions>
   </trkpt>
   <trkpt lat="37.2614760" lon="-79.9565190">
    <ele>284.6</ele>
    <time>2026-04-08T09:37:06Z</time>
    <extensions>
     <power>370</power>
     <gpxtpx:TrackPointExtension>
      <gpxtpx:hr>131</gpxtpx:hr>
      <gpxtpx:cad>85</gpxtpx:cad>
     </gpxtpx:TrackPointExtension>
    </extensions>
   </trkpt>
   <trkpt lat="37.2615040" lon="-79.9565180">
    <ele>284.6</ele>
    <time>2026-04-08T09:37:07Z</time>
    <extensions>
     <power>374</power>
     <gpxtpx:TrackPointExtension>
      <gpxtpx:hr>131</gpxtpx:hr>
      <gpxtpx:cad>85</gpxtpx:cad>
     </gpxtpx:TrackPointExtension>
    </extensions>
   </trkpt>
   <trkpt lat="37.2615300" lon="-79.9565160">
    <ele>284.6</ele>
    <time>2026-04-08T09:37:08Z</time>
    <extensions>
     <power>374</power>
     <gpxtpx:TrackPointExtension>
      <gpxtpx:hr>131</gpxtpx:hr>
      <gpxtpx:cad>85</gpxtpx:cad>
     </gpxtpx:TrackPointExtension>
    </extensions>
   </trkpt>
   <trkpt lat="37.2615560" lon="-79.9565150">
    <ele>284.6</ele>
    <time>2026-04-08T09:37:09Z</time>
    <extensions>
     <power>378</power>
     <gpxtpx:TrackPointExtension>
      <gpxtpx:hr>131</gpxtpx:hr>
      <gpxtpx:cad>85</gpxtpx:cad>
     </gpxtpx:TrackPointExtension>
    </extensions>
   </trkpt>
   <trkpt lat="37.2615820" lon="-79.9565130">
    <ele>284.7</ele>
    <time>2026-04-08T09:37:10Z</time>
    <extensions>
     <power>382</power>
     <gpxtpx:TrackPointExtension>
      <gpxtpx:hr>131</gpxtpx:hr>
      <gpxtpx:cad>85</gpxtpx:cad>
     </gpxtpx:TrackPointExtension>
    </extensions>
   </trkpt>
   <trkpt lat="37.2616080" lon="-79.9565110">
    <ele>284.7</ele>
    <time>2026-04-08T09:37:11Z</time>
    <extensions>
     <power>386</power>
     <gpxtpx:TrackPointExtension>
      <gpxtpx:hr>131</gpxtpx:hr>
      <gpxtpx:cad>85</gpxtpx:cad>
     </gpxtpx:TrackPointExtension>
    </extensions>
   </trkpt>
   <trkpt lat="37.2616340" lon="-79.9565090">
    <ele>284.7</ele>
    <time>2026-04-08T09:37:12Z</time>
    <extensions>
     <power>384</power>
     <gpxtpx:TrackPointExtension>
      <gpxtpx:hr>131</gpxtpx:hr>
      <gpxtpx:cad>84</gpxtpx:cad>
     </gpxtpx:TrackPointExtension>
    </extensions>
   </trkpt>
   <trkpt lat="37.2616590" lon="-79.9565060">
    <ele>284.7</ele>
    <time>2026-04-08T09:37:13Z</time>
    <extensions>
     <power>382</power>
     <gpxtpx:TrackPointExtension>
      <gpxtpx:hr>131</gpxtpx:hr>
      <gpxtpx:cad>84</gpxtpx:cad>
     </gpxtpx:TrackPointExtension>
    </extensions>
   </trkpt>
   <trkpt lat="37.2616840" lon="-79.9565040">
    <ele>284.7</ele>
    <time>2026-04-08T09:37:14Z</time>
    <extensions>
     <power>378</power>
     <gpxtpx:TrackPointExtension>
      <gpxtpx:hr>131</gpxtpx:hr>
      <gpxtpx:cad>84</gpxtpx:cad>
     </gpxtpx:TrackPointExtension>
    </extensions>
   </trkpt>
   <trkpt lat="37.2617080" lon="-79.9564990">
    <ele>284.7</ele>
    <time>2026-04-08T09:37:15Z</time>
    <extensions>
     <power>380</power>
     <gpxtpx:TrackPointExtension>
      <gpxtpx:hr>131</gpxtpx:hr>
      <gpxtpx:cad>84</gpxtpx:cad>
     </gpxtpx:TrackPointExtension>
    </extensions>
   </trkpt>
   <trkpt lat="37.2617290" lon="-79.9564980">
    <ele>284.7</ele>
    <time>2026-04-08T09:37:16Z</time>
    <extensions>
     <power>382</power>
     <gpxtpx:TrackPointExtension>
      <gpxtpx:hr>132</gpxtpx:hr>
      <gpxtpx:cad>84</gpxtpx:cad>
     </gpxtpx:TrackPointExtension>
    </extensions>
   </trkpt>
   <trkpt lat="37.2617550" lon="-79.9564930">
    <ele>284.7</ele>
    <time>2026-04-08T09:37:17Z</time>
    <extensions>
     <power>383</power>
     <gpxtpx:TrackPointExtension>
      <gpxtpx:hr>131</gpxtpx:hr>
      <gpxtpx:cad>84</gpxtpx:cad>
     </gpxtpx:TrackPointExtension>
    </extensions>
   </trkpt>
   <trkpt lat="37.2617800" lon="-79.9564900">
    <ele>284.7</ele>
    <time>2026-04-08T09:37:18Z</time>
    <extensions>
     <power>378</power>
     <gpxtpx:TrackPointExtension>
      <gpxtpx:hr>131</gpxtpx:hr>
      <gpxtpx:cad>85</gpxtpx:cad>
     </gpxtpx:TrackPointExtension>
    </extensions>
   </trkpt>
   <trkpt lat="37.2618050" lon="-79.9564850">
    <ele>284.7</ele>
    <time>2026-04-08T09:37:19Z</time>
    <extensions>
     <power>371</power>
     <gpxtpx:TrackPointExtension>
      <gpxtpx:hr>132</gpxtpx:hr>
      <gpxtpx:cad>85</gpxtpx:cad>
     </gpxtpx:TrackPointExtension>
    </extensions>
   </trkpt>
   <trkpt lat="37.2618320" lon="-79.9564800">
    <ele>284.7</ele>
    <time>2026-04-08T09:37:20Z</time>
    <extensions>
     <power>370</power>
     <gpxtpx:TrackPointExtension>
      <gpxtpx:hr>132</gpxtpx:hr>
      <gpxtpx:cad>85</gpxtpx:cad>
     </gpxtpx:TrackPointExtension>
    </extensions>
   </trkpt>
   <trkpt lat="37.2618580" lon="-79.9564750">
    <ele>284.7</ele>
    <time>2026-04-08T09:37:21Z</time>
    <extensions>
     <power>365</power>
     <gpxtpx:TrackPointExtension>
      <gpxtpx:hr>131</gpxtpx:hr>
      <gpxtpx:cad>84</gpxtpx:cad>
     </gpxtpx:TrackPointExtension>
    </extensions>
   </trkpt>
   <trkpt lat="37.2618860" lon="-79.9564710">
    <ele>284.7</ele>
    <time>2026-04-08T09:37:22Z</time>
    <extensions>
     <power>361</power>
     <gpxtpx:TrackPointExtension>
      <gpxtpx:hr>131</gpxtpx:hr>
      <gpxtpx:cad>84</gpxtpx:cad>
     </gpxtpx:TrackPointExtension>
    </extensions>
   </trkpt>
   <trkpt lat="37.2619150" lon="-79.9564670">
    <ele>284.7</ele>
    <time>2026-04-08T09:37:23Z</time>
    <extensions>
     <power>357</power>
     <gpxtpx:TrackPointExtension>
      <gpxtpx:hr>131</gpxtpx:hr>
      <gpxtpx:cad>84</gpxtpx:cad>
     </gpxtpx:TrackPointExtension>
    </extensions>
   </trkpt>
   <trkpt lat="37.2619440" lon="-79.9564620">
    <ele>284.7</ele>
    <time>2026-04-08T09:37:24Z</time>
    <extensions>
     <power>354</power>
     <gpxtpx:TrackPointExtension>
      <gpxtpx:hr>132</gpxtpx:hr>
      <gpxtpx:cad>84</gpxtpx:cad>
     </gpxtpx:TrackPointExtension>
    </extensions>
   </trkpt>
   <trkpt lat="37.2619730" lon="-79.9564570">
    <ele>284.7</ele>
    <time>2026-04-08T09:37:25Z</time>
    <extensions>
     <power>354</power>
     <gpxtpx:TrackPointExtension>
      <gpxtpx:hr>132</gpxtpx:hr>
      <gpxtpx:cad>84</gpxtpx:cad>
     </gpxtpx:TrackPointExtension>
    </extensions>
   </trkpt>
   <trkpt lat="37.2620010" lon="-79.9564520">
    <ele>284.7</ele>
    <time>2026-04-08T09:37:26Z</time>
    <extensions>
     <power>353</power>
     <gpxtpx:TrackPointExtension>
      <gpxtpx:hr>132</gpxtpx:hr>
      <gpxtpx:cad>84</gpxtpx:cad>
     </gpxtpx:TrackPointExtension>
    </extensions>
   </trkpt>
   <trkpt lat="37.2620310" lon="-79.9564460">
    <ele>284.7</ele>
    <time>2026-04-08T09:37:27Z</time>
    <extensions>
     <power>353</power>
     <gpxtpx:TrackPointExtension>
      <gpxtpx:hr>131</gpxtpx:hr>
      <gpxtpx:cad>85</gpxtpx:cad>
     </gpxtpx:TrackPointExtension>
    </extensions>
   </trkpt>
   <trkpt lat="37.2620590" lon="-79.9564410">
    <ele>284.7</ele>
    <time>2026-04-08T09:37:28Z</time>
    <extensions>
     <power>353</power>
     <gpxtpx:TrackPointExtension>
      <gpxtpx:hr>132</gpxtpx:hr>
      <gpxtpx:cad>85</gpxtpx:cad>
     </gpxtpx:TrackPointExtension>
    </extensions>
   </trkpt>
   <trkpt lat="37.2620890" lon="-79.9564360">
    <ele>284.7</ele>
    <time>2026-04-08T09:37:29Z</time>
    <extensions>
     <power>353</power>
     <gpxtpx:TrackPointExtension>
      <gpxtpx:hr>132</gpxtpx:hr>
      <gpxtpx:cad>85</gpxtpx:cad>
     </gpxtpx:TrackPointExtension>
    </extensions>
   </trkpt>
   <trkpt lat="37.2621180" lon="-79.9564320">
    <ele>284.7</ele>
    <time>2026-04-08T09:37:30Z</time>
    <extensions>
     <power>354</power>
     <gpxtpx:TrackPointExtension>
      <gpxtpx:hr>131</gpxtpx:hr>
      <gpxtpx:cad>85</gpxtpx:cad>
     </gpxtpx:TrackPointExtension>
    </extensions>
   </trkpt>
   <trkpt lat="37.2621450" lon="-79.9564310">
    <ele>284.7</ele>
    <time>2026-04-08T09:37:31Z</time>
    <extensions>
     <power>356</power>
     <gpxtpx:TrackPointExtension>
      <gpxtpx:hr>131</gpxtpx:hr>
      <gpxtpx:cad>85</gpxtpx:cad>
     </gpxtpx:TrackPointExtension>
    </extensions>
   </trkpt>
   <trkpt lat="37.2621730" lon="-79.9564250">
    <ele>284.7</ele>
    <time>2026-04-08T09:37:32Z</time>
    <extensions>
     <power>357</power>
     <gpxtpx:TrackPointExtension>
      <gpxtpx:hr>131</gpxtpx:hr>
      <gpxtpx:cad>85</gpxtpx:cad>
     </gpxtpx:TrackPointExtension>
    </extensions>
   </trkpt>
   <trkpt lat="37.2622000" lon="-79.9564190">
    <ele>284.7</ele>
    <time>2026-04-08T09:37:33Z</time>
    <extensions>
     <power>360</power>
     <gpxtpx:TrackPointExtension>
      <gpxtpx:hr>131</gpxtpx:hr>
      <gpxtpx:cad>85</gpxtpx:cad>
     </gpxtpx:TrackPointExtension>
    </extensions>
   </trkpt>
   <trkpt lat="37.2622280" lon="-79.9564140">
    <ele>284.7</ele>
    <time>2026-04-08T09:37:34Z</time>
    <extensions>
     <power>360</power>
     <gpxtpx:TrackPointExtension>
      <gpxtpx:hr>132</gpxtpx:hr>
      <gpxtpx:cad>85</gpxtpx:cad>
     </gpxtpx:TrackPointExtension>
    </extensions>
   </trkpt>
   <trkpt lat="37.2622550" lon="-79.9564090">
    <ele>284.7</ele>
    <time>2026-04-08T09:37:35Z</time>
    <extensions>
     <power>359</power>
     <gpxtpx:TrackPointExtension>
      <gpxtpx:hr>131</gpxtpx:hr>
      <gpxtpx:cad>85</gpxtpx:cad>
     </gpxtpx:TrackPointExtension>
    </extensions>
   </trkpt>
   <trkpt lat="37.2622850" lon="-79.9564050">
    <ele>284.7</ele>
    <time>2026-04-08T09:37:36Z</time>
    <extensions>
     <power>359</power>
     <gpxtpx:TrackPointExtension>
      <gpxtpx:hr>131</gpxtpx:hr>
      <gpxtpx:cad>84</gpxtpx:cad>
     </gpxtpx:TrackPointExtension>
    </extensions>
   </trkpt>
   <trkpt lat="37.2623130" lon="-79.9563990">
    <ele>284.7</ele>
    <time>2026-04-08T09:37:37Z</time>
    <extensions>
     <power>358</power>
     <gpxtpx:TrackPointExtension>
      <gpxtpx:hr>132</gpxtpx:hr>
      <gpxtpx:cad>84</gpxtpx:cad>
     </gpxtpx:TrackPointExtension>
    </extensions>
   </trkpt>
   <trkpt lat="37.2623410" lon="-79.9563940">
    <ele>284.7</ele>
    <time>2026-04-08T09:37:38Z</time>
    <extensions>
     <power>362</power>
     <gpxtpx:TrackPointExtension>
      <gpxtpx:hr>131</gpxtpx:hr>
      <gpxtpx:cad>84</gpxtpx:cad>
     </gpxtpx:TrackPointExtension>
    </extensions>
   </trkpt>
   <trkpt lat="37.2623690" lon="-79.9563880">
    <ele>284.7</ele>
    <time>2026-04-08T09:37:39Z</time>
    <extensions>
     <power>364</power>
     <gpxtpx:TrackPointExtension>
      <gpxtpx:hr>131</gpxtpx:hr>
      <gpxtpx:cad>85</gpxtpx:cad>
     </gpxtpx:TrackPointExtension>
    </extensions>
   </trkpt>
   <trkpt lat="37.2623940" lon="-79.9563820">
    <ele>284.7</ele>
    <time>2026-04-08T09:37:40Z</time>
    <extensions>
     <power>365</power>
     <gpxtpx:TrackPointExtension>
      <gpxtpx:hr>131</gpxtpx:hr>
      <gpxtpx:cad>85</gpxtpx:cad>
     </gpxtpx:TrackPointExtension>
    </extensions>
   </trkpt>
   <trkpt lat="37.2624190" lon="-79.9563760">
    <ele>284.7</ele>
    <time>2026-04-08T09:37:41Z</time>
    <extensions>
     <power>366</power>
     <gpxtpx:TrackPointExtension>
      <gpxtpx:hr>132</gpxtpx:hr>
      <gpxtpx:cad>85</gpxtpx:cad>
     </gpxtpx:TrackPointExtension>
    </extensions>
   </trkpt>
   <trkpt lat="37.2624420" lon="-79.9563720">
    <ele>284.7</ele>
    <time>2026-04-08T09:37:42Z</time>
    <extensions>
     <power>366</power>
     <gpxtpx:TrackPointExtension>
      <gpxtpx:hr>131</gpxtpx:hr>
      <gpxtpx:cad>85</gpxtpx:cad>
     </gpxtpx:TrackPointExtension>
    </extensions>
   </trkpt>
   <trkpt lat="37.2624670" lon="-79.9563680">
    <ele>284.7</ele>
    <time>2026-04-08T09:37:43Z</time>
    <extensions>
     <power>366</power>
     <gpxtpx:TrackPointExtension>
      <gpxtpx:hr>131</gpxtpx:hr>
      <gpxtpx:cad>85</gpxtpx:cad>
     </gpxtpx:TrackPointExtension>
    </extensions>
   </trkpt>
   <trkpt lat="37.2624940" lon="-79.9563630">
    <ele>284.7</ele>
    <time>2026-04-08T09:37:44Z</time>
    <extensions>
     <power>366</power>
     <gpxtpx:TrackPointExtension>
      <gpxtpx:hr>131</gpxtpx:hr>
      <gpxtpx:cad>85</gpxtpx:cad>
     </gpxtpx:TrackPointExtension>
    </extensions>
   </trkpt>
   <trkpt lat="37.2625200" lon="-79.9563580">
    <ele>284.7</ele>
    <time>2026-04-08T09:37:45Z</time>
    <extensions>
     <power>364</power>
     <gpxtpx:TrackPointExtension>
      <gpxtpx:hr>132</gpxtpx:hr>
      <gpxtpx:cad>85</gpxtpx:cad>
     </gpxtpx:TrackPointExtension>
    </extensions>
   </trkpt>
   <trkpt lat="37.2625490" lon="-79.9563520">
    <ele>284.7</ele>
    <time>2026-04-08T09:37:46Z</time>
    <extensions>
     <power>361</power>
     <gpxtpx:TrackPointExtension>
      <gpxtpx:hr>131</gpxtpx:hr>
      <gpxtpx:cad>85</gpxtpx:cad>
     </gpxtpx:TrackPointExtension>
    </extensions>
   </trkpt>
   <trkpt lat="37.2625760" lon="-79.9563470">
    <ele>284.7</ele>
    <time>2026-04-08T09:37:47Z</time>
    <extensions>
     <power>362</power>
     <gpxtpx:TrackPointExtension>
      <gpxtpx:hr>131</gpxtpx:hr>
      <gpxtpx:cad>85</gpxtpx:cad>
     </gpxtpx:TrackPointExtension>
    </extensions>
   </trkpt>
   <trkpt lat="37.2626050" lon="-79.9563430">
    <ele>284.7</ele>
    <time>2026-04-08T09:37:48Z</time>
    <extensions>
     <power>361</power>
     <gpxtpx:TrackPointExtension>
      <gpxtpx:hr>131</gpxtpx:hr>
      <gpxtpx:cad>85</gpxtpx:cad>
     </gpxtpx:TrackPointExtension>
    </extensions>
   </trkpt>
   <trkpt lat="37.2626330" lon="-79.9563370">
    <ele>284.8</ele>
    <time>2026-04-08T09:37:49Z</time>
    <extensions>
     <power>361</power>
     <gpxtpx:TrackPointExtension>
      <gpxtpx:hr>132</gpxtpx:hr>
      <gpxtpx:cad>85</gpxtpx:cad>
     </gpxtpx:TrackPointExtension>
    </extensions>
   </trkpt>
   <trkpt lat="37.2626600" lon="-79.9563340">
    <ele>284.8</ele>
    <time>2026-04-08T09:37:50Z</time>
    <extensions>
     <power>360</power>
     <gpxtpx:TrackPointExtension>
      <gpxtpx:hr>132</gpxtpx:hr>
      <gpxtpx:cad>85</gpxtpx:cad>
     </gpxtpx:TrackPointExtension>
    </extensions>
   </trkpt>
   <trkpt lat="37.2626880" lon="-79.9563270">
    <ele>284.8</ele>
    <time>2026-04-08T09:37:51Z</time>
    <extensions>
     <power>359</power>
     <gpxtpx:TrackPointExtension>
      <gpxtpx:hr>132</gpxtpx:hr>
      <gpxtpx:cad>85</gpxtpx:cad>
     </gpxtpx:TrackPointExtension>
    </extensions>
   </trkpt>
   <trkpt lat="37.2627140" lon="-79.9563210">
    <ele>284.8</ele>
    <time>2026-04-08T09:37:52Z</time>
    <extensions>
     <power>361</power>
     <gpxtpx:TrackPointExtension>
      <gpxtpx:hr>132</gpxtpx:hr>
      <gpxtpx:cad>85</gpxtpx:cad>
     </gpxtpx:TrackPointExtension>
    </extensions>
   </trkpt>
   <trkpt lat="37.2627410" lon="-79.9563150">
    <ele>284.8</ele>
    <time>2026-04-08T09:37:53Z</time>
    <extensions>
     <power>362</power>
     <gpxtpx:TrackPointExtension>
      <gpxtpx:hr>132</gpxtpx:hr>
      <gpxtpx:cad>84</gpxtpx:cad>
     </gpxtpx:TrackPointExtension>
    </extensions>
   </trkpt>
   <trkpt lat="37.2627670" lon="-79.9563110">
    <ele>284.8</ele>
    <time>2026-04-08T09:37:54Z</time>
    <extensions>
     <power>364</power>
     <gpxtpx:TrackPointExtension>
      <gpxtpx:hr>132</gpxtpx:hr>
      <gpxtpx:cad>84</gpxtpx:cad>
     </gpxtpx:TrackPointExtension>
    </extensions>
   </trkpt>
   <trkpt lat="37.2627930" lon="-79.9563070">
    <ele>284.8</ele>
    <time>2026-04-08T09:37:55Z</time>
    <extensions>
     <power>365</power>
     <gpxtpx:TrackPointExtension>
      <gpxtpx:hr>133</gpxtpx:hr>
      <gpxtpx:cad>84</gpxtpx:cad>
     </gpxtpx:TrackPointExtension>
    </extensions>
   </trkpt>
   <trkpt lat="37.2628200" lon="-79.9563030">
    <ele>284.8</ele>
    <time>2026-04-08T09:37:56Z</time>
    <extensions>
     <power>364</power>
     <gpxtpx:TrackPointExtension>
      <gpxtpx:hr>133</gpxtpx:hr>
      <gpxtpx:cad>84</gpxtpx:cad>
     </gpxtpx:TrackPointExtension>
    </extensions>
   </trkpt>
   <trkpt lat="37.2628460" lon="-79.9562980">
    <ele>284.8</ele>
    <time>2026-04-08T09:37:57Z</time>
    <extensions>
     <power>365</power>
     <gpxtpx:TrackPointExtension>
      <gpxtpx:hr>133</gpxtpx:hr>
      <gpxtpx:cad>84</gpxtpx:cad>
     </gpxtpx:TrackPointExtension>
    </extensions>
   </trkpt>
   <trkpt lat="37.2628740" lon="-79.9562940">
    <ele>284.8</ele>
    <time>2026-04-08T09:37:58Z</time>
    <extensions>
     <power>365</power>
     <gpxtpx:TrackPointExtension>
      <gpxtpx:hr>133</gpxtpx:hr>
      <gpxtpx:cad>84</gpxtpx:cad>
     </gpxtpx:TrackPointExtension>
    </extensions>
   </trkpt>
   <trkpt lat="37.2629020" lon="-79.9562890">
    <ele>284.8</ele>
    <time>2026-04-08T09:37:59Z</time>
    <extensions>
     <power>367</power>
     <gpxtpx:TrackPointExtension>
      <gpxtpx:hr>133</gpxtpx:hr>
      <gpxtpx:cad>84</gpxtpx:cad>
     </gpxtpx:TrackPointExtension>
    </extensions>
   </trkpt>
   <trkpt lat="37.2629310" lon="-79.9562850">
    <ele>284.8</ele>
    <time>2026-04-08T09:38:00Z</time>
    <extensions>
     <power>368</power>
     <gpxtpx:TrackPointExtension>
      <gpxtpx:hr>133</gpxtpx:hr>
      <gpxtpx:cad>84</gpxtpx:cad>
     </gpxtpx:TrackPointExtension>
    </extensions>
   </trkpt>
   <trkpt lat="37.2629600" lon="-79.9562800">
    <ele>284.8</ele>
    <time>2026-04-08T09:38:01Z</time>
    <extensions>
     <power>368</power>
     <gpxtpx:TrackPointExtension>
      <gpxtpx:hr>133</gpxtpx:hr>
      <gpxtpx:cad>84</gpxtpx:cad>
     </gpxtpx:TrackPointExtension>
    </extensions>
   </trkpt>
   <trkpt lat="37.2629860" lon="-79.9562740">
    <ele>284.8</ele>
    <time>2026-04-08T09:38:02Z</time>
    <extensions>
     <power>371</power>
     <gpxtpx:TrackPointExtension>
      <gpxtpx:hr>133</gpxtpx:hr>
      <gpxtpx:cad>84</gpxtpx:cad>
     </gpxtpx:TrackPointExtension>
    </extensions>
   </trkpt>
   <trkpt lat="37.2630130" lon="-79.9562720">
    <ele>284.8</ele>
    <time>2026-04-08T09:38:03Z</time>
    <extensions>
     <power>372</power>
     <gpxtpx:TrackPointExtension>
      <gpxtpx:hr>134</gpxtpx:hr>
      <gpxtpx:cad>84</gpxtpx:cad>
     </gpxtpx:TrackPointExtension>
    </extensions>
   </trkpt>
   <trkpt lat="37.2630380" lon="-79.9562700">
    <ele>284.8</ele>
    <time>2026-04-08T09:38:04Z</time>
    <extensions>
     <power>372</power>
     <gpxtpx:TrackPointExtension>
      <gpxtpx:hr>133</gpxtpx:hr>
      <gpxtpx:cad>85</gpxtpx:cad>
     </gpxtpx:TrackPointExtension>
    </extensions>
   </trkpt>
   <trkpt lat="37.2630660" lon="-79.9562650">
    <ele>284.8</ele>
    <time>2026-04-08T09:38:05Z</time>
    <extensions>
     <power>373</power>
     <gpxtpx:TrackPointExtension>
      <gpxtpx:hr>133</gpxtpx:hr>
      <gpxtpx:cad>85</gpxtpx:cad>
     </gpxtpx:TrackPointExtension>
    </extensions>
   </trkpt>
   <trkpt lat="37.2630920" lon="-79.9562600">
    <ele>284.8</ele>
    <time>2026-04-08T09:38:06Z</time>
    <extensions>
     <power>376</power>
     <gpxtpx:TrackPointExtension>
      <gpxtpx:hr>134</gpxtpx:hr>
      <gpxtpx:cad>85</gpxtpx:cad>
     </gpxtpx:TrackPointExtension>
    </extensions>
   </trkpt>
   <trkpt lat="37.2631200" lon="-79.9562550">
    <ele>284.8</ele>
    <time>2026-04-08T09:38:07Z</time>
    <extensions>
     <power>373</power>
     <gpxtpx:TrackPointExtension>
      <gpxtpx:hr>133</gpxtpx:hr>
      <gpxtpx:cad>85</gpxtpx:cad>
     </gpxtpx:TrackPointExtension>
    </extensions>
   </trkpt>
   <trkpt lat="37.2631500" lon="-79.9562450">
    <ele>284.8</ele>
    <time>2026-04-08T09:38:08Z</time>
    <extensions>
     <power>371</power>
     <gpxtpx:TrackPointExtension>
      <gpxtpx:hr>133</gpxtpx:hr>
      <gpxtpx:cad>85</gpxtpx:cad>
     </gpxtpx:TrackPointExtension>
    </extensions>
   </trkpt>
   <trkpt lat="37.2631760" lon="-79.9562350">
    <ele>284.8</ele>
    <time>2026-04-08T09:38:09Z</time>
    <extensions>
     <power>366</power>
     <gpxtpx:TrackPointExtension>
      <gpxtpx:hr>134</gpxtpx:hr>
      <gpxtpx:cad>85</gpxtpx:cad>
     </gpxtpx:TrackPointExtension>
    </extensions>
   </trkpt>
   <trkpt lat="37.2632060" lon="-79.9562270">
    <ele>284.8</ele>
    <time>2026-04-08T09:38:10Z</time>
    <extensions>
     <power>365</power>
     <gpxtpx:TrackPointExtension>
      <gpxtpx:hr>134</gpxtpx:hr>
      <gpxtpx:cad>86</gpxtpx:cad>
     </gpxtpx:TrackPointExtension>
    </extensions>
   </trkpt>
   <trkpt lat="37.2632320" lon="-79.9562220">
    <ele>284.8</ele>
    <time>2026-04-08T09:38:11Z</time>
    <extensions>
     <power>363</power>
     <gpxtpx:TrackPointExtension>
      <gpxtpx:hr>134</gpxtpx:hr>
      <gpxtpx:cad>86</gpxtpx:cad>
     </gpxtpx:TrackPointExtension>
    </extensions>
   </trkpt>
   <trkpt lat="37.2632580" lon="-79.9562130">
    <ele>284.8</ele>
    <time>2026-04-08T09:38:12Z</time>
    <extensions>
     <power>363</power>
     <gpxtpx:TrackPointExtension>
      <gpxtpx:hr>133</gpxtpx:hr>
      <gpxtpx:cad>86</gpxtpx:cad>
     </gpxtpx:TrackPointExtension>
    </extensions>
   </trkpt>
   <trkpt lat="37.2632850" lon="-79.9562060">
    <ele>284.8</ele>
    <time>2026-04-08T09:38:13Z</time>
    <extensions>
     <power>364</power>
     <gpxtpx:TrackPointExtension>
      <gpxtpx:hr>134</gpxtpx:hr>
      <gpxtpx:cad>86</gpxtpx:cad>
     </gpxtpx:TrackPointExtension>
    </extensions>
   </trkpt>
   <trkpt lat="37.2633110" lon="-79.9562000">
    <ele>284.8</ele>
    <time>2026-04-08T09:38:14Z</time>
    <extensions>
     <power>362</power>
     <gpxtpx:TrackPointExtension>
      <gpxtpx:hr>134</gpxtpx:hr>
      <gpxtpx:cad>85</gpxtpx:cad>
     </gpxtpx:TrackPointExtension>
    </extensions>
   </trkpt>
   <trkpt lat="37.2633390" lon="-79.9561950">
    <ele>284.8</ele>
    <time>2026-04-08T09:38:15Z</time>
    <extensions>
     <power>362</power>
     <gpxtpx:TrackPointExtension>
      <gpxtpx:hr>134</gpxtpx:hr>
      <gpxtpx:cad>85</gpxtpx:cad>
     </gpxtpx:TrackPointExtension>
    </extensions>
   </trkpt>
   <trkpt lat="37.2633680" lon="-79.9561880">
    <ele>284.8</ele>
    <time>2026-04-08T09:38:16Z</time>
    <extensions>
     <power>360</power>
     <gpxtpx:TrackPointExtension>
      <gpxtpx:hr>133</gpxtpx:hr>
      <gpxtpx:cad>84</gpxtpx:cad>
     </gpxtpx:TrackPointExtension>
    </extensions>
   </trkpt>
   <trkpt lat="37.2633950" lon="-79.9561830">
    <ele>284.8</ele>
    <time>2026-04-08T09:38:17Z</time>
    <extensions>
     <power>360</power>
     <gpxtpx:TrackPointExtension>
      <gpxtpx:hr>134</gpxtpx:hr>
      <gpxtpx:cad>84</gpxtpx:cad>
     </gpxtpx:TrackPointExtension>
    </extensions>
   </trkpt>
   <trkpt lat="37.2634230" lon="-79.9561770">
    <ele>284.8</ele>
    <time>2026-04-08T09:38:18Z</time>
    <extensions>
     <power>359</power>
     <gpxtpx:TrackPointExtension>
      <gpxtpx:hr>134</gpxtpx:hr>
      <gpxtpx:cad>84</gpxtpx:cad>
     </gpxtpx:TrackPointExtension>
    </extensions>
   </trkpt>
   <trkpt lat="37.2634490" lon="-79.9561750">
    <ele>284.8</ele>
    <time>2026-04-08T09:38:19Z</time>
    <extensions>
     <power>359</power>
     <gpxtpx:TrackPointExtension>
      <gpxtpx:hr>135</gpxtpx:hr>
      <gpxtpx:cad>84</gpxtpx:cad>
     </gpxtpx:TrackPointExtension>
    </extensions>
   </trkpt>
   <trkpt lat="37.2634770" lon="-79.9561760">
    <ele>284.8</ele>
    <time>2026-04-08T09:38:20Z</time>
    <extensions>
     <power>360</power>
     <gpxtpx:TrackPointExtension>
      <gpxtpx:hr>135</gpxtpx:hr>
      <gpxtpx:cad>84</gpxtpx:cad>
     </gpxtpx:TrackPointExtension>
    </extensions>
   </trkpt>
   <trkpt lat="37.2635030" lon="-79.9561780">
    <ele>284.8</ele>
    <time>2026-04-08T09:38:21Z</time>
    <extensions>
     <power>357</power>
     <gpxtpx:TrackPointExtension>
      <gpxtpx:hr>136</gpxtpx:hr>
      <gpxtpx:cad>84</gpxtpx:cad>
     </gpxtpx:TrackPointExtension>
    </extensions>
   </trkpt>
   <trkpt lat="37.2635310" lon="-79.9561900">
    <ele>284.8</ele>
    <time>2026-04-08T09:38:22Z</time>
    <extensions>
     <power>354</power>
     <gpxtpx:TrackPointExtension>
      <gpxtpx:hr>137</gpxtpx:hr>
      <gpxtpx:cad>84</gpxtpx:cad>
     </gpxtpx:TrackPointExtension>
    </extensions>
   </trkpt>
   <trkpt lat="37.2635540" lon="-79.9562080">
    <ele>284.8</ele>
    <time>2026-04-08T09:38:23Z</time>
    <extensions>
     <power>353</power>
     <gpxtpx:TrackPointExtension>
      <gpxtpx:hr>138</gpxtpx:hr>
      <gpxtpx:cad>84</gpxtpx:cad>
     </gpxtpx:TrackPointExtension>
    </extensions>
   </trkpt>
   <trkpt lat="37.2635740" lon="-79.9562330">
    <ele>284.9</ele>
    <time>2026-04-08T09:38:24Z</time>
    <extensions>
     <power>353</power>
     <gpxtpx:TrackPointExtension>
      <gpxtpx:hr>140</gpxtpx:hr>
      <gpxtpx:cad>84</gpxtpx:cad>
     </gpxtpx:TrackPointExtension>
    </extensions>
   </trkpt>
   <trkpt lat="37.2635940" lon="-79.9562600">
    <ele>285.0</ele>
    <time>2026-04-08T09:38:25Z</time>
    <extensions>
     <power>352</power>
     <gpxtpx:TrackPointExtension>
      <gpxtpx:hr>140</gpxtpx:hr>
      <gpxtpx:cad>84</gpxtpx:cad>
     </gpxtpx:TrackPointExtension>
    </extensions>
   </trkpt>
   <trkpt lat="37.2636140" lon="-79.9562870">
    <ele>285.1</ele>
    <time>2026-04-08T09:38:26Z</time>
    <extensions>
     <power>351</power>
     <gpxtpx:TrackPointExtension>
      <gpxtpx:hr>140</gpxtpx:hr>
      <gpxtpx:cad>85</gpxtpx:cad>
     </gpxtpx:TrackPointExtension>
    </extensions>
   </trkpt>
   <trkpt lat="37.2636340" lon="-79.9563150">
    <ele>285.1</ele>
    <time>2026-04-08T09:38:27Z</time>
    <extensions>
     <power>351</power>
     <gpxtpx:TrackPointExtension>
      <gpxtpx:hr>141</gpxtpx:hr>
      <gpxtpx:cad>85</gpxtpx:cad>
     </gpxtpx:TrackPointExtension>
    </extensions>
   </trkpt>
   <trkpt lat="37.2636540" lon="-79.9563420">
    <ele>285.2</ele>
    <time>2026-04-08T09:38:28Z</time>
    <extensions>
     <power>350</power>
     <gpxtpx:TrackPointExtension>
      <gpxtpx:hr>141</gpxtpx:hr>
      <gpxtpx:cad>85</gpxtpx:cad>
     </gpxtpx:TrackPointExtension>
    </extensions>
   </trkpt>
   <trkpt lat="37.2636760" lon="-79.9563670">
    <ele>285.3</ele>
    <time>2026-04-08T09:38:29Z</time>
    <extensions>
     <power>349</power>
     <gpxtpx:TrackPointExtension>
      <gpxtpx:hr>141</gpxtpx:hr>
      <gpxtpx:cad>85</gpxtpx:cad>
     </gpxtpx:TrackPointExtension>
    </extensions>
   </trkpt>
   <trkpt lat="37.2636980" lon="-79.9563960">
    <ele>285.4</ele>
    <time>2026-04-08T09:38:30Z</time>
    <extensions>
     <power>352</power>
     <gpxtpx:TrackPointExtension>
      <gpxtpx:hr>140</gpxtpx:hr>
      <gpxtpx:cad>85</gpxtpx:cad>
     </gpxtpx:TrackPointExtension>
    </extensions>
   </trkpt>
   <trkpt lat="37.2637180" lon="-79.9564230">
    <ele>285.4</ele>
    <time>2026-04-08T09:38:31Z</time>
    <extensions>
     <power>355</power>
     <gpxtpx:TrackPointExtension>
      <gpxtpx:hr>140</gpxtpx:hr>
      <gpxtpx:cad>84</gpxtpx:cad>
     </gpxtpx:TrackPointExtension>
    </extensions>
   </trkpt>
   <trkpt lat="37.2637400" lon="-79.9564480">
    <ele>285.5</ele>
    <time>2026-04-08T09:38:32Z</time>
    <extensions>
     <power>358</power>
     <gpxtpx:TrackPointExtension>
      <gpxtpx:hr>140</gpxtpx:hr>
      <gpxtpx:cad>84</gpxtpx:cad>
     </gpxtpx:TrackPointExtension>
    </extensions>
   </trkpt>
   <trkpt lat="37.2637590" lon="-79.9564710">
    <ele>285.6</ele>
    <time>2026-04-08T09:38:33Z</time>
    <extensions>
     <power>360</power>
     <gpxtpx:TrackPointExtension>
      <gpxtpx:hr>140</gpxtpx:hr>
      <gpxtpx:cad>85</gpxtpx:cad>
     </gpxtpx:TrackPointExtension>
    </extensions>
   </trkpt>
   <trkpt lat="37.2637790" lon="-79.9564930">
    <ele>285.7</ele>
    <time>2026-04-08T09:38:34Z</time>
    <extensions>
     <power>361</power>
     <gpxtpx:TrackPointExtension>
      <gpxtpx:hr>140</gpxtpx:hr>
      <gpxtpx:cad>86</gpxtpx:cad>
     </gpxtpx:TrackPointExtension>
    </extensions>
   </trkpt>
   <trkpt lat="37.2637990" lon="-79.9565130">
    <ele>285.7</ele>
    <time>2026-04-08T09:38:35Z</time>
    <extensions>
     <power>363</power>
     <gpxtpx:TrackPointExtension>
      <gpxtpx:hr>139</gpxtpx:hr>
      <gpxtpx:cad>86</gpxtpx:cad>
     </gpxtpx:TrackPointExtension>
    </extensions>
   </trkpt>
   <trkpt lat="37.2638180" lon="-79.9565350">
    <ele>285.8</ele>
    <time>2026-04-08T09:38:36Z</time>
    <extensions>
     <power>365</power>
     <gpxtpx:TrackPointExtension>
      <gpxtpx:hr>140</gpxtpx:hr>
      <gpxtpx:cad>85</gpxtpx:cad>
     </gpxtpx:TrackPointExtension>
    </extensions>
   </trkpt>
   <trkpt lat="37.2638370" lon="-79.9565570">
    <ele>285.9</ele>
    <time>2026-04-08T09:38:37Z</time>
    <extensions>
     <power>366</power>
     <gpxtpx:TrackPointExtension>
      <gpxtpx:hr>140</gpxtpx:hr>
      <gpxtpx:cad>85</gpxtpx:cad>
     </gpxtpx:TrackPointExtension>
    </extensions>
   </trkpt>
   <trkpt lat="37.2638560" lon="-79.9565770">
    <ele>285.9</ele>
    <time>2026-04-08T09:38:38Z</time>
    <extensions>
     <power>365</power>
     <gpxtpx:TrackPointExtension>
      <gpxtpx:hr>140</gpxtpx:hr>
      <gpxtpx:cad>84</gpxtpx:cad>
     </gpxtpx:TrackPointExtension>
    </extensions>
   </trkpt>
   <trkpt lat="37.2638750" lon="-79.9565960">
    <ele>286.0</ele>
    <time>2026-04-08T09:38:39Z</time>
    <extensions>
     <power>364</power>
     <gpxtpx:TrackPointExtension>
      <gpxtpx:hr>140</gpxtpx:hr>
      <gpxtpx:cad>84</gpxtpx:cad>
     </gpxtpx:TrackPointExtension>
    </extensions>
   </trkpt>
   <trkpt lat="37.2638930" lon="-79.9566080">
    <ele>286.0</ele>
    <time>2026-04-08T09:38:40Z</time>
    <extensions>
     <power>364</power>
     <gpxtpx:TrackPointExtension>
      <gpxtpx:hr>140</gpxtpx:hr>
      <gpxtpx:cad>84</gpxtpx:cad>
     </gpxtpx:TrackPointExtension>
    </extensions>
   </trkpt>
   <trkpt lat="37.2639120" lon="-79.9566220">
    <ele>286.0</ele>
    <time>2026-04-08T09:38:41Z</time>
    <extensions>
     <power>366</power>
     <gpxtpx:TrackPointExtension>
      <gpxtpx:hr>139</gpxtpx:hr>
      <gpxtpx:cad>84</gpxtpx:cad>
     </gpxtpx:TrackPointExtension>
    </extensions>
   </trkpt>
   <trkpt lat="37.2639320" lon="-79.9566380">
    <ele>286.1</ele>
    <time>2026-04-08T09:38:42Z</time>
    <extensions>
     <power>363</power>
     <gpxtpx:TrackPointExtension>
      <gpxtpx:hr>140</gpxtpx:hr>
      <gpxtpx:cad>84</gpxtpx:cad>
     </gpxtpx:TrackPointExtension>
    </extensions>
   </trkpt>
   <trkpt lat="37.2639490" lon="-79.9566570">
    <ele>286.1</ele>
    <time>2026-04-08T09:38:43Z</time>
    <extensions>
     <power>360</power>
     <gpxtpx:TrackPointExtension>
      <gpxtpx:hr>140</gpxtpx:hr>
      <gpxtpx:cad>84</gpxtpx:cad>
     </gpxtpx:TrackPointExtension>
    </extensions>
   </trkpt>
   <trkpt lat="37.2639700" lon="-79.9566760">
    <ele>286.2</ele>
    <time>2026-04-08T09:38:44Z</time>
    <extensions>
     <power>342</power>
     <gpxtpx:TrackPointExtension>
      <gpxtpx:hr>140</gpxtpx:hr>
      <gpxtpx:cad>82</gpxtpx:cad>
     </gpxtpx:TrackPointExtension>
    </extensions>
   </trkpt>
   <trkpt lat="37.2639950" lon="-79.9566850">
    <ele>286.2</ele>
    <time>2026-04-08T09:38:45Z</time>
    <extensions>
     <power>348</power>
     <gpxtpx:TrackPointExtension>
      <gpxtpx:hr>139</gpxtpx:hr>
      <gpxtpx:cad>82</gpxtpx:cad>
     </gpxtpx:TrackPointExtension>
    </extensions>
   </trkpt>
   <trkpt lat="37.2640190" lon="-79.9566890">
    <ele>286.3</ele>
    <time>2026-04-08T09:38:46Z</time>
    <extensions>
     <power>351</power>
     <gpxtpx:TrackPointExtension>
      <gpxtpx:hr>139</gpxtpx:hr>
      <gpxtpx:cad>82</gpxtpx:cad>
     </gpxtpx:TrackPointExtension>
    </extensions>
   </trkpt>
   <trkpt lat="37.2640460" lon="-79.9566930">
    <ele>286.3</ele>
    <time>2026-04-08T09:38:47Z</time>
    <extensions>
     <power>355</power>
     <gpxtpx:TrackPointExtension>
      <gpxtpx:hr>139</gpxtpx:hr>
      <gpxtpx:cad>82</gpxtpx:cad>
     </gpxtpx:TrackPointExtension>
    </extensions>
   </trkpt>
   <trkpt lat="37.2640710" lon="-79.9567000">
    <ele>286.4</ele>
    <time>2026-04-08T09:38:48Z</time>
    <extensions>
     <power>359</power>
     <gpxtpx:TrackPointExtension>
      <gpxtpx:hr>139</gpxtpx:hr>
      <gpxtpx:cad>81</gpxtpx:cad>
     </gpxtpx:TrackPointExtension>
    </extensions>
   </trkpt>
   <trkpt lat="37.2640960" lon="-79.9567090">
    <ele>286.5</ele>
    <time>2026-04-08T09:38:49Z</time>
    <extensions>
     <power>360</power>
     <gpxtpx:TrackPointExtension>
      <gpxtpx:hr>139</gpxtpx:hr>
      <gpxtpx:cad>81</gpxtpx:cad>
     </gpxtpx:TrackPointExtension>
    </extensions>
   </trkpt>
   <trkpt lat="37.2641220" lon="-79.9567170">
    <ele>286.5</ele>
    <time>2026-04-08T09:38:50Z</time>
    <extensions>
     <power>377</power>
     <gpxtpx:TrackPointExtension>
      <gpxtpx:hr>139</gpxtpx:hr>
      <gpxtpx:cad>81</gpxtpx:cad>
     </gpxtpx:TrackPointExtension>
    </extensions>
   </trkpt>
   <trkpt lat="37.2641480" lon="-79.9567250">
    <ele>286.6</ele>
    <time>2026-04-08T09:38:51Z</time>
    <extensions>
     <power>378</power>
     <gpxtpx:TrackPointExtension>
      <gpxtpx:hr>139</gpxtpx:hr>
      <gpxtpx:cad>83</gpxtpx:cad>
     </gpxtpx:TrackPointExtension>
    </extensions>
   </trkpt>
   <trkpt lat="37.2641740" lon="-79.9567320">
    <ele>286.6</ele>
    <time>2026-04-08T09:38:52Z</time>
    <extensions>
     <power>378</power>
     <gpxtpx:TrackPointExtension>
      <gpxtpx:hr>139</gpxtpx:hr>
      <gpxtpx:cad>84</gpxtpx:cad>
     </gpxtpx:TrackPointExtension>
    </extensions>
   </trkpt>
   <trkpt lat="37.2641990" lon="-79.9567410">
    <ele>286.7</ele>
    <time>2026-04-08T09:38:53Z</time>
    <extensions>
     <power>383</power>
     <gpxtpx:TrackPointExtension>
      <gpxtpx:hr>139</gpxtpx:hr>
      <gpxtpx:cad>84</gpxtpx:cad>
     </gpxtpx:TrackPointExtension>
    </extensions>
   </trkpt>
   <trkpt lat="37.2642250" lon="-79.9567490">
    <ele>286.8</ele>
    <time>2026-04-08T09:38:54Z</time>
    <extensions>
     <power>381</power>
     <gpxtpx:TrackPointExtension>
      <gpxtpx:hr>139</gpxtpx:hr>
      <gpxtpx:cad>84</gpxtpx:cad>
     </gpxtpx:TrackPointExtension>
    </extensions>
   </trkpt>
   <trkpt lat="37.2642520" lon="-79.9567560">
    <ele>286.8</ele>
    <time>2026-04-08T09:38:55Z</time>
    <extensions>
     <power>381</power>
     <gpxtpx:TrackPointExtension>
      <gpxtpx:hr>138</gpxtpx:hr>
      <gpxtpx:cad>84</gpxtpx:cad>
     </gpxtpx:TrackPointExtension>
    </extensions>
   </trkpt>
   <trkpt lat="37.2642790" lon="-79.9567630">
    <ele>286.9</ele>
    <time>2026-04-08T09:38:56Z</time>
    <extensions>
     <power>379</power>
     <gpxtpx:TrackPointExtension>
      <gpxtpx:hr>138</gpxtpx:hr>
      <gpxtpx:cad>84</gpxtpx:cad>
     </gpxtpx:TrackPointExtension>
    </extensions>
   </trkpt>
   <trkpt lat="37.2643060" lon="-79.9567680">
    <ele>287.0</ele>
    <time>2026-04-08T09:38:57Z</time>
    <extensions>
     <power>379</power>
     <gpxtpx:TrackPointExtension>
      <gpxtpx:hr>138</gpxtpx:hr>
      <gpxtpx:cad>84</gpxtpx:cad>
     </gpxtpx:TrackPointExtension>
    </extensions>
   </trkpt>
   <trkpt lat="37.2643290" lon="-79.9567750">
    <ele>287.0</ele>
    <time>2026-04-08T09:38:58Z</time>
    <extensions>
     <power>385</power>
     <gpxtpx:TrackPointExtension>
      <gpxtpx:hr>138</gpxtpx:hr>
      <gpxtpx:cad>84</gpxtpx:cad>
     </gpxtpx:TrackPointExtension>
    </extensions>
   </trkpt>
   <trkpt lat="37.2643530" lon="-79.9567810">
    <ele>287.1</ele>
    <time>2026-04-08T09:38:59Z</time>
    <extensions>
     <power>380</power>
     <gpxtpx:TrackPointExtension>
      <gpxtpx:hr>138</gpxtpx:hr>
      <gpxtpx:cad>84</gpxtpx:cad>
     </gpxtpx:TrackPointExtension>
    </extensions>
   </trkpt>
   <trkpt lat="37.2643760" lon="-79.9567870">
    <ele>287.1</ele>
    <time>2026-04-08T09:39:00Z</time>
    <extensions>
     <power>373</power>
     <gpxtpx:TrackPointExtension>
      <gpxtpx:hr>139</gpxtpx:hr>
      <gpxtpx:cad>85</gpxtpx:cad>
     </gpxtpx:TrackPointExtension>
    </extensions>
   </trkpt>
   <trkpt lat="37.2644010" lon="-79.9567950">
    <ele>287.2</ele>
    <time>2026-04-08T09:39:01Z</time>
    <extensions>
     <power>367</power>
     <gpxtpx:TrackPointExtension>
      <gpxtpx:hr>138</gpxtpx:hr>
      <gpxtpx:cad>85</gpxtpx:cad>
     </gpxtpx:TrackPointExtension>
    </extensions>
   </trkpt>
   <trkpt lat="37.2644270" lon="-79.9568010">
    <ele>287.2</ele>
    <time>2026-04-08T09:39:02Z</time>
    <extensions>
     <power>364</power>
     <gpxtpx:TrackPointExtension>
      <gpxtpx:hr>138</gpxtpx:hr>
      <gpxtpx:cad>84</gpxtpx:cad>
     </gpxtpx:TrackPointExtension>
    </extensions>
   </trkpt>
   <trkpt lat="37.2644500" lon="-79.9568080">
    <ele>287.3</ele>
    <time>2026-04-08T09:39:03Z</time>
    <extensions>
     <power>363</power>
     <gpxtpx:TrackPointExtension>
      <gpxtpx:hr>138</gpxtpx:hr>
      <gpxtpx:cad>83</gpxtpx:cad>
     </gpxtpx:TrackPointExtension>
    </extensions>
   </trkpt>
   <trkpt lat="37.2644740" lon="-79.9568140">
    <ele>287.3</ele>
    <time>2026-04-08T09:39:04Z</time>
    <extensions>
     <power>360</power>
     <gpxtpx:TrackPointExtension>
      <gpxtpx:hr>138</gpxtpx:hr>
      <gpxtpx:cad>83</gpxtpx:cad>
     </gpxtpx:TrackPointExtension>
    </extensions>
   </trkpt>
   <trkpt lat="37.2644970" lon="-79.9568200">
    <ele>287.4</ele>
    <time>2026-04-08T09:39:05Z</time>
    <extensions>
     <power>356</power>
     <gpxtpx:TrackPointExtension>
      <gpxtpx:hr>138</gpxtpx:hr>
      <gpxtpx:cad>83</gpxtpx:cad>
     </gpxtpx:TrackPointExtension>
    </extensions>
   </trkpt>
   <trkpt lat="37.2645180" lon="-79.9568270">
    <ele>287.4</ele>
    <time>2026-04-08T09:39:06Z</time>
    <extensions>
     <power>355</power>
     <gpxtpx:TrackPointExtension>
      <gpxtpx:hr>138</gpxtpx:hr>
      <gpxtpx:cad>83</gpxtpx:cad>
     </gpxtpx:TrackPointExtension>
    </extensions>
   </trkpt>
   <trkpt lat="37.2645400" lon="-79.9568350">
    <ele>287.5</ele>
    <time>2026-04-08T09:39:07Z</time>
    <extensions>
     <power>354</power>
     <gpxtpx:TrackPointExtension>
      <gpxtpx:hr>138</gpxtpx:hr>
      <gpxtpx:cad>83</gpxtpx:cad>
     </gpxtpx:TrackPointExtension>
    </extensions>
   </trkpt>
   <trkpt lat="37.2645520" lon="-79.9568390">
    <ele>287.5</ele>
    <time>2026-04-08T09:39:08Z</time>
    <extensions>
     <power>352</power>
     <gpxtpx:TrackPointExtension>
      <gpxtpx:hr>138</gpxtpx:hr>
      <gpxtpx:cad>83</gpxtpx:cad>
     </gpxtpx:TrackPointExtension>
    </extensions>
   </trkpt>
   <trkpt lat="37.2645610" lon="-79.9568340">
    <ele>287.6</ele>
    <time>2026-04-08T09:39:09Z</time>
    <extensions>
     <power>352</power>
     <gpxtpx:TrackPointExtension>
      <gpxtpx:hr>137</gpxtpx:hr>
      <gpxtpx:cad>82</gpxtpx:cad>
     </gpxtpx:TrackPointExtension>
    </extensions>
   </trkpt>
   <trkpt lat="37.2645670" lon="-79.9568310">
    <ele>287.6</ele>
    <time>2026-04-08T09:39:10Z</time>
    <extensions>
     <power>352</power>
     <gpxtpx:TrackPointExtension>
      <gpxtpx:hr>137</gpxtpx:hr>
      <gpxtpx:cad>82</gpxtpx:cad>
     </gpxtpx:TrackPointExtension>
    </extensions>
   </trkpt>
   <trkpt lat="37.2645670" lon="-79.9568270">
    <ele>287.6</ele>
    <time>2026-04-08T09:39:11Z</time>
    <extensions>
     <power>347</power>
     <gpxtpx:TrackPointExtension>
      <gpxtpx:hr>137</gpxtpx:hr>
      <gpxtpx:cad>82</gpxtpx:cad>
     </gpxtpx:TrackPointExtension>
    </extensions>
   </trkpt>
   <trkpt lat="37.2645690" lon="-79.9568280">
    <ele>287.6</ele>
    <time>2026-04-08T09:39:12Z</time>
    <extensions>
     <power>342</power>
     <gpxtpx:TrackPointExtension>
      <gpxtpx:hr>137</gpxtpx:hr>
      <gpxtpx:cad>82</gpxtpx:cad>
     </gpxtpx:TrackPointExtension>
    </extensions>
   </trkpt>
   <trkpt lat="37.2645680" lon="-79.9568290">
    <ele>287.6</ele>
    <time>2026-04-08T09:39:13Z</time>
    <extensions>
     <power>332</power>
     <gpxtpx:TrackPointExtension>
      <gpxtpx:hr>137</gpxtpx:hr>
      <gpxtpx:cad>82</gpxtpx:cad>
     </gpxtpx:TrackPointExtension>
    </extensions>
   </trkpt>
   <trkpt lat="37.2645690" lon="-79.9568300">
    <ele>287.6</ele>
    <time>2026-04-08T09:39:14Z</time>
    <extensions>
     <power>325</power>
     <gpxtpx:TrackPointExtension>
      <gpxtpx:hr>137</gpxtpx:hr>
      <gpxtpx:cad>0</gpxtpx:cad>
     </gpxtpx:TrackPointExtension>
    </extensions>
   </trkpt>
   <trkpt lat="37.2645700" lon="-79.9568310">
    <ele>287.6</ele>
    <time>2026-04-08T09:39:15Z</time>
    <extensions>
     <power>0</power>
     <gpxtpx:TrackPointExtension>
      <gpxtpx:hr>137</gpxtpx:hr>
      <gpxtpx:cad>0</gpxtpx:cad>
     </gpxtpx:TrackPointExtension>
    </extensions>
   </trkpt>
   <trkpt lat="37.2645700" lon="-79.9568310">
    <ele>287.6</ele>
    <time>2026-04-08T09:39:16Z</time>
    <extensions>
     <power>0</power>
     <gpxtpx:TrackPointExtension>
      <gpxtpx:hr>136</gpxtpx:hr>
      <gpxtpx:cad>0</gpxtpx:cad>
     </gpxtpx:TrackPointExtension>
    </extensions>
   </trkpt>
   <trkpt lat="37.2645700" lon="-79.9568310">
    <ele>287.6</ele>
    <time>2026-04-08T09:39:17Z</time>
    <extensions>
     <power>0</power>
     <gpxtpx:TrackPointExtension>
      <gpxtpx:hr>136</gpxtpx:hr>
      <gpxtpx:cad>0</gpxtpx:cad>
     </gpxtpx:TrackPointExtension>
    </extensions>
   </trkpt>
   <trkpt lat="37.2645700" lon="-79.9568310">
    <ele>287.6</ele>
    <time>2026-04-08T09:39:18Z</time>
    <extensions>
     <power>0</power>
     <gpxtpx:TrackPointExtension>
      <gpxtpx:hr>136</gpxtpx:hr>
      <gpxtpx:cad>0</gpxtpx:cad>
     </gpxtpx:TrackPointExtension>
    </extensions>
   </trkpt>
   <trkpt lat="37.2646350" lon="-79.9569070">
    <ele>287.8</ele>
    <time>2026-04-08T09:39:48Z</time>
    <extensions>
     <gpxtpx:TrackPointExtension>
      <gpxtpx:hr>125</gpxtpx:hr>
      <gpxtpx:cad>0</gpxtpx:cad>
     </gpxtpx:TrackPointExtension>
    </extensions>
   </trkpt>
   <trkpt lat="37.2646540" lon="-79.9569330">
    <ele>287.9</ele>
    <time>2026-04-08T09:39:49Z</time>
    <extensions>
     <power>0</power>
     <gpxtpx:TrackPointExtension>
      <gpxtpx:hr>125</gpxtpx:hr>
      <gpxtpx:cad>0</gpxtpx:cad>
     </gpxtpx:TrackPointExtension>
    </extensions>
   </trkpt>
   <trkpt lat="37.2646740" lon="-79.9569590">
    <ele>288.0</ele>
    <time>2026-04-08T09:39:50Z</time>
    <extensions>
     <power>0</power>
     <gpxtpx:TrackPointExtension>
      <gpxtpx:hr>124</gpxtpx:hr>
      <gpxtpx:cad>0</gpxtpx:cad>
     </gpxtpx:TrackPointExtension>
    </extensions>
   </trkpt>
   <trkpt lat="37.2646910" lon="-79.9569830">
    <ele>288.1</ele>
    <time>2026-04-08T09:39:51Z</time>
    <extensions>
     <power>0</power>
     <gpxtpx:TrackPointExtension>
      <gpxtpx:hr>123</gpxtpx:hr>
      <gpxtpx:cad>85</gpxtpx:cad>
     </gpxtpx:TrackPointExtension>
    </extensions>
   </trkpt>
   <trkpt lat="37.2647060" lon="-79.9570100">
    <ele>288.1</ele>
    <time>2026-04-08T09:39:52Z</time>
    <extensions>
     <power>398</power>
     <gpxtpx:TrackPointExtension>
      <gpxtpx:hr>123</gpxtpx:hr>
      <gpxtpx:cad>86</gpxtpx:cad>
     </gpxtpx:TrackPointExtension>
    </extensions>
   </trkpt>
   <trkpt lat="37.2647200" lon="-79.9570370">
    <ele>288.2</ele>
    <time>2026-04-08T09:39:53Z</time>
    <extensions>
     <power>385</power>
     <gpxtpx:TrackPointExtension>
      <gpxtpx:hr>124</gpxtpx:hr>
      <gpxtpx:cad>85</gpxtpx:cad>
     </gpxtpx:TrackPointExtension>
    </extensions>
   </trkpt>
   <trkpt lat="37.2647320" lon="-79.9570680">
    <ele>288.4</ele>
    <time>2026-04-08T09:39:54Z</time>
    <extensions>
     <power>362</power>
     <gpxtpx:TrackPointExtension>
      <gpxtpx:hr>125</gpxtpx:hr>
      <gpxtpx:cad>85</gpxtpx:cad>
     </gpxtpx:TrackPointExtension>
    </extensions>
   </trkpt>
   <trkpt lat="37.2647400" lon="-79.9571000">
    <ele>288.5</ele>
    <time>2026-04-08T09:39:55Z</time>
    <extensions>
     <power>357</power>
     <gpxtpx:TrackPointExtension>
      <gpxtpx:hr>125</gpxtpx:hr>
      <gpxtpx:cad>85</gpxtpx:cad>
     </gpxtpx:TrackPointExtension>
    </extensions>
   </trkpt>
   <trkpt lat="37.2647470" lon="-79.9571340">
    <ele>288.7</ele>
    <time>2026-04-08T09:39:56Z</time>
    <extensions>
     <power>347</power>
     <gpxtpx:TrackPointExtension>
      <gpxtpx:hr>126</gpxtpx:hr>
      <gpxtpx:cad>85</gpxtpx:cad>
     </gpxtpx:TrackPointExtension>
    </extensions>
   </trkpt>
   <trkpt lat="37.2647560" lon="-79.9571690">
    <ele>288.8</ele>
    <time>2026-04-08T09:39:57Z</time>
    <extensions>
     <power>356</power>
     <gpxtpx:TrackPointExtension>
      <gpxtpx:hr>126</gpxtpx:hr>
      <gpxtpx:cad>85</gpxtpx:cad>
     </gpxtpx:TrackPointExtension>
    </extensions>
   </trkpt>
   <trkpt lat="37.2647630" lon="-79.9572050">
    <ele>288.8</ele>
    <time>2026-04-08T09:39:58Z</time>
    <extensions>
     <power>360</power>
     <gpxtpx:TrackPointExtension>
      <gpxtpx:hr>126</gpxtpx:hr>
      <gpxtpx:cad>84</gpxtpx:cad>
     </gpxtpx:TrackPointExtension>
    </extensions>
   </trkpt>
   <trkpt lat="37.2647680" lon="-79.9572390">
    <ele>288.8</ele>
    <time>2026-04-08T09:39:59Z</time>
    <extensions>
     <power>390</power>
     <gpxtpx:TrackPointExtension>
      <gpxtpx:hr>126</gpxtpx:hr>
      <gpxtpx:cad>84</gpxtpx:cad>
     </gpxtpx:TrackPointExtension>
    </extensions>
   </trkpt>
   <trkpt lat="37.2647720" lon="-79.9572730">
    <ele>288.8</ele>
    <time>2026-04-08T09:40:00Z</time>
    <extensions>
     <power>400</power>
     <gpxtpx:TrackPointExtension>
      <gpxtpx:hr>125</gpxtpx:hr>
      <gpxtpx:cad>85</gpxtpx:cad>
     </gpxtpx:TrackPointExtension>
    </extensions>
   </trkpt>
   <trkpt lat="37.2647750" lon="-79.9573080">
    <ele>288.9</ele>
    <time>2026-04-08T09:40:01Z</time>
    <extensions>
     <power>394</power>
     <gpxtpx:TrackPointExtension>
      <gpxtpx:hr>126</gpxtpx:hr>
      <gpxtpx:cad>86</gpxtpx:cad>
     </gpxtpx:TrackPointExtension>
    </extensions>
   </trkpt>
   <trkpt lat="37.2647760" lon="-79.9573420">
    <ele>288.9</ele>
    <time>2026-04-08T09:40:02Z</time>
    <extensions>
     <power>386</power>
     <gpxtpx:TrackPointExtension>
      <gpxtpx:hr>126</gpxtpx:hr>
      <gpxtpx:cad>86</gpxtpx:cad>
     </gpxtpx:TrackPointExtension>
    </extensions>
   </trkpt>
   <trkpt lat="37.2647770" lon="-79.9573760">
    <ele>289.1</ele>
    <time>2026-04-08T09:40:03Z</time>
    <extensions>
     <power>380</power>
     <gpxtpx:TrackPointExtension>
      <gpxtpx:hr>126</gpxtpx:hr>
      <gpxtpx:cad>86</gpxtpx:cad>
     </gpxtpx:TrackPointExtension>
    </extensions>
   </trkpt>
   <trkpt lat="37.2647810" lon="-79.9574090">
    <ele>289.2</ele>
    <time>2026-04-08T09:40:04Z</time>
    <extensions>
     <power>382</power>
     <gpxtpx:TrackPointExtension>
      <gpxtpx:hr>127</gpxtpx:hr>
      <gpxtpx:cad>86</gpxtpx:cad>
     </gpxtpx:TrackPointExtension>
    </extensions>
   </trkpt>
   <trkpt lat="37.2647860" lon="-79.9574410">
    <ele>289.3</ele>
    <time>2026-04-08T09:40:05Z</time>
    <extensions>
     <power>377</power>
     <gpxtpx:TrackPointExtension>
      <gpxtpx:hr>127</gpxtpx:hr>
      <gpxtpx:cad>86</gpxtpx:cad>
     </gpxtpx:TrackPointExtension>
    </extensions>
   </trkpt>
   <trkpt lat="37.2647910" lon="-79.9574750">
    <ele>289.4</ele>
    <time>2026-04-08T09:40:06Z</time>
    <extensions>
     <power>379</power>
     <gpxtpx:TrackPointExtension>
      <gpxtpx:hr>127</gpxtpx:hr>
      <gpxtpx:cad>86</gpxtpx:cad>
     </gpxtpx:TrackPointExtension>
    </extensions>
   </trkpt>
   <trkpt lat="37.2647950" lon="-79.9575090">
    <ele>289.5</ele>
    <time>2026-04-08T09:40:07Z</time>
    <extensions>
     <power>376</power>
     <gpxtpx:TrackPointExtension>
      <gpxtpx:hr>127</gpxtpx:hr>
      <gpxtpx:cad>86</gpxtpx:cad>
     </gpxtpx:TrackPointExtension>
    </extensions>
   </trkpt>
   <trkpt lat="37.2647990" lon="-79.9575430">
    <ele>289.6</ele>
    <time>2026-04-08T09:40:08Z</time>
    <extensions>
     <power>372</power>
     <gpxtpx:TrackPointExtension>
      <gpxtpx:hr>127</gpxtpx:hr>
      <gpxtpx:cad>86</gpxtpx:cad>
     </gpxtpx:TrackPointExtension>
    </extensions>
   </trkpt>
   <trkpt lat="37.2648040" lon="-79.9575780">
    <ele>289.7</ele>
    <time>2026-04-08T09:40:09Z</time>
    <extensions>
     <power>371</power>
     <gpxtpx:TrackPointExtension>
      <gpxtpx:hr>127</gpxtpx:hr>
      <gpxtpx:cad>86</gpxtpx:cad>
     </gpxtpx:TrackPointExtension>
    </extensions>
   </trkpt>
   <trkpt lat="37.2648080" lon="-79.9576100">
    <ele>289.9</ele>
    <time>2026-04-08T09:40:10Z</time>
    <extensions>
     <power>370</power>
     <gpxtpx:TrackPointExtension>
      <gpxtpx:hr>128</gpxtpx:hr>
      <gpxtpx:cad>86</gpxtpx:cad>
     </gpxtpx:TrackPointExtension>
    </extensions>
   </trkpt>
   <trkpt lat="37.2648140" lon="-79.9576440">
    <ele>290.0</ele>
    <time>2026-04-08T09:40:11Z</time>
    <extensions>
     <power>372</power>
     <gpxtpx:TrackPointExtension>
      <gpxtpx:hr>128</gpxtpx:hr>
      <gpxtpx:cad>86</gpxtpx:cad>
     </gpxtpx:TrackPointExtension>
    </extensions>
   </trkpt>
   <trkpt lat="37.2648190" lon="-79.9576780">
    <ele>290.1</ele>
    <time>2026-04-08T09:40:12Z</time>
    <extensions>
     <power>377</power>
     <gpxtpx:TrackPointExtension>
      <gpxtpx:hr>128</gpxtpx:hr>
      <gpxtpx:cad>86</gpxtpx:cad>
     </gpxtpx:TrackPointExtension>
    </extensions>
   </trkpt>
   <trkpt lat="37.2648240" lon="-79.9577120">
    <ele>290.2</ele>
    <time>2026-04-08T09:40:13Z</time>
    <extensions>
     <power>386</power>
     <gpxtpx:TrackPointExtension>
      <gpxtpx:hr>128</gpxtpx:hr>
      <gpxtpx:cad>86</gpxtpx:cad>
     </gpxtpx:TrackPointExtension>
    </extensions>
   </trkpt>
   <trkpt lat="37.2648290" lon="-79.9577480">
    <ele>290.3</ele>
    <time>2026-04-08T09:40:14Z</time>
    <extensions>
     <power>391</power>
     <gpxtpx:TrackPointExtension>
      <gpxtpx:hr>128</gpxtpx:hr>
      <gpxtpx:cad>86</gpxtpx:cad>
     </gpxtpx:TrackPointExtension>
    </extensions>
   </trkpt>
   <trkpt lat="37.2648310" lon="-79.9577810">
    <ele>290.4</ele>
    <time>2026-04-08T09:40:15Z</time>
    <extensions>
     <power>393</power>
     <gpxtpx:TrackPointExtension>
      <gpxtpx:hr>128</gpxtpx:hr>
      <gpxtpx:cad>86</gpxtpx:cad>
     </gpxtpx:TrackPointExtension>
    </extensions>
   </trkpt>
   <trkpt lat="37.2648360" lon="-79.9578130">
    <ele>290.5</ele>
    <time>2026-04-08T09:40:16Z</time>
    <extensions>
     <power>394</power>
     <gpxtpx:TrackPointExtension>
      <gpxtpx:hr>128</gpxtpx:hr>
      <gpxtpx:cad>86</gpxtpx:cad>
     </gpxtpx:TrackPointExtension>
    </extensions>
   </trkpt>
   <trkpt lat="37.2648400" lon="-79.9578440">
    <ele>290.6</ele>
    <time>2026-04-08T09:40:17Z</time>
    <extensions>
     <power>392</power>
     <gpxtpx:TrackPointExtension>
      <gpxtpx:hr>129</gpxtpx:hr>
      <gpxtpx:cad>86</gpxtpx:cad>
     </gpxtpx:TrackPointExtension>
    </extensions>
   </trkpt>
   <trkpt lat="37.2648450" lon="-79.9578800">
    <ele>290.8</ele>
    <time>2026-04-08T09:40:18Z</time>
    <extensions>
     <power>383</power>
     <gpxtpx:TrackPointExtension>
      <gpxtpx:hr>129</gpxtpx:hr>
      <gpxtpx:cad>85</gpxtpx:cad>
     </gpxtpx:TrackPointExtension>
    </extensions>
   </trkpt>
   <trkpt lat="37.2648470" lon="-79.9579130">
    <ele>290.9</ele>
    <time>2026-04-08T09:40:19Z</time>
    <extensions>
     <power>383</power>
     <gpxtpx:TrackPointExtension>
      <gpxtpx:hr>129</gpxtpx:hr>
      <gpxtpx:cad>85</gpxtpx:cad>
     </gpxtpx:TrackPointExtension>
    </extensions>
   </trkpt>
   <trkpt lat="37.2648490" lon="-79.9579470">
    <ele>291.0</ele>
    <time>2026-04-08T09:40:20Z</time>
    <extensions>
     <power>382</power>
     <gpxtpx:TrackPointExtension>
      <gpxtpx:hr>129</gpxtpx:hr>
      <gpxtpx:cad>85</gpxtpx:cad>
     </gpxtpx:TrackPointExtension>
    </extensions>
   </trkpt>
   <trkpt lat="37.2648530" lon="-79.9579800">
    <ele>291.1</ele>
    <time>2026-04-08T09:40:21Z</time>
    <extensions>
     <power>384</power>
     <gpxtpx:TrackPointExtension>
      <gpxtpx:hr>129</gpxtpx:hr>
      <gpxtpx:cad>85</gpxtpx:cad>
     </gpxtpx:TrackPointExtension>
    </extensions>
   </trkpt>
   <trkpt lat="37.2648570" lon="-79.9580110">
    <ele>291.2</ele>
    <time>2026-04-08T09:40:22Z</time>
    <extensions>
     <power>384</power>
     <gpxtpx:TrackPointExtension>
      <gpxtpx:hr>129</gpxtpx:hr>
      <gpxtpx:cad>85</gpxtpx:cad>
     </gpxtpx:TrackPointExtension>
    </extensions>
   </trkpt>
   <trkpt lat="37.2648620" lon="-79.9580450">
    <ele>291.3</ele>
    <time>2026-04-08T09:40:23Z</time>
    <extensions>
     <power>385</power>
     <gpxtpx:TrackPointExtension>
      <gpxtpx:hr>130</gpxtpx:hr>
      <gpxtpx:cad>85</gpxtpx:cad>
     </gpxtpx:TrackPointExtension>
    </extensions>
   </trkpt>
   <trkpt lat="37.2648690" lon="-79.9580760">
    <ele>291.4</ele>
    <time>2026-04-08T09:40:24Z</time>
    <extensions>
     <power>387</power>
     <gpxtpx:TrackPointExtension>
      <gpxtpx:hr>130</gpxtpx:hr>
      <gpxtpx:cad>85</gpxtpx:cad>
     </gpxtpx:TrackPointExtension>
    </extensions>
   </trkpt>
   <trkpt lat="37.2648740" lon="-79.9581120">
    <ele>291.6</ele>
    <time>2026-04-08T09:40:25Z</time>
    <extensions>
     <power>385</power>
     <gpxtpx:TrackPointExtension>
      <gpxtpx:hr>130</gpxtpx:hr>
      <gpxtpx:cad>85</gpxtpx:cad>
     </gpxtpx:TrackPointExtension>
    </extensions>
   </trkpt>
   <trkpt lat="37.2648790" lon="-79.9581460">
    <ele>291.7</ele>
    <time>2026-04-08T09:40:26Z</time>
    <extensions>
     <power>394</power>
     <gpxtpx:TrackPointExtension>
      <gpxtpx:hr>130</gpxtpx:hr>
      <gpxtpx:cad>85</gpxtpx:cad>
     </gpxtpx:TrackPointExtension>
    </extensions>
   </trkpt>
   <trkpt lat="37.2648860" lon="-79.9581820">
    <ele>291.8</ele>
    <time>2026-04-08T09:40:27Z</time>
    <extensions>
     <power>397</power>
     <gpxtpx:TrackPointExtension>
      <gpxtpx:hr>130</gpxtpx:hr>
      <gpxtpx:cad>85</gpxtpx:cad>
     </gpxtpx:TrackPointExtension>
    </extensions>
   </trkpt>
   <trkpt lat="37.2648930" lon="-79.9582170">
    <ele>291.9</ele>
    <time>2026-04-08T09:40:28Z</time>
    <extensions>
     <power>397</power>
     <gpxtpx:TrackPointExtension>
      <gpxtpx:hr>130</gpxtpx:hr>
      <gpxtpx:cad>86</gpxtpx:cad>
     </gpxtpx:TrackPointExtension>
    </extensions>
   </trkpt>
   <trkpt lat="37.2648980" lon="-79.9582500">
    <ele>292.0</ele>
    <time>2026-04-08T09:40:29Z</time>
    <extensions>
     <power>401</power>
     <gpxtpx:TrackPointExtension>
      <gpxtpx:hr>130</gpxtpx:hr>
      <gpxtpx:cad>86</gpxtpx:cad>
     </gpxtpx:TrackPointExtension>
    </extensions>
   </trkpt>
   <trkpt lat="37.2649040" lon="-79.9582830">
    <ele>292.1</ele>
    <time>2026-04-08T09:40:30Z</time>
    <extensions>
     <power>407</power>
     <gpxtpx:TrackPointExtension>
      <gpxtpx:hr>131</gpxtpx:hr>
      <gpxtpx:cad>86</gpxtpx:cad>
     </gpxtpx:TrackPointExtension>
    </extensions>
   </trkpt>
   <trkpt lat="37.2649110" lon="-79.9583170">
    <ele>292.3</ele>
    <time>2026-04-08T09:40:31Z</time>
    <extensions>
     <power>408</power>
     <gpxtpx:TrackPointExtension>
      <gpxtpx:hr>131</gpxtpx:hr>
      <gpxtpx:cad>85</gpxtpx:cad>
     </gpxtpx:TrackPointExtension>
    </extensions>
   </trkpt>
   <trkpt lat="37.2649180" lon="-79.9583520">
    <ele>292.4</ele>
    <time>2026-04-08T09:40:32Z</time>
    <extensions>
     <power>412</power>
     <gpxtpx:TrackPointExtension>
      <gpxtpx:hr>131</gpxtpx:hr>
      <gpxtpx:cad>85</gpxtpx:cad>
     </gpxtpx:TrackPointExtension>
    </extensions>
   </trkpt>
   <trkpt lat="37.2649260" lon="-79.9583860">
    <ele>292.5</ele>
    <time>2026-04-08T09:40:33Z</time>
    <extensions>
     <power>412</power>
     <gpxtpx:TrackPointExtension>
      <gpxtpx:hr>131</gpxtpx:hr>
      <gpxtpx:cad>85</gpxtpx:cad>
     </gpxtpx:TrackPointExtension>
    </extensions>
   </trkpt>
   <trkpt lat="37.2649310" lon="-79.9584170">
    <ele>292.5</ele>
    <time>2026-04-08T09:40:34Z</time>
    <extensions>
     <power>415</power>
     <gpxtpx:TrackPointExtension>
      <gpxtpx:hr>131</gpxtpx:hr>
      <gpxtpx:cad>84</gpxtpx:cad>
     </gpxtpx:TrackPointExtension>
    </extensions>
   </trkpt>
   <trkpt lat="37.2649390" lon="-79.9584510">
    <ele>292.5</ele>
    <time>2026-04-08T09:40:35Z</time>
    <extensions>
     <power>413</power>
     <gpxtpx:TrackPointExtension>
      <gpxtpx:hr>132</gpxtpx:hr>
      <gpxtpx:cad>84</gpxtpx:cad>
     </gpxtpx:TrackPointExtension>
    </extensions>
   </trkpt>
   <trkpt lat="37.2649470" lon="-79.9584820">
    <ele>292.5</ele>
    <time>2026-04-08T09:40:36Z</time>
    <extensions>
     <power>411</power>
     <gpxtpx:TrackPointExtension>
      <gpxtpx:hr>132</gpxtpx:hr>
      <gpxtpx:cad>84</gpxtpx:cad>
     </gpxtpx:TrackPointExtension>
    </extensions>
   </trkpt>
   <trkpt lat="37.2649540" lon="-79.9585120">
    <ele>292.5</ele>
    <time>2026-04-08T09:40:37Z</time>
    <extensions>
     <power>414</power>
     <gpxtpx:TrackPointExtension>
      <gpxtpx:hr>132</gpxtpx:hr>
      <gpxtpx:cad>84</gpxtpx:cad>
     </gpxtpx:TrackPointExtension>
    </extensions>
   </trkpt>
   <trkpt lat="37.2649650" lon="-79.9585450">
    <ele>292.4</ele>
    <time>2026-04-08T09:40:38Z</time>
    <extensions>
     <power>415</power>
     <gpxtpx:TrackPointExtension>
      <gpxtpx:hr>132</gpxtpx:hr>
      <gpxtpx:cad>84</gpxtpx:cad>
     </gpxtpx:TrackPointExtension>
    </extensions>
   </trkpt>
   <trkpt lat="37.2649760" lon="-79.9585770">
    <ele>292.4</ele>
    <time>2026-04-08T09:40:39Z</time>
    <extensions>
     <power>414</power>
     <gpxtpx:TrackPointExtension>
      <gpxtpx:hr>132</gpxtpx:hr>
      <gpxtpx:cad>84</gpxtpx:cad>
     </gpxtpx:TrackPointExtension>
    </extensions>
   </trkpt>
   <trkpt lat="37.2649930" lon="-79.9586080">
    <ele>292.4</ele>
    <time>2026-04-08T09:40:40Z</time>
    <extensions>
     <power>420</power>
     <gpxtpx:TrackPointExtension>
      <gpxtpx:hr>132</gpxtpx:hr>
      <gpxtpx:cad>84</gpxtpx:cad>
     </gpxtpx:TrackPointExtension>
    </extensions>
   </trkpt>
   <trkpt lat="37.2650110" lon="-79.9586300">
    <ele>292.4</ele>
    <time>2026-04-08T09:40:41Z</time>
    <extensions>
     <power>418</power>
     <gpxtpx:TrackPointExtension>
      <gpxtpx:hr>133</gpxtpx:hr>
      <gpxtpx:cad>83</gpxtpx:cad>
     </gpxtpx:TrackPointExtension>
    </extensions>
   </trkpt>
   <trkpt lat="37.2650350" lon="-79.9586470">
    <ele>292.4</ele>
    <time>2026-04-08T09:40:42Z</time>
    <extensions>
     <power>417</power>
     <gpxtpx:TrackPointExtension>
      <gpxtpx:hr>133</gpxtpx:hr>
      <gpxtpx:cad>83</gpxtpx:cad>
     </gpxtpx:TrackPointExtension>
    </extensions>
   </trkpt>
   <trkpt lat="37.2650610" lon="-79.9586550">
    <ele>292.4</ele>
    <time>2026-04-08T09:40:43Z</time>
    <extensions>
     <power>419</power>
     <gpxtpx:TrackPointExtension>
      <gpxtpx:hr>133</gpxtpx:hr>
      <gpxtpx:cad>83</gpxtpx:cad>
     </gpxtpx:TrackPointExtension>
    </extensions>
   </trkpt>
   <trkpt lat="37.2650860" lon="-79.9586570">
    <ele>292.4</ele>
    <time>2026-04-08T09:40:44Z</time>
    <extensions>
     <power>423</power>
     <gpxtpx:TrackPointExtension>
      <gpxtpx:hr>133</gpxtpx:hr>
      <gpxtpx:cad>84</gpxtpx:cad>
     </gpxtpx:TrackPointExtension>
    </extensions>
   </trkpt>
   <trkpt lat="37.2651130" lon="-79.9586540">
    <ele>292.4</ele>
    <time>2026-04-08T09:40:45Z</time>
    <extensions>
     <power>427</power>
     <gpxtpx:TrackPointExtension>
      <gpxtpx:hr>133</gpxtpx:hr>
      <gpxtpx:cad>84</gpxtpx:cad>
     </gpxtpx:TrackPointExtension>
    </extensions>
   </trkpt>
   <trkpt lat="37.2651380" lon="-79.9586500">
    <ele>292.4</ele>
    <time>2026-04-08T09:40:46Z</time>
    <extensions>
     <power>427</power>
     <gpxtpx:TrackPointExtension>
      <gpxtpx:hr>133</gpxtpx:hr>
      <gpxtpx:cad>85</gpxtpx:cad>
     </gpxtpx:TrackPointExtension>
    </extensions>
   </trkpt>
   <trkpt lat="37.2651660" lon="-79.9586470">
    <ele>292.4</ele>
    <time>2026-04-08T09:40:47Z</time>
    <extensions>
     <power>425</power>
     <gpxtpx:TrackPointExtension>
      <gpxtpx:hr>133</gpxtpx:hr>
      <gpxtpx:cad>84</gpxtpx:cad>
     </gpxtpx:TrackPointExtension>
    </extensions>
   </trkpt>
   <trkpt lat="37.2651920" lon="-79.9586430">
    <ele>292.3</ele>
    <time>2026-04-08T09:40:48Z</time>
    <extensions>
     <power>426</power>
     <gpxtpx:TrackPointExtension>
      <gpxtpx:hr>133</gpxtpx:hr>
      <gpxtpx:cad>85</gpxtpx:cad>
     </gpxtpx:TrackPointExtension>
    </extensions>
   </trkpt>
   <trkpt lat="37.2652210" lon="-79.9586380">
    <ele>292.3</ele>
    <time>2026-04-08T09:40:49Z</time>
    <extensions>
     <power>422</power>
     <gpxtpx:TrackPointExtension>
      <gpxtpx:hr>134</gpxtpx:hr>
      <gpxtpx:cad>85</gpxtpx:cad>
     </gpxtpx:TrackPointExtension>
    </extensions>
   </trkpt>
   <trkpt lat="37.2652490" lon="-79.9586330">
    <ele>292.3</ele>
    <time>2026-04-08T09:40:50Z</time>
    <extensions>
     <power>420</power>
     <gpxtpx:TrackPointExtension>
      <gpxtpx:hr>134</gpxtpx:hr>
      <gpxtpx:cad>85</gpxtpx:cad>
     </gpxtpx:TrackPointExtension>
    </extensions>
   </trkpt>
   <trkpt lat="37.2652750" lon="-79.9586260">
    <ele>292.3</ele>
    <time>2026-04-08T09:40:51Z</time>
    <extensions>
     <power>418</power>
     <gpxtpx:TrackPointExtension>
      <gpxtpx:hr>134</gpxtpx:hr>
      <gpxtpx:cad>86</gpxtpx:cad>
     </gpxtpx:TrackPointExtension>
    </extensions>
   </trkpt>
   <trkpt lat="37.2653010" lon="-79.9586190">
    <ele>292.2</ele>
    <time>2026-04-08T09:40:52Z</time>
    <extensions>
     <power>415</power>
     <gpxtpx:TrackPointExtension>
      <gpxtpx:hr>134</gpxtpx:hr>
      <gpxtpx:cad>86</gpxtpx:cad>
     </gpxtpx:TrackPointExtension>
    </extensions>
   </trkpt>
   <trkpt lat="37.2653260" lon="-79.9586100">
    <ele>292.2</ele>
    <time>2026-04-08T09:40:53Z</time>
    <extensions>
     <power>415</power>
     <gpxtpx:TrackPointExtension>
      <gpxtpx:hr>134</gpxtpx:hr>
      <gpxtpx:cad>86</gpxtpx:cad>
     </gpxtpx:TrackPointExtension>
    </extensions>
   </trkpt>
   <trkpt lat="37.2653530" lon="-79.9586030">
    <ele>292.2</ele>
    <time>2026-04-08T09:40:54Z</time>
    <extensions>
     <power>412</power>
     <gpxtpx:TrackPointExtension>
      <gpxtpx:hr>134</gpxtpx:hr>
      <gpxtpx:cad>86</gpxtpx:cad>
     </gpxtpx:TrackPointExtension>
    </extensions>
   </trkpt>
   <trkpt lat="37.2653810" lon="-79.9585990">
    <ele>292.2</ele>
    <time>2026-04-08T09:40:55Z</time>
    <extensions>
     <power>403</power>
     <gpxtpx:TrackPointExtension>
      <gpxtpx:hr>134</gpxtpx:hr>
      <gpxtpx:cad>86</gpxtpx:cad>
     </gpxtpx:TrackPointExtension>
    </extensions>
   </trkpt>
   <trkpt lat="37.2654090" lon="-79.9585950">
    <ele>292.2</ele>
    <time>2026-04-08T09:40:56Z</time>
    <extensions>
     <power>401</power>
     <gpxtpx:TrackPointExtension>
      <gpxtpx:hr>135</gpxtpx:hr>
      <gpxtpx:cad>85</gpxtpx:cad>
     </gpxtpx:TrackPointExtension>
    </extensions>
   </trkpt>
   <trkpt lat="37.2654390" lon="-79.9585880">
    <ele>292.2</ele>
    <time>2026-04-08T09:40:57Z</time>
    <extensions>
     <power>401</power>
     <gpxtpx:TrackPointExtension>
      <gpxtpx:hr>135</gpxtpx:hr>
      <gpxtpx:cad>85</gpxtpx:cad>
     </gpxtpx:TrackPointExtension>
    </extensions>
   </trkpt>
   <trkpt lat="37.2654670" lon="-79.9585830">
    <ele>292.2</ele>
    <time>2026-04-08T09:40:58Z</time>
    <extensions>
     <power>405</power>
     <gpxtpx:TrackPointExtension>
      <gpxtpx:hr>135</gpxtpx:hr>
      <gpxtpx:cad>84</gpxtpx:cad>
     </gpxtpx:TrackPointExtension>
    </extensions>
   </trkpt>
   <trkpt lat="37.2654980" lon="-79.9585780">
    <ele>292.1</ele>
    <time>2026-04-08T09:40:59Z</time>
    <extensions>
     <power>403</power>
     <gpxtpx:TrackPointExtension>
      <gpxtpx:hr>135</gpxtpx:hr>
      <gpxtpx:cad>84</gpxtpx:cad>
     </gpxtpx:TrackPointExtension>
    </extensions>
   </trkpt>
   <trkpt lat="37.2655250" lon="-79.9585730">
    <ele>292.1</ele>
    <time>2026-04-08T09:41:00Z</time>
    <extensions>
     <power>403</power>
     <gpxtpx:TrackPointExtension>
      <gpxtpx:hr>135</gpxtpx:hr>
      <gpxtpx:cad>84</gpxtpx:cad>
     </gpxtpx:TrackPointExtension>
    </extensions>
   </trkpt>
   <trkpt lat="37.2655510" lon="-79.9585670">
    <ele>292.1</ele>
    <time>2026-04-08T09:41:01Z</time>
    <extensions>
     <power>403</power>
     <gpxtpx:TrackPointExtension>
      <gpxtpx:hr>135</gpxtpx:hr>
      <gpxtpx:cad>85</gpxtpx:cad>
     </gpxtpx:TrackPointExtension>
    </extensions>
   </trkpt>
   <trkpt lat="37.2655790" lon="-79.9585600">
    <ele>292.1</ele>
    <time>2026-04-08T09:41:02Z</time>
    <extensions>
     <power>397</power>
     <gpxtpx:TrackPointExtension>
      <gpxtpx:hr>135</gpxtpx:hr>
      <gpxtpx:cad>85</gpxtpx:cad>
     </gpxtpx:TrackPointExtension>
    </extensions>
   </trkpt>
   <trkpt lat="37.2656050" lon="-79.9585550">
    <ele>292.1</ele>
    <time>2026-04-08T09:41:03Z</time>
    <extensions>
     <power>396</power>
     <gpxtpx:TrackPointExtension>
      <gpxtpx:hr>135</gpxtpx:hr>
      <gpxtpx:cad>85</gpxtpx:cad>
     </gpxtpx:TrackPointExtension>
    </extensions>
   </trkpt>
   <trkpt lat="37.2656330" lon="-79.9585470">
    <ele>292.1</ele>
    <time>2026-04-08T09:41:04Z</time>
    <extensions>
     <power>394</power>
     <gpxtpx:TrackPointExtension>
      <gpxtpx:hr>135</gpxtpx:hr>
      <gpxtpx:cad>85</gpxtpx:cad>
     </gpxtpx:TrackPointExtension>
    </extensions>
   </trkpt>
   <trkpt lat="37.2656600" lon="-79.9585400">
    <ele>292.1</ele>
    <time>2026-04-08T09:41:05Z</time>
    <extensions>
     <power>393</power>
     <gpxtpx:TrackPointExtension>
      <gpxtpx:hr>136</gpxtpx:hr>
      <gpxtpx:cad>85</gpxtpx:cad>
     </gpxtpx:TrackPointExtension>
    </extensions>
   </trkpt>
   <trkpt lat="37.2656890" lon="-79.9585320">
    <ele>292.1</ele>
    <time>2026-04-08T09:41:06Z</time>
    <extensions>
     <power>385</power>
     <gpxtpx:TrackPointExtension>
      <gpxtpx:hr>136</gpxtpx:hr>
      <gpxtpx:cad>85</gpxtpx:cad>
     </gpxtpx:TrackPointExtension>
    </extensions>
   </trkpt>
   <trkpt lat="37.2657200" lon="-79.9585240">
    <ele>292.1</ele>
    <time>2026-04-08T09:41:07Z</time>
    <extensions>
     <power>381</power>
     <gpxtpx:TrackPointExtension>
      <gpxtpx:hr>136</gpxtpx:hr>
      <gpxtpx:cad>85</gpxtpx:cad>
     </gpxtpx:TrackPointExtension>
    </extensions>
   </trkpt>
   <trkpt lat="37.2657500" lon="-79.9585200">
    <ele>292.1</ele>
    <time>2026-04-08T09:41:08Z</time>
    <extensions>
     <power>380</power>
     <gpxtpx:TrackPointExtension>
      <gpxtpx:hr>136</gpxtpx:hr>
      <gpxtpx:cad>85</gpxtpx:cad>
     </gpxtpx:TrackPointExtension>
    </extensions>
   </trkpt>
   <trkpt lat="37.2657780" lon="-79.9585220">
    <ele>292.0</ele>
    <time>2026-04-08T09:41:09Z</time>
    <extensions>
     <power>380</power>
     <gpxtpx:TrackPointExtension>
      <gpxtpx:hr>136</gpxtpx:hr>
      <gpxtpx:cad>85</gpxtpx:cad>
     </gpxtpx:TrackPointExtension>
    </extensions>
   </trkpt>
   <trkpt lat="37.2658060" lon="-79.9585320">
    <ele>291.9</ele>
    <time>2026-04-08T09:41:10Z</time>
    <extensions>
     <power>381</power>
     <gpxtpx:TrackPointExtension>
      <gpxtpx:hr>136</gpxtpx:hr>
      <gpxtpx:cad>85</gpxtpx:cad>
     </gpxtpx:TrackPointExtension>
    </extensions>
   </trkpt>
   <trkpt lat="37.2658310" lon="-79.9585520">
    <ele>292.0</ele>
    <time>2026-04-08T09:41:11Z</time>
    <extensions>
     <power>384</power>
     <gpxtpx:TrackPointExtension>
      <gpxtpx:hr>137</gpxtpx:hr>
      <gpxtpx:cad>85</gpxtpx:cad>
     </gpxtpx:TrackPointExtension>
    </extensions>
   </trkpt>
   <trkpt lat="37.2658490" lon="-79.9585810">
    <ele>292.1</ele>
    <time>2026-04-08T09:41:12Z</time>
    <extensions>
     <power>384</power>
     <gpxtpx:TrackPointExtension>
      <gpxtpx:hr>137</gpxtpx:hr>
      <gpxtpx:cad>84</gpxtpx:cad>
     </gpxtpx:TrackPointExtension>
    </extensions>
   </trkpt>
   <trkpt lat="37.2658610" lon="-79.9586140">
    <ele>292.1</ele>
    <time>2026-04-08T09:41:13Z</time>
    <extensions>
     <power>382</power>
     <gpxtpx:TrackPointExtension>
      <gpxtpx:hr>137</gpxtpx:hr>
      <gpxtpx:cad>84</gpxtpx:cad>
     </gpxtpx:TrackPointExtension>
    </extensions>
   </trkpt>
   <trkpt lat="37.2658700" lon="-79.9586480">
    <ele>292.2</ele>
    <time>2026-04-08T09:41:14Z</time>
    <extensions>
     <power>383</power>
     <gpxtpx:TrackPointExtension>
      <gpxtpx:hr>138</gpxtpx:hr>
      <gpxtpx:cad>84</gpxtpx:cad>
     </gpxtpx:TrackPointExtension>
    </extensions>
   </trkpt>
   <trkpt lat="37.2658770" lon="-79.9586820">
    <ele>292.3</ele>
    <time>2026-04-08T09:41:15Z</time>
    <extensions>
     <power>380</power>
     <gpxtpx:TrackPointExtension>
      <gpxtpx:hr>138</gpxtpx:hr>
      <gpxtpx:cad>85</gpxtpx:cad>
     </gpxtpx:TrackPointExtension>
    </extensions>
   </trkpt>
   <trkpt lat="37.2658830" lon="-79.9587160">
    <ele>292.3</ele>
    <time>2026-04-08T09:41:16Z</time>
    <extensions>
     <power>377</power>
     <gpxtpx:TrackPointExtension>
      <gpxtpx:hr>138</gpxtpx:hr>
      <gpxtpx:cad>86</gpxtpx:cad>
     </gpxtpx:TrackPointExtension>
    </extensions>
   </trkpt>
   <trkpt lat="37.2658890" lon="-79.9587480">
    <ele>292.4</ele>
    <time>2026-04-08T09:41:17Z</time>
    <extensions>
     <power>375</power>
     <gpxtpx:TrackPointExtension>
      <gpxtpx:hr>138</gpxtpx:hr>
      <gpxtpx:cad>86</gpxtpx:cad>
     </gpxtpx:TrackPointExtension>
    </extensions>
   </trkpt>
   <trkpt lat="37.2658960" lon="-79.9587790">
    <ele>292.4</ele>
    <time>2026-04-08T09:41:18Z</time>
    <extensions>
     <power>375</power>
     <gpxtpx:TrackPointExtension>
      <gpxtpx:hr>137</gpxtpx:hr>
      <gpxtpx:cad>86</gpxtpx:cad>
     </gpxtpx:TrackPointExtension>
    </extensions>
   </trkpt>
   <trkpt lat="37.2659040" lon="-79.9588090">
    <ele>292.5</ele>
    <time>2026-04-08T09:41:19Z</time>
    <extensions>
     <power>375</power>
     <gpxtpx:TrackPointExtension>
      <gpxtpx:hr>138</gpxtpx:hr>
      <gpxtpx:cad>86</gpxtpx:cad>
     </gpxtpx:TrackPointExtension>
    </extensions>
   </trkpt>
   <trkpt lat="37.2659120" lon="-79.9588390">
    <ele>292.6</ele>
    <time>2026-04-08T09:41:20Z</time>
    <extensions>
     <power>371</power>
     <gpxtpx:TrackPointExtension>
      <gpxtpx:hr>138</gpxtpx:hr>
      <gpxtpx:cad>86</gpxtpx:cad>
     </gpxtpx:TrackPointExtension>
    </extensions>
   </trkpt>
   <trkpt lat="37.2659200" lon="-79.9588740">
    <ele>292.6</ele>
    <time>2026-04-08T09:41:21Z</time>
    <extensions>
     <power>364</power>
     <gpxtpx:TrackPointExtension>
      <gpxtpx:hr>138</gpxtpx:hr>
      <gpxtpx:cad>85</gpxtpx:cad>
     </gpxtpx:TrackPointExtension>
    </extensions>
   </trkpt>
   <trkpt lat="37.2659250" lon="-79.9589080">
    <ele>292.7</ele>
    <time>2026-04-08T09:41:22Z</time>
    <extensions>
     <power>360</power>
     <gpxtpx:TrackPointExtension>
      <gpxtpx:hr>138</gpxtpx:hr>
      <gpxtpx:cad>85</gpxtpx:cad>
     </gpxtpx:TrackPointExtension>
    </extensions>
   </trkpt>
   <trkpt lat="37.2659290" lon="-79.9589420">
    <ele>292.7</ele>
    <time>2026-04-08T09:41:23Z</time>
    <extensions>
     <power>356</power>
     <gpxtpx:TrackPointExtension>
      <gpxtpx:hr>138</gpxtpx:hr>
      <gpxtpx:cad>85</gpxtpx:cad>
     </gpxtpx:TrackPointExtension>
    </extensions>
   </trkpt>
   <trkpt lat="37.2659350" lon="-79.9589750">
    <ele>292.8</ele>
    <time>2026-04-08T09:41:24Z</time>
    <extensions>
     <power>357</power>
     <gpxtpx:TrackPointExtension>
      <gpxtpx:hr>138</gpxtpx:hr>
      <gpxtpx:cad>85</gpxtpx:cad>
     </gpxtpx:TrackPointExtension>
    </extensions>
   </trkpt>
   <trkpt lat="37.2659410" lon="-79.9590080">
    <ele>292.9</ele>
    <time>2026-04-08T09:41:25Z</time>
    <extensions>
     <power>357</power>
     <gpxtpx:TrackPointExtension>
      <gpxtpx:hr>138</gpxtpx:hr>
      <gpxtpx:cad>85</gpxtpx:cad>
     </gpxtpx:TrackPointExtension>
    </extensions>
   </trkpt>
   <trkpt lat="37.2659480" lon="-79.9590420">
    <ele>292.9</ele>
    <time>2026-04-08T09:41:26Z</time>
    <extensions>
     <power>356</power>
     <gpxtpx:TrackPointExtension>
      <gpxtpx:hr>138</gpxtpx:hr>
      <gpxtpx:cad>85</gpxtpx:cad>
     </gpxtpx:TrackPointExtension>
    </extensions>
   </trkpt>
   <trkpt lat="37.2659530" lon="-79.9590780">
    <ele>293.0</ele>
    <time>2026-04-08T09:41:27Z</time>
    <extensions>
     <power>355</power>
     <gpxtpx:TrackPointExtension>
      <gpxtpx:hr>139</gpxtpx:hr>
      <gpxtpx:cad>85</gpxtpx:cad>
     </gpxtpx:TrackPointExtension>
    </extensions>
   </trkpt>
   <trkpt lat="37.2659590" lon="-79.9591140">
    <ele>293.1</ele>
    <time>2026-04-08T09:41:28Z</time>
    <extensions>
     <power>358</power>
     <gpxtpx:TrackPointExtension>
      <gpxtpx:hr>139</gpxtpx:hr>
      <gpxtpx:cad>85</gpxtpx:cad>
     </gpxtpx:TrackPointExtension>
    </extensions>
   </trkpt>
   <trkpt lat="37.2659650" lon="-79.9591480">
    <ele>293.1</ele>
    <time>2026-04-08T09:41:29Z</time>
    <extensions>
     <power>364</power>
     <gpxtpx:TrackPointExtension>
      <gpxtpx:hr>139</gpxtpx:hr>
      <gpxtpx:cad>85</gpxtpx:cad>
     </gpxtpx:TrackPointExtension>
    </extensions>
   </trkpt>
   <trkpt lat="37.2659720" lon="-79.9591820">
    <ele>293.2</ele>
    <time>2026-04-08T09:41:30Z</time>
    <extensions>
     <power>370</power>
     <gpxtpx:TrackPointExtension>
      <gpxtpx:hr>138</gpxtpx:hr>
      <gpxtpx:cad>85</gpxtpx:cad>
     </gpxtpx:TrackPointExtension>
    </extensions>
   </trkpt>
   <trkpt lat="37.2659760" lon="-79.9592170">
    <ele>293.2</ele>
    <time>2026-04-08T09:41:31Z</time>
    <extensions>
     <power>375</power>
     <gpxtpx:TrackPointExtension>
      <gpxtpx:hr>139</gpxtpx:hr>
      <gpxtpx:cad>85</gpxtpx:cad>
     </gpxtpx:TrackPointExtension>
    </extensions>
   </trkpt>
   <trkpt lat="37.2659810" lon="-79.9592510">
    <ele>293.3</ele>
    <time>2026-04-08T09:41:32Z</time>
    <extensions>
     <power>373</power>
     <gpxtpx:TrackPointExtension>
      <gpxtpx:hr>139</gpxtpx:hr>
      <gpxtpx:cad>85</gpxtpx:cad>
     </gpxtpx:TrackPointExtension>
    </extensions>
   </trkpt>
   <trkpt lat="37.2659850" lon="-79.9592840">
    <ele>293.4</ele>
    <time>2026-04-08T09:41:33Z</time>
    <extensions>
     <power>370</power>
     <gpxtpx:TrackPointExtension>
      <gpxtpx:hr>139</gpxtpx:hr>
      <gpxtpx:cad>85</gpxtpx:cad>
     </gpxtpx:TrackPointExtension>
    </extensions>
   </trkpt>
   <trkpt lat="37.2659880" lon="-79.9593180">
    <ele>293.4</ele>
    <time>2026-04-08T09:41:34Z</time>
    <extensions>
     <power>369</power>
     <gpxtpx:TrackPointExtension>
      <gpxtpx:hr>139</gpxtpx:hr>
      <gpxtpx:cad>86</gpxtpx:cad>
     </gpxtpx:TrackPointExtension>
    </extensions>
   </trkpt>
   <trkpt lat="37.2659910" lon="-79.9593510">
    <ele>293.5</ele>
    <time>2026-04-08T09:41:35Z</time>
    <extensions>
     <power>367</power>
     <gpxtpx:TrackPointExtension>
      <gpxtpx:hr>139</gpxtpx:hr>
      <gpxtpx:cad>86</gpxtpx:cad>
     </gpxtpx:TrackPointExtension>
    </extensions>
   </trkpt>
   <trkpt lat="37.2659940" lon="-79.9593820">
    <ele>293.5</ele>
    <time>2026-04-08T09:41:36Z</time>
    <extensions>
     <power>366</power>
     <gpxtpx:TrackPointExtension>
      <gpxtpx:hr>138</gpxtpx:hr>
      <gpxtpx:cad>85</gpxtpx:cad>
     </gpxtpx:TrackPointExtension>
    </extensions>
   </trkpt>
   <trkpt lat="37.2659980" lon="-79.9594150">
    <ele>293.6</ele>
    <time>2026-04-08T09:41:37Z</time>
    <extensions>
     <power>360</power>
     <gpxtpx:TrackPointExtension>
      <gpxtpx:hr>139</gpxtpx:hr>
      <gpxtpx:cad>85</gpxtpx:cad>
     </gpxtpx:TrackPointExtension>
    </extensions>
   </trkpt>
   <trkpt lat="37.2660030" lon="-79.9594490">
    <ele>293.7</ele>
    <time>2026-04-08T09:41:38Z</time>
    <extensions>
     <power>357</power>
     <gpxtpx:TrackPointExtension>
      <gpxtpx:hr>139</gpxtpx:hr>
      <gpxtpx:cad>85</gpxtpx:cad>
     </gpxtpx:TrackPointExtension>
    </extensions>
   </trkpt>
   <trkpt lat="37.2660070" lon="-79.9594820">
    <ele>293.7</ele>
    <time>2026-04-08T09:41:39Z</time>
    <extensions>
     <power>358</power>
     <gpxtpx:TrackPointExtension>
      <gpxtpx:hr>139</gpxtpx:hr>
      <gpxtpx:cad>85</gpxtpx:cad>
     </gpxtpx:TrackPointExtension>
    </extensions>
   </trkpt>
   <trkpt lat="37.2660140" lon="-79.9595170">
    <ele>293.8</ele>
    <time>2026-04-08T09:41:40Z</time>
    <extensions>
     <power>363</power>
     <gpxtpx:TrackPointExtension>
      <gpxtpx:hr>138</gpxtpx:hr>
      <gpxtpx:cad>85</gpxtpx:cad>
     </gpxtpx:TrackPointExtension>
    </extensions>
   </trkpt>
   <trkpt lat="37.2660190" lon="-79.9595480">
    <ele>293.8</ele>
    <time>2026-04-08T09:41:41Z</time>
    <extensions>
     <power>368</power>
     <gpxtpx:TrackPointExtension>
      <gpxtpx:hr>139</gpxtpx:hr>
      <gpxtpx:cad>85</gpxtpx:cad>
     </gpxtpx:TrackPointExtension>
    </extensions>
   </trkpt>
   <trkpt lat="37.2660270" lon="-79.9595810">
    <ele>293.9</ele>
    <time>2026-04-08T09:41:42Z</time>
    <extensions>
     <power>368</power>
     <gpxtpx:TrackPointExtension>
      <gpxtpx:hr>139</gpxtpx:hr>
      <gpxtpx:cad>85</gpxtpx:cad>
     </gpxtpx:TrackPointExtension>
    </extensions>
   </trkpt>
   <trkpt lat="37.2660330" lon="-79.9596150">
    <ele>294.0</ele>
    <time>2026-04-08T09:41:43Z</time>
    <extensions>
     <power>368</power>
     <gpxtpx:TrackPointExtension>
      <gpxtpx:hr>139</gpxtpx:hr>
      <gpxtpx:cad>85</gpxtpx:cad>
     </gpxtpx:TrackPointExtension>
    </extensions>
   </trkpt>
   <trkpt lat="37.2660410" lon="-79.9596490">
    <ele>294.0</ele>
    <time>2026-04-08T09:41:44Z</time>
    <extensions>
     <power>369</power>
     <gpxtpx:TrackPointExtension>
      <gpxtpx:hr>138</gpxtpx:hr>
      <gpxtpx:cad>85</gpxtpx:cad>
     </gpxtpx:TrackPointExtension>
    </extensions>
   </trkpt>
   <trkpt lat="37.2660470" lon="-79.9596810">
    <ele>294.1</ele>
    <time>2026-04-08T09:41:45Z</time>
    <extensions>
     <power>376</power>
     <gpxtpx:TrackPointExtension>
      <gpxtpx:hr>139</gpxtpx:hr>
      <gpxtpx:cad>85</gpxtpx:cad>
     </gpxtpx:TrackPointExtension>
    </extensions>
   </trkpt>
   <trkpt lat="37.2660520" lon="-79.9597140">
    <ele>294.1</ele>
    <time>2026-04-08T09:41:46Z</time>
    <extensions>
     <power>376</power>
     <gpxtpx:TrackPointExtension>
      <gpxtpx:hr>139</gpxtpx:hr>
      <gpxtpx:cad>86</gpxtpx:cad>
     </gpxtpx:TrackPointExtension>
    </extensions>
   </trkpt>
   <trkpt lat="37.2660570" lon="-79.9597460">
    <ele>294.2</ele>
    <time>2026-04-08T09:41:47Z</time>
    <extensions>
     <power>383</power>
     <gpxtpx:TrackPointExtension>
      <gpxtpx:hr>138</gpxtpx:hr>
      <gpxtpx:cad>86</gpxtpx:cad>
     </gpxtpx:TrackPointExtension>
    </extensions>
   </trkpt>
   <trkpt lat="37.2660630" lon="-79.9597780">
    <ele>294.2</ele>
    <time>2026-04-08T09:41:48Z</time>
    <extensions>
     <power>387</power>
     <gpxtpx:TrackPointExtension>
      <gpxtpx:hr>139</gpxtpx:hr>
      <gpxtpx:cad>86</gpxtpx:cad>
     </gpxtpx:TrackPointExtension>
    </extensions>
   </trkpt>
   <trkpt lat="37.2660720" lon="-79.9598080">
    <ele>294.3</ele>
    <time>2026-04-08T09:41:49Z</time>
    <extensions>
     <power>390</power>
     <gpxtpx:TrackPointExtension>
      <gpxtpx:hr>139</gpxtpx:hr>
      <gpxtpx:cad>86</gpxtpx:cad>
     </gpxtpx:TrackPointExtension>
    </extensions>
   </trkpt>
   <trkpt lat="37.2660770" lon="-79.9598390">
    <ele>294.4</ele>
    <time>2026-04-08T09:41:50Z</time>
    <extensions>
     <power>394</power>
     <gpxtpx:TrackPointExtension>
      <gpxtpx:hr>139</gpxtpx:hr>
      <gpxtpx:cad>85</gpxtpx:cad>
     </gpxtpx:TrackPointExtension>
    </extensions>
   </trkpt>
   <trkpt lat="37.2660840" lon="-79.9598720">
    <ele>294.4</ele>
    <time>2026-04-08T09:41:51Z</time>
    <extensions>
     <power>394</power>
     <gpxtpx:TrackPointExtension>
      <gpxtpx:hr>138</gpxtpx:hr>
      <gpxtpx:cad>85</gpxtpx:cad>
     </gpxtpx:TrackPointExtension>
    </extensions>
   </trkpt>
   <trkpt lat="37.2660920" lon="-79.9599050">
    <ele>294.5</ele>
    <time>2026-04-08T09:41:52Z</time>
    <extensions>
     <power>396</power>
     <gpxtpx:TrackPointExtension>
      <gpxtpx:hr>139</gpxtpx:hr>
      <gpxtpx:cad>85</gpxtpx:cad>
     </gpxtpx:TrackPointExtension>
    </extensions>
   </trkpt>
   <trkpt lat="37.2660970" lon="-79.9599390">
    <ele>294.5</ele>
    <time>2026-04-08T09:41:53Z</time>
    <extensions>
     <power>394</power>
     <gpxtpx:TrackPointExtension>
      <gpxtpx:hr>139</gpxtpx:hr>
      <gpxtpx:cad>85</gpxtpx:cad>
     </gpxtpx:TrackPointExtension>
    </extensions>
   </trkpt>
   <trkpt lat="37.2661030" lon="-79.9599740">
    <ele>294.6</ele>
    <time>2026-04-08T09:41:54Z</time>
    <extensions>
     <power>395</power>
     <gpxtpx:TrackPointExtension>
      <gpxtpx:hr>139</gpxtpx:hr>
      <gpxtpx:cad>85</gpxtpx:cad>
     </gpxtpx:TrackPointExtension>
    </extensions>
   </trkpt>
   <trkpt lat="37.2661080" lon="-79.9600080">
    <ele>294.6</ele>
    <time>2026-04-08T09:41:55Z</time>
    <extensions>
     <power>397</power>
     <gpxtpx:TrackPointExtension>
      <gpxtpx:hr>139</gpxtpx:hr>
      <gpxtpx:cad>85</gpxtpx:cad>
     </gpxtpx:TrackPointExtension>
    </extensions>
   </trkpt>
   <trkpt lat="37.2661130" lon="-79.9600410">
    <ele>294.6</ele>
    <time>2026-04-08T09:41:56Z</time>
    <extensions>
     <power>393</power>
     <gpxtpx:TrackPointExtension>
      <gpxtpx:hr>139</gpxtpx:hr>
      <gpxtpx:cad>84</gpxtpx:cad>
     </gpxtpx:TrackPointExtension>
    </extensions>
   </trkpt>
   <trkpt lat="37.2661190" lon="-79.9600730">
    <ele>294.6</ele>
    <time>2026-04-08T09:41:57Z</time>
    <extensions>
     <power>390</power>
     <gpxtpx:TrackPointExtension>
      <gpxtpx:hr>139</gpxtpx:hr>
      <gpxtpx:cad>84</gpxtpx:cad>
     </gpxtpx:TrackPointExtension>
    </extensions>
   </trkpt>
   <trkpt lat="37.2661240" lon="-79.9601050">
    <ele>294.6</ele>
    <time>2026-04-08T09:41:58Z</time>
    <extensions>
     <power>385</power>
     <gpxtpx:TrackPointExtension>
      <gpxtpx:hr>139</gpxtpx:hr>
      <gpxtpx:cad>84</gpxtpx:cad>
     </gpxtpx:TrackPointExtension>
    </extensions>
   </trkpt>
   <trkpt lat="37.2661270" lon="-79.9601380">
    <ele>294.6</ele>
    <time>2026-04-08T09:41:59Z</time>
    <extensions>
     <power>386</power>
     <gpxtpx:TrackPointExtension>
      <gpxtpx:hr>139</gpxtpx:hr>
      <gpxtpx:cad>84</gpxtpx:cad>
     </gpxtpx:TrackPointExtension>
    </extensions>
   </trkpt>
   <trkpt lat="37.2661310" lon="-79.9601680">
    <ele>294.6</ele>
    <time>2026-04-08T09:42:00Z</time>
    <extensions>
     <power>384</power>
     <gpxtpx:TrackPointExtension>
      <gpxtpx:hr>139</gpxtpx:hr>
      <gpxtpx:cad>84</gpxtpx:cad>
     </gpxtpx:TrackPointExtension>
    </extensions>
   </trkpt>
   <trkpt lat="37.2661360" lon="-79.9601990">
    <ele>294.6</ele>
    <time>2026-04-08T09:42:01Z</time>
    <extensions>
     <power>385</power>
     <gpxtpx:TrackPointExtension>
      <gpxtpx:hr>139</gpxtpx:hr>
      <gpxtpx:cad>84</gpxtpx:cad>
     </gpxtpx:TrackPointExtension>
    </extensions>
   </trkpt>
   <trkpt lat="37.2661430" lon="-79.9602300">
    <ele>294.5</ele>
    <time>2026-04-08T09:42:02Z</time>
    <extensions>
     <power>383</power>
     <gpxtpx:TrackPointExtension>
      <gpxtpx:hr>139</gpxtpx:hr>
      <gpxtpx:cad>84</gpxtpx:cad>
     </gpxtpx:TrackPointExtension>
    </extensions>
   </trkpt>
   <trkpt lat="37.2661490" lon="-79.9602630">
    <ele>294.5</ele>
    <time>2026-04-08T09:42:03Z</time>
    <extensions>
     <power>384</power>
     <gpxtpx:TrackPointExtension>
      <gpxtpx:hr>139</gpxtpx:hr>
      <gpxtpx:cad>84</gpxtpx:cad>
     </gpxtpx:TrackPointExtension>
    </extensions>
   </trkpt>
   <trkpt lat="37.2661550" lon="-79.9602980">
    <ele>294.5</ele>
    <time>2026-04-08T09:42:04Z</time>
    <extensions>
     <power>387</power>
     <gpxtpx:TrackPointExtension>
      <gpxtpx:hr>139</gpxtpx:hr>
      <gpxtpx:cad>83</gpxtpx:cad>
     </gpxtpx:TrackPointExtension>
    </extensions>
   </trkpt>
   <trkpt lat="37.2661590" lon="-79.9603310">
    <ele>294.5</ele>
    <time>2026-04-08T09:42:05Z</time>
    <extensions>
     <power>388</power>
     <gpxtpx:TrackPointExtension>
      <gpxtpx:hr>139</gpxtpx:hr>
      <gpxtpx:cad>84</gpxtpx:cad>
     </gpxtpx:TrackPointExtension>
    </extensions>
   </trkpt>
   <trkpt lat="37.2661660" lon="-79.9603650">
    <ele>294.5</ele>
    <time>2026-04-08T09:42:06Z</time>
    <extensions>
     <power>385</power>
     <gpxtpx:TrackPointExtension>
      <gpxtpx:hr>139</gpxtpx:hr>
      <gpxtpx:cad>84</gpxtpx:cad>
     </gpxtpx:TrackPointExtension>
    </extensions>
   </trkpt>
   <trkpt lat="37.2661730" lon="-79.9603980">
    <ele>294.5</ele>
    <time>2026-04-08T09:42:07Z</time>
    <extensions>
     <power>386</power>
     <gpxtpx:TrackPointExtension>
      <gpxtpx:hr>139</gpxtpx:hr>
      <gpxtpx:cad>85</gpxtpx:cad>
     </gpxtpx:TrackPointExtension>
    </extensions>
   </trkpt>
   <trkpt lat="37.2661780" lon="-79.9604320">
    <ele>294.5</ele>
    <time>2026-04-08T09:42:08Z</time>
    <extensions>
     <power>382</power>
     <gpxtpx:TrackPointExtension>
      <gpxtpx:hr>138</gpxtpx:hr>
      <gpxtpx:cad>85</gpxtpx:cad>
     </gpxtpx:TrackPointExtension>
    </extensions>
   </trkpt>
   <trkpt lat="37.2661830" lon="-79.9604660">
    <ele>294.5</ele>
    <time>2026-04-08T09:42:09Z</time>
    <extensions>
     <power>380</power>
     <gpxtpx:TrackPointExtension>
      <gpxtpx:hr>139</gpxtpx:hr>
      <gpxtpx:cad>85</gpxtpx:cad>
     </gpxtpx:TrackPointExtension>
    </extensions>
   </trkpt>
   <trkpt lat="37.2661860" lon="-79.9605010">
    <ele>294.4</ele>
    <time>2026-04-08T09:42:10Z</time>
    <extensions>
     <power>384</power>
     <gpxtpx:TrackPointExtension>
      <gpxtpx:hr>139</gpxtpx:hr>
      <gpxtpx:cad>85</gpxtpx:cad>
     </gpxtpx:TrackPointExtension>
    </extensions>
   </trkpt>
   <trkpt lat="37.2661920" lon="-79.9605350">
    <ele>294.4</ele>
    <time>2026-04-08T09:42:11Z</time>
    <extensions>
     <power>385</power>
     <gpxtpx:TrackPointExtension>
      <gpxtpx:hr>139</gpxtpx:hr>
      <gpxtpx:cad>85</gpxtpx:cad>
     </gpxtpx:TrackPointExtension>
    </extensions>
   </trkpt>
   <trkpt lat="37.2661970" lon="-79.9605680">
    <ele>294.4</ele>
    <time>2026-04-08T09:42:12Z</time>
    <extensions>
     <power>387</power>
     <gpxtpx:TrackPointExtension>
      <gpxtpx:hr>138</gpxtpx:hr>
      <gpxtpx:cad>85</gpxtpx:cad>
     </gpxtpx:TrackPointExtension>
    </extensions>
   </trkpt>
   <trkpt lat="37.2662040" lon="-79.9606040">
    <ele>294.4</ele>
    <time>2026-04-08T09:42:13Z</time>
    <extensions>
     <power>384</power>
     <gpxtpx:TrackPointExtension>
      <gpxtpx:hr>139</gpxtpx:hr>
      <gpxtpx:cad>85</gpxtpx:cad>
     </gpxtpx:TrackPointExtension>
    </extensions>
   </trkpt>
   <trkpt lat="37.2662090" lon="-79.9606410">
    <ele>294.4</ele>
    <time>2026-04-08T09:42:14Z</time>
    <extensions>
     <power>383</power>
     <gpxtpx:TrackPointExtension>
      <gpxtpx:hr>139</gpxtpx:hr>
      <gpxtpx:cad>85</gpxtpx:cad>
     </gpxtpx:TrackPointExtension>
    </extensions>
   </trkpt>
   <trkpt lat="37.2662150" lon="-79.9606740">
    <ele>294.4</ele>
    <time>2026-04-08T09:42:15Z</time>
    <extensions>
     <power>385</power>
     <gpxtpx:TrackPointExtension>
      <gpxtpx:hr>139</gpxtpx:hr>
      <gpxtpx:cad>85</gpxtpx:cad>
     </gpxtpx:TrackPointExtension>
    </extensions>
   </trkpt>
   <trkpt lat="37.2662220" lon="-79.9607070">
    <ele>294.4</ele>
    <time>2026-04-08T09:42:16Z</time>
    <extensions>
     <power>378</power>
     <gpxtpx:TrackPointExtension>
      <gpxtpx:hr>139</gpxtpx:hr>
      <gpxtpx:cad>84</gpxtpx:cad>
     </gpxtpx:TrackPointExtension>
    </extensions>
   </trkpt>
   <trkpt lat="37.2662270" lon="-79.9607400">
    <ele>294.4</ele>
    <time>2026-04-08T09:42:17Z</time>
    <extensions>
     <power>377</power>
     <gpxtpx:TrackPointExtension>
      <gpxtpx:hr>138</gpxtpx:hr>
      <gpxtpx:cad>84</gpxtpx:cad>
     </gpxtpx:TrackPointExtension>
    </extensions>
   </trkpt>
   <trkpt lat="37.2662330" lon="-79.9607740">
    <ele>294.3</ele>
    <time>2026-04-08T09:42:18Z</time>
    <extensions>
     <power>374</power>
     <gpxtpx:TrackPointExtension>
      <gpxtpx:hr>139</gpxtpx:hr>
      <gpxtpx:cad>83</gpxtpx:cad>
     </gpxtpx:TrackPointExtension>
    </extensions>
   </trkpt>
   <trkpt lat="37.2662370" lon="-79.9608040">
    <ele>294.3</ele>
    <time>2026-04-08T09:42:19Z</time>
    <extensions>
     <power>376</power>
     <gpxtpx:TrackPointExtension>
      <gpxtpx:hr>139</gpxtpx:hr>
      <gpxtpx:cad>83</gpxtpx:cad>
     </gpxtpx:TrackPointExtension>
    </extensions>
   </trkpt>
   <trkpt lat="37.2662420" lon="-79.9608360">
    <ele>294.3</ele>
    <time>2026-04-08T09:42:20Z</time>
    <extensions>
     <power>376</power>
     <gpxtpx:TrackPointExtension>
      <gpxtpx:hr>139</gpxtpx:hr>
      <gpxtpx:cad>83</gpxtpx:cad>
     </gpxtpx:TrackPointExtension>
    </extensions>
   </trkpt>
   <trkpt lat="37.2662490" lon="-79.9608710">
    <ele>294.3</ele>
    <time>2026-04-08T09:42:21Z</time>
    <extensions>
     <power>377</power>
     <gpxtpx:TrackPointExtension>
      <gpxtpx:hr>139</gpxtpx:hr>
      <gpxtpx:cad>84</gpxtpx:cad>
     </gpxtpx:TrackPointExtension>
    </extensions>
   </trkpt>
   <trkpt lat="37.2662540" lon="-79.9609040">
    <ele>294.3</ele>
    <time>2026-04-08T09:42:22Z</time>
    <extensions>
     <power>384</power>
     <gpxtpx:TrackPointExtension>
      <gpxtpx:hr>139</gpxtpx:hr>
      <gpxtpx:cad>84</gpxtpx:cad>
     </gpxtpx:TrackPointExtension>
    </extensions>
   </trkpt>
   <trkpt lat="37.2662610" lon="-79.9609380">
    <ele>294.3</ele>
    <time>2026-04-08T09:42:23Z</time>
    <extensions>
     <power>384</power>
     <gpxtpx:TrackPointExtension>
      <gpxtpx:hr>139</gpxtpx:hr>
      <gpxtpx:cad>84</gpxtpx:cad>
     </gpxtpx:TrackPointExtension>
    </extensions>
   </trkpt>
   <trkpt lat="37.2662640" lon="-79.9609700">
    <ele>294.3</ele>
    <time>2026-04-08T09:42:24Z</time>
    <extensions>
     <power>388</power>
     <gpxtpx:TrackPointExtension>
      <gpxtpx:hr>139</gpxtpx:hr>
      <gpxtpx:cad>84</gpxtpx:cad>
     </gpxtpx:TrackPointExtension>
    </extensions>
   </trkpt>
   <trkpt lat="37.2662670" lon="-79.9610050">
    <ele>294.2</ele>
    <time>2026-04-08T09:42:25Z</time>
    <extensions>
     <power>392</power>
     <gpxtpx:TrackPointExtension>
      <gpxtpx:hr>139</gpxtpx:hr>
      <gpxtpx:cad>84</gpxtpx:cad>
     </gpxtpx:TrackPointExtension>
    </extensions>
   </trkpt>
   <trkpt lat="37.2662730" lon="-79.9610390">
    <ele>294.2</ele>
    <time>2026-04-08T09:42:26Z</time>
    <extensions>
     <power>391</power>
     <gpxtpx:TrackPointExtension>
      <gpxtpx:hr>139</gpxtpx:hr>
      <gpxtpx:cad>84</gpxtpx:cad>
     </gpxtpx:TrackPointExtension>
    </extensions>
   </trkpt>
   <trkpt lat="37.2662770" lon="-79.9610750">
    <ele>294.2</ele>
    <time>2026-04-08T09:42:27Z</time>
    <extensions>
     <power>392</power>
     <gpxtpx:TrackPointExtension>
      <gpxtpx:hr>139</gpxtpx:hr>
      <gpxtpx:cad>84</gpxtpx:cad>
     </gpxtpx:TrackPointExtension>
    </extensions>
   </trkpt>
   <trkpt lat="37.2662820" lon="-79.9611120">
    <ele>294.2</ele>
    <time>2026-04-08T09:42:28Z</time>
    <extensions>
     <power>392</power>
     <gpxtpx:TrackPointExtension>
      <gpxtpx:hr>139</gpxtpx:hr>
      <gpxtpx:cad>84</gpxtpx:cad>
     </gpxtpx:TrackPointExtension>
    </extensions>
   </trkpt>
   <trkpt lat="37.2662870" lon="-79.9611460">
    <ele>294.2</ele>
    <time>2026-04-08T09:42:29Z</time>
    <extensions>
     <power>390</power>
     <gpxtpx:TrackPointExtension>
      <gpxtpx:hr>139</gpxtpx:hr>
      <gpxtpx:cad>83</gpxtpx:cad>
     </gpxtpx:TrackPointExtension>
    </extensions>
   </trkpt>
   <trkpt lat="37.2662930" lon="-79.9611790">
    <ele>294.2</ele>
    <time>2026-04-08T09:42:30Z</time>
    <extensions>
     <power>388</power>
     <gpxtpx:TrackPointExtension>
      <gpxtpx:hr>139</gpxtpx:hr>
      <gpxtpx:cad>83</gpxtpx:cad>
     </gpxtpx:TrackPointExtension>
    </extensions>
   </trkpt>
   <trkpt lat="37.2662970" lon="-79.9612140">
    <ele>294.2</ele>
    <time>2026-04-08T09:42:31Z</time>
    <extensions>
     <power>383</power>
     <gpxtpx:TrackPointExtension>
      <gpxtpx:hr>139</gpxtpx:hr>
      <gpxtpx:cad>83</gpxtpx:cad>
     </gpxtpx:TrackPointExtension>
    </extensions>
   </trkpt>
   <trkpt lat="37.2663020" lon="-79.9612510">
    <ele>294.2</ele>
    <time>2026-04-08T09:42:32Z</time>
    <extensions>
     <power>379</power>
     <gpxtpx:TrackPointExtension>
      <gpxtpx:hr>139</gpxtpx:hr>
      <gpxtpx:cad>84</gpxtpx:cad>
     </gpxtpx:TrackPointExtension>
    </extensions>
   </trkpt>
   <trkpt lat="37.2663060" lon="-79.9612860">
    <ele>294.1</ele>
    <time>2026-04-08T09:42:33Z</time>
    <extensions>
     <power>375</power>
     <gpxtpx:TrackPointExtension>
      <gpxtpx:hr>139</gpxtpx:hr>
      <gpxtpx:cad>84</gpxtpx:cad>
     </gpxtpx:TrackPointExtension>
    </extensions>
   </trkpt>
   <trkpt lat="37.2663100" lon="-79.9613220">
    <ele>294.1</ele>
    <time>2026-04-08T09:42:34Z</time>
    <extensions>
     <power>375</power>
     <gpxtpx:TrackPointExtension>
      <gpxtpx:hr>139</gpxtpx:hr>
      <gpxtpx:cad>84</gpxtpx:cad>
     </gpxtpx:TrackPointExtension>
    </extensions>
   </trkpt>
   <trkpt lat="37.2663150" lon="-79.9613570">
    <ele>294.1</ele>
    <time>2026-04-08T09:42:35Z</time>
    <extensions>
     <power>372</power>
     <gpxtpx:TrackPointExtension>
      <gpxtpx:hr>139</gpxtpx:hr>
      <gpxtpx:cad>84</gpxtpx:cad>
     </gpxtpx:TrackPointExtension>
    </extensions>
   </trkpt>
   <trkpt lat="37.2663200" lon="-79.9613920">
    <ele>294.1</ele>
    <time>2026-04-08T09:42:36Z</time>
    <extensions>
     <power>375</power>
     <gpxtpx:TrackPointExtension>
      <gpxtpx:hr>139</gpxtpx:hr>
      <gpxtpx:cad>84</gpxtpx:cad>
     </gpxtpx:TrackPointExtension>
    </extensions>
   </trkpt>
   <trkpt lat="37.2663240" lon="-79.9614250">
    <ele>294.1</ele>
    <time>2026-04-08T09:42:37Z</time>
    <extensions>
     <power>380</power>
     <gpxtpx:TrackPointExtension>
      <gpxtpx:hr>139</gpxtpx:hr>
      <gpxtpx:cad>83</gpxtpx:cad>
     </gpxtpx:TrackPointExtension>
    </extensions>
   </trkpt>
   <trkpt lat="37.2663290" lon="-79.9614580">
    <ele>294.1</ele>
    <time>2026-04-08T09:42:38Z</time>
    <extensions>
     <power>380</power>
     <gpxtpx:TrackPointExtension>
      <gpxtpx:hr>139</gpxtpx:hr>
      <gpxtpx:cad>83</gpxtpx:cad>
     </gpxtpx:TrackPointExtension>
    </extensions>
   </trkpt>
   <trkpt lat="37.2663340" lon="-79.9614910">
    <ele>294.0</ele>
    <time>2026-04-08T09:42:39Z</time>
    <extensions>
     <power>383</power>
     <gpxtpx:TrackPointExtension>
      <gpxtpx:hr>139</gpxtpx:hr>
      <gpxtpx:cad>83</gpxtpx:cad>
     </gpxtpx:TrackPointExtension>
    </extensions>
   </trkpt>
   <trkpt lat="37.2663380" lon="-79.9615240">
    <ele>294.0</ele>
    <time>2026-04-08T09:42:40Z</time>
    <extensions>
     <power>377</power>
     <gpxtpx:TrackPointExtension>
      <gpxtpx:hr>139</gpxtpx:hr>
      <gpxtpx:cad>84</gpxtpx:cad>
     </gpxtpx:TrackPointExtension>
    </extensions>
   </trkpt>
   <trkpt lat="37.2663420" lon="-79.9615590">
    <ele>294.0</ele>
    <time>2026-04-08T09:42:41Z</time>
    <extensions>
     <power>376</power>
     <gpxtpx:TrackPointExtension>
      <gpxtpx:hr>139</gpxtpx:hr>
      <gpxtpx:cad>84</gpxtpx:cad>
     </gpxtpx:TrackPointExtension>
    </extensions>
   </trkpt>
   <trkpt lat="37.2663460" lon="-79.9615960">
    <ele>294.0</ele>
    <time>2026-04-08T09:42:42Z</time>
    <extensions>
     <power>378</power>
     <gpxtpx:TrackPointExtension>
      <gpxtpx:hr>139</gpxtpx:hr>
      <gpxtpx:cad>84</gpxtpx:cad>
     </gpxtpx:TrackPointExtension>
    </extensions>
   </trkpt>
   <trkpt lat="37.2663510" lon="-79.9616310">
    <ele>294.0</ele>
    <time>2026-04-08T09:42:43Z</time>
    <extensions>
     <power>373</power>
     <gpxtpx:TrackPointExtension>
      <gpxtpx:hr>139</gpxtpx:hr>
      <gpxtpx:cad>84</gpxtpx:cad>
     </gpxtpx:TrackPointExtension>
    </extensions>
   </trkpt>
   <trkpt lat="37.2663550" lon="-79.9616650">
    <ele>294.0</ele>
    <time>2026-04-08T09:42:44Z</time>
    <extensions>
     <power>371</power>
     <gpxtpx:TrackPointExtension>
      <gpxtpx:hr>138</gpxtpx:hr>
      <gpxtpx:cad>84</gpxtpx:cad>
     </gpxtpx:TrackPointExtension>
    </extensions>
   </trkpt>
   <trkpt lat="37.2663590" lon="-79.9616990">
    <ele>294.0</ele>
    <time>2026-04-08T09:42:45Z</time>
    <extensions>
     <power>369</power>
     <gpxtpx:TrackPointExtension>
      <gpxtpx:hr>138</gpxtpx:hr>
      <gpxtpx:cad>84</gpxtpx:cad>
     </gpxtpx:TrackPointExtension>
    </extensions>
   </trkpt>
   <trkpt lat="37.2663650" lon="-79.9617310">
    <ele>293.9</ele>
    <time>2026-04-08T09:42:46Z</time>
    <extensions>
     <power>366</power>
     <gpxtpx:TrackPointExtension>
      <gpxtpx:hr>138</gpxtpx:hr>
      <gpxtpx:cad>84</gpxtpx:cad>
     </gpxtpx:TrackPointExtension>
    </extensions>
   </trkpt>
   <trkpt lat="37.2663690" lon="-79.9617630">
    <ele>293.9</ele>
    <time>2026-04-08T09:42:47Z</time>
    <extensions>
     <power>367</power>
     <gpxtpx:TrackPointExtension>
      <gpxtpx:hr>137</gpxtpx:hr>
      <gpxtpx:cad>84</gpxtpx:cad>
     </gpxtpx:TrackPointExtension>
    </extensions>
   </trkpt>
   <trkpt lat="37.2663730" lon="-79.9617960">
    <ele>293.9</ele>
    <time>2026-04-08T09:42:48Z</time>
    <extensions>
     <power>365</power>
     <gpxtpx:TrackPointExtension>
      <gpxtpx:hr>136</gpxtpx:hr>
      <gpxtpx:cad>83</gpxtpx:cad>
     </gpxtpx:TrackPointExtension>
    </extensions>
   </trkpt>
   <trkpt lat="37.2663790" lon="-79.9618290">
    <ele>293.9</ele>
    <time>2026-04-08T09:42:49Z</time>
    <extensions>
     <power>362</power>
     <gpxtpx:TrackPointExtension>
      <gpxtpx:hr>135</gpxtpx:hr>
      <gpxtpx:cad>83</gpxtpx:cad>
     </gpxtpx:TrackPointExtension>
    </extensions>
   </trkpt>
   <trkpt lat="37.2663840" lon="-79.9618630">
    <ele>293.9</ele>
    <time>2026-04-08T09:42:50Z</time>
    <extensions>
     <power>358</power>
     <gpxtpx:TrackPointExtension>
      <gpxtpx:hr>134</gpxtpx:hr>
      <gpxtpx:cad>83</gpxtpx:cad>
     </gpxtpx:TrackPointExtension>
    </extensions>
   </trkpt>
   <trkpt lat="37.2663890" lon="-79.9619000">
    <ele>293.9</ele>
    <time>2026-04-08T09:42:51Z</time>
    <extensions>
     <power>358</power>
     <gpxtpx:TrackPointExtension>
      <gpxtpx:hr>134</gpxtpx:hr>
      <gpxtpx:cad>83</gpxtpx:cad>
     </gpxtpx:TrackPointExtension>
    </extensions>
   </trkpt>
   <trkpt lat="37.2663930" lon="-79.9619360">
    <ele>293.8</ele>
    <time>2026-04-08T09:42:52Z</time>
    <extensions>
     <power>358</power>
     <gpxtpx:TrackPointExtension>
      <gpxtpx:hr>133</gpxtpx:hr>
      <gpxtpx:cad>83</gpxtpx:cad>
     </gpxtpx:TrackPointExtension>
    </extensions>
   </trkpt>
   <trkpt lat="37.2663980" lon="-79.9619700">
    <ele>293.8</ele>
    <time>2026-04-08T09:42:53Z</time>
    <extensions>
     <power>361</power>
     <gpxtpx:TrackPointExtension>
      <gpxtpx:hr>133</gpxtpx:hr>
      <gpxtpx:cad>83</gpxtpx:cad>
     </gpxtpx:TrackPointExtension>
    </extensions>
   </trkpt>
   <trkpt lat="37.2664020" lon="-79.9620040">
    <ele>293.8</ele>
    <time>2026-04-08T09:42:54Z</time>
    <extensions>
     <power>364</power>
     <gpxtpx:TrackPointExtension>
      <gpxtpx:hr>132</gpxtpx:hr>
      <gpxtpx:cad>83</gpxtpx:cad>
     </gpxtpx:TrackPointExtension>
    </extensions>
   </trkpt>
   <trkpt lat="37.2664070" lon="-79.9620380">
    <ele>293.8</ele>
    <time>2026-04-08T09:42:55Z</time>
    <extensions>
     <power>363</power>
     <gpxtpx:TrackPointExtension>
      <gpxtpx:hr>130</gpxtpx:hr>
      <gpxtpx:cad>84</gpxtpx:cad>
     </gpxtpx:TrackPointExtension>
    </extensions>
   </trkpt>
   <trkpt lat="37.2664120" lon="-79.9620740">
    <ele>293.8</ele>
    <time>2026-04-08T09:42:56Z</time>
    <extensions>
     <power>364</power>
     <gpxtpx:TrackPointExtension>
      <gpxtpx:hr>130</gpxtpx:hr>
      <gpxtpx:cad>84</gpxtpx:cad>
     </gpxtpx:TrackPointExtension>
    </extensions>
   </trkpt>
   <trkpt lat="37.2664170" lon="-79.9621100">
    <ele>293.8</ele>
    <time>2026-04-08T09:42:57Z</time>
    <extensions>
     <power>367</power>
     <gpxtpx:TrackPointExtension>
      <gpxtpx:hr>130</gpxtpx:hr>
      <gpxtpx:cad>84</gpxtpx:cad>
     </gpxtpx:TrackPointExtension>
    </extensions>
   </trkpt>
   <trkpt lat="37.2664220" lon="-79.9621470">
    <ele>293.7</ele>
    <time>2026-04-08T09:42:58Z</time>
    <extensions>
     <power>369</power>
     <gpxtpx:TrackPointExtension>
      <gpxtpx:hr>130</gpxtpx:hr>
      <gpxtpx:cad>84</gpxtpx:cad>
     </gpxtpx:TrackPointExtension>
    </extensions>
   </trkpt>
   <trkpt lat="37.2664270" lon="-79.9621820">
    <ele>293.7</ele>
    <time>2026-04-08T09:42:59Z</time>
    <extensions>
     <power>375</power>
     <gpxtpx:TrackPointExtension>
      <gpxtpx:hr>130</gpxtpx:hr>
      <gpxtpx:cad>84</gpxtpx:cad>
     </gpxtpx:TrackPointExtension>
    </extensions>
   </trkpt>
   <trkpt lat="37.2664330" lon="-79.9622190">
    <ele>293.7</ele>
    <time>2026-04-08T09:43:00Z</time>
    <extensions>
     <power>378</power>
     <gpxtpx:TrackPointExtension>
      <gpxtpx:hr>129</gpxtpx:hr>
      <gpxtpx:cad>84</gpxtpx:cad>
     </gpxtpx:TrackPointExtension>
    </extensions>
   </trkpt>
   <trkpt lat="37.2664380" lon="-79.9622550">
    <ele>293.7</ele>
    <time>2026-04-08T09:43:01Z</time>
    <extensions>
     <power>379</power>
     <gpxtpx:TrackPointExtension>
      <gpxtpx:hr>130</gpxtpx:hr>
      <gpxtpx:cad>84</gpxtpx:cad>
     </gpxtpx:TrackPointExtension>
    </extensions>
   </trkpt>
   <trkpt lat="37.2664410" lon="-79.9622880">
    <ele>293.7</ele>
    <time>2026-04-08T09:43:02Z</time>
    <extensions>
     <power>375</power>
     <gpxtpx:TrackPointExtension>
      <gpxtpx:hr>130</gpxtpx:hr>
      <gpxtpx:cad>84</gpxtpx:cad>
     </gpxtpx:TrackPointExtension>
    </extensions>
   </trkpt>
   <trkpt lat="37.2664440" lon="-79.9623200">
    <ele>293.7</ele>
    <time>2026-04-08T09:43:03Z</time>
    <extensions>
     <power>370</power>
     <gpxtpx:TrackPointExtension>
      <gpxtpx:hr>130</gpxtpx:hr>
      <gpxtpx:cad>84</gpxtpx:cad>
     </gpxtpx:TrackPointExtension>
    </extensions>
   </trkpt>
   <trkpt lat="37.2664480" lon="-79.9623500">
    <ele>293.6</ele>
    <time>2026-04-08T09:43:04Z</time>
    <extensions>
     <power>365</power>
     <gpxtpx:TrackPointExtension>
      <gpxtpx:hr>130</gpxtpx:hr>
      <gpxtpx:cad>84</gpxtpx:cad>
     </gpxtpx:TrackPointExtension>
    </extensions>
   </trkpt>
   <trkpt lat="37.2664510" lon="-79.9623840">
    <ele>293.6</ele>
    <time>2026-04-08T09:43:05Z</time>
    <extensions>
     <power>360</power>
     <gpxtpx:TrackPointExtension>
      <gpxtpx:hr>130</gpxtpx:hr>
      <gpxtpx:cad>84</gpxtpx:cad>
     </gpxtpx:TrackPointExtension>
    </extensions>
   </trkpt>
   <trkpt lat="37.2664550" lon="-79.9624190">
    <ele>293.6</ele>
    <time>2026-04-08T09:43:06Z</time>
    <extensions>
     <power>358</power>
     <gpxtpx:TrackPointExtension>
      <gpxtpx:hr>131</gpxtpx:hr>
      <gpxtpx:cad>83</gpxtpx:cad>
     </gpxtpx:TrackPointExtension>
    </extensions>
   </trkpt>
   <trkpt lat="37.2664600" lon="-79.9624530">
    <ele>293.6</ele>
    <time>2026-04-08T09:43:07Z</time>
    <extensions>
     <power>358</power>
     <gpxtpx:TrackPointExtension>
      <gpxtpx:hr>130</gpxtpx:hr>
      <gpxtpx:cad>83</gpxtpx:cad>
     </gpxtpx:TrackPointExtension>
    </extensions>
   </trkpt>
   <trkpt lat="37.2664710" lon="-79.9624870">
    <ele>293.6</ele>
    <time>2026-04-08T09:43:08Z</time>
    <extensions>
     <power>356</power>
     <gpxtpx:TrackPointExtension>
      <gpxtpx:hr>131</gpxtpx:hr>
      <gpxtpx:cad>83</gpxtpx:cad>
     </gpxtpx:TrackPointExtension>
    </extensions>
   </trkpt>
   <trkpt lat="37.2664880" lon="-79.9625150">
    <ele>293.6</ele>
    <time>2026-04-08T09:43:09Z</time>
    <extensions>
     <power>357</power>
     <gpxtpx:TrackPointExtension>
      <gpxtpx:hr>131</gpxtpx:hr>
      <gpxtpx:cad>83</gpxtpx:cad>
     </gpxtpx:TrackPointExtension>
    </extensions>
   </trkpt>
   <trkpt lat="37.2665080" lon="-79.9625370">
    <ele>293.6</ele>
    <time>2026-04-08T09:43:10Z</time>
    <extensions>
     <power>357</power>
     <gpxtpx:TrackPointExtension>
      <gpxtpx:hr>130</gpxtpx:hr>
      <gpxtpx:cad>83</gpxtpx:cad>
     </gpxtpx:TrackPointExtension>
    </extensions>
   </trkpt>
   <trkpt lat="37.2665310" lon="-79.9625520">
    <ele>293.3</ele>
    <time>2026-04-08T09:43:11Z</time>
    <extensions>
     <power>359</power>
     <gpxtpx:TrackPointExtension>
      <gpxtpx:hr>130</gpxtpx:hr>
      <gpxtpx:cad>83</gpxtpx:cad>
     </gpxtpx:TrackPointExtension>
    </extensions>
   </trkpt>
   <trkpt lat="37.2665550" lon="-79.9625640">
    <ele>292.8</ele>
    <time>2026-04-08T09:43:12Z</time>
    <extensions>
     <power>361</power>
     <gpxtpx:TrackPointExtension>
      <gpxtpx:hr>130</gpxtpx:hr>
      <gpxtpx:cad>82</gpxtpx:cad>
     </gpxtpx:TrackPointExtension>
    </extensions>
   </trkpt>
   <trkpt lat="37.2665770" lon="-79.9625760">
    <ele>292.4</ele>
    <time>2026-04-08T09:43:13Z</time>
    <extensions>
     <power>362</power>
     <gpxtpx:TrackPointExtension>
      <gpxtpx:hr>130</gpxtpx:hr>
      <gpxtpx:cad>82</gpxtpx:cad>
     </gpxtpx:TrackPointExtension>
    </extensions>
   </trkpt>
   <trkpt lat="37.2666020" lon="-79.9625870">
    <ele>291.9</ele>
    <time>2026-04-08T09:43:14Z</time>
    <extensions>
     <power>361</power>
     <gpxtpx:TrackPointExtension>
      <gpxtpx:hr>130</gpxtpx:hr>
      <gpxtpx:cad>81</gpxtpx:cad>
     </gpxtpx:TrackPointExtension>
    </extensions>
   </trkpt>
   <trkpt lat="37.2666280" lon="-79.9625960">
    <ele>291.4</ele>
    <time>2026-04-08T09:43:15Z</time>
    <extensions>
     <power>362</power>
     <gpxtpx:TrackPointExtension>
      <gpxtpx:hr>129</gpxtpx:hr>
      <gpxtpx:cad>80</gpxtpx:cad>
     </gpxtpx:TrackPointExtension>
    </extensions>
   </trkpt>
   <trkpt lat="37.2666540" lon="-79.9626060">
    <ele>291.0</ele>
    <time>2026-04-08T09:43:16Z</time>
    <extensions>
     <power>359</power>
     <gpxtpx:TrackPointExtension>
      <gpxtpx:hr>130</gpxtpx:hr>
      <gpxtpx:cad>80</gpxtpx:cad>
     </gpxtpx:TrackPointExtension>
    </extensions>
   </trkpt>
   <trkpt lat="37.2666820" lon="-79.9626150">
    <ele>290.5</ele>
    <time>2026-04-08T09:43:17Z</time>
    <extensions>
     <power>357</power>
     <gpxtpx:TrackPointExtension>
      <gpxtpx:hr>130</gpxtpx:hr>
      <gpxtpx:cad>80</gpxtpx:cad>
     </gpxtpx:TrackPointExtension>
    </extensions>
   </trkpt>
   <trkpt lat="37.2667110" lon="-79.9626270">
    <ele>289.9</ele>
    <time>2026-04-08T09:43:18Z</time>
    <extensions>
     <power>353</power>
     <gpxtpx:TrackPointExtension>
      <gpxtpx:hr>130</gpxtpx:hr>
      <gpxtpx:cad>80</gpxtpx:cad>
     </gpxtpx:TrackPointExtension>
    </extensions>
   </trkpt>
   <trkpt lat="37.2667380" lon="-79.9626390">
    <ele>289.8</ele>
    <time>2026-04-08T09:43:19Z</time>
    <extensions>
     <power>351</power>
     <gpxtpx:TrackPointExtension>
      <gpxtpx:hr>131</gpxtpx:hr>
      <gpxtpx:cad>82</gpxtpx:cad>
     </gpxtpx:TrackPointExtension>
    </extensions>
   </trkpt>
   <trkpt lat="37.2667620" lon="-79.9626500">
    <ele>289.7</ele>
    <time>2026-04-08T09:43:20Z</time>
    <extensions>
     <power>349</power>
     <gpxtpx:TrackPointExtension>
      <gpxtpx:hr>131</gpxtpx:hr>
      <gpxtpx:cad>83</gpxtpx:cad>
     </gpxtpx:TrackPointExtension>
    </extensions>
   </trkpt>
   <trkpt lat="37.2667860" lon="-79.9626630">
    <ele>289.7</ele>
    <time>2026-04-08T09:43:21Z</time>
    <extensions>
     <power>348</power>
     <gpxtpx:TrackPointExtension>
      <gpxtpx:hr>131</gpxtpx:hr>
      <gpxtpx:cad>83</gpxtpx:cad>
     </gpxtpx:TrackPointExtension>
    </extensions>
   </trkpt>
   <trkpt lat="37.2668070" lon="-79.9626720">
    <ele>289.7</ele>
    <time>2026-04-08T09:43:22Z</time>
    <extensions>
     <power>345</power>
     <gpxtpx:TrackPointExtension>
      <gpxtpx:hr>131</gpxtpx:hr>
      <gpxtpx:cad>82</gpxtpx:cad>
     </gpxtpx:TrackPointExtension>
    </extensions>
   </trkpt>
   <trkpt lat="37.2668300" lon="-79.9626870">
    <ele>289.6</ele>
    <time>2026-04-08T09:43:23Z</time>
    <extensions>
     <power>346</power>
     <gpxtpx:TrackPointExtension>
      <gpxtpx:hr>132</gpxtpx:hr>
      <gpxtpx:cad>81</gpxtpx:cad>
     </gpxtpx:TrackPointExtension>
    </extensions>
   </trkpt>
   <trkpt lat="37.2668510" lon="-79.9627040">
    <ele>289.4</ele>
    <time>2026-04-08T09:43:24Z</time>
    <extensions>
     <power>342</power>
     <gpxtpx:TrackPointExtension>
      <gpxtpx:hr>131</gpxtpx:hr>
      <gpxtpx:cad>81</gpxtpx:cad>
     </gpxtpx:TrackPointExtension>
    </extensions>
   </trkpt>
   <trkpt lat="37.2668710" lon="-79.9627260">
    <ele>289.2</ele>
    <time>2026-04-08T09:43:25Z</time>
    <extensions>
     <power>334</power>
     <gpxtpx:TrackPointExtension>
      <gpxtpx:hr>131</gpxtpx:hr>
      <gpxtpx:cad>82</gpxtpx:cad>
     </gpxtpx:TrackPointExtension>
    </extensions>
   </trkpt>
   <trkpt lat="37.2668880" lon="-79.9627480">
    <ele>289.1</ele>
    <time>2026-04-08T09:43:26Z</time>
    <extensions>
     <power>325</power>
     <gpxtpx:TrackPointExtension>
      <gpxtpx:hr>131</gpxtpx:hr>
      <gpxtpx:cad>83</gpxtpx:cad>
     </gpxtpx:TrackPointExtension>
    </extensions>
   </trkpt>
   <trkpt lat="37.2669080" lon="-79.9627680">
    <ele>288.9</ele>
    <time>2026-04-08T09:43:27Z</time>
    <extensions>
     <power>321</power>
     <gpxtpx:TrackPointExtension>
      <gpxtpx:hr>132</gpxtpx:hr>
      <gpxtpx:cad>83</gpxtpx:cad>
     </gpxtpx:TrackPointExtension>
    </extensions>
   </trkpt>
   <trkpt lat="37.2669330" lon="-79.9627820">
    <ele>288.7</ele>
    <time>2026-04-08T09:43:28Z</time>
    <extensions>
     <power>318</power>
     <gpxtpx:TrackPointExtension>
      <gpxtpx:hr>131</gpxtpx:hr>
      <gpxtpx:cad>83</gpxtpx:cad>
     </gpxtpx:TrackPointExtension>
    </extensions>
   </trkpt>
   <trkpt lat="37.2669600" lon="-79.9627950">
    <ele>288.4</ele>
    <time>2026-04-08T09:43:29Z</time>
    <extensions>
     <power>315</power>
     <gpxtpx:TrackPointExtension>
      <gpxtpx:hr>131</gpxtpx:hr>
      <gpxtpx:cad>83</gpxtpx:cad>
     </gpxtpx:TrackPointExtension>
    </extensions>
   </trkpt>
   <trkpt lat="37.2669920" lon="-79.9628060">
    <ele>288.2</ele>
    <time>2026-04-08T09:43:30Z</time>
    <extensions>
     <power>314</power>
     <gpxtpx:TrackPointExtension>
      <gpxtpx:hr>131</gpxtpx:hr>
      <gpxtpx:cad>82</gpxtpx:cad>
     </gpxtpx:TrackPointExtension>
    </extensions>
   </trkpt>
   <trkpt lat="37.2670210" lon="-79.9628140">
    <ele>288.0</ele>
    <time>2026-04-08T09:43:31Z</time>
    <extensions>
     <power>317</power>
     <gpxtpx:TrackPointExtension>
      <gpxtpx:hr>131</gpxtpx:hr>
      <gpxtpx:cad>82</gpxtpx:cad>
     </gpxtpx:TrackPointExtension>
    </extensions>
   </trkpt>
   <trkpt lat="37.2670520" lon="-79.9628190">
    <ele>287.7</ele>
    <time>2026-04-08T09:43:32Z</time>
    <extensions>
     <power>320</power>
     <gpxtpx:TrackPointExtension>
      <gpxtpx:hr>131</gpxtpx:hr>
      <gpxtpx:cad>82</gpxtpx:cad>
     </gpxtpx:TrackPointExtension>
    </extensions>
   </trkpt>
   <trkpt lat="37.2670790" lon="-79.9628230">
    <ele>287.5</ele>
    <time>2026-04-08T09:43:33Z</time>
    <extensions>
     <power>325</power>
     <gpxtpx:TrackPointExtension>
      <gpxtpx:hr>132</gpxtpx:hr>
      <gpxtpx:cad>83</gpxtpx:cad>
     </gpxtpx:TrackPointExtension>
    </extensions>
   </trkpt>
   <trkpt lat="37.2671000" lon="-79.9628290">
    <ele>287.4</ele>
    <time>2026-04-08T09:43:34Z</time>
    <extensions>
     <power>328</power>
     <gpxtpx:TrackPointExtension>
      <gpxtpx:hr>131</gpxtpx:hr>
      <gpxtpx:cad>83</gpxtpx:cad>
     </gpxtpx:TrackPointExtension>
    </extensions>
   </trkpt>
   <trkpt lat="37.2671200" lon="-79.9628320">
    <ele>287.2</ele>
    <time>2026-04-08T09:43:35Z</time>
    <extensions>
     <power>329</power>
     <gpxtpx:TrackPointExtension>
      <gpxtpx:hr>131</gpxtpx:hr>
      <gpxtpx:cad>83</gpxtpx:cad>
     </gpxtpx:TrackPointExtension>
    </extensions>
   </trkpt>
   <trkpt lat="37.2671410" lon="-79.9628350">
    <ele>287.1</ele>
    <time>2026-04-08T09:43:36Z</time>
    <extensions>
     <power>310</power>
     <gpxtpx:TrackPointExtension>
      <gpxtpx:hr>131</gpxtpx:hr>
      <gpxtpx:cad>83</gpxtpx:cad>
     </gpxtpx:TrackPointExtension>
    </extensions>
   </trkpt>
   <trkpt lat="37.2671650" lon="-79.9628390">
    <ele>286.9</ele>
    <time>2026-04-08T09:43:37Z</time>
    <extensions>
     <power>280</power>
     <gpxtpx:TrackPointExtension>
      <gpxtpx:hr>131</gpxtpx:hr>
      <gpxtpx:cad>83</gpxtpx:cad>
     </gpxtpx:TrackPointExtension>
    </extensions>
   </trkpt>
   <trkpt lat="37.2671940" lon="-79.9628400">
    <ele>286.7</ele>
    <time>2026-04-08T09:43:38Z</time>
    <extensions>
     <power>281</power>
     <gpxtpx:TrackPointExtension>
      <gpxtpx:hr>131</gpxtpx:hr>
      <gpxtpx:cad>82</gpxtpx:cad>
     </gpxtpx:TrackPointExtension>
    </extensions>
   </trkpt>
   <trkpt lat="37.2672210" lon="-79.9628450">
    <ele>286.5</ele>
    <time>2026-04-08T09:43:39Z</time>
    <extensions>
     <power>293</power>
     <gpxtpx:TrackPointExtension>
      <gpxtpx:hr>131</gpxtpx:hr>
      <gpxtpx:cad>82</gpxtpx:cad>
     </gpxtpx:TrackPointExtension>
    </extensions>
   </trkpt>
   <trkpt lat="37.2672480" lon="-79.9628500">
    <ele>286.3</ele>
    <time>2026-04-08T09:43:40Z</time>
    <extensions>
     <power>322</power>
     <gpxtpx:TrackPointExtension>
      <gpxtpx:hr>131</gpxtpx:hr>
      <gpxtpx:cad>81</gpxtpx:cad>
     </gpxtpx:TrackPointExtension>
    </extensions>
   </trkpt>
   <trkpt lat="37.2672730" lon="-79.9628580">
    <ele>286.2</ele>
    <time>2026-04-08T09:43:41Z</time>
    <extensions>
     <power>339</power>
     <gpxtpx:TrackPointExtension>
      <gpxtpx:hr>130</gpxtpx:hr>
      <gpxtpx:cad>81</gpxtpx:cad>
     </gpxtpx:TrackPointExtension>
    </extensions>
   </trkpt>
   <trkpt lat="37.2672960" lon="-79.9628720">
    <ele>286.2</ele>
    <time>2026-04-08T09:43:42Z</time>
    <extensions>
     <power>340</power>
     <gpxtpx:TrackPointExtension>
      <gpxtpx:hr>130</gpxtpx:hr>
      <gpxtpx:cad>82</gpxtpx:cad>
     </gpxtpx:TrackPointExtension>
    </extensions>
   </trkpt>
   <trkpt lat="37.2673180" lon="-79.9628850">
    <ele>286.1</ele>
    <time>2026-04-08T09:43:43Z</time>
    <extensions>
     <power>331</power>
     <gpxtpx:TrackPointExtension>
      <gpxtpx:hr>130</gpxtpx:hr>
      <gpxtpx:cad>82</gpxtpx:cad>
     </gpxtpx:TrackPointExtension>
    </extensions>
   </trkpt>
   <trkpt lat="37.2673420" lon="-79.9628900">
    <ele>286.1</ele>
    <time>2026-04-08T09:43:44Z</time>
    <extensions>
     <power>314</power>
     <gpxtpx:TrackPointExtension>
      <gpxtpx:hr>131</gpxtpx:hr>
      <gpxtpx:cad>83</gpxtpx:cad>
     </gpxtpx:TrackPointExtension>
    </extensions>
   </trkpt>
   <trkpt lat="37.2673660" lon="-79.9628850">
    <ele>286.1</ele>
    <time>2026-04-08T09:43:45Z</time>
    <extensions>
     <power>298</power>
     <gpxtpx:TrackPointExtension>
      <gpxtpx:hr>131</gpxtpx:hr>
      <gpxtpx:cad>83</gpxtpx:cad>
     </gpxtpx:TrackPointExtension>
    </extensions>
   </trkpt>
   <trkpt lat="37.2673900" lon="-79.9628730">
    <ele>286.0</ele>
    <time>2026-04-08T09:43:46Z</time>
    <extensions>
     <power>299</power>
     <gpxtpx:TrackPointExtension>
      <gpxtpx:hr>131</gpxtpx:hr>
      <gpxtpx:cad>83</gpxtpx:cad>
     </gpxtpx:TrackPointExtension>
    </extensions>
   </trkpt>
   <trkpt lat="37.2674150" lon="-79.9628620">
    <ele>286.0</ele>
    <time>2026-04-08T09:43:47Z</time>
    <extensions>
     <power>293</power>
     <gpxtpx:TrackPointExtension>
      <gpxtpx:hr>131</gpxtpx:hr>
      <gpxtpx:cad>83</gpxtpx:cad>
     </gpxtpx:TrackPointExtension>
    </extensions>
   </trkpt>
   <trkpt lat="37.2674400" lon="-79.9628480">
    <ele>286.0</ele>
    <time>2026-04-08T09:43:48Z</time>
    <extensions>
     <power>293</power>
     <gpxtpx:TrackPointExtension>
      <gpxtpx:hr>130</gpxtpx:hr>
      <gpxtpx:cad>82</gpxtpx:cad>
     </gpxtpx:TrackPointExtension>
    </extensions>
   </trkpt>
   <trkpt lat="37.2674650" lon="-79.9628330">
    <ele>286.0</ele>
    <time>2026-04-08T09:43:49Z</time>
    <extensions>
     <power>301</power>
     <gpxtpx:TrackPointExtension>
      <gpxtpx:hr>130</gpxtpx:hr>
      <gpxtpx:cad>83</gpxtpx:cad>
     </gpxtpx:TrackPointExtension>
    </extensions>
   </trkpt>
   <trkpt lat="37.2674890" lon="-79.9628140">
    <ele>286.0</ele>
    <time>2026-04-08T09:43:50Z</time>
    <extensions>
     <power>304</power>
     <gpxtpx:TrackPointExtension>
      <gpxtpx:hr>130</gpxtpx:hr>
      <gpxtpx:cad>83</gpxtpx:cad>
     </gpxtpx:TrackPointExtension>
    </extensions>
   </trkpt>
   <trkpt lat="37.2675130" lon="-79.9627890">
    <ele>286.0</ele>
    <time>2026-04-08T09:43:51Z</time>
    <extensions>
     <power>313</power>
     <gpxtpx:TrackPointExtension>
      <gpxtpx:hr>130</gpxtpx:hr>
      <gpxtpx:cad>84</gpxtpx:cad>
     </gpxtpx:TrackPointExtension>
    </extensions>
   </trkpt>
   <trkpt lat="37.2675360" lon="-79.9627630">
    <ele>286.0</ele>
    <time>2026-04-08T09:43:52Z</time>
    <extensions>
     <power>318</power>
     <gpxtpx:TrackPointExtension>
      <gpxtpx:hr>131</gpxtpx:hr>
      <gpxtpx:cad>84</gpxtpx:cad>
     </gpxtpx:TrackPointExtension>
    </extensions>
   </trkpt>
   <trkpt lat="37.2675570" lon="-79.9627350">
    <ele>285.9</ele>
    <time>2026-04-08T09:43:53Z</time>
    <extensions>
     <power>324</power>
     <gpxtpx:TrackPointExtension>
      <gpxtpx:hr>130</gpxtpx:hr>
      <gpxtpx:cad>84</gpxtpx:cad>
     </gpxtpx:TrackPointExtension>
    </extensions>
   </trkpt>
   <trkpt lat="37.2675770" lon="-79.9627080">
    <ele>285.9</ele>
    <time>2026-04-08T09:43:54Z</time>
    <extensions>
     <power>333</power>
     <gpxtpx:TrackPointExtension>
      <gpxtpx:hr>130</gpxtpx:hr>
      <gpxtpx:cad>84</gpxtpx:cad>
     </gpxtpx:TrackPointExtension>
    </extensions>
   </trkpt>
   <trkpt lat="37.2675960" lon="-79.9626830">
    <ele>285.9</ele>
    <time>2026-04-08T09:43:55Z</time>
    <extensions>
     <power>338</power>
     <gpxtpx:TrackPointExtension>
      <gpxtpx:hr>130</gpxtpx:hr>
      <gpxtpx:cad>85</gpxtpx:cad>
     </gpxtpx:TrackPointExtension>
    </extensions>
   </trkpt>
   <trkpt lat="37.2676180" lon="-79.9626610">
    <ele>285.9</ele>
    <time>2026-04-08T09:43:56Z</time>
    <extensions>
     <power>336</power>
     <gpxtpx:TrackPointExtension>
      <gpxtpx:hr>131</gpxtpx:hr>
      <gpxtpx:cad>85</gpxtpx:cad>
     </gpxtpx:TrackPointExtension>
    </extensions>
   </trkpt>
   <trkpt lat="37.2676420" lon="-79.9626400">
    <ele>285.9</ele>
    <time>2026-04-08T09:43:57Z</time>
    <extensions>
     <power>337</power>
     <gpxtpx:TrackPointExtension>
      <gpxtpx:hr>130</gpxtpx:hr>
      <gpxtpx:cad>86</gpxtpx:cad>
     </gpxtpx:TrackPointExtension>
    </extensions>
   </trkpt>
   <trkpt lat="37.2676680" lon="-79.9626210">
    <ele>286.2</ele>
    <time>2026-04-08T09:43:58Z</time>
    <extensions>
     <power>336</power>
     <gpxtpx:TrackPointExtension>
      <gpxtpx:hr>131</gpxtpx:hr>
      <gpxtpx:cad>86</gpxtpx:cad>
     </gpxtpx:TrackPointExtension>
    </extensions>
   </trkpt>
   <trkpt lat="37.2676960" lon="-79.9626060">
    <ele>286.4</ele>
    <time>2026-04-08T09:43:59Z</time>
    <extensions>
     <power>337</power>
     <gpxtpx:TrackPointExtension>
      <gpxtpx:hr>131</gpxtpx:hr>
      <gpxtpx:cad>85</gpxtpx:cad>
     </gpxtpx:TrackPointExtension>
    </extensions>
   </trkpt>
   <trkpt lat="37.2677240" lon="-79.9625960">
    <ele>286.3</ele>
    <time>2026-04-08T09:44:00Z</time>
    <extensions>
     <power>354</power>
     <gpxtpx:TrackPointExtension>
      <gpxtpx:hr>131</gpxtpx:hr>
      <gpxtpx:cad>85</gpxtpx:cad>
     </gpxtpx:TrackPointExtension>
    </extensions>
   </trkpt>
   <trkpt lat="37.2677540" lon="-79.9625900">
    <ele>286.3</ele>
    <time>2026-04-08T09:44:01Z</time>
    <extensions>
     <power>359</power>
     <gpxtpx:TrackPointExtension>
      <gpxtpx:hr>130</gpxtpx:hr>
      <gpxtpx:cad>85</gpxtpx:cad>
     </gpxtpx:TrackPointExtension>
    </extensions>
   </trkpt>
   <trkpt lat="37.2677850" lon="-79.9625850">
    <ele>286.3</ele>
    <time>2026-04-08T09:44:02Z</time>
    <extensions>
     <power>389</power>
     <gpxtpx:TrackPointExtension>
      <gpxtpx:hr>131</gpxtpx:hr>
      <gpxtpx:cad>85</gpxtpx:cad>
     </gpxtpx:TrackPointExtension>
    </extensions>
   </trkpt>
   <trkpt lat="37.2678120" lon="-79.9625820">
    <ele>286.2</ele>
    <time>2026-04-08T09:44:03Z</time>
    <extensions>
     <power>386</power>
     <gpxtpx:TrackPointExtension>
      <gpxtpx:hr>131</gpxtpx:hr>
      <gpxtpx:cad>85</gpxtpx:cad>
     </gpxtpx:TrackPointExtension>
    </extensions>
   </trkpt>
   <trkpt lat="37.2678400" lon="-79.9625780">
    <ele>286.2</ele>
    <time>2026-04-08T09:44:04Z</time>
    <extensions>
     <power>380</power>
     <gpxtpx:TrackPointExtension>
      <gpxtpx:hr>131</gpxtpx:hr>
      <gpxtpx:cad>85</gpxtpx:cad>
     </gpxtpx:TrackPointExtension>
    </extensions>
   </trkpt>
   <trkpt lat="37.2678670" lon="-79.9625700">
    <ele>286.2</ele>
    <time>2026-04-08T09:44:05Z</time>
    <extensions>
     <power>364</power>
     <gpxtpx:TrackPointExtension>
      <gpxtpx:hr>131</gpxtpx:hr>
      <gpxtpx:cad>85</gpxtpx:cad>
     </gpxtpx:TrackPointExtension>
    </extensions>
   </trkpt>
   <trkpt lat="37.2678950" lon="-79.9625610">
    <ele>286.1</ele>
    <time>2026-04-08T09:44:06Z</time>
    <extensions>
     <power>358</power>
     <gpxtpx:TrackPointExtension>
      <gpxtpx:hr>132</gpxtpx:hr>
      <gpxtpx:cad>84</gpxtpx:cad>
     </gpxtpx:TrackPointExtension>
    </extensions>
   </trkpt>
   <trkpt lat="37.2679220" lon="-79.9625480">
    <ele>286.1</ele>
    <time>2026-04-08T09:44:07Z</time>
    <extensions>
     <power>357</power>
     <gpxtpx:TrackPointExtension>
      <gpxtpx:hr>132</gpxtpx:hr>
      <gpxtpx:cad>84</gpxtpx:cad>
     </gpxtpx:TrackPointExtension>
    </extensions>
   </trkpt>
   <trkpt lat="37.2679470" lon="-79.9625340">
    <ele>286.1</ele>
    <time>2026-04-08T09:44:08Z</time>
    <extensions>
     <power>355</power>
     <gpxtpx:TrackPointExtension>
      <gpxtpx:hr>132</gpxtpx:hr>
      <gpxtpx:cad>84</gpxtpx:cad>
     </gpxtpx:TrackPointExtension>
    </extensions>
   </trkpt>
   <trkpt lat="37.2679720" lon="-79.9625170">
    <ele>286.0</ele>
    <time>2026-04-08T09:44:09Z</time>
    <extensions>
     <power>353</power>
     <gpxtpx:TrackPointExtension>
      <gpxtpx:hr>132</gpxtpx:hr>
      <gpxtpx:cad>85</gpxtpx:cad>
     </gpxtpx:TrackPointExtension>
    </extensions>
   </trkpt>
   <trkpt lat="37.2679950" lon="-79.9624970">
    <ele>286.0</ele>
    <time>2026-04-08T09:44:10Z</time>
    <extensions>
     <power>349</power>
     <gpxtpx:TrackPointExtension>
      <gpxtpx:hr>133</gpxtpx:hr>
      <gpxtpx:cad>85</gpxtpx:cad>
     </gpxtpx:TrackPointExtension>
    </extensions>
   </trkpt>
   <trkpt lat="37.2680170" lon="-79.9624750">
    <ele>286.0</ele>
    <time>2026-04-08T09:44:11Z</time>
    <extensions>
     <power>346</power>
     <gpxtpx:TrackPointExtension>
      <gpxtpx:hr>133</gpxtpx:hr>
      <gpxtpx:cad>85</gpxtpx:cad>
     </gpxtpx:TrackPointExtension>
    </extensions>
   </trkpt>
   <trkpt lat="37.2680360" lon="-79.9624470">
    <ele>285.9</ele>
    <time>2026-04-08T09:44:12Z</time>
    <extensions>
     <power>345</power>
     <gpxtpx:TrackPointExtension>
      <gpxtpx:hr>134</gpxtpx:hr>
      <gpxtpx:cad>85</gpxtpx:cad>
     </gpxtpx:TrackPointExtension>
    </extensions>
   </trkpt>
   <trkpt lat="37.2680510" lon="-79.9624170">
    <ele>285.9</ele>
    <time>2026-04-08T09:44:13Z</time>
    <extensions>
     <power>346</power>
     <gpxtpx:TrackPointExtension>
      <gpxtpx:hr>135</gpxtpx:hr>
      <gpxtpx:cad>85</gpxtpx:cad>
     </gpxtpx:TrackPointExtension>
    </extensions>
   </trkpt>
   <trkpt lat="37.2680610" lon="-79.9623810">
    <ele>285.9</ele>
    <time>2026-04-08T09:44:14Z</time>
    <extensions>
     <power>345</power>
     <gpxtpx:TrackPointExtension>
      <gpxtpx:hr>135</gpxtpx:hr>
      <gpxtpx:cad>85</gpxtpx:cad>
     </gpxtpx:TrackPointExtension>
    </extensions>
   </trkpt>
   <trkpt lat="37.2680680" lon="-79.9623470">
    <ele>285.8</ele>
    <time>2026-04-08T09:44:15Z</time>
    <extensions>
     <power>344</power>
     <gpxtpx:TrackPointExtension>
      <gpxtpx:hr>135</gpxtpx:hr>
      <gpxtpx:cad>85</gpxtpx:cad>
     </gpxtpx:TrackPointExtension>
    </extensions>
   </trkpt>
   <trkpt lat="37.2680740" lon="-79.9623110">
    <ele>285.8</ele>
    <time>2026-04-08T09:44:16Z</time>
    <extensions>
     <power>345</power>
     <gpxtpx:TrackPointExtension>
      <gpxtpx:hr>135</gpxtpx:hr>
      <gpxtpx:cad>85</gpxtpx:cad>
     </gpxtpx:TrackPointExtension>
    </extensions>
   </trkpt>
   <trkpt lat="37.2680770" lon="-79.9622760">
    <ele>285.7</ele>
    <time>2026-04-08T09:44:17Z</time>
    <extensions>
     <power>343</power>
     <gpxtpx:TrackPointExtension>
      <gpxtpx:hr>136</gpxtpx:hr>
      <gpxtpx:cad>85</gpxtpx:cad>
     </gpxtpx:TrackPointExtension>
    </extensions>
   </trkpt>
   <trkpt lat="37.2680800" lon="-79.9622440">
    <ele>285.7</ele>
    <time>2026-04-08T09:44:18Z</time>
    <extensions>
     <power>343</power>
     <gpxtpx:TrackPointExtension>
      <gpxtpx:hr>135</gpxtpx:hr>
      <gpxtpx:cad>85</gpxtpx:cad>
     </gpxtpx:TrackPointExtension>
    </extensions>
   </trkpt>
   <trkpt lat="37.2680830" lon="-79.9622070">
    <ele>285.7</ele>
    <time>2026-04-08T09:44:19Z</time>
    <extensions>
     <power>343</power>
     <gpxtpx:TrackPointExtension>
      <gpxtpx:hr>136</gpxtpx:hr>
      <gpxtpx:cad>85</gpxtpx:cad>
     </gpxtpx:TrackPointExtension>
    </extensions>
   </trkpt>
   <trkpt lat="37.2680860" lon="-79.9621700">
    <ele>285.6</ele>
    <time>2026-04-08T09:44:20Z</time>
    <extensions>
     <power>343</power>
     <gpxtpx:TrackPointExtension>
      <gpxtpx:hr>136</gpxtpx:hr>
      <gpxtpx:cad>85</gpxtpx:cad>
     </gpxtpx:TrackPointExtension>
    </extensions>
   </trkpt>
   <trkpt lat="37.2680890" lon="-79.9621320">
    <ele>285.6</ele>
    <time>2026-04-08T09:44:21Z</time>
    <extensions>
     <power>344</power>
     <gpxtpx:TrackPointExtension>
      <gpxtpx:hr>136</gpxtpx:hr>
      <gpxtpx:cad>85</gpxtpx:cad>
     </gpxtpx:TrackPointExtension>
    </extensions>
   </trkpt>
   <trkpt lat="37.2680910" lon="-79.9620960">
    <ele>285.6</ele>
    <time>2026-04-08T09:44:22Z</time>
    <extensions>
     <power>345</power>
     <gpxtpx:TrackPointExtension>
      <gpxtpx:hr>136</gpxtpx:hr>
      <gpxtpx:cad>85</gpxtpx:cad>
     </gpxtpx:TrackPointExtension>
    </extensions>
   </trkpt>
   <trkpt lat="37.2680920" lon="-79.9620590">
    <ele>285.5</ele>
    <time>2026-04-08T09:44:23Z</time>
    <extensions>
     <power>348</power>
     <gpxtpx:TrackPointExtension>
      <gpxtpx:hr>136</gpxtpx:hr>
      <gpxtpx:cad>85</gpxtpx:cad>
     </gpxtpx:TrackPointExtension>
    </extensions>
   </trkpt>
   <trkpt lat="37.2680920" lon="-79.9620220">
    <ele>285.5</ele>
    <time>2026-04-08T09:44:24Z</time>
    <extensions>
     <power>349</power>
     <gpxtpx:TrackPointExtension>
      <gpxtpx:hr>136</gpxtpx:hr>
      <gpxtpx:cad>85</gpxtpx:cad>
     </gpxtpx:TrackPointExtension>
    </extensions>
   </trkpt>
   <trkpt lat="37.2680960" lon="-79.9619880">
    <ele>285.5</ele>
    <time>2026-04-08T09:44:25Z</time>
    <extensions>
     <power>352</power>
     <gpxtpx:TrackPointExtension>
      <gpxtpx:hr>136</gpxtpx:hr>
      <gpxtpx:cad>85</gpxtpx:cad>
     </gpxtpx:TrackPointExtension>
    </extensions>
   </trkpt>
   <trkpt lat="37.2681000" lon="-79.9619520">
    <ele>285.6</ele>
    <time>2026-04-08T09:44:26Z</time>
    <extensions>
     <power>354</power>
     <gpxtpx:TrackPointExtension>
      <gpxtpx:hr>137</gpxtpx:hr>
      <gpxtpx:cad>85</gpxtpx:cad>
     </gpxtpx:TrackPointExtension>
    </extensions>
   </trkpt>
   <trkpt lat="37.2681040" lon="-79.9619190">
    <ele>285.6</ele>
    <time>2026-04-08T09:44:27Z</time>
    <extensions>
     <power>357</power>
     <gpxtpx:TrackPointExtension>
      <gpxtpx:hr>137</gpxtpx:hr>
      <gpxtpx:cad>85</gpxtpx:cad>
     </gpxtpx:TrackPointExtension>
    </extensions>
   </trkpt>
   <trkpt lat="37.2681080" lon="-79.9618860">
    <ele>285.7</ele>
    <time>2026-04-08T09:44:28Z</time>
    <extensions>
     <power>360</power>
     <gpxtpx:TrackPointExtension>
      <gpxtpx:hr>137</gpxtpx:hr>
      <gpxtpx:cad>85</gpxtpx:cad>
     </gpxtpx:TrackPointExtension>
    </extensions>
   </trkpt>
   <trkpt lat="37.2681130" lon="-79.9618550">
    <ele>285.8</ele>
    <time>2026-04-08T09:44:29Z</time>
    <extensions>
     <power>360</power>
     <gpxtpx:TrackPointExtension>
      <gpxtpx:hr>137</gpxtpx:hr>
      <gpxtpx:cad>85</gpxtpx:cad>
     </gpxtpx:TrackPointExtension>
    </extensions>
   </trkpt>
   <trkpt lat="37.2681210" lon="-79.9618240">
    <ele>285.9</ele>
    <time>2026-04-08T09:44:30Z</time>
    <extensions>
     <power>361</power>
     <gpxtpx:TrackPointExtension>
      <gpxtpx:hr>137</gpxtpx:hr>
      <gpxtpx:cad>85</gpxtpx:cad>
     </gpxtpx:TrackPointExtension>
    </extensions>
   </trkpt>
   <trkpt lat="37.2681270" lon="-79.9617900">
    <ele>286.0</ele>
    <time>2026-04-08T09:44:31Z</time>
    <extensions>
     <power>362</power>
     <gpxtpx:TrackPointExtension>
      <gpxtpx:hr>137</gpxtpx:hr>
      <gpxtpx:cad>85</gpxtpx:cad>
     </gpxtpx:TrackPointExtension>
    </extensions>
   </trkpt>
   <trkpt lat="37.2681330" lon="-79.9617560">
    <ele>286.0</ele>
    <time>2026-04-08T09:44:32Z</time>
    <extensions>
     <power>365</power>
     <gpxtpx:TrackPointExtension>
      <gpxtpx:hr>137</gpxtpx:hr>
      <gpxtpx:cad>85</gpxtpx:cad>
     </gpxtpx:TrackPointExtension>
    </extensions>
   </trkpt>
   <trkpt lat="37.2681390" lon="-79.9617200">
    <ele>286.1</ele>
    <time>2026-04-08T09:44:33Z</time>
    <extensions>
     <power>369</power>
     <gpxtpx:TrackPointExtension>
      <gpxtpx:hr>137</gpxtpx:hr>
      <gpxtpx:cad>85</gpxtpx:cad>
     </gpxtpx:TrackPointExtension>
    </extensions>
   </trkpt>
   <trkpt lat="37.2681420" lon="-79.9616870">
    <ele>286.2</ele>
    <time>2026-04-08T09:44:34Z</time>
    <extensions>
     <power>373</power>
     <gpxtpx:TrackPointExtension>
      <gpxtpx:hr>138</gpxtpx:hr>
      <gpxtpx:cad>85</gpxtpx:cad>
     </gpxtpx:TrackPointExtension>
    </extensions>
   </trkpt>
   <trkpt lat="37.2681470" lon="-79.9616540">
    <ele>286.3</ele>
    <time>2026-04-08T09:44:35Z</time>
    <extensions>
     <power>376</power>
     <gpxtpx:TrackPointExtension>
      <gpxtpx:hr>138</gpxtpx:hr>
      <gpxtpx:cad>85</gpxtpx:cad>
     </gpxtpx:TrackPointExtension>
    </extensions>
   </trkpt>
   <trkpt lat="37.2681540" lon="-79.9616230">
    <ele>286.3</ele>
    <time>2026-04-08T09:44:36Z</time>
    <extensions>
     <power>377</power>
     <gpxtpx:TrackPointExtension>
      <gpxtpx:hr>138</gpxtpx:hr>
      <gpxtpx:cad>85</gpxtpx:cad>
     </gpxtpx:TrackPointExtension>
    </extensions>
   </trkpt>
   <trkpt lat="37.2681630" lon="-79.9615930">
    <ele>286.4</ele>
    <time>2026-04-08T09:44:37Z</time>
    <extensions>
     <power>380</power>
     <gpxtpx:TrackPointExtension>
      <gpxtpx:hr>138</gpxtpx:hr>
      <gpxtpx:cad>85</gpxtpx:cad>
     </gpxtpx:TrackPointExtension>
    </extensions>
   </trkpt>
   <trkpt lat="37.2681710" lon="-79.9615580">
    <ele>286.5</ele>
    <time>2026-04-08T09:44:38Z</time>
    <extensions>
     <power>381</power>
     <gpxtpx:TrackPointExtension>
      <gpxtpx:hr>137</gpxtpx:hr>
      <gpxtpx:cad>84</gpxtpx:cad>
     </gpxtpx:TrackPointExtension>
    </extensions>
   </trkpt>
   <trkpt lat="37.2681780" lon="-79.9615250">
    <ele>286.6</ele>
    <time>2026-04-08T09:44:39Z</time>
    <extensions>
     <power>382</power>
     <gpxtpx:TrackPointExtension>
      <gpxtpx:hr>138</gpxtpx:hr>
      <gpxtpx:cad>84</gpxtpx:cad>
     </gpxtpx:TrackPointExtension>
    </extensions>
   </trkpt>
   <trkpt lat="37.2681840" lon="-79.9614880">
    <ele>286.7</ele>
    <time>2026-04-08T09:44:40Z</time>
    <extensions>
     <power>384</power>
     <gpxtpx:TrackPointExtension>
      <gpxtpx:hr>138</gpxtpx:hr>
      <gpxtpx:cad>84</gpxtpx:cad>
     </gpxtpx:TrackPointExtension>
    </extensions>
   </trkpt>
   <trkpt lat="37.2681900" lon="-79.9614510">
    <ele>286.8</ele>
    <time>2026-04-08T09:44:41Z</time>
    <extensions>
     <power>387</power>
     <gpxtpx:TrackPointExtension>
      <gpxtpx:hr>138</gpxtpx:hr>
      <gpxtpx:cad>84</gpxtpx:cad>
     </gpxtpx:TrackPointExtension>
    </extensions>
   </trkpt>
   <trkpt lat="37.2681930" lon="-79.9614160">
    <ele>286.8</ele>
    <time>2026-04-08T09:44:42Z</time>
    <extensions>
     <power>394</power>
     <gpxtpx:TrackPointExtension>
      <gpxtpx:hr>137</gpxtpx:hr>
      <gpxtpx:cad>84</gpxtpx:cad>
     </gpxtpx:TrackPointExtension>
    </extensions>
   </trkpt>
   <trkpt lat="37.2681970" lon="-79.9613790">
    <ele>286.9</ele>
    <time>2026-04-08T09:44:43Z</time>
    <extensions>
     <power>398</power>
     <gpxtpx:TrackPointExtension>
      <gpxtpx:hr>138</gpxtpx:hr>
      <gpxtpx:cad>84</gpxtpx:cad>
     </gpxtpx:TrackPointExtension>
    </extensions>
   </trkpt>
   <trkpt lat="37.2682010" lon="-79.9613430">
    <ele>287.0</ele>
    <time>2026-04-08T09:44:44Z</time>
    <extensions>
     <power>404</power>
     <gpxtpx:TrackPointExtension>
      <gpxtpx:hr>138</gpxtpx:hr>
      <gpxtpx:cad>84</gpxtpx:cad>
     </gpxtpx:TrackPointExtension>
    </extensions>
   </trkpt>
   <trkpt lat="37.2682060" lon="-79.9613090">
    <ele>287.1</ele>
    <time>2026-04-08T09:44:45Z</time>
    <extensions>
     <power>405</power>
     <gpxtpx:TrackPointExtension>
      <gpxtpx:hr>138</gpxtpx:hr>
      <gpxtpx:cad>84</gpxtpx:cad>
     </gpxtpx:TrackPointExtension>
    </extensions>
   </trkpt>
   <trkpt lat="37.2682120" lon="-79.9612770">
    <ele>287.2</ele>
    <time>2026-04-08T09:44:46Z</time>
    <extensions>
     <power>409</power>
     <gpxtpx:TrackPointExtension>
      <gpxtpx:hr>137</gpxtpx:hr>
      <gpxtpx:cad>85</gpxtpx:cad>
     </gpxtpx:TrackPointExtension>
    </extensions>
   </trkpt>
   <trkpt lat="37.2682220" lon="-79.9612430">
    <ele>287.3</ele>
    <time>2026-04-08T09:44:47Z</time>
    <extensions>
     <power>411</power>
     <gpxtpx:TrackPointExtension>
      <gpxtpx:hr>138</gpxtpx:hr>
      <gpxtpx:cad>85</gpxtpx:cad>
     </gpxtpx:TrackPointExtension>
    </extensions>
   </trkpt>
   <trkpt lat="37.2682310" lon="-79.9612080">
    <ele>287.3</ele>
    <time>2026-04-08T09:44:48Z</time>
    <extensions>
     <power>410</power>
     <gpxtpx:TrackPointExtension>
      <gpxtpx:hr>138</gpxtpx:hr>
      <gpxtpx:cad>85</gpxtpx:cad>
     </gpxtpx:TrackPointExtension>
    </extensions>
   </trkpt>
   <trkpt lat="37.2682410" lon="-79.9611750">
    <ele>287.4</ele>
    <time>2026-04-08T09:44:49Z</time>
    <extensions>
     <power>411</power>
     <gpxtpx:TrackPointExtension>
      <gpxtpx:hr>137</gpxtpx:hr>
      <gpxtpx:cad>85</gpxtpx:cad>
     </gpxtpx:TrackPointExtension>
    </extensions>
   </trkpt>
   <trkpt lat="37.2682490" lon="-79.9611420">
    <ele>287.5</ele>
    <time>2026-04-08T09:44:50Z</time>
    <extensions>
     <power>409</power>
     <gpxtpx:TrackPointExtension>
      <gpxtpx:hr>137</gpxtpx:hr>
      <gpxtpx:cad>85</gpxtpx:cad>
     </gpxtpx:TrackPointExtension>
    </extensions>
   </trkpt>
   <trkpt lat="37.2682590" lon="-79.9611100">
    <ele>287.6</ele>
    <time>2026-04-08T09:44:51Z</time>
    <extensions>
     <power>407</power>
     <gpxtpx:TrackPointExtension>
      <gpxtpx:hr>137</gpxtpx:hr>
      <gpxtpx:cad>85</gpxtpx:cad>
     </gpxtpx:TrackPointExtension>
    </extensions>
   </trkpt>
   <trkpt lat="37.2682650" lon="-79.9610750">
    <ele>287.7</ele>
    <time>2026-04-08T09:44:52Z</time>
    <extensions>
     <power>408</power>
     <gpxtpx:TrackPointExtension>
      <gpxtpx:hr>137</gpxtpx:hr>
      <gpxtpx:cad>85</gpxtpx:cad>
     </gpxtpx:TrackPointExtension>
    </extensions>
   </trkpt>
   <trkpt lat="37.2682670" lon="-79.9610400">
    <ele>287.7</ele>
    <time>2026-04-08T09:44:53Z</time>
    <extensions>
     <power>403</power>
     <gpxtpx:TrackPointExtension>
      <gpxtpx:hr>137</gpxtpx:hr>
      <gpxtpx:cad>85</gpxtpx:cad>
     </gpxtpx:TrackPointExtension>
    </extensions>
   </trkpt>
   <trkpt lat="37.2682680" lon="-79.9610050">
    <ele>287.8</ele>
    <time>2026-04-08T09:44:54Z</time>
    <extensions>
     <power>403</power>
     <gpxtpx:TrackPointExtension>
      <gpxtpx:hr>136</gpxtpx:hr>
      <gpxtpx:cad>85</gpxtpx:cad>
     </gpxtpx:TrackPointExtension>
    </extensions>
   </trkpt>
   <trkpt lat="37.2682640" lon="-79.9609670">
    <ele>287.9</ele>
    <time>2026-04-08T09:44:55Z</time>
    <extensions>
     <power>396</power>
     <gpxtpx:TrackPointExtension>
      <gpxtpx:hr>136</gpxtpx:hr>
      <gpxtpx:cad>86</gpxtpx:cad>
     </gpxtpx:TrackPointExtension>
    </extensions>
   </trkpt>
   <trkpt lat="37.2682590" lon="-79.9609290">
    <ele>287.9</ele>
    <time>2026-04-08T09:44:56Z</time>
    <extensions>
     <power>393</power>
     <gpxtpx:TrackPointExtension>
      <gpxtpx:hr>136</gpxtpx:hr>
      <gpxtpx:cad>87</gpxtpx:cad>
     </gpxtpx:TrackPointExtension>
    </extensions>
   </trkpt>
   <trkpt lat="37.2682550" lon="-79.9608930">
    <ele>287.9</ele>
    <time>2026-04-08T09:44:57Z</time>
    <extensions>
     <power>393</power>
     <gpxtpx:TrackPointExtension>
      <gpxtpx:hr>136</gpxtpx:hr>
      <gpxtpx:cad>87</gpxtpx:cad>
     </gpxtpx:TrackPointExtension>
    </extensions>
   </trkpt>
   <trkpt lat="37.2682510" lon="-79.9608580">
    <ele>287.9</ele>
    <time>2026-04-08T09:44:58Z</time>
    <extensions>
     <power>399</power>
     <gpxtpx:TrackPointExtension>
      <gpxtpx:hr>137</gpxtpx:hr>
      <gpxtpx:cad>86</gpxtpx:cad>
     </gpxtpx:TrackPointExtension>
    </extensions>
   </trkpt>
   <trkpt lat="37.2682440" lon="-79.9608270">
    <ele>287.9</ele>
    <time>2026-04-08T09:44:59Z</time>
    <extensions>
     <power>406</power>
     <gpxtpx:TrackPointExtension>
      <gpxtpx:hr>136</gpxtpx:hr>
      <gpxtpx:cad>86</gpxtpx:cad>
     </gpxtpx:TrackPointExtension>
    </extensions>
   </trkpt>
   <trkpt lat="37.2682360" lon="-79.9607900">
    <ele>287.9</ele>
    <time>2026-04-08T09:45:00Z</time>
    <extensions>
     <power>400</power>
     <gpxtpx:TrackPointExtension>
      <gpxtpx:hr>136</gpxtpx:hr>
      <gpxtpx:cad>86</gpxtpx:cad>
     </gpxtpx:TrackPointExtension>
    </extensions>
   </trkpt>
   <trkpt lat="37.2682260" lon="-79.9607540">
    <ele>287.9</ele>
    <time>2026-04-08T09:45:01Z</time>
    <extensions>
     <power>395</power>
     <gpxtpx:TrackPointExtension>
      <gpxtpx:hr>136</gpxtpx:hr>
      <gpxtpx:cad>86</gpxtpx:cad>
     </gpxtpx:TrackPointExtension>
    </extensions>
   </trkpt>
   <trkpt lat="37.2682180" lon="-79.9607160">
    <ele>287.9</ele>
    <time>2026-04-08T09:45:02Z</time>
    <extensions>
     <power>385</power>
     <gpxtpx:TrackPointExtension>
      <gpxtpx:hr>136</gpxtpx:hr>
      <gpxtpx:cad>86</gpxtpx:cad>
     </gpxtpx:TrackPointExtension>
    </extensions>
   </trkpt>
   <trkpt lat="37.2682120" lon="-79.9606810">
    <ele>287.9</ele>
    <time>2026-04-08T09:45:03Z</time>
    <extensions>
     <power>385</power>
     <gpxtpx:TrackPointExtension>
      <gpxtpx:hr>136</gpxtpx:hr>
      <gpxtpx:cad>86</gpxtpx:cad>
     </gpxtpx:TrackPointExtension>
    </extensions>
   </trkpt>
   <trkpt lat="37.2682080" lon="-79.9606420">
    <ele>287.8</ele>
    <time>2026-04-08T09:45:04Z</time>
    <extensions>
     <power>382</power>
     <gpxtpx:TrackPointExtension>
      <gpxtpx:hr>136</gpxtpx:hr>
      <gpxtpx:cad>85</gpxtpx:cad>
     </gpxtpx:TrackPointExtension>
    </extensions>
   </trkpt>
   <trkpt lat="37.2682050" lon="-79.9606050">
    <ele>287.8</ele>
    <time>2026-04-08T09:45:05Z</time>
    <extensions>
     <power>385</power>
     <gpxtpx:TrackPointExtension>
      <gpxtpx:hr>136</gpxtpx:hr>
      <gpxtpx:cad>85</gpxtpx:cad>
     </gpxtpx:TrackPointExtension>
    </extensions>
   </trkpt>
   <trkpt lat="37.2682030" lon="-79.9605690">
    <ele>287.8</ele>
    <time>2026-04-08T09:45:06Z</time>
    <extensions>
     <power>385</power>
     <gpxtpx:TrackPointExtension>
      <gpxtpx:hr>136</gpxtpx:hr>
      <gpxtpx:cad>85</gpxtpx:cad>
     </gpxtpx:TrackPointExtension>
    </extensions>
   </trkpt>
   <trkpt lat="37.2682000" lon="-79.9605330">
    <ele>287.8</ele>
    <time>2026-04-08T09:45:07Z</time>
    <extensions>
     <power>385</power>
     <gpxtpx:TrackPointExtension>
      <gpxtpx:hr>136</gpxtpx:hr>
      <gpxtpx:cad>85</gpxtpx:cad>
     </gpxtpx:TrackPointExtension>
    </extensions>
   </trkpt>
   <trkpt lat="37.2681990" lon="-79.9605000">
    <ele>287.8</ele>
    <time>2026-04-08T09:45:08Z</time>
    <extensions>
     <power>389</power>
     <gpxtpx:TrackPointExtension>
      <gpxtpx:hr>136</gpxtpx:hr>
      <gpxtpx:cad>85</gpxtpx:cad>
     </gpxtpx:TrackPointExtension>
    </extensions>
   </trkpt>
   <trkpt lat="37.2681950" lon="-79.9604640">
    <ele>287.8</ele>
    <time>2026-04-08T09:45:09Z</time>
    <extensions>
     <power>391</power>
     <gpxtpx:TrackPointExtension>
      <gpxtpx:hr>137</gpxtpx:hr>
      <gpxtpx:cad>84</gpxtpx:cad>
     </gpxtpx:TrackPointExtension>
    </extensions>
   </trkpt>
   <trkpt lat="37.2681930" lon="-79.9604290">
    <ele>287.8</ele>
    <time>2026-04-08T09:45:10Z</time>
    <extensions>
     <power>392</power>
     <gpxtpx:TrackPointExtension>
      <gpxtpx:hr>137</gpxtpx:hr>
      <gpxtpx:cad>84</gpxtpx:cad>
     </gpxtpx:TrackPointExtension>
    </extensions>
   </trkpt>
   <trkpt lat="37.2681900" lon="-79.9603910">
    <ele>287.8</ele>
    <time>2026-04-08T09:45:11Z</time>
    <extensions>
     <power>390</power>
     <gpxtpx:TrackPointExtension>
      <gpxtpx:hr>137</gpxtpx:hr>
      <gpxtpx:cad>84</gpxtpx:cad>
     </gpxtpx:TrackPointExtension>
    </extensions>
   </trkpt>
   <trkpt lat="37.2681880" lon="-79.9603520">
    <ele>287.8</ele>
    <time>2026-04-08T09:45:12Z</time>
    <extensions>
     <power>387</power>
     <gpxtpx:TrackPointExtension>
      <gpxtpx:hr>137</gpxtpx:hr>
      <gpxtpx:cad>84</gpxtpx:cad>
     </gpxtpx:TrackPointExtension>
    </extensions>
   </trkpt>
   <trkpt lat="37.2681880" lon="-79.9603150">
    <ele>287.8</ele>
    <time>2026-04-08T09:45:13Z</time>
    <extensions>
     <power>389</power>
     <gpxtpx:TrackPointExtension>
      <gpxtpx:hr>137</gpxtpx:hr>
      <gpxtpx:cad>85</gpxtpx:cad>
     </gpxtpx:TrackPointExtension>
    </extensions>
   </trkpt>
   <trkpt lat="37.2681900" lon="-79.9602770">
    <ele>287.8</ele>
    <time>2026-04-08T09:45:14Z</time>
    <extensions>
     <power>386</power>
     <gpxtpx:TrackPointExtension>
      <gpxtpx:hr>137</gpxtpx:hr>
      <gpxtpx:cad>85</gpxtpx:cad>
     </gpxtpx:TrackPointExtension>
    </extensions>
   </trkpt>
   <trkpt lat="37.2681900" lon="-79.9602410">
    <ele>287.8</ele>
    <time>2026-04-08T09:45:15Z</time>
    <extensions>
     <power>386</power>
     <gpxtpx:TrackPointExtension>
      <gpxtpx:hr>137</gpxtpx:hr>
      <gpxtpx:cad>85</gpxtpx:cad>
     </gpxtpx:TrackPointExtension>
    </extensions>
   </trkpt>
   <trkpt lat="37.2681930" lon="-79.9602040">
    <ele>287.8</ele>
    <time>2026-04-08T09:45:16Z</time>
    <extensions>
     <power>386</power>
     <gpxtpx:TrackPointExtension>
      <gpxtpx:hr>138</gpxtpx:hr>
      <gpxtpx:cad>85</gpxtpx:cad>
     </gpxtpx:TrackPointExtension>
    </extensions>
   </trkpt>
   <trkpt lat="37.2681970" lon="-79.9601700">
    <ele>287.8</ele>
    <time>2026-04-08T09:45:17Z</time>
    <extensions>
     <power>384</power>
     <gpxtpx:TrackPointExtension>
      <gpxtpx:hr>137</gpxtpx:hr>
      <gpxtpx:cad>85</gpxtpx:cad>
     </gpxtpx:TrackPointExtension>
    </extensions>
   </trkpt>
   <trkpt lat="37.2682020" lon="-79.9601390">
    <ele>287.8</ele>
    <time>2026-04-08T09:45:18Z</time>
    <extensions>
     <power>382</power>
     <gpxtpx:TrackPointExtension>
      <gpxtpx:hr>138</gpxtpx:hr>
      <gpxtpx:cad>85</gpxtpx:cad>
     </gpxtpx:TrackPointExtension>
    </extensions>
   </trkpt>
   <trkpt lat="37.2682070" lon="-79.9601060">
    <ele>287.8</ele>
    <time>2026-04-08T09:45:19Z</time>
    <extensions>
     <power>379</power>
     <gpxtpx:TrackPointExtension>
      <gpxtpx:hr>138</gpxtpx:hr>
      <gpxtpx:cad>85</gpxtpx:cad>
     </gpxtpx:TrackPointExtension>
    </extensions>
   </trkpt>
   <trkpt lat="37.2682140" lon="-79.9600760">
    <ele>287.8</ele>
    <time>2026-04-08T09:45:20Z</time>
    <extensions>
     <power>375</power>
     <gpxtpx:TrackPointExtension>
      <gpxtpx:hr>138</gpxtpx:hr>
      <gpxtpx:cad>85</gpxtpx:cad>
     </gpxtpx:TrackPointExtension>
    </extensions>
   </trkpt>
   <trkpt lat="37.2682220" lon="-79.9600440">
    <ele>287.7</ele>
    <time>2026-04-08T09:45:21Z</time>
    <extensions>
     <power>370</power>
     <gpxtpx:TrackPointExtension>
      <gpxtpx:hr>138</gpxtpx:hr>
      <gpxtpx:cad>84</gpxtpx:cad>
     </gpxtpx:TrackPointExtension>
    </extensions>
   </trkpt>
   <trkpt lat="37.2682310" lon="-79.9600140">
    <ele>287.7</ele>
    <time>2026-04-08T09:45:22Z</time>
    <extensions>
     <power>369</power>
     <gpxtpx:TrackPointExtension>
      <gpxtpx:hr>138</gpxtpx:hr>
      <gpxtpx:cad>84</gpxtpx:cad>
     </gpxtpx:TrackPointExtension>
    </extensions>
   </trkpt>
   <trkpt lat="37.2682380" lon="-79.9599840">
    <ele>287.7</ele>
    <time>2026-04-08T09:45:23Z</time>
    <extensions>
     <power>366</power>
     <gpxtpx:TrackPointExtension>
      <gpxtpx:hr>137</gpxtpx:hr>
      <gpxtpx:cad>84</gpxtpx:cad>
     </gpxtpx:TrackPointExtension>
    </extensions>
   </trkpt>
   <trkpt lat="37.2682440" lon="-79.9599520">
    <ele>287.7</ele>
    <time>2026-04-08T09:45:24Z</time>
    <extensions>
     <power>363</power>
     <gpxtpx:TrackPointExtension>
      <gpxtpx:hr>138</gpxtpx:hr>
      <gpxtpx:cad>84</gpxtpx:cad>
     </gpxtpx:TrackPointExtension>
    </extensions>
   </trkpt>
   <trkpt lat="37.2682510" lon="-79.9599200">
    <ele>287.7</ele>
    <time>2026-04-08T09:45:25Z</time>
    <extensions>
     <power>362</power>
     <gpxtpx:TrackPointExtension>
      <gpxtpx:hr>139</gpxtpx:hr>
      <gpxtpx:cad>84</gpxtpx:cad>
     </gpxtpx:TrackPointExtension>
    </extensions>
   </trkpt>
   <trkpt lat="37.2682620" lon="-79.9598880">
    <ele>287.7</ele>
    <time>2026-04-08T09:45:26Z</time>
    <extensions>
     <power>362</power>
     <gpxtpx:TrackPointExtension>
      <gpxtpx:hr>139</gpxtpx:hr>
      <gpxtpx:cad>84</gpxtpx:cad>
     </gpxtpx:TrackPointExtension>
    </extensions>
   </trkpt>
   <trkpt lat="37.2682720" lon="-79.9598570">
    <ele>287.7</ele>
    <time>2026-04-08T09:45:27Z</time>
    <extensions>
     <power>364</power>
     <gpxtpx:TrackPointExtension>
      <gpxtpx:hr>139</gpxtpx:hr>
      <gpxtpx:cad>84</gpxtpx:cad>
     </gpxtpx:TrackPointExtension>
    </extensions>
   </trkpt>
   <trkpt lat="37.2682810" lon="-79.9598250">
    <ele>287.7</ele>
    <time>2026-04-08T09:45:28Z</time>
    <extensions>
     <power>365</power>
     <gpxtpx:TrackPointExtension>
      <gpxtpx:hr>139</gpxtpx:hr>
      <gpxtpx:cad>85</gpxtpx:cad>
     </gpxtpx:TrackPointExtension>
    </extensions>
   </trkpt>
   <trkpt lat="37.2682900" lon="-79.9597950">
    <ele>287.7</ele>
    <time>2026-04-08T09:45:29Z</time>
    <extensions>
     <power>365</power>
     <gpxtpx:TrackPointExtension>
      <gpxtpx:hr>138</gpxtpx:hr>
      <gpxtpx:cad>85</gpxtpx:cad>
     </gpxtpx:TrackPointExtension>
    </extensions>
   </trkpt>
   <trkpt lat="37.2682990" lon="-79.9597630">
    <ele>287.7</ele>
    <time>2026-04-08T09:45:30Z</time>
    <extensions>
     <power>365</power>
     <gpxtpx:TrackPointExtension>
      <gpxtpx:hr>139</gpxtpx:hr>
      <gpxtpx:cad>85</gpxtpx:cad>
     </gpxtpx:TrackPointExtension>
    </extensions>
   </trkpt>
   <trkpt lat="37.2683070" lon="-79.9597290">
    <ele>287.7</ele>
    <time>2026-04-08T09:45:31Z</time>
    <extensions>
     <power>366</power>
     <gpxtpx:TrackPointExtension>
      <gpxtpx:hr>138</gpxtpx:hr>
      <gpxtpx:cad>85</gpxtpx:cad>
     </gpxtpx:TrackPointExtension>
    </extensions>
   </trkpt>
   <trkpt lat="37.2683140" lon="-79.9596950">
    <ele>287.7</ele>
    <time>2026-04-08T09:45:32Z</time>
    <extensions>
     <power>368</power>
     <gpxtpx:TrackPointExtension>
      <gpxtpx:hr>138</gpxtpx:hr>
      <gpxtpx:cad>85</gpxtpx:cad>
     </gpxtpx:TrackPointExtension>
    </extensions>
   </trkpt>
   <trkpt lat="37.2683230" lon="-79.9596580">
    <ele>287.7</ele>
    <time>2026-04-08T09:45:33Z</time>
    <extensions>
     <power>368</power>
     <gpxtpx:TrackPointExtension>
      <gpxtpx:hr>138</gpxtpx:hr>
      <gpxtpx:cad>85</gpxtpx:cad>
     </gpxtpx:TrackPointExtension>
    </extensions>
   </trkpt>
   <trkpt lat="37.2683280" lon="-79.9596230">
    <ele>287.7</ele>
    <time>2026-04-08T09:45:34Z</time>
    <extensions>
     <power>366</power>
     <gpxtpx:TrackPointExtension>
      <gpxtpx:hr>137</gpxtpx:hr>
      <gpxtpx:cad>85</gpxtpx:cad>
     </gpxtpx:TrackPointExtension>
    </extensions>
   </trkpt>
   <trkpt lat="37.2683290" lon="-79.9595870">
    <ele>287.7</ele>
    <time>2026-04-08T09:45:35Z</time>
    <extensions>
     <power>364</power>
     <gpxtpx:TrackPointExtension>
      <gpxtpx:hr>137</gpxtpx:hr>
      <gpxtpx:cad>85</gpxtpx:cad>
     </gpxtpx:TrackPointExtension>
    </extensions>
   </trkpt>
   <trkpt lat="37.2683250" lon="-79.9595510">
    <ele>287.7</ele>
    <time>2026-04-08T09:45:36Z</time>
    <extensions>
     <power>360</power>
     <gpxtpx:TrackPointExtension>
      <gpxtpx:hr>137</gpxtpx:hr>
      <gpxtpx:cad>85</gpxtpx:cad>
     </gpxtpx:TrackPointExtension>
    </extensions>
   </trkpt>
   <trkpt lat="37.2683220" lon="-79.9595120">
    <ele>287.7</ele>
    <time>2026-04-08T09:45:37Z</time>
    <extensions>
     <power>360</power>
     <gpxtpx:TrackPointExtension>
      <gpxtpx:hr>138</gpxtpx:hr>
      <gpxtpx:cad>85</gpxtpx:cad>
     </gpxtpx:TrackPointExtension>
    </extensions>
   </trkpt>
   <trkpt lat="37.2683120" lon="-79.9594720">
    <ele>287.7</ele>
    <time>2026-04-08T09:45:38Z</time>
    <extensions>
     <power>357</power>
     <gpxtpx:TrackPointExtension>
      <gpxtpx:hr>137</gpxtpx:hr>
      <gpxtpx:cad>85</gpxtpx:cad>
     </gpxtpx:TrackPointExtension>
    </extensions>
   </trkpt>
   <trkpt lat="37.2682970" lon="-79.9594360">
    <ele>287.6</ele>
    <time>2026-04-08T09:45:39Z</time>
    <extensions>
     <power>355</power>
     <gpxtpx:TrackPointExtension>
      <gpxtpx:hr>138</gpxtpx:hr>
      <gpxtpx:cad>85</gpxtpx:cad>
     </gpxtpx:TrackPointExtension>
    </extensions>
   </trkpt>
   <trkpt lat="37.2682800" lon="-79.9594060">
    <ele>287.6</ele>
    <time>2026-04-08T09:45:40Z</time>
    <extensions>
     <power>358</power>
     <gpxtpx:TrackPointExtension>
      <gpxtpx:hr>138</gpxtpx:hr>
      <gpxtpx:cad>85</gpxtpx:cad>
     </gpxtpx:TrackPointExtension>
    </extensions>
   </trkpt>
   <trkpt lat="37.2682640" lon="-79.9593790">
    <ele>287.6</ele>
    <time>2026-04-08T09:45:41Z</time>
    <extensions>
     <power>365</power>
     <gpxtpx:TrackPointExtension>
      <gpxtpx:hr>137</gpxtpx:hr>
      <gpxtpx:cad>85</gpxtpx:cad>
     </gpxtpx:TrackPointExtension>
    </extensions>
   </trkpt>
   <trkpt lat="37.2682460" lon="-79.9593520">
    <ele>287.6</ele>
    <time>2026-04-08T09:45:42Z</time>
    <extensions>
     <power>365</power>
     <gpxtpx:TrackPointExtension>
      <gpxtpx:hr>137</gpxtpx:hr>
      <gpxtpx:cad>85</gpxtpx:cad>
     </gpxtpx:TrackPointExtension>
    </extensions>
   </trkpt>
   <trkpt lat="37.2682250" lon="-79.9593230">
    <ele>287.6</ele>
    <time>2026-04-08T09:45:43Z</time>
    <extensions>
     <power>364</power>
     <gpxtpx:TrackPointExtension>
      <gpxtpx:hr>137</gpxtpx:hr>
      <gpxtpx:cad>85</gpxtpx:cad>
     </gpxtpx:TrackPointExtension>
    </extensions>
   </trkpt>
   <trkpt lat="37.2682050" lon="-79.9592960">
    <ele>287.6</ele>
    <time>2026-04-08T09:45:44Z</time>
    <extensions>
     <power>358</power>
     <gpxtpx:TrackPointExtension>
      <gpxtpx:hr>136</gpxtpx:hr>
      <gpxtpx:cad>85</gpxtpx:cad>
     </gpxtpx:TrackPointExtension>
    </extensions>
   </trkpt>
   <trkpt lat="37.2681840" lon="-79.9592680">
    <ele>287.6</ele>
    <time>2026-04-08T09:45:45Z</time>
    <extensions>
     <power>362</power>
     <gpxtpx:TrackPointExtension>
      <gpxtpx:hr>137</gpxtpx:hr>
      <gpxtpx:cad>85</gpxtpx:cad>
     </gpxtpx:TrackPointExtension>
    </extensions>
   </trkpt>
   <trkpt lat="37.2681660" lon="-79.9592380">
    <ele>287.6</ele>
    <time>2026-04-08T09:45:46Z</time>
    <extensions>
     <power>365</power>
     <gpxtpx:TrackPointExtension>
      <gpxtpx:hr>137</gpxtpx:hr>
      <gpxtpx:cad>84</gpxtpx:cad>
     </gpxtpx:TrackPointExtension>
    </extensions>
   </trkpt>
   <trkpt lat="37.2681510" lon="-79.9592110">
    <ele>287.6</ele>
    <time>2026-04-08T09:45:47Z</time>
    <extensions>
     <power>393</power>
     <gpxtpx:TrackPointExtension>
      <gpxtpx:hr>137</gpxtpx:hr>
      <gpxtpx:cad>84</gpxtpx:cad>
     </gpxtpx:TrackPointExtension>
    </extensions>
   </trkpt>
   <trkpt lat="37.2681350" lon="-79.9591840">
    <ele>287.6</ele>
    <time>2026-04-08T09:45:48Z</time>
    <extensions>
     <power>368</power>
     <gpxtpx:TrackPointExtension>
      <gpxtpx:hr>137</gpxtpx:hr>
      <gpxtpx:cad>84</gpxtpx:cad>
     </gpxtpx:TrackPointExtension>
    </extensions>
   </trkpt>
   <trkpt lat="37.2681190" lon="-79.9591570">
    <ele>287.6</ele>
    <time>2026-04-08T09:45:49Z</time>
    <extensions>
     <power>368</power>
     <gpxtpx:TrackPointExtension>
      <gpxtpx:hr>137</gpxtpx:hr>
      <gpxtpx:cad>84</gpxtpx:cad>
     </gpxtpx:TrackPointExtension>
    </extensions>
   </trkpt>
   <trkpt lat="37.2681000" lon="-79.9591280">
    <ele>287.6</ele>
    <time>2026-04-08T09:45:50Z</time>
    <extensions>
     <power>348</power>
     <gpxtpx:TrackPointExtension>
      <gpxtpx:hr>137</gpxtpx:hr>
      <gpxtpx:cad>85</gpxtpx:cad>
     </gpxtpx:TrackPointExtension>
    </extensions>
   </trkpt>
   <trkpt lat="37.2680810" lon="-79.9590990">
    <ele>287.6</ele>
    <time>2026-04-08T09:45:51Z</time>
    <extensions>
     <power>350</power>
     <gpxtpx:TrackPointExtension>
      <gpxtpx:hr>138</gpxtpx:hr>
      <gpxtpx:cad>85</gpxtpx:cad>
     </gpxtpx:TrackPointExtension>
    </extensions>
   </trkpt>
   <trkpt lat="37.2680630" lon="-79.9590690">
    <ele>287.6</ele>
    <time>2026-04-08T09:45:52Z</time>
    <extensions>
     <power>360</power>
     <gpxtpx:TrackPointExtension>
      <gpxtpx:hr>138</gpxtpx:hr>
      <gpxtpx:cad>85</gpxtpx:cad>
     </gpxtpx:TrackPointExtension>
    </extensions>
   </trkpt>
   <trkpt lat="37.2680460" lon="-79.9590380">
    <ele>287.6</ele>
    <time>2026-04-08T09:45:53Z</time>
    <extensions>
     <power>367</power>
     <gpxtpx:TrackPointExtension>
      <gpxtpx:hr>138</gpxtpx:hr>
      <gpxtpx:cad>85</gpxtpx:cad>
     </gpxtpx:TrackPointExtension>
    </extensions>
   </trkpt>
   <trkpt lat="37.2680320" lon="-79.9590080">
    <ele>287.6</ele>
    <time>2026-04-08T09:45:54Z</time>
    <extensions>
     <power>384</power>
     <gpxtpx:TrackPointExtension>
      <gpxtpx:hr>138</gpxtpx:hr>
      <gpxtpx:cad>85</gpxtpx:cad>
     </gpxtpx:TrackPointExtension>
    </extensions>
   </trkpt>
   <trkpt lat="37.2680170" lon="-79.9589770">
    <ele>287.6</ele>
    <time>2026-04-08T09:45:55Z</time>
    <extensions>
     <power>386</power>
     <gpxtpx:TrackPointExtension>
      <gpxtpx:hr>137</gpxtpx:hr>
      <gpxtpx:cad>85</gpxtpx:cad>
     </gpxtpx:TrackPointExtension>
    </extensions>
   </trkpt>
   <trkpt lat="37.2680030" lon="-79.9589460">
    <ele>287.5</ele>
    <time>2026-04-08T09:45:56Z</time>
    <extensions>
     <power>383</power>
     <gpxtpx:TrackPointExtension>
      <gpxtpx:hr>138</gpxtpx:hr>
      <gpxtpx:cad>85</gpxtpx:cad>
     </gpxtpx:TrackPointExtension>
    </extensions>
   </trkpt>
   <trkpt lat="37.2679880" lon="-79.9589140">
    <ele>287.5</ele>
    <time>2026-04-08T09:45:57Z</time>
    <extensions>
     <power>373</power>
     <gpxtpx:TrackPointExtension>
      <gpxtpx:hr>138</gpxtpx:hr>
      <gpxtpx:cad>85</gpxtpx:cad>
     </gpxtpx:TrackPointExtension>
    </extensions>
   </trkpt>
   <trkpt lat="37.2679750" lon="-79.9588840">
    <ele>287.5</ele>
    <time>2026-04-08T09:45:58Z</time>
    <extensions>
     <power>374</power>
     <gpxtpx:TrackPointExtension>
      <gpxtpx:hr>138</gpxtpx:hr>
      <gpxtpx:cad>85</gpxtpx:cad>
     </gpxtpx:TrackPointExtension>
    </extensions>
   </trkpt>
   <trkpt lat="37.2679620" lon="-79.9588560">
    <ele>287.5</ele>
    <time>2026-04-08T09:45:59Z</time>
    <extensions>
     <power>373</power>
     <gpxtpx:TrackPointExtension>
      <gpxtpx:hr>138</gpxtpx:hr>
      <gpxtpx:cad>84</gpxtpx:cad>
     </gpxtpx:TrackPointExtension>
    </extensions>
   </trkpt>
   <trkpt lat="37.2679470" lon="-79.9588270">
    <ele>287.5</ele>
    <time>2026-04-08T09:46:00Z</time>
    <extensions>
     <power>373</power>
     <gpxtpx:TrackPointExtension>
      <gpxtpx:hr>138</gpxtpx:hr>
      <gpxtpx:cad>83</gpxtpx:cad>
     </gpxtpx:TrackPointExtension>
    </extensions>
   </trkpt>
   <trkpt lat="37.2679330" lon="-79.9588000">
    <ele>287.5</ele>
    <time>2026-04-08T09:46:01Z</time>
    <extensions>
     <power>372</power>
     <gpxtpx:TrackPointExtension>
      <gpxtpx:hr>138</gpxtpx:hr>
      <gpxtpx:cad>84</gpxtpx:cad>
     </gpxtpx:TrackPointExtension>
    </extensions>
   </trkpt>
   <trkpt lat="37.2679190" lon="-79.9587720">
    <ele>287.5</ele>
    <time>2026-04-08T09:46:02Z</time>
    <extensions>
     <power>369</power>
     <gpxtpx:TrackPointExtension>
      <gpxtpx:hr>138</gpxtpx:hr>
      <gpxtpx:cad>84</gpxtpx:cad>
     </gpxtpx:TrackPointExtension>
    </extensions>
   </trkpt>
   <trkpt lat="37.2679050" lon="-79.9587420">
    <ele>287.5</ele>
    <time>2026-04-08T09:46:03Z</time>
    <extensions>
     <power>366</power>
     <gpxtpx:TrackPointExtension>
      <gpxtpx:hr>137</gpxtpx:hr>
      <gpxtpx:cad>84</gpxtpx:cad>
     </gpxtpx:TrackPointExtension>
    </extensions>
   </trkpt>
   <trkpt lat="37.2678920" lon="-79.9587160">
    <ele>287.5</ele>
    <time>2026-04-08T09:46:04Z</time>
    <extensions>
     <power>365</power>
     <gpxtpx:TrackPointExtension>
      <gpxtpx:hr>137</gpxtpx:hr>
      <gpxtpx:cad>84</gpxtpx:cad>
     </gpxtpx:TrackPointExtension>
    </extensions>
   </trkpt>
   <trkpt lat="37.2678790" lon="-79.9586860">
    <ele>287.5</ele>
    <time>2026-04-08T09:46:05Z</time>
    <extensions>
     <power>363</power>
     <gpxtpx:TrackPointExtension>
      <gpxtpx:hr>137</gpxtpx:hr>
      <gpxtpx:cad>84</gpxtpx:cad>
     </gpxtpx:TrackPointExtension>
    </extensions>
   </trkpt>
   <trkpt lat="37.2678650" lon="-79.9586580">
    <ele>287.5</ele>
    <time>2026-04-08T09:46:06Z</time>
    <extensions>
     <power>361</power>
     <gpxtpx:TrackPointExtension>
      <gpxtpx:hr>137</gpxtpx:hr>
      <gpxtpx:cad>84</gpxtpx:cad>
     </gpxtpx:TrackPointExtension>
    </extensions>
   </trkpt>
   <trkpt lat="37.2678450" lon="-79.9586310">
    <ele>287.5</ele>
    <time>2026-04-08T09:46:07Z</time>
    <extensions>
     <power>357</power>
     <gpxtpx:TrackPointExtension>
      <gpxtpx:hr>137</gpxtpx:hr>
      <gpxtpx:cad>84</gpxtpx:cad>
     </gpxtpx:TrackPointExtension>
    </extensions>
   </trkpt>
   <trkpt lat="37.2678260" lon="-79.9586050">
    <ele>287.5</ele>
    <time>2026-04-08T09:46:08Z</time>
    <extensions>
     <power>356</power>
     <gpxtpx:TrackPointExtension>
      <gpxtpx:hr>137</gpxtpx:hr>
      <gpxtpx:cad>84</gpxtpx:cad>
     </gpxtpx:TrackPointExtension>
    </extensions>
   </trkpt>
   <trkpt lat="37.2678080" lon="-79.9585760">
    <ele>287.5</ele>
    <time>2026-04-08T09:46:09Z</time>
    <extensions>
     <power>353</power>
     <gpxtpx:TrackPointExtension>
      <gpxtpx:hr>137</gpxtpx:hr>
      <gpxtpx:cad>84</gpxtpx:cad>
     </gpxtpx:TrackPointExtension>
    </extensions>
   </trkpt>
   <trkpt lat="37.2677870" lon="-79.9585480">
    <ele>287.5</ele>
    <time>2026-04-08T09:46:10Z</time>
    <extensions>
     <power>352</power>
     <gpxtpx:TrackPointExtension>
      <gpxtpx:hr>137</gpxtpx:hr>
      <gpxtpx:cad>84</gpxtpx:cad>
     </gpxtpx:TrackPointExtension>
    </extensions>
   </trkpt>
   <trkpt lat="37.2677690" lon="-79.9585200">
    <ele>287.5</ele>
    <time>2026-04-08T09:46:11Z</time>
    <extensions>
     <power>354</power>
     <gpxtpx:TrackPointExtension>
      <gpxtpx:hr>136</gpxtpx:hr>
      <gpxtpx:cad>84</gpxtpx:cad>
     </gpxtpx:TrackPointExtension>
    </extensions>
   </trkpt>
   <trkpt lat="37.2677500" lon="-79.9584910">
    <ele>287.5</ele>
    <time>2026-04-08T09:46:12Z</time>
    <extensions>
     <power>355</power>
     <gpxtpx:TrackPointExtension>
      <gpxtpx:hr>136</gpxtpx:hr>
      <gpxtpx:cad>84</gpxtpx:cad>
     </gpxtpx:TrackPointExtension>
    </extensions>
   </trkpt>
   <trkpt lat="37.2677300" lon="-79.9584650">
    <ele>287.5</ele>
    <time>2026-04-08T09:46:13Z</time>
    <extensions>
     <power>356</power>
     <gpxtpx:TrackPointExtension>
      <gpxtpx:hr>136</gpxtpx:hr>
      <gpxtpx:cad>84</gpxtpx:cad>
     </gpxtpx:TrackPointExtension>
    </extensions>
   </trkpt>
   <trkpt lat="37.2677110" lon="-79.9584380">
    <ele>287.4</ele>
    <time>2026-04-08T09:46:14Z</time>
    <extensions>
     <power>356</power>
     <gpxtpx:TrackPointExtension>
      <gpxtpx:hr>137</gpxtpx:hr>
      <gpxtpx:cad>84</gpxtpx:cad>
     </gpxtpx:TrackPointExtension>
    </extensions>
   </trkpt>
   <trkpt lat="37.2676910" lon="-79.9584130">
    <ele>287.4</ele>
    <time>2026-04-08T09:46:15Z</time>
    <extensions>
     <power>357</power>
     <gpxtpx:TrackPointExtension>
      <gpxtpx:hr>136</gpxtpx:hr>
      <gpxtpx:cad>85</gpxtpx:cad>
     </gpxtpx:TrackPointExtension>
    </extensions>
   </trkpt>
   <trkpt lat="37.2676730" lon="-79.9583880">
    <ele>287.4</ele>
    <time>2026-04-08T09:46:16Z</time>
    <extensions>
     <power>357</power>
     <gpxtpx:TrackPointExtension>
      <gpxtpx:hr>136</gpxtpx:hr>
      <gpxtpx:cad>85</gpxtpx:cad>
     </gpxtpx:TrackPointExtension>
    </extensions>
   </trkpt>
   <trkpt lat="37.2676520" lon="-79.9583650">
    <ele>287.4</ele>
    <time>2026-04-08T09:46:17Z</time>
    <extensions>
     <power>358</power>
     <gpxtpx:TrackPointExtension>
      <gpxtpx:hr>136</gpxtpx:hr>
      <gpxtpx:cad>84</gpxtpx:cad>
     </gpxtpx:TrackPointExtension>
    </extensions>
   </trkpt>
   <trkpt lat="37.2676320" lon="-79.9583430">
    <ele>287.4</ele>
    <time>2026-04-08T09:46:18Z</time>
    <extensions>
     <power>358</power>
     <gpxtpx:TrackPointExtension>
      <gpxtpx:hr>136</gpxtpx:hr>
      <gpxtpx:cad>84</gpxtpx:cad>
     </gpxtpx:TrackPointExtension>
    </extensions>
   </trkpt>
   <trkpt lat="37.2676110" lon="-79.9583200">
    <ele>287.4</ele>
    <time>2026-04-08T09:46:19Z</time>
    <extensions>
     <power>358</power>
     <gpxtpx:TrackPointExtension>
      <gpxtpx:hr>136</gpxtpx:hr>
      <gpxtpx:cad>84</gpxtpx:cad>
     </gpxtpx:TrackPointExtension>
    </extensions>
   </trkpt>
   <trkpt lat="37.2675880" lon="-79.9582980">
    <ele>287.4</ele>
    <time>2026-04-08T09:46:20Z</time>
    <extensions>
     <power>358</power>
     <gpxtpx:TrackPointExtension>
      <gpxtpx:hr>136</gpxtpx:hr>
      <gpxtpx:cad>84</gpxtpx:cad>
     </gpxtpx:TrackPointExtension>
    </extensions>
   </trkpt>
   <trkpt lat="37.2675670" lon="-79.9582750">
    <ele>287.4</ele>
    <time>2026-04-08T09:46:21Z</time>
    <extensions>
     <power>358</power>
     <gpxtpx:TrackPointExtension>
      <gpxtpx:hr>136</gpxtpx:hr>
      <gpxtpx:cad>84</gpxtpx:cad>
     </gpxtpx:TrackPointExtension>
    </extensions>
   </trkpt>
   <trkpt lat="37.2675440" lon="-79.9582520">
    <ele>287.4</ele>
    <time>2026-04-08T09:46:22Z</time>
    <extensions>
     <power>358</power>
     <gpxtpx:TrackPointExtension>
      <gpxtpx:hr>136</gpxtpx:hr>
      <gpxtpx:cad>84</gpxtpx:cad>
     </gpxtpx:TrackPointExtension>
    </extensions>
   </trkpt>
   <trkpt lat="37.2675210" lon="-79.9582300">
    <ele>287.4</ele>
    <time>2026-04-08T09:46:23Z</time>
    <extensions>
     <power>358</power>
     <gpxtpx:TrackPointExtension>
      <gpxtpx:hr>136</gpxtpx:hr>
      <gpxtpx:cad>84</gpxtpx:cad>
     </gpxtpx:TrackPointExtension>
    </extensions>
   </trkpt>
   <trkpt lat="37.2674990" lon="-79.9582090">
    <ele>287.4</ele>
    <time>2026-04-08T09:46:24Z</time>
    <extensions>
     <power>360</power>
     <gpxtpx:TrackPointExtension>
      <gpxtpx:hr>136</gpxtpx:hr>
      <gpxtpx:cad>84</gpxtpx:cad>
     </gpxtpx:TrackPointExtension>
    </extensions>
   </trkpt>
   <trkpt lat="37.2674770" lon="-79.9581890">
    <ele>287.4</ele>
    <time>2026-04-08T09:46:25Z</time>
    <extensions>
     <power>360</power>
     <gpxtpx:TrackPointExtension>
      <gpxtpx:hr>136</gpxtpx:hr>
      <gpxtpx:cad>84</gpxtpx:cad>
     </gpxtpx:TrackPointExtension>
    </extensions>
   </trkpt>
   <trkpt lat="37.2674570" lon="-79.9581680">
    <ele>287.4</ele>
    <time>2026-04-08T09:46:26Z</time>
    <extensions>
     <power>361</power>
     <gpxtpx:TrackPointExtension>
      <gpxtpx:hr>136</gpxtpx:hr>
      <gpxtpx:cad>84</gpxtpx:cad>
     </gpxtpx:TrackPointExtension>
    </extensions>
   </trkpt>
   <trkpt lat="37.2674330" lon="-79.9581480">
    <ele>287.4</ele>
    <time>2026-04-08T09:46:27Z</time>
    <extensions>
     <power>359</power>
     <gpxtpx:TrackPointExtension>
      <gpxtpx:hr>137</gpxtpx:hr>
      <gpxtpx:cad>84</gpxtpx:cad>
     </gpxtpx:TrackPointExtension>
    </extensions>
   </trkpt>
   <trkpt lat="37.2674120" lon="-79.9581270">
    <ele>287.4</ele>
    <time>2026-04-08T09:46:28Z</time>
    <extensions>
     <power>357</power>
     <gpxtpx:TrackPointExtension>
      <gpxtpx:hr>136</gpxtpx:hr>
      <gpxtpx:cad>84</gpxtpx:cad>
     </gpxtpx:TrackPointExtension>
    </extensions>
   </trkpt>
   <trkpt lat="37.2673910" lon="-79.9581040">
    <ele>287.4</ele>
    <time>2026-04-08T09:46:29Z</time>
    <extensions>
     <power>358</power>
     <gpxtpx:TrackPointExtension>
      <gpxtpx:hr>136</gpxtpx:hr>
      <gpxtpx:cad>84</gpxtpx:cad>
     </gpxtpx:TrackPointExtension>
    </extensions>
   </trkpt>
   <trkpt lat="37.2673680" lon="-79.9580830">
    <ele>287.4</ele>
    <time>2026-04-08T09:46:30Z</time>
    <extensions>
     <power>358</power>
     <gpxtpx:TrackPointExtension>
      <gpxtpx:hr>136</gpxtpx:hr>
      <gpxtpx:cad>84</gpxtpx:cad>
     </gpxtpx:TrackPointExtension>
    </extensions>
   </trkpt>
   <trkpt lat="37.2673480" lon="-79.9580610">
    <ele>287.4</ele>
    <time>2026-04-08T09:46:31Z</time>
    <extensions>
     <power>360</power>
     <gpxtpx:TrackPointExtension>
      <gpxtpx:hr>137</gpxtpx:hr>
      <gpxtpx:cad>84</gpxtpx:cad>
     </gpxtpx:TrackPointExtension>
    </extensions>
   </trkpt>
   <trkpt lat="37.2673260" lon="-79.9580390">
    <ele>287.3</ele>
    <time>2026-04-08T09:46:32Z</time>
    <extensions>
     <power>359</power>
     <gpxtpx:TrackPointExtension>
      <gpxtpx:hr>137</gpxtpx:hr>
      <gpxtpx:cad>84</gpxtpx:cad>
     </gpxtpx:TrackPointExtension>
    </extensions>
   </trkpt>
   <trkpt lat="37.2673050" lon="-79.9580190">
    <ele>287.3</ele>
    <time>2026-04-08T09:46:33Z</time>
    <extensions>
     <power>359</power>
     <gpxtpx:TrackPointExtension>
      <gpxtpx:hr>137</gpxtpx:hr>
      <gpxtpx:cad>84</gpxtpx:cad>
     </gpxtpx:TrackPointExtension>
    </extensions>
   </trkpt>
   <trkpt lat="37.2672830" lon="-79.9579970">
    <ele>287.3</ele>
    <time>2026-04-08T09:46:34Z</time>
    <extensions>
     <power>359</power>
     <gpxtpx:TrackPointExtension>
      <gpxtpx:hr>137</gpxtpx:hr>
      <gpxtpx:cad>85</gpxtpx:cad>
     </gpxtpx:TrackPointExtension>
    </extensions>
   </trkpt>
   <trkpt lat="37.2672630" lon="-79.9579750">
    <ele>287.3</ele>
    <time>2026-04-08T09:46:35Z</time>
    <extensions>
     <power>356</power>
     <gpxtpx:TrackPointExtension>
      <gpxtpx:hr>137</gpxtpx:hr>
      <gpxtpx:cad>85</gpxtpx:cad>
     </gpxtpx:TrackPointExtension>
    </extensions>
   </trkpt>
   <trkpt lat="37.2672450" lon="-79.9579540">
    <ele>287.3</ele>
    <time>2026-04-08T09:46:36Z</time>
    <extensions>
     <power>357</power>
     <gpxtpx:TrackPointExtension>
      <gpxtpx:hr>137</gpxtpx:hr>
      <gpxtpx:cad>85</gpxtpx:cad>
     </gpxtpx:TrackPointExtension>
    </extensions>
   </trkpt>
   <trkpt lat="37.2672250" lon="-79.9579320">
    <ele>287.3</ele>
    <time>2026-04-08T09:46:37Z</time>
    <extensions>
     <power>356</power>
     <gpxtpx:TrackPointExtension>
      <gpxtpx:hr>137</gpxtpx:hr>
      <gpxtpx:cad>85</gpxtpx:cad>
     </gpxtpx:TrackPointExtension>
    </extensions>
   </trkpt>
   <trkpt lat="37.2672060" lon="-79.9579110">
    <ele>287.3</ele>
    <time>2026-04-08T09:46:38Z</time>
    <extensions>
     <power>358</power>
     <gpxtpx:TrackPointExtension>
      <gpxtpx:hr>138</gpxtpx:hr>
      <gpxtpx:cad>84</gpxtpx:cad>
     </gpxtpx:TrackPointExtension>
    </extensions>
   </trkpt>
   <trkpt lat="37.2671880" lon="-79.9578900">
    <ele>287.3</ele>
    <time>2026-04-08T09:46:39Z</time>
    <extensions>
     <power>359</power>
     <gpxtpx:TrackPointExtension>
      <gpxtpx:hr>138</gpxtpx:hr>
      <gpxtpx:cad>83</gpxtpx:cad>
     </gpxtpx:TrackPointExtension>
    </extensions>
   </trkpt>
   <trkpt lat="37.2671660" lon="-79.9578750">
    <ele>287.3</ele>
    <time>2026-04-08T09:46:40Z</time>
    <extensions>
     <power>360</power>
     <gpxtpx:TrackPointExtension>
      <gpxtpx:hr>140</gpxtpx:hr>
      <gpxtpx:cad>83</gpxtpx:cad>
     </gpxtpx:TrackPointExtension>
    </extensions>
   </trkpt>
   <trkpt lat="37.2671410" lon="-79.9578680">
    <ele>287.3</ele>
    <time>2026-04-08T09:46:41Z</time>
    <extensions>
     <power>357</power>
     <gpxtpx:TrackPointExtension>
      <gpxtpx:hr>141</gpxtpx:hr>
      <gpxtpx:cad>83</gpxtpx:cad>
     </gpxtpx:TrackPointExtension>
    </extensions>
   </trkpt>
   <trkpt lat="37.2671130" lon="-79.9578770">
    <ele>287.3</ele>
    <time>2026-04-08T09:46:42Z</time>
    <extensions>
     <power>354</power>
     <gpxtpx:TrackPointExtension>
      <gpxtpx:hr>141</gpxtpx:hr>
      <gpxtpx:cad>83</gpxtpx:cad>
     </gpxtpx:TrackPointExtension>
    </extensions>
   </trkpt>
   <trkpt lat="37.2670910" lon="-79.9578900">
    <ele>287.3</ele>
    <time>2026-04-08T09:46:43Z</time>
    <extensions>
     <power>355</power>
     <gpxtpx:TrackPointExtension>
      <gpxtpx:hr>141</gpxtpx:hr>
      <gpxtpx:cad>83</gpxtpx:cad>
     </gpxtpx:TrackPointExtension>
    </extensions>
   </trkpt>
   <trkpt lat="37.2670670" lon="-79.9579040">
    <ele>287.4</ele>
    <time>2026-04-08T09:46:44Z</time>
    <extensions>
     <power>359</power>
     <gpxtpx:TrackPointExtension>
      <gpxtpx:hr>141</gpxtpx:hr>
      <gpxtpx:cad>83</gpxtpx:cad>
     </gpxtpx:TrackPointExtension>
    </extensions>
   </trkpt>
   <trkpt lat="37.2670410" lon="-79.9579180">
    <ele>287.5</ele>
    <time>2026-04-08T09:46:45Z</time>
    <extensions>
     <power>360</power>
     <gpxtpx:TrackPointExtension>
      <gpxtpx:hr>141</gpxtpx:hr>
      <gpxtpx:cad>83</gpxtpx:cad>
     </gpxtpx:TrackPointExtension>
    </extensions>
   </trkpt>
   <trkpt lat="37.2670150" lon="-79.9579300">
    <ele>287.6</ele>
    <time>2026-04-08T09:46:46Z</time>
    <extensions>
     <power>362</power>
     <gpxtpx:TrackPointExtension>
      <gpxtpx:hr>141</gpxtpx:hr>
      <gpxtpx:cad>83</gpxtpx:cad>
     </gpxtpx:TrackPointExtension>
    </extensions>
   </trkpt>
   <trkpt lat="37.2669890" lon="-79.9579450">
    <ele>287.7</ele>
    <time>2026-04-08T09:46:47Z</time>
    <extensions>
     <power>366</power>
     <gpxtpx:TrackPointExtension>
      <gpxtpx:hr>141</gpxtpx:hr>
      <gpxtpx:cad>83</gpxtpx:cad>
     </gpxtpx:TrackPointExtension>
    </extensions>
   </trkpt>
   <trkpt lat="37.2669650" lon="-79.9579580">
    <ele>287.8</ele>
    <time>2026-04-08T09:46:48Z</time>
    <extensions>
     <power>370</power>
     <gpxtpx:TrackPointExtension>
      <gpxtpx:hr>141</gpxtpx:hr>
      <gpxtpx:cad>84</gpxtpx:cad>
     </gpxtpx:TrackPointExtension>
    </extensions>
   </trkpt>
   <trkpt lat="37.2669400" lon="-79.9579740">
    <ele>287.9</ele>
    <time>2026-04-08T09:46:49Z</time>
    <extensions>
     <power>372</power>
     <gpxtpx:TrackPointExtension>
      <gpxtpx:hr>141</gpxtpx:hr>
      <gpxtpx:cad>84</gpxtpx:cad>
     </gpxtpx:TrackPointExtension>
    </extensions>
   </trkpt>
   <trkpt lat="37.2669140" lon="-79.9579920">
    <ele>288.1</ele>
    <time>2026-04-08T09:46:50Z</time>
    <extensions>
     <power>372</power>
     <gpxtpx:TrackPointExtension>
      <gpxtpx:hr>141</gpxtpx:hr>
      <gpxtpx:cad>84</gpxtpx:cad>
     </gpxtpx:TrackPointExtension>
    </extensions>
   </trkpt>
   <trkpt lat="37.2668880" lon="-79.9580070">
    <ele>288.1</ele>
    <time>2026-04-08T09:46:51Z</time>
    <extensions>
     <power>365</power>
     <gpxtpx:TrackPointExtension>
      <gpxtpx:hr>141</gpxtpx:hr>
      <gpxtpx:cad>84</gpxtpx:cad>
     </gpxtpx:TrackPointExtension>
    </extensions>
   </trkpt>
   <trkpt lat="37.2668610" lon="-79.9580230">
    <ele>288.2</ele>
    <time>2026-04-08T09:46:52Z</time>
    <extensions>
     <power>357</power>
     <gpxtpx:TrackPointExtension>
      <gpxtpx:hr>141</gpxtpx:hr>
      <gpxtpx:cad>84</gpxtpx:cad>
     </gpxtpx:TrackPointExtension>
    </extensions>
   </trkpt>
   <trkpt lat="37.2668380" lon="-79.9580350">
    <ele>288.4</ele>
    <time>2026-04-08T09:46:53Z</time>
    <extensions>
     <power>360</power>
     <gpxtpx:TrackPointExtension>
      <gpxtpx:hr>141</gpxtpx:hr>
      <gpxtpx:cad>84</gpxtpx:cad>
     </gpxtpx:TrackPointExtension>
    </extensions>
   </trkpt>
   <trkpt lat="37.2668140" lon="-79.9580470">
    <ele>288.4</ele>
    <time>2026-04-08T09:46:54Z</time>
    <extensions>
     <power>359</power>
     <gpxtpx:TrackPointExtension>
      <gpxtpx:hr>141</gpxtpx:hr>
      <gpxtpx:cad>85</gpxtpx:cad>
     </gpxtpx:TrackPointExtension>
    </extensions>
   </trkpt>
   <trkpt lat="37.2667890" lon="-79.9580540">
    <ele>288.5</ele>
    <time>2026-04-08T09:46:55Z</time>
    <extensions>
     <power>358</power>
     <gpxtpx:TrackPointExtension>
      <gpxtpx:hr>141</gpxtpx:hr>
      <gpxtpx:cad>85</gpxtpx:cad>
     </gpxtpx:TrackPointExtension>
    </extensions>
   </trkpt>
   <trkpt lat="37.2667620" lon="-79.9580510">
    <ele>288.6</ele>
    <time>2026-04-08T09:46:56Z</time>
    <extensions>
     <power>357</power>
     <gpxtpx:TrackPointExtension>
      <gpxtpx:hr>141</gpxtpx:hr>
      <gpxtpx:cad>85</gpxtpx:cad>
     </gpxtpx:TrackPointExtension>
    </extensions>
   </trkpt>
   <trkpt lat="37.2667330" lon="-79.9580490">
    <ele>288.6</ele>
    <time>2026-04-08T09:46:57Z</time>
    <extensions>
     <power>357</power>
     <gpxtpx:TrackPointExtension>
      <gpxtpx:hr>141</gpxtpx:hr>
      <gpxtpx:cad>84</gpxtpx:cad>
     </gpxtpx:TrackPointExtension>
    </extensions>
   </trkpt>
   <trkpt lat="37.2667070" lon="-79.9580570">
    <ele>288.7</ele>
    <time>2026-04-08T09:46:58Z</time>
    <extensions>
     <power>359</power>
     <gpxtpx:TrackPointExtension>
      <gpxtpx:hr>140</gpxtpx:hr>
      <gpxtpx:cad>83</gpxtpx:cad>
     </gpxtpx:TrackPointExtension>
    </extensions>
   </trkpt>
   <trkpt lat="37.2666890" lon="-79.9580780">
    <ele>288.8</ele>
    <time>2026-04-08T09:46:59Z</time>
    <extensions>
     <power>358</power>
     <gpxtpx:TrackPointExtension>
      <gpxtpx:hr>141</gpxtpx:hr>
      <gpxtpx:cad>83</gpxtpx:cad>
     </gpxtpx:TrackPointExtension>
    </extensions>
   </trkpt>
   <trkpt lat="37.2666820" lon="-79.9581070">
    <ele>288.8</ele>
    <time>2026-04-08T09:47:00Z</time>
    <extensions>
     <power>355</power>
     <gpxtpx:TrackPointExtension>
      <gpxtpx:hr>140</gpxtpx:hr>
      <gpxtpx:cad>83</gpxtpx:cad>
     </gpxtpx:TrackPointExtension>
    </extensions>
   </trkpt>
   <trkpt lat="37.2666780" lon="-79.9581330">
    <ele>289.0</ele>
    <time>2026-04-08T09:47:01Z</time>
    <extensions>
     <power>355</power>
     <gpxtpx:TrackPointExtension>
      <gpxtpx:hr>140</gpxtpx:hr>
      <gpxtpx:cad>83</gpxtpx:cad>
     </gpxtpx:TrackPointExtension>
    </extensions>
   </trkpt>
   <trkpt lat="37.2666740" lon="-79.9581520">
    <ele>289.1</ele>
    <time>2026-04-08T09:47:02Z</time>
    <extensions>
     <power>357</power>
     <gpxtpx:TrackPointExtension>
      <gpxtpx:hr>140</gpxtpx:hr>
      <gpxtpx:cad>83</gpxtpx:cad>
     </gpxtpx:TrackPointExtension>
    </extensions>
   </trkpt>
   <trkpt lat="37.2666740" lon="-79.9581670">
    <ele>289.2</ele>
    <time>2026-04-08T09:47:03Z</time>
    <extensions>
     <power>352</power>
     <gpxtpx:TrackPointExtension>
      <gpxtpx:hr>140</gpxtpx:hr>
      <gpxtpx:cad>82</gpxtpx:cad>
     </gpxtpx:TrackPointExtension>
    </extensions>
   </trkpt>
   <trkpt lat="37.2666750" lon="-79.9581830">
    <ele>289.2</ele>
    <time>2026-04-08T09:47:04Z</time>
    <extensions>
     <power>352</power>
     <gpxtpx:TrackPointExtension>
      <gpxtpx:hr>140</gpxtpx:hr>
      <gpxtpx:cad>82</gpxtpx:cad>
     </gpxtpx:TrackPointExtension>
    </extensions>
   </trkpt>
   <trkpt lat="37.2666750" lon="-79.9581990">
    <ele>289.4</ele>
    <time>2026-04-08T09:47:05Z</time>
    <extensions>
     <power>344</power>
     <gpxtpx:TrackPointExtension>
      <gpxtpx:hr>141</gpxtpx:hr>
      <gpxtpx:cad>82</gpxtpx:cad>
     </gpxtpx:TrackPointExtension>
    </extensions>
   </trkpt>
   <trkpt lat="37.2666720" lon="-79.9582160">
    <ele>289.4</ele>
    <time>2026-04-08T09:47:06Z</time>
    <extensions>
     <power>332</power>
     <gpxtpx:TrackPointExtension>
      <gpxtpx:hr>140</gpxtpx:hr>
      <gpxtpx:cad>76</gpxtpx:cad>
     </gpxtpx:TrackPointExtension>
    </extensions>
   </trkpt>
   <trkpt lat="37.2666640" lon="-79.9582270">
    <ele>289.4</ele>
    <time>2026-04-08T09:47:07Z</time>
    <extensions>
     <power>329</power>
     <gpxtpx:TrackPointExtension>
      <gpxtpx:hr>140</gpxtpx:hr>
      <gpxtpx:cad>55</gpxtpx:cad>
     </gpxtpx:TrackPointExtension>
    </extensions>
   </trkpt>
   <trkpt lat="37.2666540" lon="-79.9582340">
    <ele>289.4</ele>
    <time>2026-04-08T09:47:08Z</time>
    <extensions>
     <power>222</power>
     <gpxtpx:TrackPointExtension>
      <gpxtpx:hr>140</gpxtpx:hr>
      <gpxtpx:cad>55</gpxtpx:cad>
     </gpxtpx:TrackPointExtension>
    </extensions>
   </trkpt>
   <trkpt lat="37.2666470" lon="-79.9582400">
    <ele>289.5</ele>
    <time>2026-04-08T09:47:09Z</time>
    <extensions>
     <power>211</power>
     <gpxtpx:TrackPointExtension>
      <gpxtpx:hr>139</gpxtpx:hr>
      <gpxtpx:cad>55</gpxtpx:cad>
     </gpxtpx:TrackPointExtension>
    </extensions>
   </trkpt>
   <trkpt lat="37.2666430" lon="-79.9582480">
    <ele>289.5</ele>
    <time>2026-04-08T09:47:10Z</time>
    <extensions>
     <power>205</power>
     <gpxtpx:TrackPointExtension>
      <gpxtpx:hr>139</gpxtpx:hr>
      <gpxtpx:cad>52</gpxtpx:cad>
     </gpxtpx:TrackPointExtension>
    </extensions>
   </trkpt>
   <trkpt lat="37.2666420" lon="-79.9582610">
    <ele>289.5</ele>
    <time>2026-04-08T09:47:11Z</time>
    <extensions>
     <power>187</power>
     <gpxtpx:TrackPointExtension>
      <gpxtpx:hr>139</gpxtpx:hr>
      <gpxtpx:cad>52</gpxtpx:cad>
     </gpxtpx:TrackPointExtension>
    </extensions>
   </trkpt>
   <trkpt lat="37.2666420" lon="-79.9582740">
    <ele>289.5</ele>
    <time>2026-04-08T09:47:12Z</time>
    <extensions>
     <power>183</power>
     <gpxtpx:TrackPointExtension>
      <gpxtpx:hr>138</gpxtpx:hr>
      <gpxtpx:cad>52</gpxtpx:cad>
     </gpxtpx:TrackPointExtension>
    </extensions>
   </trkpt>
   <trkpt lat="37.2666450" lon="-79.9582900">
    <ele>289.6</ele>
    <time>2026-04-08T09:47:13Z</time>
    <extensions>
     <power>180</power>
     <gpxtpx:TrackPointExtension>
      <gpxtpx:hr>138</gpxtpx:hr>
      <gpxtpx:cad>52</gpxtpx:cad>
     </gpxtpx:TrackPointExtension>
    </extensions>
   </trkpt>
   <trkpt lat="37.2666510" lon="-79.9583140">
    <ele>289.6</ele>
    <time>2026-04-08T09:47:14Z</time>
    <extensions>
     <power>178</power>
     <gpxtpx:TrackPointExtension>
      <gpxtpx:hr>137</gpxtpx:hr>
      <gpxtpx:cad>52</gpxtpx:cad>
     </gpxtpx:TrackPointExtension>
    </extensions>
   </trkpt>
   <trkpt lat="37.2666560" lon="-79.9583410">
    <ele>289.7</ele>
    <time>2026-04-08T09:47:15Z</time>
    <extensions>
     <power>173</power>
     <gpxtpx:TrackPointExtension>
      <gpxtpx:hr>137</gpxtpx:hr>
      <gpxtpx:cad>52</gpxtpx:cad>
     </gpxtpx:TrackPointExtension>
    </extensions>
   </trkpt>
   <trkpt lat="37.2666630" lon="-79.9583710">
    <ele>289.8</ele>
    <time>2026-04-08T09:47:16Z</time>
    <extensions>
     <power>171</power>
     <gpxtpx:TrackPointExtension>
      <gpxtpx:hr>137</gpxtpx:hr>
      <gpxtpx:cad>75</gpxtpx:cad>
     </gpxtpx:TrackPointExtension>
    </extensions>
   </trkpt>
   <trkpt lat="37.2666720" lon="-79.9583910">
    <ele>289.8</ele>
    <time>2026-04-08T09:47:17Z</time>
    <extensions>
     <power>272</power>
     <gpxtpx:TrackPointExtension>
      <gpxtpx:hr>137</gpxtpx:hr>
      <gpxtpx:cad>75</gpxtpx:cad>
     </gpxtpx:TrackPointExtension>
    </extensions>
   </trkpt>
   <trkpt lat="37.2666790" lon="-79.9583970">
    <ele>289.7</ele>
    <time>2026-04-08T09:47:18Z</time>
    <extensions>
     <power>274</power>
     <gpxtpx:TrackPointExtension>
      <gpxtpx:hr>136</gpxtpx:hr>
      <gpxtpx:cad>75</gpxtpx:cad>
     </gpxtpx:TrackPointExtension>
    </extensions>
   </trkpt>
   <trkpt lat="37.2666870" lon="-79.9583980">
    <ele>289.7</ele>
    <time>2026-04-08T09:47:19Z</time>
    <extensions>
     <power>273</power>
     <gpxtpx:TrackPointExtension>
      <gpxtpx:hr>136</gpxtpx:hr>
      <gpxtpx:cad>75</gpxtpx:cad>
     </gpxtpx:TrackPointExtension>
    </extensions>
   </trkpt>
   <trkpt lat="37.2666890" lon="-79.9583930">
    <ele>289.7</ele>
    <time>2026-04-08T09:47:20Z</time>
    <extensions>
     <power>282</power>
     <gpxtpx:TrackPointExtension>
      <gpxtpx:hr>135</gpxtpx:hr>
      <gpxtpx:cad>75</gpxtpx:cad>
     </gpxtpx:TrackPointExtension>
    </extensions>
   </trkpt>
   <trkpt lat="37.2666900" lon="-79.9583890">
    <ele>289.7</ele>
    <time>2026-04-08T09:47:21Z</time>
    <extensions>
     <power>293</power>
     <gpxtpx:TrackPointExtension>
      <gpxtpx:hr>135</gpxtpx:hr>
      <gpxtpx:cad>75</gpxtpx:cad>
     </gpxtpx:TrackPointExtension>
    </extensions>
   </trkpt>
   <trkpt lat="37.2666930" lon="-79.9583880">
    <ele>289.7</ele>
    <time>2026-04-08T09:47:22Z</time>
    <extensions>
     <power>292</power>
     <gpxtpx:TrackPointExtension>
      <gpxtpx:hr>134</gpxtpx:hr>
      <gpxtpx:cad>75</gpxtpx:cad>
     </gpxtpx:TrackPointExtension>
    </extensions>
   </trkpt>
   <trkpt lat="37.2667000" lon="-79.9583840">
    <ele>289.7</ele>
    <time>2026-04-08T09:47:23Z</time>
    <extensions>
     <power>287</power>
     <gpxtpx:TrackPointExtension>
      <gpxtpx:hr>133</gpxtpx:hr>
      <gpxtpx:cad>75</gpxtpx:cad>
     </gpxtpx:TrackPointExtension>
    </extensions>
   </trkpt>
   <trkpt lat="37.2667140" lon="-79.9583760">
    <ele>289.6</ele>
    <time>2026-04-08T09:47:24Z</time>
    <extensions>
     <power>288</power>
     <gpxtpx:TrackPointExtension>
      <gpxtpx:hr>131</gpxtpx:hr>
      <gpxtpx:cad>75</gpxtpx:cad>
     </gpxtpx:TrackPointExtension>
    </extensions>
   </trkpt>
   <trkpt lat="37.2667360" lon="-79.9583660">
    <ele>289.5</ele>
    <time>2026-04-08T09:47:25Z</time>
    <extensions>
     <power>296</power>
     <gpxtpx:TrackPointExtension>
      <gpxtpx:hr>131</gpxtpx:hr>
      <gpxtpx:cad>75</gpxtpx:cad>
     </gpxtpx:TrackPointExtension>
    </extensions>
   </trkpt>
   <trkpt lat="37.2667630" lon="-79.9583670">
    <ele>289.4</ele>
    <time>2026-04-08T09:47:26Z</time>
    <extensions>
     <power>238</power>
     <gpxtpx:TrackPointExtension>
      <gpxtpx:hr>131</gpxtpx:hr>
      <gpxtpx:cad>75</gpxtpx:cad>
     </gpxtpx:TrackPointExtension>
    </extensions>
   </trkpt>
   <trkpt lat="37.2667900" lon="-79.9583870">
    <ele>289.4</ele>
    <time>2026-04-08T09:47:27Z</time>
    <extensions>
     <power>238</power>
     <gpxtpx:TrackPointExtension>
      <gpxtpx:hr>130</gpxtpx:hr>
      <gpxtpx:cad>75</gpxtpx:cad>
     </gpxtpx:TrackPointExtension>
    </extensions>
   </trkpt>
   <trkpt lat="37.2668030" lon="-79.9584200">
    <ele>289.5</ele>
    <time>2026-04-08T09:47:28Z</time>
    <extensions>
     <power>267</power>
     <gpxtpx:TrackPointExtension>
      <gpxtpx:hr>130</gpxtpx:hr>
      <gpxtpx:cad>75</gpxtpx:cad>
     </gpxtpx:TrackPointExtension>
    </extensions>
   </trkpt>
   <trkpt lat="37.2667950" lon="-79.9584520">
    <ele>289.5</ele>
    <time>2026-04-08T09:47:29Z</time>
    <extensions>
     <power>422</power>
     <gpxtpx:TrackPointExtension>
      <gpxtpx:hr>129</gpxtpx:hr>
      <gpxtpx:cad>79</gpxtpx:cad>
     </gpxtpx:TrackPointExtension>
    </extensions>
   </trkpt>
   <trkpt lat="37.2667850" lon="-79.9584800">
    <ele>289.6</ele>
    <time>2026-04-08T09:47:30Z</time>
    <extensions>
     <power>406</power>
     <gpxtpx:TrackPointExtension>
      <gpxtpx:hr>129</gpxtpx:hr>
      <gpxtpx:cad>83</gpxtpx:cad>
     </gpxtpx:TrackPointExtension>
    </extensions>
   </trkpt>
   <trkpt lat="37.2667790" lon="-79.9585060">
    <ele>289.8</ele>
    <time>2026-04-08T09:47:31Z</time>
    <extensions>
     <power>382</power>
     <gpxtpx:TrackPointExtension>
      <gpxtpx:hr>129</gpxtpx:hr>
      <gpxtpx:cad>85</gpxtpx:cad>
     </gpxtpx:TrackPointExtension>
    </extensions>
   </trkpt>
   <trkpt lat="37.2667780" lon="-79.9585270">
    <ele>289.9</ele>
    <time>2026-04-08T09:47:32Z</time>
    <extensions>
     <power>361</power>
     <gpxtpx:TrackPointExtension>
      <gpxtpx:hr>129</gpxtpx:hr>
      <gpxtpx:cad>85</gpxtpx:cad>
     </gpxtpx:TrackPointExtension>
    </extensions>
   </trkpt>
   <trkpt lat="37.2667750" lon="-79.9585510">
    <ele>290.0</ele>
    <time>2026-04-08T09:47:33Z</time>
    <extensions>
     <power>277</power>
     <gpxtpx:TrackPointExtension>
      <gpxtpx:hr>130</gpxtpx:hr>
      <gpxtpx:cad>85</gpxtpx:cad>
     </gpxtpx:TrackPointExtension>
    </extensions>
   </trkpt>
   <trkpt lat="37.2667730" lon="-79.9585690">
    <ele>290.0</ele>
    <time>2026-04-08T09:47:34Z</time>
    <extensions>
     <power>264</power>
     <gpxtpx:TrackPointExtension>
      <gpxtpx:hr>130</gpxtpx:hr>
      <gpxtpx:cad>85</gpxtpx:cad>
     </gpxtpx:TrackPointExtension>
    </extensions>
   </trkpt>
   <trkpt lat="37.2667680" lon="-79.9585910">
    <ele>290.1</ele>
    <time>2026-04-08T09:47:35Z</time>
    <extensions>
     <power>251</power>
     <gpxtpx:TrackPointExtension>
      <gpxtpx:hr>129</gpxtpx:hr>
      <gpxtpx:cad>85</gpxtpx:cad>
     </gpxtpx:TrackPointExtension>
    </extensions>
   </trkpt>
   <trkpt lat="37.2667650" lon="-79.9586150">
    <ele>290.1</ele>
    <time>2026-04-08T09:47:36Z</time>
    <extensions>
     <power>222</power>
     <gpxtpx:TrackPointExtension>
      <gpxtpx:hr>129</gpxtpx:hr>
      <gpxtpx:cad>85</gpxtpx:cad>
     </gpxtpx:TrackPointExtension>
    </extensions>
   </trkpt>
   <trkpt lat="37.2667670" lon="-79.9586350">
    <ele>290.2</ele>
    <time>2026-04-08T09:47:37Z</time>
    <extensions>
     <power>223</power>
     <gpxtpx:TrackPointExtension>
      <gpxtpx:hr>128</gpxtpx:hr>
      <gpxtpx:cad>85</gpxtpx:cad>
     </gpxtpx:TrackPointExtension>
    </extensions>
   </trkpt>
   <trkpt lat="37.2667760" lon="-79.9586590">
    <ele>290.2</ele>
    <time>2026-04-08T09:47:38Z</time>
    <extensions>
     <power>221</power>
     <gpxtpx:TrackPointExtension>
      <gpxtpx:hr>128</gpxtpx:hr>
      <gpxtpx:cad>85</gpxtpx:cad>
     </gpxtpx:TrackPointExtension>
    </extensions>
   </trkpt>
   <trkpt lat="37.2667950" lon="-79.9586690">
    <ele>290.1</ele>
    <time>2026-04-08T09:47:39Z</time>
    <extensions>
     <power>236</power>
     <gpxtpx:TrackPointExtension>
      <gpxtpx:hr>127</gpxtpx:hr>
      <gpxtpx:cad>81</gpxtpx:cad>
     </gpxtpx:TrackPointExtension>
    </extensions>
   </trkpt>
   <trkpt lat="37.2668090" lon="-79.9586700">
    <ele>290.1</ele>
    <time>2026-04-08T09:47:40Z</time>
    <extensions>
     <power>241</power>
     <gpxtpx:TrackPointExtension>
      <gpxtpx:hr>127</gpxtpx:hr>
      <gpxtpx:cad>81</gpxtpx:cad>
     </gpxtpx:TrackPointExtension>
    </extensions>
   </trkpt>
   <trkpt lat="37.2668240" lon="-79.9586670">
    <ele>290.0</ele>
    <time>2026-04-08T09:47:41Z</time>
    <extensions>
     <power>243</power>
     <gpxtpx:TrackPointExtension>
      <gpxtpx:hr>126</gpxtpx:hr>
      <gpxtpx:cad>80</gpxtpx:cad>
     </gpxtpx:TrackPointExtension>
    </extensions>
   </trkpt>
   <trkpt lat="37.2668370" lon="-79.9586620">
    <ele>290.0</ele>
    <time>2026-04-08T09:47:42Z</time>
    <extensions>
     <power>206</power>
     <gpxtpx:TrackPointExtension>
      <gpxtpx:hr>125</gpxtpx:hr>
      <gpxtpx:cad>79</gpxtpx:cad>
     </gpxtpx:TrackPointExtension>
    </extensions>
   </trkpt>
   <trkpt lat="37.2668520" lon="-79.9586460">
    <ele>289.9</ele>
    <time>2026-04-08T09:47:43Z</time>
    <extensions>
     <power>205</power>
     <gpxtpx:TrackPointExtension>
      <gpxtpx:hr>124</gpxtpx:hr>
      <gpxtpx:cad>79</gpxtpx:cad>
     </gpxtpx:TrackPointExtension>
    </extensions>
   </trkpt>
   <trkpt lat="37.2668680" lon="-79.9586280">
    <ele>289.9</ele>
    <time>2026-04-08T09:47:44Z</time>
    <extensions>
     <power>204</power>
     <gpxtpx:TrackPointExtension>
      <gpxtpx:hr>124</gpxtpx:hr>
      <gpxtpx:cad>79</gpxtpx:cad>
     </gpxtpx:TrackPointExtension>
    </extensions>
   </trkpt>
   <trkpt lat="37.2668810" lon="-79.9586090">
    <ele>289.8</ele>
    <time>2026-04-08T09:47:45Z</time>
    <extensions>
     <power>213</power>
     <gpxtpx:TrackPointExtension>
      <gpxtpx:hr>123</gpxtpx:hr>
      <gpxtpx:cad>76</gpxtpx:cad>
     </gpxtpx:TrackPointExtension>
    </extensions>
   </trkpt>
   <trkpt lat="37.2668920" lon="-79.9585930">
    <ele>289.7</ele>
    <time>2026-04-08T09:47:46Z</time>
    <extensions>
     <power>253</power>
     <gpxtpx:TrackPointExtension>
      <gpxtpx:hr>122</gpxtpx:hr>
      <gpxtpx:cad>75</gpxtpx:cad>
     </gpxtpx:TrackPointExtension>
    </extensions>
   </trkpt>
   <trkpt lat="37.2668980" lon="-79.9585760">
    <ele>289.6</ele>
    <time>2026-04-08T09:47:47Z</time>
    <extensions>
     <power>257</power>
     <gpxtpx:TrackPointExtension>
      <gpxtpx:hr>121</gpxtpx:hr>
      <gpxtpx:cad>72</gpxtpx:cad>
     </gpxtpx:TrackPointExtension>
    </extensions>
   </trkpt>
   <trkpt lat="37.2669030" lon="-79.9585550">
    <ele>289.6</ele>
    <time>2026-04-08T09:47:48Z</time>
    <extensions>
     <power>251</power>
     <gpxtpx:TrackPointExtension>
      <gpxtpx:hr>121</gpxtpx:hr>
      <gpxtpx:cad>72</gpxtpx:cad>
     </gpxtpx:TrackPointExtension>
    </extensions>
   </trkpt>
   <trkpt lat="37.2669080" lon="-79.9585400">
    <ele>289.6</ele>
    <time>2026-04-08T09:47:49Z</time>
    <extensions>
     <power>227</power>
     <gpxtpx:TrackPointExtension>
      <gpxtpx:hr>121</gpxtpx:hr>
      <gpxtpx:cad>72</gpxtpx:cad>
     </gpxtpx:TrackPointExtension>
    </extensions>
   </trkpt>
   <trkpt lat="37.2669110" lon="-79.9585140">
    <ele>289.4</ele>
    <time>2026-04-08T09:47:50Z</time>
    <extensions>
     <power>194</power>
     <gpxtpx:TrackPointExtension>
      <gpxtpx:hr>121</gpxtpx:hr>
      <gpxtpx:cad>72</gpxtpx:cad>
     </gpxtpx:TrackPointExtension>
    </extensions>
   </trkpt>
   <trkpt lat="37.2669040" lon="-79.9584830">
    <ele>289.3</ele>
    <time>2026-04-08T09:47:51Z</time>
    <extensions>
     <power>218</power>
     <gpxtpx:TrackPointExtension>
      <gpxtpx:hr>120</gpxtpx:hr>
      <gpxtpx:cad>72</gpxtpx:cad>
     </gpxtpx:TrackPointExtension>
    </extensions>
   </trkpt>
   <trkpt lat="37.2668890" lon="-79.9584620">
    <ele>289.3</ele>
    <time>2026-04-08T09:47:52Z</time>
    <extensions>
     <power>224</power>
     <gpxtpx:TrackPointExtension>
      <gpxtpx:hr>120</gpxtpx:hr>
      <gpxtpx:cad>72</gpxtpx:cad>
     </gpxtpx:TrackPointExtension>
    </extensions>
   </trkpt>
   <trkpt lat="37.2668790" lon="-79.9584540">
    <ele>289.4</ele>
    <time>2026-04-08T09:47:53Z</time>
    <extensions>
     <power>254</power>
     <gpxtpx:TrackPointExtension>
      <gpxtpx:hr>119</gpxtpx:hr>
      <gpxtpx:cad>72</gpxtpx:cad>
     </gpxtpx:TrackPointExtension>
    </extensions>
   </trkpt>
   <trkpt lat="37.2668650" lon="-79.9584480">
    <ele>289.3</ele>
    <time>2026-04-08T09:47:54Z</time>
    <extensions>
     <power>267</power>
     <gpxtpx:TrackPointExtension>
      <gpxtpx:hr>119</gpxtpx:hr>
      <gpxtpx:cad>74</gpxtpx:cad>
     </gpxtpx:TrackPointExtension>
    </extensions>
   </trkpt>
   <trkpt lat="37.2668470" lon="-79.9584400">
    <ele>289.3</ele>
    <time>2026-04-08T09:47:55Z</time>
    <extensions>
     <power>205</power>
     <gpxtpx:TrackPointExtension>
      <gpxtpx:hr>119</gpxtpx:hr>
      <gpxtpx:cad>76</gpxtpx:cad>
     </gpxtpx:TrackPointExtension>
    </extensions>
   </trkpt>
   <trkpt lat="37.2668310" lon="-79.9584370">
    <ele>289.5</ele>
    <time>2026-04-08T09:47:56Z</time>
    <extensions>
     <power>209</power>
     <gpxtpx:TrackPointExtension>
      <gpxtpx:hr>119</gpxtpx:hr>
      <gpxtpx:cad>78</gpxtpx:cad>
     </gpxtpx:TrackPointExtension>
    </extensions>
   </trkpt>
   <trkpt lat="37.2668120" lon="-79.9584320">
    <ele>289.5</ele>
    <time>2026-04-08T09:47:57Z</time>
    <extensions>
     <power>212</power>
     <gpxtpx:TrackPointExtension>
      <gpxtpx:hr>118</gpxtpx:hr>
      <gpxtpx:cad>78</gpxtpx:cad>
     </gpxtpx:TrackPointExtension>
    </extensions>
   </trkpt>
   <trkpt lat="37.2667920" lon="-79.9584210">
    <ele>289.5</ele>
    <time>2026-04-08T09:47:58Z</time>
    <extensions>
     <power>228</power>
     <gpxtpx:TrackPointExtension>
      <gpxtpx:hr>118</gpxtpx:hr>
      <gpxtpx:cad>76</gpxtpx:cad>
     </gpxtpx:TrackPointExtension>
    </extensions>
   </trkpt>
   <trkpt lat="37.2667770" lon="-79.9584000">
    <ele>289.5</ele>
    <time>2026-04-08T09:47:59Z</time>
    <extensions>
     <power>238</power>
     <gpxtpx:TrackPointExtension>
      <gpxtpx:hr>118</gpxtpx:hr>
      <gpxtpx:cad>76</gpxtpx:cad>
     </gpxtpx:TrackPointExtension>
    </extensions>
   </trkpt>
   <trkpt lat="37.2667710" lon="-79.9583730">
    <ele>289.5</ele>
    <time>2026-04-08T09:48:00Z</time>
    <extensions>
     <power>253</power>
     <gpxtpx:TrackPointExtension>
      <gpxtpx:hr>117</gpxtpx:hr>
      <gpxtpx:cad>74</gpxtpx:cad>
     </gpxtpx:TrackPointExtension>
    </extensions>
   </trkpt>
   <trkpt lat="37.2667780" lon="-79.9583500">
    <ele>289.4</ele>
    <time>2026-04-08T09:48:01Z</time>
    <extensions>
     <power>257</power>
     <gpxtpx:TrackPointExtension>
      <gpxtpx:hr>117</gpxtpx:hr>
      <gpxtpx:cad>73</gpxtpx:cad>
     </gpxtpx:TrackPointExtension>
    </extensions>
   </trkpt>
   <trkpt lat="37.2667950" lon="-79.9583310">
    <ele>289.4</ele>
    <time>2026-04-08T09:48:02Z</time>
    <extensions>
     <power>251</power>
     <gpxtpx:TrackPointExtension>
      <gpxtpx:hr>117</gpxtpx:hr>
      <gpxtpx:cad>73</gpxtpx:cad>
     </gpxtpx:TrackPointExtension>
    </extensions>
   </trkpt>
   <trkpt lat="37.2668150" lon="-79.9583210">
    <ele>289.2</ele>
    <time>2026-04-08T09:48:03Z</time>
    <extensions>
     <power>249</power>
     <gpxtpx:TrackPointExtension>
      <gpxtpx:hr>116</gpxtpx:hr>
      <gpxtpx:cad>74</gpxtpx:cad>
     </gpxtpx:TrackPointExtension>
    </extensions>
   </trkpt>
   <trkpt lat="37.2668340" lon="-79.9583190">
    <ele>289.2</ele>
    <time>2026-04-08T09:48:04Z</time>
    <extensions>
     <power>243</power>
     <gpxtpx:TrackPointExtension>
      <gpxtpx:hr>116</gpxtpx:hr>
      <gpxtpx:cad>76</gpxtpx:cad>
     </gpxtpx:TrackPointExtension>
    </extensions>
   </trkpt>
   <trkpt lat="37.2668510" lon="-79.9583160">
    <ele>289.1</ele>
    <time>2026-04-08T09:48:05Z</time>
    <extensions>
     <power>244</power>
     <gpxtpx:TrackPointExtension>
      <gpxtpx:hr>116</gpxtpx:hr>
      <gpxtpx:cad>77</gpxtpx:cad>
     </gpxtpx:TrackPointExtension>
    </extensions>
   </trkpt>
   <trkpt lat="37.2668680" lon="-79.9583090">
    <ele>289.1</ele>
    <time>2026-04-08T09:48:06Z</time>
    <extensions>
     <power>240</power>
     <gpxtpx:TrackPointExtension>
      <gpxtpx:hr>116</gpxtpx:hr>
      <gpxtpx:cad>78</gpxtpx:cad>
     </gpxtpx:TrackPointExtension>
    </extensions>
   </trkpt>
   <trkpt lat="37.2668820" lon="-79.9583030">
    <ele>288.9</ele>
    <time>2026-04-08T09:48:07Z</time>
    <extensions>
     <power>236</power>
     <gpxtpx:TrackPointExtension>
      <gpxtpx:hr>116</gpxtpx:hr>
      <gpxtpx:cad>78</gpxtpx:cad>
     </gpxtpx:TrackPointExtension>
    </extensions>
   </trkpt>
   <trkpt lat="37.2668970" lon="-79.9582960">
    <ele>288.9</ele>
    <time>2026-04-08T09:48:08Z</time>
    <extensions>
     <power>235</power>
     <gpxtpx:TrackPointExtension>
      <gpxtpx:hr>117</gpxtpx:hr>
      <gpxtpx:cad>78</gpxtpx:cad>
     </gpxtpx:TrackPointExtension>
    </extensions>
   </trkpt>
   <trkpt lat="37.2669150" lon="-79.9582850">
    <ele>288.9</ele>
    <time>2026-04-08T09:48:09Z</time>
    <extensions>
     <power>232</power>
     <gpxtpx:TrackPointExtension>
      <gpxtpx:hr>116</gpxtpx:hr>
      <gpxtpx:cad>78</gpxtpx:cad>
     </gpxtpx:TrackPointExtension>
    </extensions>
   </trkpt>
   <trkpt lat="37.2669330" lon="-79.9582730">
    <ele>288.8</ele>
    <time>2026-04-08T09:48:10Z</time>
    <extensions>
     <power>231</power>
     <gpxtpx:TrackPointExtension>
      <gpxtpx:hr>116</gpxtpx:hr>
      <gpxtpx:cad>78</gpxtpx:cad>
     </gpxtpx:TrackPointExtension>
    </extensions>
   </trkpt>
   <trkpt lat="37.2669520" lon="-79.9582600">
    <ele>288.7</ele>
    <time>2026-04-08T09:48:11Z</time>
    <extensions>
     <power>234</power>
     <gpxtpx:TrackPointExtension>
      <gpxtpx:hr>116</gpxtpx:hr>
      <gpxtpx:cad>78</gpxtpx:cad>
     </gpxtpx:TrackPointExtension>
    </extensions>
   </trkpt>
   <trkpt lat="37.2669720" lon="-79.9582540">
    <ele>288.7</ele>
    <time>2026-04-08T09:48:12Z</time>
    <extensions>
     <power>236</power>
     <gpxtpx:TrackPointExtension>
      <gpxtpx:hr>116</gpxtpx:hr>
      <gpxtpx:cad>75</gpxtpx:cad>
     </gpxtpx:TrackPointExtension>
    </extensions>
   </trkpt>
   <trkpt lat="37.2669930" lon="-79.9582580">
    <ele>288.6</ele>
    <time>2026-04-08T09:48:13Z</time>
    <extensions>
     <power>237</power>
     <gpxtpx:TrackPointExtension>
      <gpxtpx:hr>115</gpxtpx:hr>
      <gpxtpx:cad>75</gpxtpx:cad>
     </gpxtpx:TrackPointExtension>
    </extensions>
   </trkpt>
   <trkpt lat="37.2670130" lon="-79.9582720">
    <ele>288.6</ele>
    <time>2026-04-08T09:48:14Z</time>
    <extensions>
     <power>238</power>
     <gpxtpx:TrackPointExtension>
      <gpxtpx:hr>115</gpxtpx:hr>
      <gpxtpx:cad>75</gpxtpx:cad>
     </gpxtpx:TrackPointExtension>
    </extensions>
   </trkpt>
   <trkpt lat="37.2670230" lon="-79.9582980">
    <ele>288.5</ele>
    <time>2026-04-08T09:48:15Z</time>
    <extensions>
     <power>239</power>
     <gpxtpx:TrackPointExtension>
      <gpxtpx:hr>114</gpxtpx:hr>
      <gpxtpx:cad>76</gpxtpx:cad>
     </gpxtpx:TrackPointExtension>
    </extensions>
   </trkpt>
   <trkpt lat="37.2670240" lon="-79.9583240">
    <ele>288.5</ele>
    <time>2026-04-08T09:48:16Z</time>
    <extensions>
     <power>238</power>
     <gpxtpx:TrackPointExtension>
      <gpxtpx:hr>114</gpxtpx:hr>
      <gpxtpx:cad>76</gpxtpx:cad>
     </gpxtpx:TrackPointExtension>
    </extensions>
   </trkpt>
   <trkpt lat="37.2670170" lon="-79.9583480">
    <ele>288.7</ele>
    <time>2026-04-08T09:48:17Z</time>
    <extensions>
     <power>241</power>
     <gpxtpx:TrackPointExtension>
      <gpxtpx:hr>114</gpxtpx:hr>
      <gpxtpx:cad>76</gpxtpx:cad>
     </gpxtpx:TrackPointExtension>
    </extensions>
   </trkpt>
   <trkpt lat="37.2670070" lon="-79.9583640">
    <ele>288.7</ele>
    <time>2026-04-08T09:48:18Z</time>
    <extensions>
     <power>240</power>
     <gpxtpx:TrackPointExtension>
      <gpxtpx:hr>113</gpxtpx:hr>
      <gpxtpx:cad>77</gpxtpx:cad>
     </gpxtpx:TrackPointExtension>
    </extensions>
   </trkpt>
   <trkpt lat="37.2669980" lon="-79.9583780">
    <ele>288.8</ele>
    <time>2026-04-08T09:48:19Z</time>
    <extensions>
     <power>240</power>
     <gpxtpx:TrackPointExtension>
      <gpxtpx:hr>113</gpxtpx:hr>
      <gpxtpx:cad>78</gpxtpx:cad>
     </gpxtpx:TrackPointExtension>
    </extensions>
   </trkpt>
   <trkpt lat="37.2669880" lon="-79.9583910">
    <ele>288.8</ele>
    <time>2026-04-08T09:48:20Z</time>
    <extensions>
     <power>238</power>
     <gpxtpx:TrackPointExtension>
      <gpxtpx:hr>113</gpxtpx:hr>
      <gpxtpx:cad>78</gpxtpx:cad>
     </gpxtpx:TrackPointExtension>
    </extensions>
   </trkpt>
   <trkpt lat="37.2669740" lon="-79.9584060">
    <ele>288.9</ele>
    <time>2026-04-08T09:48:21Z</time>
    <extensions>
     <power>223</power>
     <gpxtpx:TrackPointExtension>
      <gpxtpx:hr>113</gpxtpx:hr>
      <gpxtpx:cad>78</gpxtpx:cad>
     </gpxtpx:TrackPointExtension>
    </extensions>
   </trkpt>
   <trkpt lat="37.2669640" lon="-79.9584250">
    <ele>289.0</ele>
    <time>2026-04-08T09:48:22Z</time>
    <extensions>
     <power>225</power>
     <gpxtpx:TrackPointExtension>
      <gpxtpx:hr>113</gpxtpx:hr>
      <gpxtpx:cad>77</gpxtpx:cad>
     </gpxtpx:TrackPointExtension>
    </extensions>
   </trkpt>
   <trkpt lat="37.2669520" lon="-79.9584470">
    <ele>289.0</ele>
    <time>2026-04-08T09:48:23Z</time>
    <extensions>
     <power>228</power>
     <gpxtpx:TrackPointExtension>
      <gpxtpx:hr>113</gpxtpx:hr>
      <gpxtpx:cad>77</gpxtpx:cad>
     </gpxtpx:TrackPointExtension>
    </extensions>
   </trkpt>
   <trkpt lat="37.2669350" lon="-79.9584590">
    <ele>289.2</ele>
    <time>2026-04-08T09:48:24Z</time>
    <extensions>
     <power>233</power>
     <gpxtpx:TrackPointExtension>
      <gpxtpx:hr>113</gpxtpx:hr>
      <gpxtpx:cad>77</gpxtpx:cad>
     </gpxtpx:TrackPointExtension>
    </extensions>
   </trkpt>
   <trkpt lat="37.2669160" lon="-79.9584600">
    <ele>289.2</ele>
    <time>2026-04-08T09:48:25Z</time>
    <extensions>
     <power>252</power>
     <gpxtpx:TrackPointExtension>
      <gpxtpx:hr>113</gpxtpx:hr>
      <gpxtpx:cad>78</gpxtpx:cad>
     </gpxtpx:TrackPointExtension>
    </extensions>
   </trkpt>
   <trkpt lat="37.2669010" lon="-79.9584530">
    <ele>289.2</ele>
    <time>2026-04-08T09:48:26Z</time>
    <extensions>
     <power>249</power>
     <gpxtpx:TrackPointExtension>
      <gpxtpx:hr>113</gpxtpx:hr>
      <gpxtpx:cad>78</gpxtpx:cad>
     </gpxtpx:TrackPointExtension>
    </extensions>
   </trkpt>
   <trkpt lat="37.2668880" lon="-79.9584450">
    <ele>289.2</ele>
    <time>2026-04-08T09:48:27Z</time>
    <extensions>
     <power>231</power>
     <gpxtpx:TrackPointExtension>
      <gpxtpx:hr>112</gpxtpx:hr>
      <gpxtpx:cad>78</gpxtpx:cad>
     </gpxtpx:TrackPointExtension>
    </extensions>
   </trkpt>
   <trkpt lat="37.2668790" lon="-79.9584400">
    <ele>289.4</ele>
    <time>2026-04-08T09:48:28Z</time>
    <extensions>
     <power>222</power>
     <gpxtpx:TrackPointExtension>
      <gpxtpx:hr>112</gpxtpx:hr>
      <gpxtpx:cad>78</gpxtpx:cad>
     </gpxtpx:TrackPointExtension>
    </extensions>
   </trkpt>
   <trkpt lat="37.2668660" lon="-79.9584400">
    <ele>289.4</ele>
    <time>2026-04-08T09:48:29Z</time>
    <extensions>
     <power>208</power>
     <gpxtpx:TrackPointExtension>
      <gpxtpx:hr>112</gpxtpx:hr>
      <gpxtpx:cad>78</gpxtpx:cad>
     </gpxtpx:TrackPointExtension>
    </extensions>
   </trkpt>
   <trkpt lat="37.2668490" lon="-79.9584400">
    <ele>289.4</ele>
    <time>2026-04-08T09:48:30Z</time>
    <extensions>
     <power>191</power>
     <gpxtpx:TrackPointExtension>
      <gpxtpx:hr>112</gpxtpx:hr>
      <gpxtpx:cad>76</gpxtpx:cad>
     </gpxtpx:TrackPointExtension>
    </extensions>
   </trkpt>
   <trkpt lat="37.2668340" lon="-79.9584380">
    <ele>289.5</ele>
    <time>2026-04-08T09:48:31Z</time>
    <extensions>
     <power>191</power>
     <gpxtpx:TrackPointExtension>
      <gpxtpx:hr>112</gpxtpx:hr>
      <gpxtpx:cad>74</gpxtpx:cad>
     </gpxtpx:TrackPointExtension>
    </extensions>
   </trkpt>
   <trkpt lat="37.2668190" lon="-79.9584370">
    <ele>289.5</ele>
    <time>2026-04-08T09:48:32Z</time>
    <extensions>
     <power>193</power>
     <gpxtpx:TrackPointExtension>
      <gpxtpx:hr>112</gpxtpx:hr>
      <gpxtpx:cad>73</gpxtpx:cad>
     </gpxtpx:TrackPointExtension>
    </extensions>
   </trkpt>
   <trkpt lat="37.2668060" lon="-79.9584330">
    <ele>289.6</ele>
    <time>2026-04-08T09:48:33Z</time>
    <extensions>
     <power>196</power>
     <gpxtpx:TrackPointExtension>
      <gpxtpx:hr>112</gpxtpx:hr>
      <gpxtpx:cad>73</gpxtpx:cad>
     </gpxtpx:TrackPointExtension>
    </extensions>
   </trkpt>
   <trkpt lat="37.2667980" lon="-79.9584210">
    <ele>289.6</ele>
    <time>2026-04-08T09:48:34Z</time>
    <extensions>
     <power>195</power>
     <gpxtpx:TrackPointExtension>
      <gpxtpx:hr>111</gpxtpx:hr>
      <gpxtpx:cad>73</gpxtpx:cad>
     </gpxtpx:TrackPointExtension>
    </extensions>
   </trkpt>
   <trkpt lat="37.2667940" lon="-79.9584040">
    <ele>289.5</ele>
    <time>2026-04-08T09:48:35Z</time>
    <extensions>
     <power>190</power>
     <gpxtpx:TrackPointExtension>
      <gpxtpx:hr>111</gpxtpx:hr>
      <gpxtpx:cad>68</gpxtpx:cad>
     </gpxtpx:TrackPointExtension>
    </extensions>
   </trkpt>
   <trkpt lat="37.2667860" lon="-79.9583820">
    <ele>289.5</ele>
    <time>2026-04-08T09:48:36Z</time>
    <extensions>
     <power>168</power>
     <gpxtpx:TrackPointExtension>
      <gpxtpx:hr>111</gpxtpx:hr>
      <gpxtpx:cad>68</gpxtpx:cad>
     </gpxtpx:TrackPointExtension>
    </extensions>
   </trkpt>
   <trkpt lat="37.2667780" lon="-79.9583670">
    <ele>289.5</ele>
    <time>2026-04-08T09:48:37Z</time>
    <extensions>
     <power>168</power>
     <gpxtpx:TrackPointExtension>
      <gpxtpx:hr>111</gpxtpx:hr>
      <gpxtpx:cad>68</gpxtpx:cad>
     </gpxtpx:TrackPointExtension>
    </extensions>
   </trkpt>
   <trkpt lat="37.2667660" lon="-79.9583560">
    <ele>289.5</ele>
    <time>2026-04-08T09:48:38Z</time>
    <extensions>
     <power>185</power>
     <gpxtpx:TrackPointExtension>
      <gpxtpx:hr>110</gpxtpx:hr>
      <gpxtpx:cad>68</gpxtpx:cad>
     </gpxtpx:TrackPointExtension>
    </extensions>
   </trkpt>
   <trkpt lat="37.2667530" lon="-79.9583550">
    <ele>289.5</ele>
    <time>2026-04-08T09:48:39Z</time>
    <extensions>
     <power>187</power>
     <gpxtpx:TrackPointExtension>
      <gpxtpx:hr>110</gpxtpx:hr>
      <gpxtpx:cad>68</gpxtpx:cad>
     </gpxtpx:TrackPointExtension>
    </extensions>
   </trkpt>
   <trkpt lat="37.2667430" lon="-79.9583590">
    <ele>289.6</ele>
    <time>2026-04-08T09:48:40Z</time>
    <extensions>
     <power>169</power>
     <gpxtpx:TrackPointExtension>
      <gpxtpx:hr>110</gpxtpx:hr>
      <gpxtpx:cad>68</gpxtpx:cad>
     </gpxtpx:TrackPointExtension>
    </extensions>
   </trkpt>
   <trkpt lat="37.2667470" lon="-79.9583550">
    <ele>289.5</ele>
    <time>2026-04-08T09:48:41Z</time>
    <extensions>
     <power>161</power>
     <gpxtpx:TrackPointExtension>
      <gpxtpx:hr>110</gpxtpx:hr>
      <gpxtpx:cad>68</gpxtpx:cad>
     </gpxtpx:TrackPointExtension>
    </extensions>
   </trkpt>
   <trkpt lat="37.2667490" lon="-79.9583550">
    <ele>289.5</ele>
    <time>2026-04-08T09:48:42Z</time>
    <extensions>
     <power>116</power>
     <gpxtpx:TrackPointExtension>
      <gpxtpx:hr>109</gpxtpx:hr>
      <gpxtpx:cad>58</gpxtpx:cad>
     </gpxtpx:TrackPointExtension>
    </extensions>
   </trkpt>
   <trkpt lat="37.2667480" lon="-79.9583550">
    <ele>289.5</ele>
    <time>2026-04-08T09:48:43Z</time>
    <extensions>
     <power>83</power>
     <gpxtpx:TrackPointExtension>
      <gpxtpx:hr>108</gpxtpx:hr>
      <gpxtpx:cad>58</gpxtpx:cad>
     </gpxtpx:TrackPointExtension>
    </extensions>
   </trkpt>
   <trkpt lat="37.2667490" lon="-79.9583560">
    <ele>289.5</ele>
    <time>2026-04-08T09:48:44Z</time>
    <extensions>
     <power>0</power>
     <gpxtpx:TrackPointExtension>
      <gpxtpx:hr>108</gpxtpx:hr>
      <gpxtpx:cad>0</gpxtpx:cad>
     </gpxtpx:TrackPointExtension>
    </extensions>
   </trkpt>
   <trkpt lat="37.2667510" lon="-79.9582810">
    <ele>289.3</ele>
    <time>2026-04-08T09:49:05Z</time>
    <extensions>
     <gpxtpx:TrackPointExtension>
      <gpxtpx:hr>99</gpxtpx:hr>
      <gpxtpx:cad>59</gpxtpx:cad>
     </gpxtpx:TrackPointExtension>
    </extensions>
   </trkpt>
   <trkpt lat="37.2667400" lon="-79.9582640">
    <ele>289.3</ele>
    <time>2026-04-08T09:49:06Z</time>
    <extensions>
     <power>136</power>
     <gpxtpx:TrackPointExtension>
      <gpxtpx:hr>98</gpxtpx:hr>
      <gpxtpx:cad>60</gpxtpx:cad>
     </gpxtpx:TrackPointExtension>
    </extensions>
   </trkpt>
   <trkpt lat="37.2667290" lon="-79.9582580">
    <ele>289.3</ele>
    <time>2026-04-08T09:49:07Z</time>
    <extensions>
     <power>143</power>
     <gpxtpx:TrackPointExtension>
      <gpxtpx:hr>98</gpxtpx:hr>
      <gpxtpx:cad>59</gpxtpx:cad>
     </gpxtpx:TrackPointExtension>
    </extensions>
   </trkpt>
   <trkpt lat="37.2667170" lon="-79.9582550">
    <ele>289.3</ele>
    <time>2026-04-08T09:49:08Z</time>
    <extensions>
     <power>130</power>
     <gpxtpx:TrackPointExtension>
      <gpxtpx:hr>98</gpxtpx:hr>
      <gpxtpx:cad>0</gpxtpx:cad>
     </gpxtpx:TrackPointExtension>
    </extensions>
   </trkpt>
   <trkpt lat="37.2667070" lon="-79.9582530">
    <ele>289.4</ele>
    <time>2026-04-08T09:49:09Z</time>
    <extensions>
     <power>0</power>
     <gpxtpx:TrackPointExtension>
      <gpxtpx:hr>97</gpxtpx:hr>
      <gpxtpx:cad>0</gpxtpx:cad>
     </gpxtpx:TrackPointExtension>
    </extensions>
   </trkpt>
   <trkpt lat="37.2666960" lon="-79.9582500">
    <ele>289.4</ele>
    <time>2026-04-08T09:49:10Z</time>
    <extensions>
     <power>0</power>
     <gpxtpx:TrackPointExtension>
      <gpxtpx:hr>97</gpxtpx:hr>
      <gpxtpx:cad>0</gpxtpx:cad>
     </gpxtpx:TrackPointExtension>
    </extensions>
   </trkpt>
   <trkpt lat="37.2666880" lon="-79.9582480">
    <ele>289.4</ele>
    <time>2026-04-08T09:49:11Z</time>
    <extensions>
     <power>0</power>
     <gpxtpx:TrackPointExtension>
      <gpxtpx:hr>97</gpxtpx:hr>
      <gpxtpx:cad>0</gpxtpx:cad>
     </gpxtpx:TrackPointExtension>
    </extensions>
   </trkpt>
   <trkpt lat="37.2666770" lon="-79.9582460">
    <ele>289.4</ele>
    <time>2026-04-08T09:49:12Z</time>
    <extensions>
     <power>0</power>
     <gpxtpx:TrackPointExtension>
      <gpxtpx:hr>96</gpxtpx:hr>
      <gpxtpx:cad>0</gpxtpx:cad>
     </gpxtpx:TrackPointExtension>
    </extensions>
   </trkpt>
   <trkpt lat="37.2666650" lon="-79.9582460">
    <ele>289.6</ele>
    <time>2026-04-08T09:49:13Z</time>
    <extensions>
     <power>0</power>
     <gpxtpx:TrackPointExtension>
      <gpxtpx:hr>96</gpxtpx:hr>
      <gpxtpx:cad>53</gpxtpx:cad>
     </gpxtpx:TrackPointExtension>
    </extensions>
   </trkpt>
   <trkpt lat="37.2666520" lon="-79.9582440">
    <ele>289.6</ele>
    <time>2026-04-08T09:49:14Z</time>
    <extensions>
     <power>91</power>
     <gpxtpx:TrackPointExtension>
      <gpxtpx:hr>96</gpxtpx:hr>
      <gpxtpx:cad>53</gpxtpx:cad>
     </gpxtpx:TrackPointExtension>
    </extensions>
   </trkpt>
   <trkpt lat="37.2666390" lon="-79.9582450">
    <ele>289.7</ele>
    <time>2026-04-08T09:49:15Z</time>
    <extensions>
     <power>102</power>
     <gpxtpx:TrackPointExtension>
      <gpxtpx:hr>95</gpxtpx:hr>
      <gpxtpx:cad>53</gpxtpx:cad>
     </gpxtpx:TrackPointExtension>
    </extensions>
   </trkpt>
   <trkpt lat="37.2666270" lon="-79.9582450">
    <ele>289.7</ele>
    <time>2026-04-08T09:49:16Z</time>
    <extensions>
     <power>112</power>
     <gpxtpx:TrackPointExtension>
      <gpxtpx:hr>95</gpxtpx:hr>
      <gpxtpx:cad>53</gpxtpx:cad>
     </gpxtpx:TrackPointExtension>
    </extensions>
   </trkpt>
   <trkpt lat="37.2666140" lon="-79.9582430">
    <ele>289.7</ele>
    <time>2026-04-08T09:49:17Z</time>
    <extensions>
     <power>116</power>
     <gpxtpx:TrackPointExtension>
      <gpxtpx:hr>95</gpxtpx:hr>
      <gpxtpx:cad>52</gpxtpx:cad>
     </gpxtpx:TrackPointExtension>
    </extensions>
   </trkpt>
   <trkpt lat="37.2666000" lon="-79.9582410">
    <ele>289.8</ele>
    <time>2026-04-08T09:49:18Z</time>
    <extensions>
     <power>114</power>
     <gpxtpx:TrackPointExtension>
      <gpxtpx:hr>95</gpxtpx:hr>
      <gpxtpx:cad>52</gpxtpx:cad>
     </gpxtpx:TrackPointExtension>
    </extensions>
   </trkpt>
   <trkpt lat="37.2665870" lon="-79.9582380">
    <ele>289.7</ele>
    <time>2026-04-08T09:49:19Z</time>
    <extensions>
     <power>107</power>
     <gpxtpx:TrackPointExtension>
      <gpxtpx:hr>95</gpxtpx:hr>
      <gpxtpx:cad>52</gpxtpx:cad>
     </gpxtpx:TrackPointExtension>
    </extensions>
   </trkpt>
   <trkpt lat="37.2665760" lon="-79.9582350">
    <ele>289.7</ele>
    <time>2026-04-08T09:49:20Z</time>
    <extensions>
     <power>109</power>
     <gpxtpx:TrackPointExtension>
      <gpxtpx:hr>94</gpxtpx:hr>
      <gpxtpx:cad>52</gpxtpx:cad>
     </gpxtpx:TrackPointExtension>
    </extensions>
   </trkpt>
   <trkpt lat="37.2665650" lon="-79.9582330">
    <ele>289.8</ele>
    <time>2026-04-08T09:49:21Z</time>
    <extensions>
     <power>109</power>
     <gpxtpx:TrackPointExtension>
      <gpxtpx:hr>94</gpxtpx:hr>
      <gpxtpx:cad>52</gpxtpx:cad>
     </gpxtpx:TrackPointExtension>
    </extensions>
   </trkpt>
   <trkpt lat="37.2665550" lon="-79.9582310">
    <ele>289.8</ele>
    <time>2026-04-08T09:49:22Z</time>
    <extensions>
     <power>114</power>
     <gpxtpx:TrackPointExtension>
      <gpxtpx:hr>94</gpxtpx:hr>
      <gpxtpx:cad>53</gpxtpx:cad>
     </gpxtpx:TrackPointExtension>
    </extensions>
   </trkpt>
   <trkpt lat="37.2665440" lon="-79.9582280">
    <ele>289.8</ele>
    <time>2026-04-08T09:49:23Z</time>
    <extensions>
     <power>110</power>
     <gpxtpx:TrackPointExtension>
      <gpxtpx:hr>94</gpxtpx:hr>
      <gpxtpx:cad>53</gpxtpx:cad>
     </gpxtpx:TrackPointExtension>
    </extensions>
   </trkpt>
   <trkpt lat="37.2665320" lon="-79.9582250">
    <ele>289.9</ele>
    <time>2026-04-08T09:49:24Z</time>
    <extensions>
     <power>102</power>
     <gpxtpx:TrackPointExtension>
      <gpxtpx:hr>93</gpxtpx:hr>
      <gpxtpx:cad>52</gpxtpx:cad>
     </gpxtpx:TrackPointExtension>
    </extensions>
   </trkpt>
   <trkpt lat="37.2665190" lon="-79.9582230">
    <ele>289.9</ele>
    <time>2026-04-08T09:49:25Z</time>
    <extensions>
     <power>100</power>
     <gpxtpx:TrackPointExtension>
      <gpxtpx:hr>93</gpxtpx:hr>
      <gpxtpx:cad>52</gpxtpx:cad>
     </gpxtpx:TrackPointExtension>
    </extensions>
   </trkpt>
   <trkpt lat="37.2665050" lon="-79.9582260">
    <ele>290.0</ele>
    <time>2026-04-08T09:49:26Z</time>
    <extensions>
     <power>99</power>
     <gpxtpx:TrackPointExtension>
      <gpxtpx:hr>92</gpxtpx:hr>
      <gpxtpx:cad>52</gpxtpx:cad>
     </gpxtpx:TrackPointExtension>
    </extensions>
   </trkpt>
   <trkpt lat="37.2664920" lon="-79.9582300">
    <ele>290.0</ele>
    <time>2026-04-08T09:49:27Z</time>
    <extensions>
     <power>98</power>
     <gpxtpx:TrackPointExtension>
      <gpxtpx:hr>91</gpxtpx:hr>
      <gpxtpx:cad>52</gpxtpx:cad>
     </gpxtpx:TrackPointExtension>
    </extensions>
   </trkpt>
   <trkpt lat="37.2664810" lon="-79.9582300">
    <ele>290.0</ele>
    <time>2026-04-08T09:49:28Z</time>
    <extensions>
     <power>100</power>
     <gpxtpx:TrackPointExtension>
      <gpxtpx:hr>91</gpxtpx:hr>
      <gpxtpx:cad>53</gpxtpx:cad>
     </gpxtpx:TrackPointExtension>
    </extensions>
   </trkpt>
   <trkpt lat="37.2664680" lon="-79.9582260">
    <ele>290.1</ele>
    <time>2026-04-08T09:49:29Z</time>
    <extensions>
     <power>102</power>
     <gpxtpx:TrackPointExtension>
      <gpxtpx:hr>90</gpxtpx:hr>
      <gpxtpx:cad>53</gpxtpx:cad>
     </gpxtpx:TrackPointExtension>
    </extensions>
   </trkpt>
   <trkpt lat="37.2664580" lon="-79.9582200">
    <ele>290.1</ele>
    <time>2026-04-08T09:49:30Z</time>
    <extensions>
     <power>100</power>
     <gpxtpx:TrackPointExtension>
      <gpxtpx:hr>89</gpxtpx:hr>
      <gpxtpx:cad>53</gpxtpx:cad>
     </gpxtpx:TrackPointExtension>
    </extensions>
   </trkpt>
   <trkpt lat="37.2664470" lon="-79.9582130">
    <ele>290.1</ele>
    <time>2026-04-08T09:49:31Z</time>
    <extensions>
     <power>102</power>
     <gpxtpx:TrackPointExtension>
      <gpxtpx:hr>89</gpxtpx:hr>
      <gpxtpx:cad>53</gpxtpx:cad>
     </gpxtpx:TrackPointExtension>
    </extensions>
   </trkpt>
   <trkpt lat="37.2664360" lon="-79.9582060">
    <ele>290.1</ele>
    <time>2026-04-08T09:49:32Z</time>
    <extensions>
     <power>100</power>
     <gpxtpx:TrackPointExtension>
      <gpxtpx:hr>88</gpxtpx:hr>
      <gpxtpx:cad>53</gpxtpx:cad>
     </gpxtpx:TrackPointExtension>
    </extensions>
   </trkpt>
   <trkpt lat="37.2664260" lon="-79.9581990">
    <ele>290.1</ele>
    <time>2026-04-08T09:49:33Z</time>
    <extensions>
     <power>100</power>
     <gpxtpx:TrackPointExtension>
      <gpxtpx:hr>88</gpxtpx:hr>
      <gpxtpx:cad>53</gpxtpx:cad>
     </gpxtpx:TrackPointExtension>
    </extensions>
   </trkpt>
   <trkpt lat="37.2664180" lon="-79.9581900">
    <ele>290.0</ele>
    <time>2026-04-08T09:49:34Z</time>
    <extensions>
     <power>101</power>
     <gpxtpx:TrackPointExtension>
      <gpxtpx:hr>88</gpxtpx:hr>
      <gpxtpx:cad>53</gpxtpx:cad>
     </gpxtpx:TrackPointExtension>
    </extensions>
   </trkpt>
   <trkpt lat="37.2664120" lon="-79.9581810">
    <ele>290.0</ele>
    <time>2026-04-08T09:49:35Z</time>
    <extensions>
     <power>102</power>
     <gpxtpx:TrackPointExtension>
      <gpxtpx:hr>88</gpxtpx:hr>
      <gpxtpx:cad>53</gpxtpx:cad>
     </gpxtpx:TrackPointExtension>
    </extensions>
   </trkpt>
   <trkpt lat="37.2664060" lon="-79.9581720">
    <ele>290.0</ele>
    <time>2026-04-08T09:49:36Z</time>
    <extensions>
     <power>103</power>
     <gpxtpx:TrackPointExtension>
      <gpxtpx:hr>87</gpxtpx:hr>
      <gpxtpx:cad>52</gpxtpx:cad>
     </gpxtpx:TrackPointExtension>
    </extensions>
   </trkpt>
   <trkpt lat="37.2663980" lon="-79.9581620">
    <ele>290.1</ele>
    <time>2026-04-08T09:49:37Z</time>
    <extensions>
     <power>98</power>
     <gpxtpx:TrackPointExtension>
      <gpxtpx:hr>87</gpxtpx:hr>
      <gpxtpx:cad>52</gpxtpx:cad>
     </gpxtpx:TrackPointExtension>
    </extensions>
   </trkpt>
   <trkpt lat="37.2663900" lon="-79.9581510">
    <ele>290.0</ele>
    <time>2026-04-08T09:49:38Z</time>
    <extensions>
     <power>93</power>
     <gpxtpx:TrackPointExtension>
      <gpxtpx:hr>87</gpxtpx:hr>
      <gpxtpx:cad>50</gpxtpx:cad>
     </gpxtpx:TrackPointExtension>
    </extensions>
   </trkpt>
   <trkpt lat="37.2663820" lon="-79.9581400">
    <ele>290.0</ele>
    <time>2026-04-08T09:49:39Z</time>
    <extensions>
     <power>92</power>
     <gpxtpx:TrackPointExtension>
      <gpxtpx:hr>87</gpxtpx:hr>
      <gpxtpx:cad>49</gpxtpx:cad>
     </gpxtpx:TrackPointExtension>
    </extensions>
   </trkpt>
   <trkpt lat="37.2663750" lon="-79.9581310">
    <ele>290.0</ele>
    <time>2026-04-08T09:49:40Z</time>
    <extensions>
     <power>90</power>
     <gpxtpx:TrackPointExtension>
      <gpxtpx:hr>87</gpxtpx:hr>
      <gpxtpx:cad>49</gpxtpx:cad>
     </gpxtpx:TrackPointExtension>
    </extensions>
   </trkpt>
   <trkpt lat="37.2663690" lon="-79.9581210">
    <ele>290.0</ele>
    <time>2026-04-08T09:49:41Z</time>
    <extensions>
     <power>90</power>
     <gpxtpx:TrackPointExtension>
      <gpxtpx:hr>87</gpxtpx:hr>
      <gpxtpx:cad>49</gpxtpx:cad>
     </gpxtpx:TrackPointExtension>
    </extensions>
   </trkpt>
   <trkpt lat="37.2663650" lon="-79.9581110">
    <ele>290.1</ele>
    <time>2026-04-08T09:49:42Z</time>
    <extensions>
     <power>90</power>
     <gpxtpx:TrackPointExtension>
      <gpxtpx:hr>86</gpxtpx:hr>
      <gpxtpx:cad>49</gpxtpx:cad>
     </gpxtpx:TrackPointExtension>
    </extensions>
   </trkpt>
   <trkpt lat="37.2663600" lon="-79.9580990">
    <ele>289.9</ele>
    <time>2026-04-08T09:49:43Z</time>
    <extensions>
     <power>89</power>
     <gpxtpx:TrackPointExtension>
      <gpxtpx:hr>86</gpxtpx:hr>
      <gpxtpx:cad>49</gpxtpx:cad>
     </gpxtpx:TrackPointExtension>
    </extensions>
   </trkpt>
   <trkpt lat="37.2663570" lon="-79.9580840">
    <ele>289.9</ele>
    <time>2026-04-08T09:49:44Z</time>
    <extensions>
     <power>88</power>
     <gpxtpx:TrackPointExtension>
      <gpxtpx:hr>86</gpxtpx:hr>
      <gpxtpx:cad>49</gpxtpx:cad>
     </gpxtpx:TrackPointExtension>
    </extensions>
   </trkpt>
   <trkpt lat="37.2663600" lon="-79.9580690">
    <ele>289.9</ele>
    <time>2026-04-08T09:49:45Z</time>
    <extensions>
     <power>90</power>
     <gpxtpx:TrackPointExtension>
      <gpxtpx:hr>86</gpxtpx:hr>
      <gpxtpx:cad>49</gpxtpx:cad>
     </gpxtpx:TrackPointExtension>
    </extensions>
   </trkpt>
   <trkpt lat="37.2663650" lon="-79.9580650">
    <ele>289.7</ele>
    <time>2026-04-08T09:49:46Z</time>
    <extensions>
     <power>93</power>
     <gpxtpx:TrackPointExtension>
      <gpxtpx:hr>85</gpxtpx:hr>
      <gpxtpx:cad>48</gpxtpx:cad>
     </gpxtpx:TrackPointExtension>
    </extensions>
   </trkpt>
   <trkpt lat="37.2663720" lon="-79.9580630">
    <ele>289.6</ele>
    <time>2026-04-08T09:49:47Z</time>
    <extensions>
     <power>94</power>
     <gpxtpx:TrackPointExtension>
      <gpxtpx:hr>85</gpxtpx:hr>
      <gpxtpx:cad>48</gpxtpx:cad>
     </gpxtpx:TrackPointExtension>
    </extensions>
   </trkpt>
   <trkpt lat="37.2663760" lon="-79.9580590">
    <ele>289.6</ele>
    <time>2026-04-08T09:49:48Z</time>
    <extensions>
     <power>92</power>
     <gpxtpx:TrackPointExtension>
      <gpxtpx:hr>85</gpxtpx:hr>
      <gpxtpx:cad>0</gpxtpx:cad>
     </gpxtpx:TrackPointExtension>
    </extensions>
   </trkpt>
   <trkpt lat="37.2663790" lon="-79.9580570">
    <ele>289.6</ele>
    <time>2026-04-08T09:49:49Z</time>
    <extensions>
     <power>0</power>
     <gpxtpx:TrackPointExtension>
      <gpxtpx:hr>85</gpxtpx:hr>
      <gpxtpx:cad>0</gpxtpx:cad>
     </gpxtpx:TrackPointExtension>
    </extensions>
   </trkpt>
   <trkpt lat="37.2663880" lon="-79.9580560">
    <ele>289.6</ele>
    <time>2026-04-08T09:49:50Z</time>
    <extensions>
     <power>0</power>
     <gpxtpx:TrackPointExtension>
      <gpxtpx:hr>85</gpxtpx:hr>
      <gpxtpx:cad>0</gpxtpx:cad>
     </gpxtpx:TrackPointExtension>
    </extensions>
   </trkpt>
   <trkpt lat="37.2664020" lon="-79.9580520">
    <ele>289.6</ele>
    <time>2026-04-08T09:49:51Z</time>
    <extensions>
     <power>0</power>
     <gpxtpx:TrackPointExtension>
      <gpxtpx:hr>84</gpxtpx:hr>
      <gpxtpx:cad>0</gpxtpx:cad>
     </gpxtpx:TrackPointExtension>
    </extensions>
   </trkpt>
   <trkpt lat="37.2664160" lon="-79.9580450">
    <ele>289.5</ele>
    <time>2026-04-08T09:49:52Z</time>
    <extensions>
     <power>0</power>
     <gpxtpx:TrackPointExtension>
      <gpxtpx:hr>84</gpxtpx:hr>
      <gpxtpx:cad>0</gpxtpx:cad>
     </gpxtpx:TrackPointExtension>
    </extensions>
   </trkpt>
   <trkpt lat="37.2664330" lon="-79.9580350">
    <ele>289.5</ele>
    <time>2026-04-08T09:49:53Z</time>
    <extensions>
     <power>0</power>
     <gpxtpx:TrackPointExtension>
      <gpxtpx:hr>84</gpxtpx:hr>
      <gpxtpx:cad>0</gpxtpx:cad>
     </gpxtpx:TrackPointExtension>
    </extensions>
   </trkpt>
   <trkpt lat="37.2664520" lon="-79.9580170">
    <ele>289.3</ele>
    <time>2026-04-08T09:49:54Z</time>
    <extensions>
     <power>0</power>
     <gpxtpx:TrackPointExtension>
      <gpxtpx:hr>84</gpxtpx:hr>
      <gpxtpx:cad>0</gpxtpx:cad>
     </gpxtpx:TrackPointExtension>
    </extensions>
   </trkpt>
   <trkpt lat="37.2664720" lon="-79.9579880">
    <ele>289.1</ele>
    <time>2026-04-08T09:49:55Z</time>
    <extensions>
     <power>0</power>
     <gpxtpx:TrackPointExtension>
      <gpxtpx:hr>84</gpxtpx:hr>
      <gpxtpx:cad>0</gpxtpx:cad>
     </gpxtpx:TrackPointExtension>
    </extensions>
   </trkpt>
   <trkpt lat="37.2664890" lon="-79.9579560">
    <ele>289.0</ele>
    <time>2026-04-08T09:49:56Z</time>
    <extensions>
     <power>0</power>
     <gpxtpx:TrackPointExtension>
      <gpxtpx:hr>84</gpxtpx:hr>
      <gpxtpx:cad>0</gpxtpx:cad>
     </gpxtpx:TrackPointExtension>
    </extensions>
   </trkpt>
   <trkpt lat="37.2665080" lon="-79.9579260">
    <ele>288.8</ele>
    <time>2026-04-08T09:49:57Z</time>
    <extensions>
     <power>0</power>
     <gpxtpx:TrackPointExtension>
      <gpxtpx:hr>84</gpxtpx:hr>
      <gpxtpx:cad>0</gpxtpx:cad>
     </gpxtpx:TrackPointExtension>
    </extensions>
   </trkpt>
   <trkpt lat="37.2665270" lon="-79.9579000">
    <ele>288.8</ele>
    <time>2026-04-08T09:49:58Z</time>
    <extensions>
     <power>0</power>
     <gpxtpx:TrackPointExtension>
      <gpxtpx:hr>85</gpxtpx:hr>
      <gpxtpx:cad>82</gpxtpx:cad>
     </gpxtpx:TrackPointExtension>
    </extensions>
   </trkpt>
   <trkpt lat="37.2665460" lon="-79.9578790">
    <ele>288.6</ele>
    <time>2026-04-08T09:49:59Z</time>
    <extensions>
     <power>451</power>
     <gpxtpx:TrackPointExtension>
      <gpxtpx:hr>86</gpxtpx:hr>
      <gpxtpx:cad>82</gpxtpx:cad>
     </gpxtpx:TrackPointExtension>
    </extensions>
   </trkpt>
   <trkpt lat="37.2665640" lon="-79.9578600">
    <ele>288.6</ele>
    <time>2026-04-08T09:50:00Z</time>
    <extensions>
     <power>447</power>
     <gpxtpx:TrackPointExtension>
      <gpxtpx:hr>88</gpxtpx:hr>
      <gpxtpx:cad>83</gpxtpx:cad>
     </gpxtpx:TrackPointExtension>
    </extensions>
   </trkpt>
   <trkpt lat="37.2665810" lon="-79.9578410">
    <ele>288.5</ele>
    <time>2026-04-08T09:50:01Z</time>
    <extensions>
     <power>370</power>
     <gpxtpx:TrackPointExtension>
      <gpxtpx:hr>89</gpxtpx:hr>
      <gpxtpx:cad>83</gpxtpx:cad>
     </gpxtpx:TrackPointExtension>
    </extensions>
   </trkpt>
   <trkpt lat="37.2665880" lon="-79.9578200">
    <ele>288.5</ele>
    <time>2026-04-08T09:50:02Z</time>
    <extensions>
     <power>352</power>
     <gpxtpx:TrackPointExtension>
      <gpxtpx:hr>91</gpxtpx:hr>
      <gpxtpx:cad>83</gpxtpx:cad>
     </gpxtpx:TrackPointExtension>
    </extensions>
   </trkpt>
   <trkpt lat="37.2665920" lon="-79.9578070">
    <ele>288.4</ele>
    <time>2026-04-08T09:50:03Z</time>
    <extensions>
     <power>332</power>
     <gpxtpx:TrackPointExtension>
      <gpxtpx:hr>92</gpxtpx:hr>
      <gpxtpx:cad>83</gpxtpx:cad>
     </gpxtpx:TrackPointExtension>
    </extensions>
   </trkpt>
   <trkpt lat="37.2665950" lon="-79.9578000">
    <ele>288.4</ele>
    <time>2026-04-08T09:50:04Z</time>
    <extensions>
     <power>301</power>
     <gpxtpx:TrackPointExtension>
      <gpxtpx:hr>92</gpxtpx:hr>
      <gpxtpx:cad>81</gpxtpx:cad>
     </gpxtpx:TrackPointExtension>
    </extensions>
   </trkpt>
   <trkpt lat="37.2665990" lon="-79.9577980">
    <ele>288.4</ele>
    <time>2026-04-08T09:50:05Z</time>
    <extensions>
     <power>250</power>
     <gpxtpx:TrackPointExtension>
      <gpxtpx:hr>93</gpxtpx:hr>
      <gpxtpx:cad>81</gpxtpx:cad>
     </gpxtpx:TrackPointExtension>
    </extensions>
   </trkpt>
   <trkpt lat="37.2666050" lon="-79.9577960">
    <ele>288.4</ele>
    <time>2026-04-08T09:50:06Z</time>
    <extensions>
     <power>166</power>
     <gpxtpx:TrackPointExtension>
      <gpxtpx:hr>93</gpxtpx:hr>
      <gpxtpx:cad>40</gpxtpx:cad>
     </gpxtpx:TrackPointExtension>
    </extensions>
   </trkpt>
   <trkpt lat="37.2666060" lon="-79.9577950">
    <ele>288.4</ele>
    <time>2026-04-08T09:50:07Z</time>
    <extensions>
     <power>89</power>
     <gpxtpx:TrackPointExtension>
      <gpxtpx:hr>93</gpxtpx:hr>
      <gpxtpx:cad>0</gpxtpx:cad>
     </gpxtpx:TrackPointExtension>
    </extensions>
   </trkpt>
   <trkpt lat="37.2666090" lon="-79.9577920">
    <ele>288.3</ele>
    <time>2026-04-08T09:50:08Z</time>
    <extensions>
     <power>0</power>
     <gpxtpx:TrackPointExtension>
      <gpxtpx:hr>93</gpxtpx:hr>
      <gpxtpx:cad>0</gpxtpx:cad>
     </gpxtpx:TrackPointExtension>
    </extensions>
   </trkpt>
   <trkpt lat="37.2666190" lon="-79.9577840">
    <ele>288.3</ele>
    <time>2026-04-08T09:50:09Z</time>
    <extensions>
     <power>0</power>
     <gpxtpx:TrackPointExtension>
      <gpxtpx:hr>93</gpxtpx:hr>
      <gpxtpx:cad>0</gpxtpx:cad>
     </gpxtpx:TrackPointExtension>
    </extensions>
   </trkpt>
   <trkpt lat="37.2666240" lon="-79.9577800">
    <ele>288.3</ele>
    <time>2026-04-08T09:50:10Z</time>
    <extensions>
     <power>0</power>
     <gpxtpx:TrackPointExtension>
      <gpxtpx:hr>92</gpxtpx:hr>
      <gpxtpx:cad>19</gpxtpx:cad>
     </gpxtpx:TrackPointExtension>
    </extensions>
   </trkpt>
   <trkpt lat="37.2666290" lon="-79.9579260">
    <ele>288.5</ele>
    <time>2026-04-08T09:50:51Z</time>
    <extensions>
     <gpxtpx:TrackPointExtension>
      <gpxtpx:hr>84</gpxtpx:hr>
      <gpxtpx:cad>0</gpxtpx:cad>
     </gpxtpx:TrackPointExtension>
    </extensions>
   </trkpt>
   <trkpt lat="37.2666510" lon="-79.9579380">
    <ele>288.4</ele>
    <time>2026-04-08T09:50:52Z</time>
    <extensions>
     <power>0</power>
     <gpxtpx:TrackPointExtension>
      <gpxtpx:hr>84</gpxtpx:hr>
      <gpxtpx:cad>79</gpxtpx:cad>
     </gpxtpx:TrackPointExtension>
    </extensions>
   </trkpt>
   <trkpt lat="37.2666740" lon="-79.9579570">
    <ele>288.5</ele>
    <time>2026-04-08T09:50:53Z</time>
    <extensions>
     <power>313</power>
     <gpxtpx:TrackPointExtension>
      <gpxtpx:hr>84</gpxtpx:hr>
      <gpxtpx:cad>79</gpxtpx:cad>
     </gpxtpx:TrackPointExtension>
    </extensions>
   </trkpt>
   <trkpt lat="37.2666790" lon="-79.9579680">
    <ele>288.5</ele>
    <time>2026-04-08T09:50:54Z</time>
    <extensions>
     <power>317</power>
     <gpxtpx:TrackPointExtension>
      <gpxtpx:hr>85</gpxtpx:hr>
      <gpxtpx:cad>81</gpxtpx:cad>
     </gpxtpx:TrackPointExtension>
    </extensions>
   </trkpt>
   <trkpt lat="37.2666750" lon="-79.9579710">
    <ele>288.5</ele>
    <time>2026-04-08T09:50:55Z</time>
    <extensions>
     <power>324</power>
     <gpxtpx:TrackPointExtension>
      <gpxtpx:hr>86</gpxtpx:hr>
      <gpxtpx:cad>79</gpxtpx:cad>
     </gpxtpx:TrackPointExtension>
    </extensions>
   </trkpt>
   <trkpt lat="37.2666730" lon="-79.9579810">
    <ele>288.5</ele>
    <time>2026-04-08T09:50:56Z</time>
    <extensions>
     <power>221</power>
     <gpxtpx:TrackPointExtension>
      <gpxtpx:hr>87</gpxtpx:hr>
      <gpxtpx:cad>79</gpxtpx:cad>
     </gpxtpx:TrackPointExtension>
    </extensions>
   </trkpt>
   <trkpt lat="37.2666830" lon="-79.9579960">
    <ele>288.6</ele>
    <time>2026-04-08T09:50:57Z</time>
    <extensions>
     <power>160</power>
     <gpxtpx:TrackPointExtension>
      <gpxtpx:hr>88</gpxtpx:hr>
      <gpxtpx:cad>79</gpxtpx:cad>
     </gpxtpx:TrackPointExtension>
    </extensions>
   </trkpt>
   <trkpt lat="37.2666960" lon="-79.9580140">
    <ele>288.6</ele>
    <time>2026-04-08T09:50:58Z</time>
    <extensions>
     <power>153</power>
     <gpxtpx:TrackPointExtension>
      <gpxtpx:hr>88</gpxtpx:hr>
      <gpxtpx:cad>79</gpxtpx:cad>
     </gpxtpx:TrackPointExtension>
    </extensions>
   </trkpt>
   <trkpt lat="37.2667080" lon="-79.9580370">
    <ele>288.8</ele>
    <time>2026-04-08T09:50:59Z</time>
    <extensions>
     <power>183</power>
     <gpxtpx:TrackPointExtension>
      <gpxtpx:hr>88</gpxtpx:hr>
      <gpxtpx:cad>79</gpxtpx:cad>
     </gpxtpx:TrackPointExtension>
    </extensions>
   </trkpt>
   <trkpt lat="37.2667220" lon="-79.9580640">
    <ele>288.8</ele>
    <time>2026-04-08T09:51:00Z</time>
    <extensions>
     <power>256</power>
     <gpxtpx:TrackPointExtension>
      <gpxtpx:hr>89</gpxtpx:hr>
      <gpxtpx:cad>79</gpxtpx:cad>
     </gpxtpx:TrackPointExtension>
    </extensions>
   </trkpt>
   <trkpt lat="37.2667410" lon="-79.9580790">
    <ele>288.9</ele>
    <time>2026-04-08T09:51:01Z</time>
    <extensions>
     <power>304</power>
     <gpxtpx:TrackPointExtension>
      <gpxtpx:hr>88</gpxtpx:hr>
      <gpxtpx:cad>79</gpxtpx:cad>
     </gpxtpx:TrackPointExtension>
    </extensions>
   </trkpt>
   <trkpt lat="37.2667620" lon="-79.9580840">
    <ele>288.8</ele>
    <time>2026-04-08T09:51:02Z</time>
    <extensions>
     <power>320</power>
     <gpxtpx:TrackPointExtension>
      <gpxtpx:hr>89</gpxtpx:hr>
      <gpxtpx:cad>79</gpxtpx:cad>
     </gpxtpx:TrackPointExtension>
    </extensions>
   </trkpt>
   <trkpt lat="37.2667820" lon="-79.9580830">
    <ele>288.8</ele>
    <time>2026-04-08T09:51:03Z</time>
    <extensions>
     <power>326</power>
     <gpxtpx:TrackPointExtension>
      <gpxtpx:hr>90</gpxtpx:hr>
      <gpxtpx:cad>82</gpxtpx:cad>
     </gpxtpx:TrackPointExtension>
    </extensions>
   </trkpt>
   <trkpt lat="37.2668030" lon="-79.9580770">
    <ele>288.8</ele>
    <time>2026-04-08T09:51:04Z</time>
    <extensions>
     <power>296</power>
     <gpxtpx:TrackPointExtension>
      <gpxtpx:hr>89</gpxtpx:hr>
      <gpxtpx:cad>82</gpxtpx:cad>
     </gpxtpx:TrackPointExtension>
    </extensions>
   </trkpt>
   <trkpt lat="37.2668230" lon="-79.9580660">
    <ele>288.6</ele>
    <time>2026-04-08T09:51:05Z</time>
    <extensions>
     <power>269</power>
     <gpxtpx:TrackPointExtension>
      <gpxtpx:hr>89</gpxtpx:hr>
      <gpxtpx:cad>81</gpxtpx:cad>
     </gpxtpx:TrackPointExtension>
    </extensions>
   </trkpt>
   <trkpt lat="37.2668450" lon="-79.9580510">
    <ele>288.6</ele>
    <time>2026-04-08T09:51:06Z</time>
    <extensions>
     <power>267</power>
     <gpxtpx:TrackPointExtension>
      <gpxtpx:hr>89</gpxtpx:hr>
      <gpxtpx:cad>79</gpxtpx:cad>
     </gpxtpx:TrackPointExtension>
    </extensions>
   </trkpt>
   <trkpt lat="37.2668670" lon="-79.9580370">
    <ele>288.5</ele>
    <time>2026-04-08T09:51:07Z</time>
    <extensions>
     <power>275</power>
     <gpxtpx:TrackPointExtension>
      <gpxtpx:hr>89</gpxtpx:hr>
      <gpxtpx:cad>79</gpxtpx:cad>
     </gpxtpx:TrackPointExtension>
    </extensions>
   </trkpt>
   <trkpt lat="37.2668880" lon="-79.9580240">
    <ele>288.3</ele>
    <time>2026-04-08T09:51:08Z</time>
    <extensions>
     <power>331</power>
     <gpxtpx:TrackPointExtension>
      <gpxtpx:hr>90</gpxtpx:hr>
      <gpxtpx:cad>80</gpxtpx:cad>
     </gpxtpx:TrackPointExtension>
    </extensions>
   </trkpt>
   <trkpt lat="37.2669090" lon="-79.9580110">
    <ele>288.3</ele>
    <time>2026-04-08T09:51:09Z</time>
    <extensions>
     <power>342</power>
     <gpxtpx:TrackPointExtension>
      <gpxtpx:hr>90</gpxtpx:hr>
      <gpxtpx:cad>81</gpxtpx:cad>
     </gpxtpx:TrackPointExtension>
    </extensions>
   </trkpt>
   <trkpt lat="37.2669280" lon="-79.9580020">
    <ele>288.2</ele>
    <time>2026-04-08T09:51:10Z</time>
    <extensions>
     <power>356</power>
     <gpxtpx:TrackPointExtension>
      <gpxtpx:hr>91</gpxtpx:hr>
      <gpxtpx:cad>81</gpxtpx:cad>
     </gpxtpx:TrackPointExtension>
    </extensions>
   </trkpt>
   <trkpt lat="37.2669510" lon="-79.9579950">
    <ele>288.1</ele>
    <time>2026-04-08T09:51:11Z</time>
    <extensions>
     <power>357</power>
     <gpxtpx:TrackPointExtension>
      <gpxtpx:hr>92</gpxtpx:hr>
      <gpxtpx:cad>81</gpxtpx:cad>
     </gpxtpx:TrackPointExtension>
    </extensions>
   </trkpt>
   <trkpt lat="37.2669730" lon="-79.9579830">
    <ele>288.1</ele>
    <time>2026-04-08T09:51:12Z</time>
    <extensions>
     <power>327</power>
     <gpxtpx:TrackPointExtension>
      <gpxtpx:hr>93</gpxtpx:hr>
      <gpxtpx:cad>81</gpxtpx:cad>
     </gpxtpx:TrackPointExtension>
    </extensions>
   </trkpt>
   <trkpt lat="37.2669950" lon="-79.9579680">
    <ele>287.9</ele>
    <time>2026-04-08T09:51:13Z</time>
    <extensions>
     <power>319</power>
     <gpxtpx:TrackPointExtension>
      <gpxtpx:hr>93</gpxtpx:hr>
      <gpxtpx:cad>81</gpxtpx:cad>
     </gpxtpx:TrackPointExtension>
    </extensions>
   </trkpt>
   <trkpt lat="37.2670170" lon="-79.9579520">
    <ele>287.9</ele>
    <time>2026-04-08T09:51:14Z</time>
    <extensions>
     <power>318</power>
     <gpxtpx:TrackPointExtension>
      <gpxtpx:hr>94</gpxtpx:hr>
      <gpxtpx:cad>81</gpxtpx:cad>
     </gpxtpx:TrackPointExtension>
    </extensions>
   </trkpt>
   <trkpt lat="37.2670370" lon="-79.9579370">
    <ele>287.7</ele>
    <time>2026-04-08T09:51:15Z</time>
    <extensions>
     <power>324</power>
     <gpxtpx:TrackPointExtension>
      <gpxtpx:hr>94</gpxtpx:hr>
      <gpxtpx:cad>81</gpxtpx:cad>
     </gpxtpx:TrackPointExtension>
    </extensions>
   </trkpt>
   <trkpt lat="37.2670590" lon="-79.9579250">
    <ele>287.6</ele>
    <time>2026-04-08T09:51:16Z</time>
    <extensions>
     <power>330</power>
     <gpxtpx:TrackPointExtension>
      <gpxtpx:hr>95</gpxtpx:hr>
      <gpxtpx:cad>83</gpxtpx:cad>
     </gpxtpx:TrackPointExtension>
    </extensions>
   </trkpt>
   <trkpt lat="37.2670820" lon="-79.9579090">
    <ele>287.6</ele>
    <time>2026-04-08T09:51:17Z</time>
    <extensions>
     <power>333</power>
     <gpxtpx:TrackPointExtension>
      <gpxtpx:hr>95</gpxtpx:hr>
      <gpxtpx:cad>83</gpxtpx:cad>
     </gpxtpx:TrackPointExtension>
    </extensions>
   </trkpt>
   <trkpt lat="37.2671050" lon="-79.9578930">
    <ele>287.5</ele>
    <time>2026-04-08T09:51:18Z</time>
    <extensions>
     <power>333</power>
     <gpxtpx:TrackPointExtension>
      <gpxtpx:hr>96</gpxtpx:hr>
      <gpxtpx:cad>82</gpxtpx:cad>
     </gpxtpx:TrackPointExtension>
    </extensions>
   </trkpt>
   <trkpt lat="37.2671300" lon="-79.9578820">
    <ele>287.4</ele>
    <time>2026-04-08T09:51:19Z</time>
    <extensions>
     <power>332</power>
     <gpxtpx:TrackPointExtension>
      <gpxtpx:hr>96</gpxtpx:hr>
      <gpxtpx:cad>82</gpxtpx:cad>
     </gpxtpx:TrackPointExtension>
    </extensions>
   </trkpt>
   <trkpt lat="37.2671550" lon="-79.9578800">
    <ele>287.3</ele>
    <time>2026-04-08T09:51:20Z</time>
    <extensions>
     <power>327</power>
     <gpxtpx:TrackPointExtension>
      <gpxtpx:hr>97</gpxtpx:hr>
      <gpxtpx:cad>81</gpxtpx:cad>
     </gpxtpx:TrackPointExtension>
    </extensions>
   </trkpt>
   <trkpt lat="37.2671730" lon="-79.9578910">
    <ele>287.3</ele>
    <time>2026-04-08T09:51:21Z</time>
    <extensions>
     <power>328</power>
     <gpxtpx:TrackPointExtension>
      <gpxtpx:hr>97</gpxtpx:hr>
      <gpxtpx:cad>81</gpxtpx:cad>
     </gpxtpx:TrackPointExtension>
    </extensions>
   </trkpt>
   <trkpt lat="37.2671890" lon="-79.9579120">
    <ele>287.3</ele>
    <time>2026-04-08T09:51:22Z</time>
    <extensions>
     <power>324</power>
     <gpxtpx:TrackPointExtension>
      <gpxtpx:hr>98</gpxtpx:hr>
      <gpxtpx:cad>81</gpxtpx:cad>
     </gpxtpx:TrackPointExtension>
    </extensions>
   </trkpt>
   <trkpt lat="37.2672080" lon="-79.9579350">
    <ele>287.3</ele>
    <time>2026-04-08T09:51:23Z</time>
    <extensions>
     <power>319</power>
     <gpxtpx:TrackPointExtension>
      <gpxtpx:hr>98</gpxtpx:hr>
      <gpxtpx:cad>82</gpxtpx:cad>
     </gpxtpx:TrackPointExtension>
    </extensions>
   </trkpt>
   <trkpt lat="37.2672260" lon="-79.9579590">
    <ele>287.3</ele>
    <time>2026-04-08T09:51:24Z</time>
    <extensions>
     <power>314</power>
     <gpxtpx:TrackPointExtension>
      <gpxtpx:hr>99</gpxtpx:hr>
      <gpxtpx:cad>82</gpxtpx:cad>
     </gpxtpx:TrackPointExtension>
    </extensions>
   </trkpt>
   <trkpt lat="37.2672460" lon="-79.9579830">
    <ele>287.3</ele>
    <time>2026-04-08T09:51:25Z</time>
    <extensions>
     <power>313</power>
     <gpxtpx:TrackPointExtension>
      <gpxtpx:hr>99</gpxtpx:hr>
      <gpxtpx:cad>82</gpxtpx:cad>
     </gpxtpx:TrackPointExtension>
    </extensions>
   </trkpt>
   <trkpt lat="37.2672640" lon="-79.9580070">
    <ele>287.3</ele>
    <time>2026-04-08T09:51:26Z</time>
    <extensions>
     <power>313</power>
     <gpxtpx:TrackPointExtension>
      <gpxtpx:hr>100</gpxtpx:hr>
      <gpxtpx:cad>82</gpxtpx:cad>
     </gpxtpx:TrackPointExtension>
    </extensions>
   </trkpt>
   <trkpt lat="37.2672840" lon="-79.9580310">
    <ele>287.3</ele>
    <time>2026-04-08T09:51:27Z</time>
    <extensions>
     <power>315</power>
     <gpxtpx:TrackPointExtension>
      <gpxtpx:hr>100</gpxtpx:hr>
      <gpxtpx:cad>82</gpxtpx:cad>
     </gpxtpx:TrackPointExtension>
    </extensions>
   </trkpt>
   <trkpt lat="37.2673050" lon="-79.9580510">
    <ele>287.3</ele>
    <time>2026-04-08T09:51:28Z</time>
    <extensions>
     <power>319</power>
     <gpxtpx:TrackPointExtension>
      <gpxtpx:hr>101</gpxtpx:hr>
      <gpxtpx:cad>83</gpxtpx:cad>
     </gpxtpx:TrackPointExtension>
    </extensions>
   </trkpt>
   <trkpt lat="37.2673250" lon="-79.9580720">
    <ele>287.3</ele>
    <time>2026-04-08T09:51:29Z</time>
    <extensions>
     <power>324</power>
     <gpxtpx:TrackPointExtension>
      <gpxtpx:hr>101</gpxtpx:hr>
      <gpxtpx:cad>83</gpxtpx:cad>
     </gpxtpx:TrackPointExtension>
    </extensions>
   </trkpt>
   <trkpt lat="37.2673470" lon="-79.9580920">
    <ele>287.3</ele>
    <time>2026-04-08T09:51:30Z</time>
    <extensions>
     <power>325</power>
     <gpxtpx:TrackPointExtension>
      <gpxtpx:hr>102</gpxtpx:hr>
      <gpxtpx:cad>83</gpxtpx:cad>
     </gpxtpx:TrackPointExtension>
    </extensions>
   </trkpt>
   <trkpt lat="37.2673680" lon="-79.9581120">
    <ele>287.4</ele>
    <time>2026-04-08T09:51:31Z</time>
    <extensions>
     <power>329</power>
     <gpxtpx:TrackPointExtension>
      <gpxtpx:hr>102</gpxtpx:hr>
      <gpxtpx:cad>83</gpxtpx:cad>
     </gpxtpx:TrackPointExtension>
    </extensions>
   </trkpt>
   <trkpt lat="37.2673890" lon="-79.9581320">
    <ele>287.4</ele>
    <time>2026-04-08T09:51:32Z</time>
    <extensions>
     <power>345</power>
     <gpxtpx:TrackPointExtension>
      <gpxtpx:hr>102</gpxtpx:hr>
      <gpxtpx:cad>83</gpxtpx:cad>
     </gpxtpx:TrackPointExtension>
    </extensions>
   </trkpt>
   <trkpt lat="37.2674110" lon="-79.9581520">
    <ele>287.4</ele>
    <time>2026-04-08T09:51:33Z</time>
    <extensions>
     <power>350</power>
     <gpxtpx:TrackPointExtension>
      <gpxtpx:hr>102</gpxtpx:hr>
      <gpxtpx:cad>83</gpxtpx:cad>
     </gpxtpx:TrackPointExtension>
    </extensions>
   </trkpt>
   <trkpt lat="37.2674340" lon="-79.9581730">
    <ele>287.4</ele>
    <time>2026-04-08T09:51:34Z</time>
    <extensions>
     <power>354</power>
     <gpxtpx:TrackPointExtension>
      <gpxtpx:hr>102</gpxtpx:hr>
      <gpxtpx:cad>83</gpxtpx:cad>
     </gpxtpx:TrackPointExtension>
    </extensions>
   </trkpt>
   <trkpt lat="37.2674580" lon="-79.9581930">
    <ele>287.4</ele>
    <time>2026-04-08T09:51:35Z</time>
    <extensions>
     <power>364</power>
     <gpxtpx:TrackPointExtension>
      <gpxtpx:hr>102</gpxtpx:hr>
      <gpxtpx:cad>83</gpxtpx:cad>
     </gpxtpx:TrackPointExtension>
    </extensions>
   </trkpt>
   <trkpt lat="37.2674810" lon="-79.9582130">
    <ele>287.4</ele>
    <time>2026-04-08T09:51:36Z</time>
    <extensions>
     <power>385</power>
     <gpxtpx:TrackPointExtension>
      <gpxtpx:hr>102</gpxtpx:hr>
      <gpxtpx:cad>83</gpxtpx:cad>
     </gpxtpx:TrackPointExtension>
    </extensions>
   </trkpt>
   <trkpt lat="37.2675020" lon="-79.9582350">
    <ele>287.4</ele>
    <time>2026-04-08T09:51:37Z</time>
    <extensions>
     <power>385</power>
     <gpxtpx:TrackPointExtension>
      <gpxtpx:hr>102</gpxtpx:hr>
      <gpxtpx:cad>82</gpxtpx:cad>
     </gpxtpx:TrackPointExtension>
    </extensions>
   </trkpt>
   <trkpt lat="37.2675250" lon="-79.9582540">
    <ele>287.4</ele>
    <time>2026-04-08T09:51:38Z</time>
    <extensions>
     <power>378</power>
     <gpxtpx:TrackPointExtension>
      <gpxtpx:hr>102</gpxtpx:hr>
      <gpxtpx:cad>82</gpxtpx:cad>
     </gpxtpx:TrackPointExtension>
    </extensions>
   </trkpt>
   <trkpt lat="37.2675440" lon="-79.9582730">
    <ele>287.4</ele>
    <time>2026-04-08T09:51:39Z</time>
    <extensions>
     <power>374</power>
     <gpxtpx:TrackPointExtension>
      <gpxtpx:hr>103</gpxtpx:hr>
      <gpxtpx:cad>83</gpxtpx:cad>
     </gpxtpx:TrackPointExtension>
    </extensions>
   </trkpt>
   <trkpt lat="37.2675640" lon="-79.9582940">
    <ele>287.4</ele>
    <time>2026-04-08T09:51:40Z</time>
    <extensions>
     <power>362</power>
     <gpxtpx:TrackPointExtension>
      <gpxtpx:hr>103</gpxtpx:hr>
      <gpxtpx:cad>83</gpxtpx:cad>
     </gpxtpx:TrackPointExtension>
    </extensions>
   </trkpt>
   <trkpt lat="37.2675840" lon="-79.9583160">
    <ele>287.4</ele>
    <time>2026-04-08T09:51:41Z</time>
    <extensions>
     <power>355</power>
     <gpxtpx:TrackPointExtension>
      <gpxtpx:hr>104</gpxtpx:hr>
      <gpxtpx:cad>83</gpxtpx:cad>
     </gpxtpx:TrackPointExtension>
    </extensions>
   </trkpt>
   <trkpt lat="37.2676040" lon="-79.9583380">
    <ele>287.4</ele>
    <time>2026-04-08T09:51:42Z</time>
    <extensions>
     <power>356</power>
     <gpxtpx:TrackPointExtension>
      <gpxtpx:hr>104</gpxtpx:hr>
      <gpxtpx:cad>83</gpxtpx:cad>
     </gpxtpx:TrackPointExtension>
    </extensions>
   </trkpt>
   <trkpt lat="37.2676230" lon="-79.9583600">
    <ele>287.4</ele>
    <time>2026-04-08T09:51:43Z</time>
    <extensions>
     <power>354</power>
     <gpxtpx:TrackPointExtension>
      <gpxtpx:hr>104</gpxtpx:hr>
      <gpxtpx:cad>83</gpxtpx:cad>
     </gpxtpx:TrackPointExtension>
    </extensions>
   </trkpt>
   <trkpt lat="37.2676440" lon="-79.9583830">
    <ele>287.4</ele>
    <time>2026-04-08T09:51:44Z</time>
    <extensions>
     <power>354</power>
     <gpxtpx:TrackPointExtension>
      <gpxtpx:hr>105</gpxtpx:hr>
      <gpxtpx:cad>82</gpxtpx:cad>
     </gpxtpx:TrackPointExtension>
    </extensions>
   </trkpt>
   <trkpt lat="37.2676640" lon="-79.9584090">
    <ele>287.4</ele>
    <time>2026-04-08T09:51:45Z</time>
    <extensions>
     <power>352</power>
     <gpxtpx:TrackPointExtension>
      <gpxtpx:hr>105</gpxtpx:hr>
      <gpxtpx:cad>82</gpxtpx:cad>
     </gpxtpx:TrackPointExtension>
    </extensions>
   </trkpt>
   <trkpt lat="37.2676830" lon="-79.9584320">
    <ele>287.4</ele>
    <time>2026-04-08T09:51:46Z</time>
    <extensions>
     <power>354</power>
     <gpxtpx:TrackPointExtension>
      <gpxtpx:hr>106</gpxtpx:hr>
      <gpxtpx:cad>82</gpxtpx:cad>
     </gpxtpx:TrackPointExtension>
    </extensions>
   </trkpt>
   <trkpt lat="37.2676980" lon="-79.9584560">
    <ele>287.4</ele>
    <time>2026-04-08T09:51:47Z</time>
    <extensions>
     <power>363</power>
     <gpxtpx:TrackPointExtension>
      <gpxtpx:hr>106</gpxtpx:hr>
      <gpxtpx:cad>83</gpxtpx:cad>
     </gpxtpx:TrackPointExtension>
    </extensions>
   </trkpt>
   <trkpt lat="37.2677140" lon="-79.9584780">
    <ele>287.4</ele>
    <time>2026-04-08T09:51:48Z</time>
    <extensions>
     <power>363</power>
     <gpxtpx:TrackPointExtension>
      <gpxtpx:hr>106</gpxtpx:hr>
      <gpxtpx:cad>83</gpxtpx:cad>
     </gpxtpx:TrackPointExtension>
    </extensions>
   </trkpt>
   <trkpt lat="37.2677300" lon="-79.9585020">
    <ele>287.5</ele>
    <time>2026-04-08T09:51:49Z</time>
    <extensions>
     <power>367</power>
     <gpxtpx:TrackPointExtension>
      <gpxtpx:hr>107</gpxtpx:hr>
      <gpxtpx:cad>83</gpxtpx:cad>
     </gpxtpx:TrackPointExtension>
    </extensions>
   </trkpt>
   <trkpt lat="37.2677470" lon="-79.9585260">
    <ele>287.5</ele>
    <time>2026-04-08T09:51:50Z</time>
    <extensions>
     <power>365</power>
     <gpxtpx:TrackPointExtension>
      <gpxtpx:hr>107</gpxtpx:hr>
      <gpxtpx:cad>83</gpxtpx:cad>
     </gpxtpx:TrackPointExtension>
    </extensions>
   </trkpt>
   <trkpt lat="37.2677630" lon="-79.9585510">
    <ele>287.5</ele>
    <time>2026-04-08T09:51:51Z</time>
    <extensions>
     <power>368</power>
     <gpxtpx:TrackPointExtension>
      <gpxtpx:hr>108</gpxtpx:hr>
      <gpxtpx:cad>83</gpxtpx:cad>
     </gpxtpx:TrackPointExtension>
    </extensions>
   </trkpt>
   <trkpt lat="37.2677800" lon="-79.9585770">
    <ele>287.5</ele>
    <time>2026-04-08T09:51:52Z</time>
    <extensions>
     <power>374</power>
     <gpxtpx:TrackPointExtension>
      <gpxtpx:hr>108</gpxtpx:hr>
      <gpxtpx:cad>83</gpxtpx:cad>
     </gpxtpx:TrackPointExtension>
    </extensions>
   </trkpt>
   <trkpt lat="37.2677970" lon="-79.9586040">
    <ele>287.5</ele>
    <time>2026-04-08T09:51:53Z</time>
    <extensions>
     <power>374</power>
     <gpxtpx:TrackPointExtension>
      <gpxtpx:hr>109</gpxtpx:hr>
      <gpxtpx:cad>83</gpxtpx:cad>
     </gpxtpx:TrackPointExtension>
    </extensions>
   </trkpt>
   <trkpt lat="37.2678140" lon="-79.9586320">
    <ele>287.5</ele>
    <time>2026-04-08T09:51:54Z</time>
    <extensions>
     <power>372</power>
     <gpxtpx:TrackPointExtension>
      <gpxtpx:hr>109</gpxtpx:hr>
      <gpxtpx:cad>84</gpxtpx:cad>
     </gpxtpx:TrackPointExtension>
    </extensions>
   </trkpt>
   <trkpt lat="37.2678310" lon="-79.9586580">
    <ele>287.5</ele>
    <time>2026-04-08T09:51:55Z</time>
    <extensions>
     <power>366</power>
     <gpxtpx:TrackPointExtension>
      <gpxtpx:hr>109</gpxtpx:hr>
      <gpxtpx:cad>84</gpxtpx:cad>
     </gpxtpx:TrackPointExtension>
    </extensions>
   </trkpt>
   <trkpt lat="37.2678500" lon="-79.9586850">
    <ele>287.5</ele>
    <time>2026-04-08T09:51:56Z</time>
    <extensions>
     <power>366</power>
     <gpxtpx:TrackPointExtension>
      <gpxtpx:hr>110</gpxtpx:hr>
      <gpxtpx:cad>84</gpxtpx:cad>
     </gpxtpx:TrackPointExtension>
    </extensions>
   </trkpt>
   <trkpt lat="37.2678660" lon="-79.9587110">
    <ele>287.5</ele>
    <time>2026-04-08T09:51:57Z</time>
    <extensions>
     <power>366</power>
     <gpxtpx:TrackPointExtension>
      <gpxtpx:hr>110</gpxtpx:hr>
      <gpxtpx:cad>84</gpxtpx:cad>
     </gpxtpx:TrackPointExtension>
    </extensions>
   </trkpt>
   <trkpt lat="37.2678810" lon="-79.9587390">
    <ele>287.5</ele>
    <time>2026-04-08T09:51:58Z</time>
    <extensions>
     <power>371</power>
     <gpxtpx:TrackPointExtension>
      <gpxtpx:hr>110</gpxtpx:hr>
      <gpxtpx:cad>84</gpxtpx:cad>
     </gpxtpx:TrackPointExtension>
    </extensions>
   </trkpt>
   <trkpt lat="37.2678950" lon="-79.9587650">
    <ele>287.5</ele>
    <time>2026-04-08T09:51:59Z</time>
    <extensions>
     <power>372</power>
     <gpxtpx:TrackPointExtension>
      <gpxtpx:hr>111</gpxtpx:hr>
      <gpxtpx:cad>83</gpxtpx:cad>
     </gpxtpx:TrackPointExtension>
    </extensions>
   </trkpt>
   <trkpt lat="37.2679080" lon="-79.9587940">
    <ele>287.5</ele>
    <time>2026-04-08T09:52:00Z</time>
    <extensions>
     <power>372</power>
     <gpxtpx:TrackPointExtension>
      <gpxtpx:hr>111</gpxtpx:hr>
      <gpxtpx:cad>83</gpxtpx:cad>
     </gpxtpx:TrackPointExtension>
    </extensions>
   </trkpt>
   <trkpt lat="37.2679230" lon="-79.9588210">
    <ele>287.5</ele>
    <time>2026-04-08T09:52:01Z</time>
    <extensions>
     <power>372</power>
     <gpxtpx:TrackPointExtension>
      <gpxtpx:hr>112</gpxtpx:hr>
      <gpxtpx:cad>84</gpxtpx:cad>
     </gpxtpx:TrackPointExtension>
    </extensions>
   </trkpt>
   <trkpt lat="37.2679400" lon="-79.9588490">
    <ele>287.5</ele>
    <time>2026-04-08T09:52:02Z</time>
    <extensions>
     <power>372</power>
     <gpxtpx:TrackPointExtension>
      <gpxtpx:hr>112</gpxtpx:hr>
      <gpxtpx:cad>84</gpxtpx:cad>
     </gpxtpx:TrackPointExtension>
    </extensions>
   </trkpt>
   <trkpt lat="37.2679560" lon="-79.9588790">
    <ele>287.5</ele>
    <time>2026-04-08T09:52:03Z</time>
    <extensions>
     <power>370</power>
     <gpxtpx:TrackPointExtension>
      <gpxtpx:hr>113</gpxtpx:hr>
      <gpxtpx:cad>84</gpxtpx:cad>
     </gpxtpx:TrackPointExtension>
    </extensions>
   </trkpt>
   <trkpt lat="37.2679700" lon="-79.9589080">
    <ele>287.5</ele>
    <time>2026-04-08T09:52:04Z</time>
    <extensions>
     <power>370</power>
     <gpxtpx:TrackPointExtension>
      <gpxtpx:hr>113</gpxtpx:hr>
      <gpxtpx:cad>84</gpxtpx:cad>
     </gpxtpx:TrackPointExtension>
    </extensions>
   </trkpt>
   <trkpt lat="37.2679840" lon="-79.9589390">
    <ele>287.5</ele>
    <time>2026-04-08T09:52:05Z</time>
    <extensions>
     <power>370</power>
     <gpxtpx:TrackPointExtension>
      <gpxtpx:hr>113</gpxtpx:hr>
      <gpxtpx:cad>83</gpxtpx:cad>
     </gpxtpx:TrackPointExtension>
    </extensions>
   </trkpt>
   <trkpt lat="37.2680000" lon="-79.9589690">
    <ele>287.5</ele>
    <time>2026-04-08T09:52:06Z</time>
    <extensions>
     <power>366</power>
     <gpxtpx:TrackPointExtension>
      <gpxtpx:hr>114</gpxtpx:hr>
      <gpxtpx:cad>83</gpxtpx:cad>
     </gpxtpx:TrackPointExtension>
    </extensions>
   </trkpt>
   <trkpt lat="37.2680140" lon="-79.9589980">
    <ele>287.6</ele>
    <time>2026-04-08T09:52:07Z</time>
    <extensions>
     <power>362</power>
     <gpxtpx:TrackPointExtension>
      <gpxtpx:hr>114</gpxtpx:hr>
      <gpxtpx:cad>84</gpxtpx:cad>
     </gpxtpx:TrackPointExtension>
    </extensions>
   </trkpt>
   <trkpt lat="37.2680270" lon="-79.9590280">
    <ele>287.6</ele>
    <time>2026-04-08T09:52:08Z</time>
    <extensions>
     <power>360</power>
     <gpxtpx:TrackPointExtension>
      <gpxtpx:hr>114</gpxtpx:hr>
      <gpxtpx:cad>84</gpxtpx:cad>
     </gpxtpx:TrackPointExtension>
    </extensions>
   </trkpt>
   <trkpt lat="37.2680420" lon="-79.9590560">
    <ele>287.6</ele>
    <time>2026-04-08T09:52:09Z</time>
    <extensions>
     <power>350</power>
     <gpxtpx:TrackPointExtension>
      <gpxtpx:hr>115</gpxtpx:hr>
      <gpxtpx:cad>84</gpxtpx:cad>
     </gpxtpx:TrackPointExtension>
    </extensions>
   </trkpt>
   <trkpt lat="37.2680570" lon="-79.9590840">
    <ele>287.6</ele>
    <time>2026-04-08T09:52:10Z</time>
    <extensions>
     <power>350</power>
     <gpxtpx:TrackPointExtension>
      <gpxtpx:hr>115</gpxtpx:hr>
      <gpxtpx:cad>84</gpxtpx:cad>
     </gpxtpx:TrackPointExtension>
    </extensions>
   </trkpt>
   <trkpt lat="37.2680750" lon="-79.9591120">
    <ele>287.6</ele>
    <time>2026-04-08T09:52:11Z</time>
    <extensions>
     <power>346</power>
     <gpxtpx:TrackPointExtension>
      <gpxtpx:hr>116</gpxtpx:hr>
      <gpxtpx:cad>84</gpxtpx:cad>
     </gpxtpx:TrackPointExtension>
    </extensions>
   </trkpt>
   <trkpt lat="37.2680900" lon="-79.9591420">
    <ele>287.6</ele>
    <time>2026-04-08T09:52:12Z</time>
    <extensions>
     <power>348</power>
     <gpxtpx:TrackPointExtension>
      <gpxtpx:hr>116</gpxtpx:hr>
      <gpxtpx:cad>84</gpxtpx:cad>
     </gpxtpx:TrackPointExtension>
    </extensions>
   </trkpt>
   <trkpt lat="37.2681070" lon="-79.9591700">
    <ele>287.6</ele>
    <time>2026-04-08T09:52:13Z</time>
    <extensions>
     <power>349</power>
     <gpxtpx:TrackPointExtension>
      <gpxtpx:hr>116</gpxtpx:hr>
      <gpxtpx:cad>84</gpxtpx:cad>
     </gpxtpx:TrackPointExtension>
    </extensions>
   </trkpt>
   <trkpt lat="37.2681240" lon="-79.9591970">
    <ele>287.6</ele>
    <time>2026-04-08T09:52:14Z</time>
    <extensions>
     <power>349</power>
     <gpxtpx:TrackPointExtension>
      <gpxtpx:hr>116</gpxtpx:hr>
      <gpxtpx:cad>85</gpxtpx:cad>
     </gpxtpx:TrackPointExtension>
    </extensions>
   </trkpt>
   <trkpt lat="37.2681410" lon="-79.9592260">
    <ele>287.6</ele>
    <time>2026-04-08T09:52:15Z</time>
    <extensions>
     <power>350</power>
     <gpxtpx:TrackPointExtension>
      <gpxtpx:hr>116</gpxtpx:hr>
      <gpxtpx:cad>85</gpxtpx:cad>
     </gpxtpx:TrackPointExtension>
    </extensions>
   </trkpt>
   <trkpt lat="37.2681600" lon="-79.9592530">
    <ele>287.6</ele>
    <time>2026-04-08T09:52:16Z</time>
    <extensions>
     <power>349</power>
     <gpxtpx:TrackPointExtension>
      <gpxtpx:hr>117</gpxtpx:hr>
      <gpxtpx:cad>85</gpxtpx:cad>
     </gpxtpx:TrackPointExtension>
    </extensions>
   </trkpt>
   <trkpt lat="37.2681780" lon="-79.9592810">
    <ele>287.6</ele>
    <time>2026-04-08T09:52:17Z</time>
    <extensions>
     <power>351</power>
     <gpxtpx:TrackPointExtension>
      <gpxtpx:hr>117</gpxtpx:hr>
      <gpxtpx:cad>85</gpxtpx:cad>
     </gpxtpx:TrackPointExtension>
    </extensions>
   </trkpt>
   <trkpt lat="37.2681950" lon="-79.9593070">
    <ele>287.6</ele>
    <time>2026-04-08T09:52:18Z</time>
    <extensions>
     <power>350</power>
     <gpxtpx:TrackPointExtension>
      <gpxtpx:hr>117</gpxtpx:hr>
      <gpxtpx:cad>84</gpxtpx:cad>
     </gpxtpx:TrackPointExtension>
    </extensions>
   </trkpt>
   <trkpt lat="37.2682110" lon="-79.9593310">
    <ele>287.6</ele>
    <time>2026-04-08T09:52:19Z</time>
    <extensions>
     <power>354</power>
     <gpxtpx:TrackPointExtension>
      <gpxtpx:hr>117</gpxtpx:hr>
      <gpxtpx:cad>84</gpxtpx:cad>
     </gpxtpx:TrackPointExtension>
    </extensions>
   </trkpt>
   <trkpt lat="37.2682290" lon="-79.9593540">
    <ele>287.6</ele>
    <time>2026-04-08T09:52:20Z</time>
    <extensions>
     <power>354</power>
     <gpxtpx:TrackPointExtension>
      <gpxtpx:hr>118</gpxtpx:hr>
      <gpxtpx:cad>84</gpxtpx:cad>
     </gpxtpx:TrackPointExtension>
    </extensions>
   </trkpt>
   <trkpt lat="37.2682500" lon="-79.9593770">
    <ele>287.6</ele>
    <time>2026-04-08T09:52:21Z</time>
    <extensions>
     <power>352</power>
     <gpxtpx:TrackPointExtension>
      <gpxtpx:hr>118</gpxtpx:hr>
      <gpxtpx:cad>84</gpxtpx:cad>
     </gpxtpx:TrackPointExtension>
    </extensions>
   </trkpt>
   <trkpt lat="37.2682690" lon="-79.9594020">
    <ele>287.6</ele>
    <time>2026-04-08T09:52:22Z</time>
    <extensions>
     <power>351</power>
     <gpxtpx:TrackPointExtension>
      <gpxtpx:hr>118</gpxtpx:hr>
      <gpxtpx:cad>84</gpxtpx:cad>
     </gpxtpx:TrackPointExtension>
    </extensions>
   </trkpt>
   <trkpt lat="37.2682870" lon="-79.9594270">
    <ele>287.6</ele>
    <time>2026-04-08T09:52:23Z</time>
    <extensions>
     <power>350</power>
     <gpxtpx:TrackPointExtension>
      <gpxtpx:hr>118</gpxtpx:hr>
      <gpxtpx:cad>84</gpxtpx:cad>
     </gpxtpx:TrackPointExtension>
    </extensions>
   </trkpt>
   <trkpt lat="37.2683010" lon="-79.9594540">
    <ele>287.6</ele>
    <time>2026-04-08T09:52:24Z</time>
    <extensions>
     <power>347</power>
     <gpxtpx:TrackPointExtension>
      <gpxtpx:hr>118</gpxtpx:hr>
      <gpxtpx:cad>84</gpxtpx:cad>
     </gpxtpx:TrackPointExtension>
    </extensions>
   </trkpt>
   <trkpt lat="37.2683130" lon="-79.9594890">
    <ele>287.7</ele>
    <time>2026-04-08T09:52:25Z</time>
    <extensions>
     <power>344</power>
     <gpxtpx:TrackPointExtension>
      <gpxtpx:hr>118</gpxtpx:hr>
      <gpxtpx:cad>84</gpxtpx:cad>
     </gpxtpx:TrackPointExtension>
    </extensions>
   </trkpt>
   <trkpt lat="37.2683230" lon="-79.9595230">
    <ele>287.7</ele>
    <time>2026-04-08T09:52:26Z</time>
    <extensions>
     <power>344</power>
     <gpxtpx:TrackPointExtension>
      <gpxtpx:hr>119</gpxtpx:hr>
      <gpxtpx:cad>84</gpxtpx:cad>
     </gpxtpx:TrackPointExtension>
    </extensions>
   </trkpt>
   <trkpt lat="37.2683280" lon="-79.9595560">
    <ele>287.7</ele>
    <time>2026-04-08T09:52:27Z</time>
    <extensions>
     <power>341</power>
     <gpxtpx:TrackPointExtension>
      <gpxtpx:hr>119</gpxtpx:hr>
      <gpxtpx:cad>84</gpxtpx:cad>
     </gpxtpx:TrackPointExtension>
    </extensions>
   </trkpt>
   <trkpt lat="37.2683310" lon="-79.9595870">
    <ele>287.7</ele>
    <time>2026-04-08T09:52:28Z</time>
    <extensions>
     <power>344</power>
     <gpxtpx:TrackPointExtension>
      <gpxtpx:hr>119</gpxtpx:hr>
      <gpxtpx:cad>84</gpxtpx:cad>
     </gpxtpx:TrackPointExtension>
    </extensions>
   </trkpt>
   <trkpt lat="37.2683310" lon="-79.9596170">
    <ele>287.7</ele>
    <time>2026-04-08T09:52:29Z</time>
    <extensions>
     <power>343</power>
     <gpxtpx:TrackPointExtension>
      <gpxtpx:hr>119</gpxtpx:hr>
      <gpxtpx:cad>84</gpxtpx:cad>
     </gpxtpx:TrackPointExtension>
    </extensions>
   </trkpt>
   <trkpt lat="37.2683250" lon="-79.9596470">
    <ele>287.7</ele>
    <time>2026-04-08T09:52:30Z</time>
    <extensions>
     <power>338</power>
     <gpxtpx:TrackPointExtension>
      <gpxtpx:hr>119</gpxtpx:hr>
      <gpxtpx:cad>84</gpxtpx:cad>
     </gpxtpx:TrackPointExtension>
    </extensions>
   </trkpt>
   <trkpt lat="37.2683170" lon="-79.9596770">
    <ele>287.7</ele>
    <time>2026-04-08T09:52:31Z</time>
    <extensions>
     <power>335</power>
     <gpxtpx:TrackPointExtension>
      <gpxtpx:hr>119</gpxtpx:hr>
      <gpxtpx:cad>84</gpxtpx:cad>
     </gpxtpx:TrackPointExtension>
    </extensions>
   </trkpt>
   <trkpt lat="37.2683100" lon="-79.9597040">
    <ele>287.7</ele>
    <time>2026-04-08T09:52:32Z</time>
    <extensions>
     <power>334</power>
     <gpxtpx:TrackPointExtension>
      <gpxtpx:hr>120</gpxtpx:hr>
      <gpxtpx:cad>83</gpxtpx:cad>
     </gpxtpx:TrackPointExtension>
    </extensions>
   </trkpt>
   <trkpt lat="37.2683020" lon="-79.9597350">
    <ele>287.7</ele>
    <time>2026-04-08T09:52:33Z</time>
    <extensions>
     <power>334</power>
     <gpxtpx:TrackPointExtension>
      <gpxtpx:hr>120</gpxtpx:hr>
      <gpxtpx:cad>83</gpxtpx:cad>
     </gpxtpx:TrackPointExtension>
    </extensions>
   </trkpt>
   <trkpt lat="37.2682940" lon="-79.9597640">
    <ele>287.7</ele>
    <time>2026-04-08T09:52:34Z</time>
    <extensions>
     <power>335</power>
     <gpxtpx:TrackPointExtension>
      <gpxtpx:hr>120</gpxtpx:hr>
      <gpxtpx:cad>83</gpxtpx:cad>
     </gpxtpx:TrackPointExtension>
    </extensions>
   </trkpt>
   <trkpt lat="37.2682860" lon="-79.9597940">
    <ele>287.7</ele>
    <time>2026-04-08T09:52:35Z</time>
    <extensions>
     <power>334</power>
     <gpxtpx:TrackPointExtension>
      <gpxtpx:hr>120</gpxtpx:hr>
      <gpxtpx:cad>83</gpxtpx:cad>
     </gpxtpx:TrackPointExtension>
    </extensions>
   </trkpt>
   <trkpt lat="37.2682770" lon="-79.9598240">
    <ele>287.7</ele>
    <time>2026-04-08T09:52:36Z</time>
    <extensions>
     <power>334</power>
     <gpxtpx:TrackPointExtension>
      <gpxtpx:hr>120</gpxtpx:hr>
      <gpxtpx:cad>83</gpxtpx:cad>
     </gpxtpx:TrackPointExtension>
    </extensions>
   </trkpt>
   <trkpt lat="37.2682640" lon="-79.9598560">
    <ele>287.7</ele>
    <time>2026-04-08T09:52:37Z</time>
    <extensions>
     <power>334</power>
     <gpxtpx:TrackPointExtension>
      <gpxtpx:hr>120</gpxtpx:hr>
      <gpxtpx:cad>83</gpxtpx:cad>
     </gpxtpx:TrackPointExtension>
    </extensions>
   </trkpt>
   <trkpt lat="37.2682530" lon="-79.9598910">
    <ele>287.7</ele>
    <time>2026-04-08T09:52:38Z</time>
    <extensions>
     <power>331</power>
     <gpxtpx:TrackPointExtension>
      <gpxtpx:hr>121</gpxtpx:hr>
      <gpxtpx:cad>83</gpxtpx:cad>
     </gpxtpx:TrackPointExtension>
    </extensions>
   </trkpt>
   <trkpt lat="37.2682440" lon="-79.9599270">
    <ele>287.7</ele>
    <time>2026-04-08T09:52:39Z</time>
    <extensions>
     <power>330</power>
     <gpxtpx:TrackPointExtension>
      <gpxtpx:hr>121</gpxtpx:hr>
      <gpxtpx:cad>83</gpxtpx:cad>
     </gpxtpx:TrackPointExtension>
    </extensions>
   </trkpt>
   <trkpt lat="37.2682350" lon="-79.9599630">
    <ele>287.7</ele>
    <time>2026-04-08T09:52:40Z</time>
    <extensions>
     <power>330</power>
     <gpxtpx:TrackPointExtension>
      <gpxtpx:hr>121</gpxtpx:hr>
      <gpxtpx:cad>83</gpxtpx:cad>
     </gpxtpx:TrackPointExtension>
    </extensions>
   </trkpt>
   <trkpt lat="37.2682260" lon="-79.9599990">
    <ele>287.7</ele>
    <time>2026-04-08T09:52:41Z</time>
    <extensions>
     <power>333</power>
     <gpxtpx:TrackPointExtension>
      <gpxtpx:hr>121</gpxtpx:hr>
      <gpxtpx:cad>83</gpxtpx:cad>
     </gpxtpx:TrackPointExtension>
    </extensions>
   </trkpt>
   <trkpt lat="37.2682160" lon="-79.9600320">
    <ele>287.7</ele>
    <time>2026-04-08T09:52:42Z</time>
    <extensions>
     <power>337</power>
     <gpxtpx:TrackPointExtension>
      <gpxtpx:hr>122</gpxtpx:hr>
      <gpxtpx:cad>83</gpxtpx:cad>
     </gpxtpx:TrackPointExtension>
    </extensions>
   </trkpt>
   <trkpt lat="37.2682090" lon="-79.9600670">
    <ele>287.8</ele>
    <time>2026-04-08T09:52:43Z</time>
    <extensions>
     <power>338</power>
     <gpxtpx:TrackPointExtension>
      <gpxtpx:hr>122</gpxtpx:hr>
      <gpxtpx:cad>83</gpxtpx:cad>
     </gpxtpx:TrackPointExtension>
    </extensions>
   </trkpt>
   <trkpt lat="37.2682020" lon="-79.9600990">
    <ele>287.8</ele>
    <time>2026-04-08T09:52:44Z</time>
    <extensions>
     <power>341</power>
     <gpxtpx:TrackPointExtension>
      <gpxtpx:hr>122</gpxtpx:hr>
      <gpxtpx:cad>83</gpxtpx:cad>
     </gpxtpx:TrackPointExtension>
    </extensions>
   </trkpt>
   <trkpt lat="37.2681960" lon="-79.9601300">
    <ele>287.8</ele>
    <time>2026-04-08T09:52:45Z</time>
    <extensions>
     <power>342</power>
     <gpxtpx:TrackPointExtension>
      <gpxtpx:hr>122</gpxtpx:hr>
      <gpxtpx:cad>83</gpxtpx:cad>
     </gpxtpx:TrackPointExtension>
    </extensions>
   </trkpt>
   <trkpt lat="37.2681900" lon="-79.9601630">
    <ele>287.8</ele>
    <time>2026-04-08T09:52:46Z</time>
    <extensions>
     <power>345</power>
     <gpxtpx:TrackPointExtension>
      <gpxtpx:hr>122</gpxtpx:hr>
      <gpxtpx:cad>83</gpxtpx:cad>
     </gpxtpx:TrackPointExtension>
    </extensions>
   </trkpt>
   <trkpt lat="37.2681840" lon="-79.9601990">
    <ele>287.8</ele>
    <time>2026-04-08T09:52:47Z</time>
    <extensions>
     <power>348</power>
     <gpxtpx:TrackPointExtension>
      <gpxtpx:hr>122</gpxtpx:hr>
      <gpxtpx:cad>83</gpxtpx:cad>
     </gpxtpx:TrackPointExtension>
    </extensions>
   </trkpt>
   <trkpt lat="37.2681790" lon="-79.9602390">
    <ele>287.8</ele>
    <time>2026-04-08T09:52:48Z</time>
    <extensions>
     <power>348</power>
     <gpxtpx:TrackPointExtension>
      <gpxtpx:hr>123</gpxtpx:hr>
      <gpxtpx:cad>83</gpxtpx:cad>
     </gpxtpx:TrackPointExtension>
    </extensions>
   </trkpt>
   <trkpt lat="37.2681770" lon="-79.9602760">
    <ele>287.8</ele>
    <time>2026-04-08T09:52:49Z</time>
    <extensions>
     <power>350</power>
     <gpxtpx:TrackPointExtension>
      <gpxtpx:hr>122</gpxtpx:hr>
      <gpxtpx:cad>83</gpxtpx:cad>
     </gpxtpx:TrackPointExtension>
    </extensions>
   </trkpt>
   <trkpt lat="37.2681760" lon="-79.9603140">
    <ele>287.8</ele>
    <time>2026-04-08T09:52:50Z</time>
    <extensions>
     <power>354</power>
     <gpxtpx:TrackPointExtension>
      <gpxtpx:hr>122</gpxtpx:hr>
      <gpxtpx:cad>83</gpxtpx:cad>
     </gpxtpx:TrackPointExtension>
    </extensions>
   </trkpt>
   <trkpt lat="37.2681760" lon="-79.9603490">
    <ele>287.8</ele>
    <time>2026-04-08T09:52:51Z</time>
    <extensions>
     <power>361</power>
     <gpxtpx:TrackPointExtension>
      <gpxtpx:hr>122</gpxtpx:hr>
      <gpxtpx:cad>84</gpxtpx:cad>
     </gpxtpx:TrackPointExtension>
    </extensions>
   </trkpt>
   <trkpt lat="37.2681760" lon="-79.9603820">
    <ele>287.8</ele>
    <time>2026-04-08T09:52:52Z</time>
    <extensions>
     <power>367</power>
     <gpxtpx:TrackPointExtension>
      <gpxtpx:hr>123</gpxtpx:hr>
      <gpxtpx:cad>84</gpxtpx:cad>
     </gpxtpx:TrackPointExtension>
    </extensions>
   </trkpt>
   <trkpt lat="37.2681760" lon="-79.9604180">
    <ele>287.8</ele>
    <time>2026-04-08T09:52:53Z</time>
    <extensions>
     <power>366</power>
     <gpxtpx:TrackPointExtension>
      <gpxtpx:hr>122</gpxtpx:hr>
      <gpxtpx:cad>84</gpxtpx:cad>
     </gpxtpx:TrackPointExtension>
    </extensions>
   </trkpt>
   <trkpt lat="37.2681760" lon="-79.9604520">
    <ele>287.8</ele>
    <time>2026-04-08T09:52:54Z</time>
    <extensions>
     <power>365</power>
     <gpxtpx:TrackPointExtension>
      <gpxtpx:hr>123</gpxtpx:hr>
      <gpxtpx:cad>83</gpxtpx:cad>
     </gpxtpx:TrackPointExtension>
    </extensions>
   </trkpt>
   <trkpt lat="37.2681780" lon="-79.9604880">
    <ele>287.8</ele>
    <time>2026-04-08T09:52:55Z</time>
    <extensions>
     <power>368</power>
     <gpxtpx:TrackPointExtension>
      <gpxtpx:hr>123</gpxtpx:hr>
      <gpxtpx:cad>83</gpxtpx:cad>
     </gpxtpx:TrackPointExtension>
    </extensions>
   </trkpt>
   <trkpt lat="37.2681820" lon="-79.9605220">
    <ele>287.8</ele>
    <time>2026-04-08T09:52:56Z</time>
    <extensions>
     <power>367</power>
     <gpxtpx:TrackPointExtension>
      <gpxtpx:hr>123</gpxtpx:hr>
      <gpxtpx:cad>83</gpxtpx:cad>
     </gpxtpx:TrackPointExtension>
    </extensions>
   </trkpt>
   <trkpt lat="37.2681870" lon="-79.9605560">
    <ele>287.8</ele>
    <time>2026-04-08T09:52:57Z</time>
    <extensions>
     <power>372</power>
     <gpxtpx:TrackPointExtension>
      <gpxtpx:hr>123</gpxtpx:hr>
      <gpxtpx:cad>84</gpxtpx:cad>
     </gpxtpx:TrackPointExtension>
    </extensions>
   </trkpt>
   <trkpt lat="37.2681910" lon="-79.9605920">
    <ele>287.8</ele>
    <time>2026-04-08T09:52:58Z</time>
    <extensions>
     <power>373</power>
     <gpxtpx:TrackPointExtension>
      <gpxtpx:hr>123</gpxtpx:hr>
      <gpxtpx:cad>84</gpxtpx:cad>
     </gpxtpx:TrackPointExtension>
    </extensions>
   </trkpt>
   <trkpt lat="37.2681970" lon="-79.9606270">
    <ele>287.8</ele>
    <time>2026-04-08T09:52:59Z</time>
    <extensions>
     <power>373</power>
     <gpxtpx:TrackPointExtension>
      <gpxtpx:hr>123</gpxtpx:hr>
      <gpxtpx:cad>84</gpxtpx:cad>
     </gpxtpx:TrackPointExtension>
    </extensions>
   </trkpt>
   <trkpt lat="37.2682020" lon="-79.9606630">
    <ele>287.8</ele>
    <time>2026-04-08T09:53:00Z</time>
    <extensions>
     <power>376</power>
     <gpxtpx:TrackPointExtension>
      <gpxtpx:hr>124</gpxtpx:hr>
      <gpxtpx:cad>84</gpxtpx:cad>
     </gpxtpx:TrackPointExtension>
    </extensions>
   </trkpt>
   <trkpt lat="37.2682080" lon="-79.9607000">
    <ele>287.9</ele>
    <time>2026-04-08T09:53:01Z</time>
    <extensions>
     <power>378</power>
     <gpxtpx:TrackPointExtension>
      <gpxtpx:hr>124</gpxtpx:hr>
      <gpxtpx:cad>84</gpxtpx:cad>
     </gpxtpx:TrackPointExtension>
    </extensions>
   </trkpt>
   <trkpt lat="37.2682130" lon="-79.9607360">
    <ele>287.9</ele>
    <time>2026-04-08T09:53:02Z</time>
    <extensions>
     <power>379</power>
     <gpxtpx:TrackPointExtension>
      <gpxtpx:hr>124</gpxtpx:hr>
      <gpxtpx:cad>84</gpxtpx:cad>
     </gpxtpx:TrackPointExtension>
    </extensions>
   </trkpt>
   <trkpt lat="37.2682190" lon="-79.9607700">
    <ele>287.9</ele>
    <time>2026-04-08T09:53:03Z</time>
    <extensions>
     <power>382</power>
     <gpxtpx:TrackPointExtension>
      <gpxtpx:hr>124</gpxtpx:hr>
      <gpxtpx:cad>84</gpxtpx:cad>
     </gpxtpx:TrackPointExtension>
    </extensions>
   </trkpt>
   <trkpt lat="37.2682230" lon="-79.9608020">
    <ele>287.9</ele>
    <time>2026-04-08T09:53:04Z</time>
    <extensions>
     <power>385</power>
     <gpxtpx:TrackPointExtension>
      <gpxtpx:hr>124</gpxtpx:hr>
      <gpxtpx:cad>84</gpxtpx:cad>
     </gpxtpx:TrackPointExtension>
    </extensions>
   </trkpt>
   <trkpt lat="37.2682260" lon="-79.9608330">
    <ele>287.9</ele>
    <time>2026-04-08T09:53:05Z</time>
    <extensions>
     <power>390</power>
     <gpxtpx:TrackPointExtension>
      <gpxtpx:hr>124</gpxtpx:hr>
      <gpxtpx:cad>83</gpxtpx:cad>
     </gpxtpx:TrackPointExtension>
    </extensions>
   </trkpt>
   <trkpt lat="37.2682320" lon="-79.9608640">
    <ele>287.9</ele>
    <time>2026-04-08T09:53:06Z</time>
    <extensions>
     <power>392</power>
     <gpxtpx:TrackPointExtension>
      <gpxtpx:hr>124</gpxtpx:hr>
      <gpxtpx:cad>83</gpxtpx:cad>
     </gpxtpx:TrackPointExtension>
    </extensions>
   </trkpt>
   <trkpt lat="37.2682380" lon="-79.9608980">
    <ele>287.9</ele>
    <time>2026-04-08T09:53:07Z</time>
    <extensions>
     <power>392</power>
     <gpxtpx:TrackPointExtension>
      <gpxtpx:hr>125</gpxtpx:hr>
      <gpxtpx:cad>84</gpxtpx:cad>
     </gpxtpx:TrackPointExtension>
    </extensions>
   </trkpt>
   <trkpt lat="37.2682410" lon="-79.9609340">
    <ele>287.9</ele>
    <time>2026-04-08T09:53:08Z</time>
    <extensions>
     <power>388</power>
     <gpxtpx:TrackPointExtension>
      <gpxtpx:hr>125</gpxtpx:hr>
      <gpxtpx:cad>84</gpxtpx:cad>
     </gpxtpx:TrackPointExtension>
    </extensions>
   </trkpt>
   <trkpt lat="37.2682430" lon="-79.9609700">
    <ele>287.9</ele>
    <time>2026-04-08T09:53:09Z</time>
    <extensions>
     <power>384</power>
     <gpxtpx:TrackPointExtension>
      <gpxtpx:hr>125</gpxtpx:hr>
      <gpxtpx:cad>83</gpxtpx:cad>
     </gpxtpx:TrackPointExtension>
    </extensions>
   </trkpt>
   <trkpt lat="37.2682430" lon="-79.9610070">
    <ele>287.8</ele>
    <time>2026-04-08T09:53:10Z</time>
    <extensions>
     <power>383</power>
     <gpxtpx:TrackPointExtension>
      <gpxtpx:hr>125</gpxtpx:hr>
      <gpxtpx:cad>83</gpxtpx:cad>
     </gpxtpx:TrackPointExtension>
    </extensions>
   </trkpt>
   <trkpt lat="37.2682400" lon="-79.9610430">
    <ele>287.7</ele>
    <time>2026-04-08T09:53:11Z</time>
    <extensions>
     <power>379</power>
     <gpxtpx:TrackPointExtension>
      <gpxtpx:hr>125</gpxtpx:hr>
      <gpxtpx:cad>84</gpxtpx:cad>
     </gpxtpx:TrackPointExtension>
    </extensions>
   </trkpt>
   <trkpt lat="37.2682370" lon="-79.9610770">
    <ele>287.7</ele>
    <time>2026-04-08T09:53:12Z</time>
    <extensions>
     <power>376</power>
     <gpxtpx:TrackPointExtension>
      <gpxtpx:hr>125</gpxtpx:hr>
      <gpxtpx:cad>84</gpxtpx:cad>
     </gpxtpx:TrackPointExtension>
    </extensions>
   </trkpt>
   <trkpt lat="37.2682300" lon="-79.9611100">
    <ele>287.6</ele>
    <time>2026-04-08T09:53:13Z</time>
    <extensions>
     <power>367</power>
     <gpxtpx:TrackPointExtension>
      <gpxtpx:hr>125</gpxtpx:hr>
      <gpxtpx:cad>84</gpxtpx:cad>
     </gpxtpx:TrackPointExtension>
    </extensions>
   </trkpt>
   <trkpt lat="37.2682230" lon="-79.9611440">
    <ele>287.5</ele>
    <time>2026-04-08T09:53:14Z</time>
    <extensions>
     <power>363</power>
     <gpxtpx:TrackPointExtension>
      <gpxtpx:hr>125</gpxtpx:hr>
      <gpxtpx:cad>83</gpxtpx:cad>
     </gpxtpx:TrackPointExtension>
    </extensions>
   </trkpt>
   <trkpt lat="37.2682150" lon="-79.9611740">
    <ele>287.4</ele>
    <time>2026-04-08T09:53:15Z</time>
    <extensions>
     <power>360</power>
     <gpxtpx:TrackPointExtension>
      <gpxtpx:hr>126</gpxtpx:hr>
      <gpxtpx:cad>83</gpxtpx:cad>
     </gpxtpx:TrackPointExtension>
    </extensions>
   </trkpt>
   <trkpt lat="37.2682080" lon="-79.9612060">
    <ele>287.3</ele>
    <time>2026-04-08T09:53:16Z</time>
    <extensions>
     <power>358</power>
     <gpxtpx:TrackPointExtension>
      <gpxtpx:hr>126</gpxtpx:hr>
      <gpxtpx:cad>84</gpxtpx:cad>
     </gpxtpx:TrackPointExtension>
    </extensions>
   </trkpt>
   <trkpt lat="37.2682000" lon="-79.9612370">
    <ele>287.3</ele>
    <time>2026-04-08T09:53:17Z</time>
    <extensions>
     <power>355</power>
     <gpxtpx:TrackPointExtension>
      <gpxtpx:hr>126</gpxtpx:hr>
      <gpxtpx:cad>84</gpxtpx:cad>
     </gpxtpx:TrackPointExtension>
    </extensions>
   </trkpt>
   <trkpt lat="37.2681910" lon="-79.9612670">
    <ele>287.2</ele>
    <time>2026-04-08T09:53:18Z</time>
    <extensions>
     <power>354</power>
     <gpxtpx:TrackPointExtension>
      <gpxtpx:hr>126</gpxtpx:hr>
      <gpxtpx:cad>84</gpxtpx:cad>
     </gpxtpx:TrackPointExtension>
    </extensions>
   </trkpt>
   <trkpt lat="37.2681830" lon="-79.9612960">
    <ele>287.1</ele>
    <time>2026-04-08T09:53:19Z</time>
    <extensions>
     <power>356</power>
     <gpxtpx:TrackPointExtension>
      <gpxtpx:hr>126</gpxtpx:hr>
      <gpxtpx:cad>84</gpxtpx:cad>
     </gpxtpx:TrackPointExtension>
    </extensions>
   </trkpt>
   <trkpt lat="37.2681780" lon="-79.9613270">
    <ele>287.0</ele>
    <time>2026-04-08T09:53:20Z</time>
    <extensions>
     <power>356</power>
     <gpxtpx:TrackPointExtension>
      <gpxtpx:hr>125</gpxtpx:hr>
      <gpxtpx:cad>85</gpxtpx:cad>
     </gpxtpx:TrackPointExtension>
    </extensions>
   </trkpt>
   <trkpt lat="37.2681710" lon="-79.9613610">
    <ele>287.0</ele>
    <time>2026-04-08T09:53:21Z</time>
    <extensions>
     <power>356</power>
     <gpxtpx:TrackPointExtension>
      <gpxtpx:hr>125</gpxtpx:hr>
      <gpxtpx:cad>85</gpxtpx:cad>
     </gpxtpx:TrackPointExtension>
    </extensions>
   </trkpt>
   <trkpt lat="37.2681650" lon="-79.9613930">
    <ele>286.9</ele>
    <time>2026-04-08T09:53:22Z</time>
    <extensions>
     <power>355</power>
     <gpxtpx:TrackPointExtension>
      <gpxtpx:hr>125</gpxtpx:hr>
      <gpxtpx:cad>85</gpxtpx:cad>
     </gpxtpx:TrackPointExtension>
    </extensions>
   </trkpt>
   <trkpt lat="37.2681610" lon="-79.9614260">
    <ele>286.8</ele>
    <time>2026-04-08T09:53:23Z</time>
    <extensions>
     <power>356</power>
     <gpxtpx:TrackPointExtension>
      <gpxtpx:hr>125</gpxtpx:hr>
      <gpxtpx:cad>84</gpxtpx:cad>
     </gpxtpx:TrackPointExtension>
    </extensions>
   </trkpt>
   <trkpt lat="37.2681570" lon="-79.9614590">
    <ele>286.7</ele>
    <time>2026-04-08T09:53:24Z</time>
    <extensions>
     <power>357</power>
     <gpxtpx:TrackPointExtension>
      <gpxtpx:hr>125</gpxtpx:hr>
      <gpxtpx:cad>84</gpxtpx:cad>
     </gpxtpx:TrackPointExtension>
    </extensions>
   </trkpt>
   <trkpt lat="37.2681520" lon="-79.9614930">
    <ele>286.6</ele>
    <time>2026-04-08T09:53:25Z</time>
    <extensions>
     <power>358</power>
     <gpxtpx:TrackPointExtension>
      <gpxtpx:hr>125</gpxtpx:hr>
      <gpxtpx:cad>84</gpxtpx:cad>
     </gpxtpx:TrackPointExtension>
    </extensions>
   </trkpt>
   <trkpt lat="37.2681480" lon="-79.9615290">
    <ele>286.6</ele>
    <time>2026-04-08T09:53:26Z</time>
    <extensions>
     <power>358</power>
     <gpxtpx:TrackPointExtension>
      <gpxtpx:hr>125</gpxtpx:hr>
      <gpxtpx:cad>84</gpxtpx:cad>
     </gpxtpx:TrackPointExtension>
    </extensions>
   </trkpt>
   <trkpt lat="37.2681440" lon="-79.9615620">
    <ele>286.5</ele>
    <time>2026-04-08T09:53:27Z</time>
    <extensions>
     <power>360</power>
     <gpxtpx:TrackPointExtension>
      <gpxtpx:hr>124</gpxtpx:hr>
      <gpxtpx:cad>84</gpxtpx:cad>
     </gpxtpx:TrackPointExtension>
    </extensions>
   </trkpt>
   <trkpt lat="37.2681410" lon="-79.9615970">
    <ele>286.4</ele>
    <time>2026-04-08T09:53:28Z</time>
    <extensions>
     <power>364</power>
     <gpxtpx:TrackPointExtension>
      <gpxtpx:hr>125</gpxtpx:hr>
      <gpxtpx:cad>84</gpxtpx:cad>
     </gpxtpx:TrackPointExtension>
    </extensions>
   </trkpt>
   <trkpt lat="37.2681380" lon="-79.9616320">
    <ele>286.3</ele>
    <time>2026-04-08T09:53:29Z</time>
    <extensions>
     <power>367</power>
     <gpxtpx:TrackPointExtension>
      <gpxtpx:hr>125</gpxtpx:hr>
      <gpxtpx:cad>84</gpxtpx:cad>
     </gpxtpx:TrackPointExtension>
    </extensions>
   </trkpt>
   <trkpt lat="37.2681330" lon="-79.9616670">
    <ele>286.2</ele>
    <time>2026-04-08T09:53:30Z</time>
    <extensions>
     <power>366</power>
     <gpxtpx:TrackPointExtension>
      <gpxtpx:hr>125</gpxtpx:hr>
      <gpxtpx:cad>85</gpxtpx:cad>
     </gpxtpx:TrackPointExtension>
    </extensions>
   </trkpt>
   <trkpt lat="37.2681300" lon="-79.9617030">
    <ele>286.2</ele>
    <time>2026-04-08T09:53:31Z</time>
    <extensions>
     <power>371</power>
     <gpxtpx:TrackPointExtension>
      <gpxtpx:hr>124</gpxtpx:hr>
      <gpxtpx:cad>85</gpxtpx:cad>
     </gpxtpx:TrackPointExtension>
    </extensions>
   </trkpt>
   <trkpt lat="37.2681240" lon="-79.9617380">
    <ele>286.1</ele>
    <time>2026-04-08T09:53:32Z</time>
    <extensions>
     <power>373</power>
     <gpxtpx:TrackPointExtension>
      <gpxtpx:hr>125</gpxtpx:hr>
      <gpxtpx:cad>84</gpxtpx:cad>
     </gpxtpx:TrackPointExtension>
    </extensions>
   </trkpt>
   <trkpt lat="37.2681180" lon="-79.9617740">
    <ele>286.0</ele>
    <time>2026-04-08T09:53:33Z</time>
    <extensions>
     <power>375</power>
     <gpxtpx:TrackPointExtension>
      <gpxtpx:hr>125</gpxtpx:hr>
      <gpxtpx:cad>84</gpxtpx:cad>
     </gpxtpx:TrackPointExtension>
    </extensions>
   </trkpt>
   <trkpt lat="37.2681120" lon="-79.9618070">
    <ele>285.9</ele>
    <time>2026-04-08T09:53:34Z</time>
    <extensions>
     <power>376</power>
     <gpxtpx:TrackPointExtension>
      <gpxtpx:hr>125</gpxtpx:hr>
      <gpxtpx:cad>84</gpxtpx:cad>
     </gpxtpx:TrackPointExtension>
    </extensions>
   </trkpt>
   <trkpt lat="37.2681070" lon="-79.9618390">
    <ele>285.8</ele>
    <time>2026-04-08T09:53:35Z</time>
    <extensions>
     <power>380</power>
     <gpxtpx:TrackPointExtension>
      <gpxtpx:hr>125</gpxtpx:hr>
      <gpxtpx:cad>83</gpxtpx:cad>
     </gpxtpx:TrackPointExtension>
    </extensions>
   </trkpt>
   <trkpt lat="37.2681030" lon="-79.9618720">
    <ele>285.8</ele>
    <time>2026-04-08T09:53:36Z</time>
    <extensions>
     <power>376</power>
     <gpxtpx:TrackPointExtension>
      <gpxtpx:hr>125</gpxtpx:hr>
      <gpxtpx:cad>83</gpxtpx:cad>
     </gpxtpx:TrackPointExtension>
    </extensions>
   </trkpt>
   <trkpt lat="37.2681000" lon="-79.9619040">
    <ele>285.7</ele>
    <time>2026-04-08T09:53:37Z</time>
    <extensions>
     <power>375</power>
     <gpxtpx:TrackPointExtension>
      <gpxtpx:hr>125</gpxtpx:hr>
      <gpxtpx:cad>84</gpxtpx:cad>
     </gpxtpx:TrackPointExtension>
    </extensions>
   </trkpt>
   <trkpt lat="37.2680980" lon="-79.9619380">
    <ele>285.6</ele>
    <time>2026-04-08T09:53:38Z</time>
    <extensions>
     <power>372</power>
     <gpxtpx:TrackPointExtension>
      <gpxtpx:hr>125</gpxtpx:hr>
      <gpxtpx:cad>84</gpxtpx:cad>
     </gpxtpx:TrackPointExtension>
    </extensions>
   </trkpt>
   <trkpt lat="37.2680960" lon="-79.9619700">
    <ele>285.5</ele>
    <time>2026-04-08T09:53:39Z</time>
    <extensions>
     <power>374</power>
     <gpxtpx:TrackPointExtension>
      <gpxtpx:hr>125</gpxtpx:hr>
      <gpxtpx:cad>84</gpxtpx:cad>
     </gpxtpx:TrackPointExtension>
    </extensions>
   </trkpt>
   <trkpt lat="37.2680940" lon="-79.9620030">
    <ele>285.5</ele>
    <time>2026-04-08T09:53:40Z</time>
    <extensions>
     <power>375</power>
     <gpxtpx:TrackPointExtension>
      <gpxtpx:hr>125</gpxtpx:hr>
      <gpxtpx:cad>84</gpxtpx:cad>
     </gpxtpx:TrackPointExtension>
    </extensions>
   </trkpt>
   <trkpt lat="37.2680930" lon="-79.9620360">
    <ele>285.5</ele>
    <time>2026-04-08T09:53:41Z</time>
    <extensions>
     <power>374</power>
     <gpxtpx:TrackPointExtension>
      <gpxtpx:hr>126</gpxtpx:hr>
      <gpxtpx:cad>84</gpxtpx:cad>
     </gpxtpx:TrackPointExtension>
    </extensions>
   </trkpt>
   <trkpt lat="37.2680900" lon="-79.9620710">
    <ele>285.5</ele>
    <time>2026-04-08T09:53:42Z</time>
    <extensions>
     <power>368</power>
     <gpxtpx:TrackPointExtension>
      <gpxtpx:hr>126</gpxtpx:hr>
      <gpxtpx:cad>84</gpxtpx:cad>
     </gpxtpx:TrackPointExtension>
    </extensions>
   </trkpt>
   <trkpt lat="37.2680860" lon="-79.9621080">
    <ele>285.6</ele>
    <time>2026-04-08T09:53:43Z</time>
    <extensions>
     <power>363</power>
     <gpxtpx:TrackPointExtension>
      <gpxtpx:hr>126</gpxtpx:hr>
      <gpxtpx:cad>84</gpxtpx:cad>
     </gpxtpx:TrackPointExtension>
    </extensions>
   </trkpt>
   <trkpt lat="37.2680830" lon="-79.9621430">
    <ele>285.6</ele>
    <time>2026-04-08T09:53:44Z</time>
    <extensions>
     <power>363</power>
     <gpxtpx:TrackPointExtension>
      <gpxtpx:hr>127</gpxtpx:hr>
      <gpxtpx:cad>83</gpxtpx:cad>
     </gpxtpx:TrackPointExtension>
    </extensions>
   </trkpt>
   <trkpt lat="37.2680830" lon="-79.9621800">
    <ele>285.7</ele>
    <time>2026-04-08T09:53:45Z</time>
    <extensions>
     <power>360</power>
     <gpxtpx:TrackPointExtension>
      <gpxtpx:hr>127</gpxtpx:hr>
      <gpxtpx:cad>83</gpxtpx:cad>
     </gpxtpx:TrackPointExtension>
    </extensions>
   </trkpt>
   <trkpt lat="37.2680810" lon="-79.9622180">
    <ele>285.7</ele>
    <time>2026-04-08T09:53:46Z</time>
    <extensions>
     <power>359</power>
     <gpxtpx:TrackPointExtension>
      <gpxtpx:hr>127</gpxtpx:hr>
      <gpxtpx:cad>84</gpxtpx:cad>
     </gpxtpx:TrackPointExtension>
    </extensions>
   </trkpt>
   <trkpt lat="37.2680770" lon="-79.9622550">
    <ele>285.7</ele>
    <time>2026-04-08T09:53:47Z</time>
    <extensions>
     <power>360</power>
     <gpxtpx:TrackPointExtension>
      <gpxtpx:hr>127</gpxtpx:hr>
      <gpxtpx:cad>84</gpxtpx:cad>
     </gpxtpx:TrackPointExtension>
    </extensions>
   </trkpt>
   <trkpt lat="37.2680730" lon="-79.9622920">
    <ele>285.8</ele>
    <time>2026-04-08T09:53:48Z</time>
    <extensions>
     <power>358</power>
     <gpxtpx:TrackPointExtension>
      <gpxtpx:hr>127</gpxtpx:hr>
      <gpxtpx:cad>85</gpxtpx:cad>
     </gpxtpx:TrackPointExtension>
    </extensions>
   </trkpt>
   <trkpt lat="37.2680670" lon="-79.9623290">
    <ele>285.8</ele>
    <time>2026-04-08T09:53:49Z</time>
    <extensions>
     <power>357</power>
     <gpxtpx:TrackPointExtension>
      <gpxtpx:hr>127</gpxtpx:hr>
      <gpxtpx:cad>85</gpxtpx:cad>
     </gpxtpx:TrackPointExtension>
    </extensions>
   </trkpt>
   <trkpt lat="37.2680580" lon="-79.9623660">
    <ele>285.8</ele>
    <time>2026-04-08T09:53:50Z</time>
    <extensions>
     <power>356</power>
     <gpxtpx:TrackPointExtension>
      <gpxtpx:hr>127</gpxtpx:hr>
      <gpxtpx:cad>84</gpxtpx:cad>
     </gpxtpx:TrackPointExtension>
    </extensions>
   </trkpt>
   <trkpt lat="37.2680460" lon="-79.9624020">
    <ele>285.9</ele>
    <time>2026-04-08T09:53:51Z</time>
    <extensions>
     <power>356</power>
     <gpxtpx:TrackPointExtension>
      <gpxtpx:hr>127</gpxtpx:hr>
      <gpxtpx:cad>84</gpxtpx:cad>
     </gpxtpx:TrackPointExtension>
    </extensions>
   </trkpt>
   <trkpt lat="37.2680300" lon="-79.9624340">
    <ele>285.9</ele>
    <time>2026-04-08T09:53:52Z</time>
    <extensions>
     <power>360</power>
     <gpxtpx:TrackPointExtension>
      <gpxtpx:hr>126</gpxtpx:hr>
      <gpxtpx:cad>84</gpxtpx:cad>
     </gpxtpx:TrackPointExtension>
    </extensions>
   </trkpt>
   <trkpt lat="37.2680090" lon="-79.9624610">
    <ele>286.0</ele>
    <time>2026-04-08T09:53:53Z</time>
    <extensions>
     <power>358</power>
     <gpxtpx:TrackPointExtension>
      <gpxtpx:hr>126</gpxtpx:hr>
      <gpxtpx:cad>85</gpxtpx:cad>
     </gpxtpx:TrackPointExtension>
    </extensions>
   </trkpt>
   <trkpt lat="37.2679880" lon="-79.9624830">
    <ele>286.0</ele>
    <time>2026-04-08T09:53:54Z</time>
    <extensions>
     <power>353</power>
     <gpxtpx:TrackPointExtension>
      <gpxtpx:hr>126</gpxtpx:hr>
      <gpxtpx:cad>85</gpxtpx:cad>
     </gpxtpx:TrackPointExtension>
    </extensions>
   </trkpt>
   <trkpt lat="37.2679630" lon="-79.9625020">
    <ele>286.0</ele>
    <time>2026-04-08T09:53:55Z</time>
    <extensions>
     <power>350</power>
     <gpxtpx:TrackPointExtension>
      <gpxtpx:hr>126</gpxtpx:hr>
      <gpxtpx:cad>85</gpxtpx:cad>
     </gpxtpx:TrackPointExtension>
    </extensions>
   </trkpt>
   <trkpt lat="37.2679380" lon="-79.9625160">
    <ele>286.1</ele>
    <time>2026-04-08T09:53:56Z</time>
    <extensions>
     <power>345</power>
     <gpxtpx:TrackPointExtension>
      <gpxtpx:hr>126</gpxtpx:hr>
      <gpxtpx:cad>85</gpxtpx:cad>
     </gpxtpx:TrackPointExtension>
    </extensions>
   </trkpt>
   <trkpt lat="37.2679110" lon="-79.9625280">
    <ele>286.1</ele>
    <time>2026-04-08T09:53:57Z</time>
    <extensions>
     <power>341</power>
     <gpxtpx:TrackPointExtension>
      <gpxtpx:hr>126</gpxtpx:hr>
      <gpxtpx:cad>85</gpxtpx:cad>
     </gpxtpx:TrackPointExtension>
    </extensions>
   </trkpt>
   <trkpt lat="37.2678840" lon="-79.9625390">
    <ele>286.1</ele>
    <time>2026-04-08T09:53:58Z</time>
    <extensions>
     <power>339</power>
     <gpxtpx:TrackPointExtension>
      <gpxtpx:hr>127</gpxtpx:hr>
      <gpxtpx:cad>85</gpxtpx:cad>
     </gpxtpx:TrackPointExtension>
    </extensions>
   </trkpt>
   <trkpt lat="37.2678570" lon="-79.9625470">
    <ele>286.2</ele>
    <time>2026-04-08T09:53:59Z</time>
    <extensions>
     <power>341</power>
     <gpxtpx:TrackPointExtension>
      <gpxtpx:hr>126</gpxtpx:hr>
      <gpxtpx:cad>84</gpxtpx:cad>
     </gpxtpx:TrackPointExtension>
    </extensions>
   </trkpt>
   <trkpt lat="37.2678290" lon="-79.9625520">
    <ele>286.2</ele>
    <time>2026-04-08T09:54:00Z</time>
    <extensions>
     <power>344</power>
     <gpxtpx:TrackPointExtension>
      <gpxtpx:hr>127</gpxtpx:hr>
      <gpxtpx:cad>84</gpxtpx:cad>
     </gpxtpx:TrackPointExtension>
    </extensions>
   </trkpt>
   <trkpt lat="37.2678020" lon="-79.9625540">
    <ele>286.2</ele>
    <time>2026-04-08T09:54:01Z</time>
    <extensions>
     <power>343</power>
     <gpxtpx:TrackPointExtension>
      <gpxtpx:hr>127</gpxtpx:hr>
      <gpxtpx:cad>84</gpxtpx:cad>
     </gpxtpx:TrackPointExtension>
    </extensions>
   </trkpt>
   <trkpt lat="37.2677760" lon="-79.9625590">
    <ele>286.3</ele>
    <time>2026-04-08T09:54:02Z</time>
    <extensions>
     <power>344</power>
     <gpxtpx:TrackPointExtension>
      <gpxtpx:hr>127</gpxtpx:hr>
      <gpxtpx:cad>85</gpxtpx:cad>
     </gpxtpx:TrackPointExtension>
    </extensions>
   </trkpt>
   <trkpt lat="37.2677500" lon="-79.9625670">
    <ele>286.3</ele>
    <time>2026-04-08T09:54:03Z</time>
    <extensions>
     <power>342</power>
     <gpxtpx:TrackPointExtension>
      <gpxtpx:hr>127</gpxtpx:hr>
      <gpxtpx:cad>85</gpxtpx:cad>
     </gpxtpx:TrackPointExtension>
    </extensions>
   </trkpt>
   <trkpt lat="37.2677240" lon="-79.9625780">
    <ele>286.3</ele>
    <time>2026-04-08T09:54:04Z</time>
    <extensions>
     <power>340</power>
     <gpxtpx:TrackPointExtension>
      <gpxtpx:hr>127</gpxtpx:hr>
      <gpxtpx:cad>84</gpxtpx:cad>
     </gpxtpx:TrackPointExtension>
    </extensions>
   </trkpt>
   <trkpt lat="37.2676980" lon="-79.9625900">
    <ele>286.4</ele>
    <time>2026-04-08T09:54:05Z</time>
    <extensions>
     <power>342</power>
     <gpxtpx:TrackPointExtension>
      <gpxtpx:hr>127</gpxtpx:hr>
      <gpxtpx:cad>84</gpxtpx:cad>
     </gpxtpx:TrackPointExtension>
    </extensions>
   </trkpt>
   <trkpt lat="37.2676740" lon="-79.9626010">
    <ele>286.4</ele>
    <time>2026-04-08T09:54:06Z</time>
    <extensions>
     <power>344</power>
     <gpxtpx:TrackPointExtension>
      <gpxtpx:hr>127</gpxtpx:hr>
      <gpxtpx:cad>84</gpxtpx:cad>
     </gpxtpx:TrackPointExtension>
    </extensions>
   </trkpt>
   <trkpt lat="37.2676500" lon="-79.9626190">
    <ele>286.0</ele>
    <time>2026-04-08T09:54:07Z</time>
    <extensions>
     <power>347</power>
     <gpxtpx:TrackPointExtension>
      <gpxtpx:hr>127</gpxtpx:hr>
      <gpxtpx:cad>84</gpxtpx:cad>
     </gpxtpx:TrackPointExtension>
    </extensions>
   </trkpt>
   <trkpt lat="37.2676280" lon="-79.9626400">
    <ele>285.9</ele>
    <time>2026-04-08T09:54:08Z</time>
    <extensions>
     <power>348</power>
     <gpxtpx:TrackPointExtension>
      <gpxtpx:hr>127</gpxtpx:hr>
      <gpxtpx:cad>84</gpxtpx:cad>
     </gpxtpx:TrackPointExtension>
    </extensions>
   </trkpt>
   <trkpt lat="37.2676070" lon="-79.9626620">
    <ele>285.9</ele>
    <time>2026-04-08T09:54:09Z</time>
    <extensions>
     <power>353</power>
     <gpxtpx:TrackPointExtension>
      <gpxtpx:hr>127</gpxtpx:hr>
      <gpxtpx:cad>84</gpxtpx:cad>
     </gpxtpx:TrackPointExtension>
    </extensions>
   </trkpt>
   <trkpt lat="37.2675860" lon="-79.9626890">
    <ele>285.9</ele>
    <time>2026-04-08T09:54:10Z</time>
    <extensions>
     <power>355</power>
     <gpxtpx:TrackPointExtension>
      <gpxtpx:hr>127</gpxtpx:hr>
      <gpxtpx:cad>84</gpxtpx:cad>
     </gpxtpx:TrackPointExtension>
    </extensions>
   </trkpt>
   <trkpt lat="37.2675660" lon="-79.9627150">
    <ele>285.9</ele>
    <time>2026-04-08T09:54:11Z</time>
    <extensions>
     <power>360</power>
     <gpxtpx:TrackPointExtension>
      <gpxtpx:hr>127</gpxtpx:hr>
      <gpxtpx:cad>83</gpxtpx:cad>
     </gpxtpx:TrackPointExtension>
    </extensions>
   </trkpt>
   <trkpt lat="37.2675460" lon="-79.9627410">
    <ele>285.9</ele>
    <time>2026-04-08T09:54:12Z</time>
    <extensions>
     <power>363</power>
     <gpxtpx:TrackPointExtension>
      <gpxtpx:hr>127</gpxtpx:hr>
      <gpxtpx:cad>83</gpxtpx:cad>
     </gpxtpx:TrackPointExtension>
    </extensions>
   </trkpt>
   <trkpt lat="37.2675240" lon="-79.9627660">
    <ele>286.0</ele>
    <time>2026-04-08T09:54:13Z</time>
    <extensions>
     <power>363</power>
     <gpxtpx:TrackPointExtension>
      <gpxtpx:hr>128</gpxtpx:hr>
      <gpxtpx:cad>83</gpxtpx:cad>
     </gpxtpx:TrackPointExtension>
    </extensions>
   </trkpt>
   <trkpt lat="37.2675020" lon="-79.9627880">
    <ele>286.0</ele>
    <time>2026-04-08T09:54:14Z</time>
    <extensions>
     <power>367</power>
     <gpxtpx:TrackPointExtension>
      <gpxtpx:hr>128</gpxtpx:hr>
      <gpxtpx:cad>83</gpxtpx:cad>
     </gpxtpx:TrackPointExtension>
    </extensions>
   </trkpt>
   <trkpt lat="37.2674800" lon="-79.9628070">
    <ele>286.0</ele>
    <time>2026-04-08T09:54:15Z</time>
    <extensions>
     <power>369</power>
     <gpxtpx:TrackPointExtension>
      <gpxtpx:hr>128</gpxtpx:hr>
      <gpxtpx:cad>84</gpxtpx:cad>
     </gpxtpx:TrackPointExtension>
    </extensions>
   </trkpt>
   <trkpt lat="37.2674560" lon="-79.9628220">
    <ele>286.0</ele>
    <time>2026-04-08T09:54:16Z</time>
    <extensions>
     <power>371</power>
     <gpxtpx:TrackPointExtension>
      <gpxtpx:hr>128</gpxtpx:hr>
      <gpxtpx:cad>84</gpxtpx:cad>
     </gpxtpx:TrackPointExtension>
    </extensions>
   </trkpt>
   <trkpt lat="37.2674300" lon="-79.9628310">
    <ele>286.0</ele>
    <time>2026-04-08T09:54:17Z</time>
    <extensions>
     <power>373</power>
     <gpxtpx:TrackPointExtension>
      <gpxtpx:hr>128</gpxtpx:hr>
      <gpxtpx:cad>84</gpxtpx:cad>
     </gpxtpx:TrackPointExtension>
    </extensions>
   </trkpt>
   <trkpt lat="37.2674030" lon="-79.9628380">
    <ele>286.0</ele>
    <time>2026-04-08T09:54:18Z</time>
    <extensions>
     <power>374</power>
     <gpxtpx:TrackPointExtension>
      <gpxtpx:hr>129</gpxtpx:hr>
      <gpxtpx:cad>84</gpxtpx:cad>
     </gpxtpx:TrackPointExtension>
    </extensions>
   </trkpt>
   <trkpt lat="37.2673770" lon="-79.9628410">
    <ele>286.0</ele>
    <time>2026-04-08T09:54:19Z</time>
    <extensions>
     <power>374</power>
     <gpxtpx:TrackPointExtension>
      <gpxtpx:hr>129</gpxtpx:hr>
      <gpxtpx:cad>84</gpxtpx:cad>
     </gpxtpx:TrackPointExtension>
    </extensions>
   </trkpt>
   <trkpt lat="37.2673500" lon="-79.9628450">
    <ele>286.1</ele>
    <time>2026-04-08T09:54:20Z</time>
    <extensions>
     <power>374</power>
     <gpxtpx:TrackPointExtension>
      <gpxtpx:hr>129</gpxtpx:hr>
      <gpxtpx:cad>83</gpxtpx:cad>
     </gpxtpx:TrackPointExtension>
    </extensions>
   </trkpt>
   <trkpt lat="37.2673260" lon="-79.9628460">
    <ele>286.1</ele>
    <time>2026-04-08T09:54:21Z</time>
    <extensions>
     <power>376</power>
     <gpxtpx:TrackPointExtension>
      <gpxtpx:hr>129</gpxtpx:hr>
      <gpxtpx:cad>83</gpxtpx:cad>
     </gpxtpx:TrackPointExtension>
    </extensions>
   </trkpt>
   <trkpt lat="37.2673030" lon="-79.9628440">
    <ele>286.2</ele>
    <time>2026-04-08T09:54:22Z</time>
    <extensions>
     <power>372</power>
     <gpxtpx:TrackPointExtension>
      <gpxtpx:hr>129</gpxtpx:hr>
      <gpxtpx:cad>83</gpxtpx:cad>
     </gpxtpx:TrackPointExtension>
    </extensions>
   </trkpt>
   <trkpt lat="37.2672780" lon="-79.9628450">
    <ele>286.2</ele>
    <time>2026-04-08T09:54:23Z</time>
    <extensions>
     <power>365</power>
     <gpxtpx:TrackPointExtension>
      <gpxtpx:hr>130</gpxtpx:hr>
      <gpxtpx:cad>83</gpxtpx:cad>
     </gpxtpx:TrackPointExtension>
    </extensions>
   </trkpt>
   <trkpt lat="37.2672550" lon="-79.9628430">
    <ele>286.2</ele>
    <time>2026-04-08T09:54:24Z</time>
    <extensions>
     <power>363</power>
     <gpxtpx:TrackPointExtension>
      <gpxtpx:hr>130</gpxtpx:hr>
      <gpxtpx:cad>83</gpxtpx:cad>
     </gpxtpx:TrackPointExtension>
    </extensions>
   </trkpt>
   <trkpt lat="37.2672280" lon="-79.9628420">
    <ele>286.4</ele>
    <time>2026-04-08T09:54:25Z</time>
    <extensions>
     <power>361</power>
     <gpxtpx:TrackPointExtension>
      <gpxtpx:hr>130</gpxtpx:hr>
      <gpxtpx:cad>83</gpxtpx:cad>
     </gpxtpx:TrackPointExtension>
    </extensions>
   </trkpt>
   <trkpt lat="37.2672010" lon="-79.9628390">
    <ele>286.6</ele>
    <time>2026-04-08T09:54:26Z</time>
    <extensions>
     <power>363</power>
     <gpxtpx:TrackPointExtension>
      <gpxtpx:hr>130</gpxtpx:hr>
      <gpxtpx:cad>83</gpxtpx:cad>
     </gpxtpx:TrackPointExtension>
    </extensions>
   </trkpt>
   <trkpt lat="37.2671740" lon="-79.9628360">
    <ele>286.8</ele>
    <time>2026-04-08T09:54:27Z</time>
    <extensions>
     <power>361</power>
     <gpxtpx:TrackPointExtension>
      <gpxtpx:hr>130</gpxtpx:hr>
      <gpxtpx:cad>83</gpxtpx:cad>
     </gpxtpx:TrackPointExtension>
    </extensions>
   </trkpt>
   <trkpt lat="37.2671460" lon="-79.9628340">
    <ele>287.0</ele>
    <time>2026-04-08T09:54:28Z</time>
    <extensions>
     <power>364</power>
     <gpxtpx:TrackPointExtension>
      <gpxtpx:hr>130</gpxtpx:hr>
      <gpxtpx:cad>83</gpxtpx:cad>
     </gpxtpx:TrackPointExtension>
    </extensions>
   </trkpt>
   <trkpt lat="37.2671200" lon="-79.9628290">
    <ele>287.2</ele>
    <time>2026-04-08T09:54:29Z</time>
    <extensions>
     <power>362</power>
     <gpxtpx:TrackPointExtension>
      <gpxtpx:hr>130</gpxtpx:hr>
      <gpxtpx:cad>83</gpxtpx:cad>
     </gpxtpx:TrackPointExtension>
    </extensions>
   </trkpt>
   <trkpt lat="37.2670940" lon="-79.9628220">
    <ele>287.4</ele>
    <time>2026-04-08T09:54:30Z</time>
    <extensions>
     <power>363</power>
     <gpxtpx:TrackPointExtension>
      <gpxtpx:hr>130</gpxtpx:hr>
      <gpxtpx:cad>84</gpxtpx:cad>
     </gpxtpx:TrackPointExtension>
    </extensions>
   </trkpt>
   <trkpt lat="37.2670670" lon="-79.9628140">
    <ele>287.6</ele>
    <time>2026-04-08T09:54:31Z</time>
    <extensions>
     <power>359</power>
     <gpxtpx:TrackPointExtension>
      <gpxtpx:hr>130</gpxtpx:hr>
      <gpxtpx:cad>84</gpxtpx:cad>
     </gpxtpx:TrackPointExtension>
    </extensions>
   </trkpt>
   <trkpt lat="37.2670420" lon="-79.9628060">
    <ele>287.8</ele>
    <time>2026-04-08T09:54:32Z</time>
    <extensions>
     <power>364</power>
     <gpxtpx:TrackPointExtension>
      <gpxtpx:hr>130</gpxtpx:hr>
      <gpxtpx:cad>84</gpxtpx:cad>
     </gpxtpx:TrackPointExtension>
    </extensions>
   </trkpt>
   <trkpt lat="37.2670160" lon="-79.9628000">
    <ele>288.1</ele>
    <time>2026-04-08T09:54:33Z</time>
    <extensions>
     <power>370</power>
     <gpxtpx:TrackPointExtension>
      <gpxtpx:hr>130</gpxtpx:hr>
      <gpxtpx:cad>84</gpxtpx:cad>
     </gpxtpx:TrackPointExtension>
    </extensions>
   </trkpt>
   <trkpt lat="37.2669930" lon="-79.9627910">
    <ele>288.2</ele>
    <time>2026-04-08T09:54:34Z</time>
    <extensions>
     <power>378</power>
     <gpxtpx:TrackPointExtension>
      <gpxtpx:hr>130</gpxtpx:hr>
      <gpxtpx:cad>83</gpxtpx:cad>
     </gpxtpx:TrackPointExtension>
    </extensions>
   </trkpt>
   <trkpt lat="37.2669670" lon="-79.9627810">
    <ele>288.4</ele>
    <time>2026-04-08T09:54:35Z</time>
    <extensions>
     <power>373</power>
     <gpxtpx:TrackPointExtension>
      <gpxtpx:hr>130</gpxtpx:hr>
      <gpxtpx:cad>83</gpxtpx:cad>
     </gpxtpx:TrackPointExtension>
    </extensions>
   </trkpt>
   <trkpt lat="37.2669430" lon="-79.9627690">
    <ele>288.6</ele>
    <time>2026-04-08T09:54:36Z</time>
    <extensions>
     <power>363</power>
     <gpxtpx:TrackPointExtension>
      <gpxtpx:hr>130</gpxtpx:hr>
      <gpxtpx:cad>84</gpxtpx:cad>
     </gpxtpx:TrackPointExtension>
    </extensions>
   </trkpt>
   <trkpt lat="37.2669220" lon="-79.9627520">
    <ele>288.8</ele>
    <time>2026-04-08T09:54:37Z</time>
    <extensions>
     <power>360</power>
     <gpxtpx:TrackPointExtension>
      <gpxtpx:hr>130</gpxtpx:hr>
      <gpxtpx:cad>84</gpxtpx:cad>
     </gpxtpx:TrackPointExtension>
    </extensions>
   </trkpt>
   <trkpt lat="37.2669020" lon="-79.9627300">
    <ele>289.0</ele>
    <time>2026-04-08T09:54:38Z</time>
    <extensions>
     <power>364</power>
     <gpxtpx:TrackPointExtension>
      <gpxtpx:hr>130</gpxtpx:hr>
      <gpxtpx:cad>84</gpxtpx:cad>
     </gpxtpx:TrackPointExtension>
    </extensions>
   </trkpt>
   <trkpt lat="37.2668840" lon="-79.9627040">
    <ele>289.3</ele>
    <time>2026-04-08T09:54:39Z</time>
    <extensions>
     <power>364</power>
     <gpxtpx:TrackPointExtension>
      <gpxtpx:hr>130</gpxtpx:hr>
      <gpxtpx:cad>84</gpxtpx:cad>
     </gpxtpx:TrackPointExtension>
    </extensions>
   </trkpt>
   <trkpt lat="37.2668620" lon="-79.9626790">
    <ele>289.5</ele>
    <time>2026-04-08T09:54:40Z</time>
    <extensions>
     <power>374</power>
     <gpxtpx:TrackPointExtension>
      <gpxtpx:hr>130</gpxtpx:hr>
      <gpxtpx:cad>84</gpxtpx:cad>
     </gpxtpx:TrackPointExtension>
    </extensions>
   </trkpt>
   <trkpt lat="37.2668360" lon="-79.9626610">
    <ele>289.7</ele>
    <time>2026-04-08T09:54:41Z</time>
    <extensions>
     <power>388</power>
     <gpxtpx:TrackPointExtension>
      <gpxtpx:hr>129</gpxtpx:hr>
      <gpxtpx:cad>84</gpxtpx:cad>
     </gpxtpx:TrackPointExtension>
    </extensions>
   </trkpt>
   <trkpt lat="37.2668090" lon="-79.9626470">
    <ele>289.7</ele>
    <time>2026-04-08T09:54:42Z</time>
    <extensions>
     <power>396</power>
     <gpxtpx:TrackPointExtension>
      <gpxtpx:hr>129</gpxtpx:hr>
      <gpxtpx:cad>84</gpxtpx:cad>
     </gpxtpx:TrackPointExtension>
    </extensions>
   </trkpt>
   <trkpt lat="37.2667820" lon="-79.9626370">
    <ele>289.7</ele>
    <time>2026-04-08T09:54:43Z</time>
    <extensions>
     <power>402</power>
     <gpxtpx:TrackPointExtension>
      <gpxtpx:hr>129</gpxtpx:hr>
      <gpxtpx:cad>84</gpxtpx:cad>
     </gpxtpx:TrackPointExtension>
    </extensions>
   </trkpt>
   <trkpt lat="37.2667570" lon="-79.9626260">
    <ele>289.8</ele>
    <time>2026-04-08T09:54:44Z</time>
    <extensions>
     <power>411</power>
     <gpxtpx:TrackPointExtension>
      <gpxtpx:hr>130</gpxtpx:hr>
      <gpxtpx:cad>84</gpxtpx:cad>
     </gpxtpx:TrackPointExtension>
    </extensions>
   </trkpt>
   <trkpt lat="37.2667330" lon="-79.9626180">
    <ele>289.8</ele>
    <time>2026-04-08T09:54:45Z</time>
    <extensions>
     <power>418</power>
     <gpxtpx:TrackPointExtension>
      <gpxtpx:hr>129</gpxtpx:hr>
      <gpxtpx:cad>84</gpxtpx:cad>
     </gpxtpx:TrackPointExtension>
    </extensions>
   </trkpt>
   <trkpt lat="37.2667060" lon="-79.9626120">
    <ele>290.1</ele>
    <time>2026-04-08T09:54:46Z</time>
    <extensions>
     <power>416</power>
     <gpxtpx:TrackPointExtension>
      <gpxtpx:hr>129</gpxtpx:hr>
      <gpxtpx:cad>84</gpxtpx:cad>
     </gpxtpx:TrackPointExtension>
    </extensions>
   </trkpt>
   <trkpt lat="37.2666810" lon="-79.9626050">
    <ele>290.6</ele>
    <time>2026-04-08T09:54:47Z</time>
    <extensions>
     <power>410</power>
     <gpxtpx:TrackPointExtension>
      <gpxtpx:hr>130</gpxtpx:hr>
      <gpxtpx:cad>84</gpxtpx:cad>
     </gpxtpx:TrackPointExtension>
    </extensions>
   </trkpt>
   <trkpt lat="37.2666540" lon="-79.9625970">
    <ele>291.1</ele>
    <time>2026-04-08T09:54:48Z</time>
    <extensions>
     <power>410</power>
     <gpxtpx:TrackPointExtension>
      <gpxtpx:hr>130</gpxtpx:hr>
      <gpxtpx:cad>83</gpxtpx:cad>
     </gpxtpx:TrackPointExtension>
    </extensions>
   </trkpt>
   <trkpt lat="37.2666300" lon="-79.9625850">
    <ele>291.6</ele>
    <time>2026-04-08T09:54:49Z</time>
    <extensions>
     <power>411</power>
     <gpxtpx:TrackPointExtension>
      <gpxtpx:hr>130</gpxtpx:hr>
      <gpxtpx:cad>81</gpxtpx:cad>
     </gpxtpx:TrackPointExtension>
    </extensions>
   </trkpt>
   <trkpt lat="37.2666070" lon="-79.9625740">
    <ele>292.0</ele>
    <time>2026-04-08T09:54:50Z</time>
    <extensions>
     <power>411</power>
     <gpxtpx:TrackPointExtension>
      <gpxtpx:hr>130</gpxtpx:hr>
      <gpxtpx:cad>81</gpxtpx:cad>
     </gpxtpx:TrackPointExtension>
    </extensions>
   </trkpt>
   <trkpt lat="37.2665830" lon="-79.9625620">
    <ele>292.5</ele>
    <time>2026-04-08T09:54:51Z</time>
    <extensions>
     <power>412</power>
     <gpxtpx:TrackPointExtension>
      <gpxtpx:hr>130</gpxtpx:hr>
      <gpxtpx:cad>81</gpxtpx:cad>
     </gpxtpx:TrackPointExtension>
    </extensions>
   </trkpt>
   <trkpt lat="37.2665620" lon="-79.9625470">
    <ele>292.9</ele>
    <time>2026-04-08T09:54:52Z</time>
    <extensions>
     <power>407</power>
     <gpxtpx:TrackPointExtension>
      <gpxtpx:hr>129</gpxtpx:hr>
      <gpxtpx:cad>83</gpxtpx:cad>
     </gpxtpx:TrackPointExtension>
    </extensions>
   </trkpt>
   <trkpt lat="37.2665420" lon="-79.9625300">
    <ele>293.4</ele>
    <time>2026-04-08T09:54:53Z</time>
    <extensions>
     <power>401</power>
     <gpxtpx:TrackPointExtension>
      <gpxtpx:hr>130</gpxtpx:hr>
      <gpxtpx:cad>83</gpxtpx:cad>
     </gpxtpx:TrackPointExtension>
    </extensions>
   </trkpt>
   <trkpt lat="37.2665250" lon="-79.9625080">
    <ele>293.6</ele>
    <time>2026-04-08T09:54:54Z</time>
    <extensions>
     <power>403</power>
     <gpxtpx:TrackPointExtension>
      <gpxtpx:hr>130</gpxtpx:hr>
      <gpxtpx:cad>83</gpxtpx:cad>
     </gpxtpx:TrackPointExtension>
    </extensions>
   </trkpt>
   <trkpt lat="37.2665120" lon="-79.9624800">
    <ele>293.6</ele>
    <time>2026-04-08T09:54:55Z</time>
    <extensions>
     <power>406</power>
     <gpxtpx:TrackPointExtension>
      <gpxtpx:hr>130</gpxtpx:hr>
      <gpxtpx:cad>82</gpxtpx:cad>
     </gpxtpx:TrackPointExtension>
    </extensions>
   </trkpt>
   <trkpt lat="37.2665020" lon="-79.9624470">
    <ele>293.6</ele>
    <time>2026-04-08T09:54:56Z</time>
    <extensions>
     <power>401</power>
     <gpxtpx:TrackPointExtension>
      <gpxtpx:hr>130</gpxtpx:hr>
      <gpxtpx:cad>82</gpxtpx:cad>
     </gpxtpx:TrackPointExtension>
    </extensions>
   </trkpt>
   <trkpt lat="37.2664950" lon="-79.9624160">
    <ele>293.6</ele>
    <time>2026-04-08T09:54:57Z</time>
    <extensions>
     <power>405</power>
     <gpxtpx:TrackPointExtension>
      <gpxtpx:hr>130</gpxtpx:hr>
      <gpxtpx:cad>82</gpxtpx:cad>
     </gpxtpx:TrackPointExtension>
    </extensions>
   </trkpt>
   <trkpt lat="37.2664900" lon="-79.9623870">
    <ele>293.6</ele>
    <time>2026-04-08T09:54:58Z</time>
    <extensions>
     <power>412</power>
     <gpxtpx:TrackPointExtension>
      <gpxtpx:hr>130</gpxtpx:hr>
      <gpxtpx:cad>80</gpxtpx:cad>
     </gpxtpx:TrackPointExtension>
    </extensions>
   </trkpt>
   <trkpt lat="37.2664870" lon="-79.9623570">
    <ele>293.6</ele>
    <time>2026-04-08T09:54:59Z</time>
    <extensions>
     <power>415</power>
     <gpxtpx:TrackPointExtension>
      <gpxtpx:hr>131</gpxtpx:hr>
      <gpxtpx:cad>80</gpxtpx:cad>
     </gpxtpx:TrackPointExtension>
    </extensions>
   </trkpt>
   <trkpt lat="37.2664840" lon="-79.9623250">
    <ele>293.6</ele>
    <time>2026-04-08T09:55:00Z</time>
    <extensions>
     <power>418</power>
     <gpxtpx:TrackPointExtension>
      <gpxtpx:hr>131</gpxtpx:hr>
      <gpxtpx:cad>80</gpxtpx:cad>
     </gpxtpx:TrackPointExtension>
    </extensions>
   </trkpt>
   <trkpt lat="37.2664820" lon="-79.9622900">
    <ele>293.7</ele>
    <time>2026-04-08T09:55:01Z</time>
    <extensions>
     <power>414</power>
     <gpxtpx:TrackPointExtension>
      <gpxtpx:hr>131</gpxtpx:hr>
      <gpxtpx:cad>81</gpxtpx:cad>
     </gpxtpx:TrackPointExtension>
    </extensions>
   </trkpt>
   <trkpt lat="37.2664780" lon="-79.9622550">
    <ele>293.7</ele>
    <time>2026-04-08T09:55:02Z</time>
    <extensions>
     <power>411</power>
     <gpxtpx:TrackPointExtension>
      <gpxtpx:hr>131</gpxtpx:hr>
      <gpxtpx:cad>81</gpxtpx:cad>
     </gpxtpx:TrackPointExtension>
    </extensions>
   </trkpt>
   <trkpt lat="37.2664750" lon="-79.9622170">
    <ele>293.7</ele>
    <time>2026-04-08T09:55:03Z</time>
    <extensions>
     <power>411</power>
     <gpxtpx:TrackPointExtension>
      <gpxtpx:hr>130</gpxtpx:hr>
      <gpxtpx:cad>82</gpxtpx:cad>
     </gpxtpx:TrackPointExtension>
    </extensions>
   </trkpt>
   <trkpt lat="37.2664730" lon="-79.9621820">
    <ele>293.7</ele>
    <time>2026-04-08T09:55:04Z</time>
    <extensions>
     <power>409</power>
     <gpxtpx:TrackPointExtension>
      <gpxtpx:hr>131</gpxtpx:hr>
      <gpxtpx:cad>82</gpxtpx:cad>
     </gpxtpx:TrackPointExtension>
    </extensions>
   </trkpt>
   <trkpt lat="37.2664670" lon="-79.9621470">
    <ele>293.7</ele>
    <time>2026-04-08T09:55:05Z</time>
    <extensions>
     <power>407</power>
     <gpxtpx:TrackPointExtension>
      <gpxtpx:hr>130</gpxtpx:hr>
      <gpxtpx:cad>83</gpxtpx:cad>
     </gpxtpx:TrackPointExtension>
    </extensions>
   </trkpt>
   <trkpt lat="37.2664620" lon="-79.9621140">
    <ele>293.7</ele>
    <time>2026-04-08T09:55:06Z</time>
    <extensions>
     <power>410</power>
     <gpxtpx:TrackPointExtension>
      <gpxtpx:hr>130</gpxtpx:hr>
      <gpxtpx:cad>84</gpxtpx:cad>
     </gpxtpx:TrackPointExtension>
    </extensions>
   </trkpt>
   <trkpt lat="37.2664560" lon="-79.9620810">
    <ele>293.8</ele>
    <time>2026-04-08T09:55:07Z</time>
    <extensions>
     <power>413</power>
     <gpxtpx:TrackPointExtension>
      <gpxtpx:hr>130</gpxtpx:hr>
      <gpxtpx:cad>84</gpxtpx:cad>
     </gpxtpx:TrackPointExtension>
    </extensions>
   </trkpt>
   <trkpt lat="37.2664490" lon="-79.9620480">
    <ele>293.8</ele>
    <time>2026-04-08T09:55:08Z</time>
    <extensions>
     <power>417</power>
     <gpxtpx:TrackPointExtension>
      <gpxtpx:hr>130</gpxtpx:hr>
      <gpxtpx:cad>84</gpxtpx:cad>
     </gpxtpx:TrackPointExtension>
    </extensions>
   </trkpt>
   <trkpt lat="37.2664420" lon="-79.9620150">
    <ele>293.8</ele>
    <time>2026-04-08T09:55:09Z</time>
    <extensions>
     <power>415</power>
     <gpxtpx:TrackPointExtension>
      <gpxtpx:hr>130</gpxtpx:hr>
      <gpxtpx:cad>83</gpxtpx:cad>
     </gpxtpx:TrackPointExtension>
    </extensions>
   </trkpt>
   <trkpt lat="37.2664370" lon="-79.9619820">
    <ele>293.8</ele>
    <time>2026-04-08T09:55:10Z</time>
    <extensions>
     <power>415</power>
     <gpxtpx:TrackPointExtension>
      <gpxtpx:hr>130</gpxtpx:hr>
      <gpxtpx:cad>83</gpxtpx:cad>
     </gpxtpx:TrackPointExtension>
    </extensions>
   </trkpt>
   <trkpt lat="37.2664340" lon="-79.9619480">
    <ele>293.8</ele>
    <time>2026-04-08T09:55:11Z</time>
    <extensions>
     <power>416</power>
     <gpxtpx:TrackPointExtension>
      <gpxtpx:hr>130</gpxtpx:hr>
      <gpxtpx:cad>83</gpxtpx:cad>
     </gpxtpx:TrackPointExtension>
    </extensions>
   </trkpt>
   <trkpt lat="37.2664290" lon="-79.9619120">
    <ele>293.8</ele>
    <time>2026-04-08T09:55:12Z</time>
    <extensions>
     <power>414</power>
     <gpxtpx:TrackPointExtension>
      <gpxtpx:hr>130</gpxtpx:hr>
      <gpxtpx:cad>83</gpxtpx:cad>
     </gpxtpx:TrackPointExtension>
    </extensions>
   </trkpt>
   <trkpt lat="37.2664250" lon="-79.9618770">
    <ele>293.9</ele>
    <time>2026-04-08T09:55:13Z</time>
    <extensions>
     <power>413</power>
     <gpxtpx:TrackPointExtension>
      <gpxtpx:hr>130</gpxtpx:hr>
      <gpxtpx:cad>83</gpxtpx:cad>
     </gpxtpx:TrackPointExtension>
    </extensions>
   </trkpt>
   <trkpt lat="37.2664200" lon="-79.9618430">
    <ele>293.9</ele>
    <time>2026-04-08T09:55:14Z</time>
    <extensions>
     <power>417</power>
     <gpxtpx:TrackPointExtension>
      <gpxtpx:hr>130</gpxtpx:hr>
      <gpxtpx:cad>83</gpxtpx:cad>
     </gpxtpx:TrackPointExtension>
    </extensions>
   </trkpt>
   <trkpt lat="37.2664150" lon="-79.9618110">
    <ele>293.9</ele>
    <time>2026-04-08T09:55:15Z</time>
    <extensions>
     <power>416</power>
     <gpxtpx:TrackPointExtension>
      <gpxtpx:hr>130</gpxtpx:hr>
      <gpxtpx:cad>84</gpxtpx:cad>
     </gpxtpx:TrackPointExtension>
    </extensions>
   </trkpt>
   <trkpt lat="37.2664110" lon="-79.9617780">
    <ele>293.9</ele>
    <time>2026-04-08T09:55:16Z</time>
    <extensions>
     <power>416</power>
     <gpxtpx:TrackPointExtension>
      <gpxtpx:hr>130</gpxtpx:hr>
      <gpxtpx:cad>84</gpxtpx:cad>
     </gpxtpx:TrackPointExtension>
    </extensions>
   </trkpt>
   <trkpt lat="37.2664060" lon="-79.9617450">
    <ele>293.9</ele>
    <time>2026-04-08T09:55:17Z</time>
    <extensions>
     <power>418</power>
     <gpxtpx:TrackPointExtension>
      <gpxtpx:hr>130</gpxtpx:hr>
      <gpxtpx:cad>84</gpxtpx:cad>
     </gpxtpx:TrackPointExtension>
    </extensions>
   </trkpt>
   <trkpt lat="37.2664000" lon="-79.9617140">
    <ele>293.9</ele>
    <time>2026-04-08T09:55:18Z</time>
    <extensions>
     <power>427</power>
     <gpxtpx:TrackPointExtension>
      <gpxtpx:hr>130</gpxtpx:hr>
      <gpxtpx:cad>84</gpxtpx:cad>
     </gpxtpx:TrackPointExtension>
    </extensions>
   </trkpt>
   <trkpt lat="37.2663960" lon="-79.9616780">
    <ele>294.0</ele>
    <time>2026-04-08T09:55:19Z</time>
    <extensions>
     <power>433</power>
     <gpxtpx:TrackPointExtension>
      <gpxtpx:hr>130</gpxtpx:hr>
      <gpxtpx:cad>84</gpxtpx:cad>
     </gpxtpx:TrackPointExtension>
    </extensions>
   </trkpt>
   <trkpt lat="37.2663910" lon="-79.9616450">
    <ele>294.0</ele>
    <time>2026-04-08T09:55:20Z</time>
    <extensions>
     <power>438</power>
     <gpxtpx:TrackPointExtension>
      <gpxtpx:hr>130</gpxtpx:hr>
      <gpxtpx:cad>84</gpxtpx:cad>
     </gpxtpx:TrackPointExtension>
    </extensions>
   </trkpt>
   <trkpt lat="37.2663890" lon="-79.9616110">
    <ele>294.0</ele>
    <time>2026-04-08T09:55:21Z</time>
    <extensions>
     <power>439</power>
     <gpxtpx:TrackPointExtension>
      <gpxtpx:hr>130</gpxtpx:hr>
      <gpxtpx:cad>84</gpxtpx:cad>
     </gpxtpx:TrackPointExtension>
    </extensions>
   </trkpt>
   <trkpt lat="37.2663820" lon="-79.9615770">
    <ele>294.0</ele>
    <time>2026-04-08T09:55:22Z</time>
    <extensions>
     <power>440</power>
     <gpxtpx:TrackPointExtension>
      <gpxtpx:hr>130</gpxtpx:hr>
      <gpxtpx:cad>84</gpxtpx:cad>
     </gpxtpx:TrackPointExtension>
    </extensions>
   </trkpt>
   <trkpt lat="37.2663750" lon="-79.9615450">
    <ele>294.0</ele>
    <time>2026-04-08T09:55:23Z</time>
    <extensions>
     <power>445</power>
     <gpxtpx:TrackPointExtension>
      <gpxtpx:hr>130</gpxtpx:hr>
      <gpxtpx:cad>84</gpxtpx:cad>
     </gpxtpx:TrackPointExtension>
    </extensions>
   </trkpt>
   <trkpt lat="37.2663690" lon="-79.9615090">
    <ele>294.0</ele>
    <time>2026-04-08T09:55:24Z</time>
    <extensions>
     <power>446</power>
     <gpxtpx:TrackPointExtension>
      <gpxtpx:hr>130</gpxtpx:hr>
      <gpxtpx:cad>84</gpxtpx:cad>
     </gpxtpx:TrackPointExtension>
    </extensions>
   </trkpt>
   <trkpt lat="37.2663630" lon="-79.9614730">
    <ele>294.1</ele>
    <time>2026-04-08T09:55:25Z</time>
    <extensions>
     <power>445</power>
     <gpxtpx:TrackPointExtension>
      <gpxtpx:hr>129</gpxtpx:hr>
      <gpxtpx:cad>84</gpxtpx:cad>
     </gpxtpx:TrackPointExtension>
    </extensions>
   </trkpt>
   <trkpt lat="37.2663570" lon="-79.9614390">
    <ele>294.1</ele>
    <time>2026-04-08T09:55:26Z</time>
    <extensions>
     <power>443</power>
     <gpxtpx:TrackPointExtension>
      <gpxtpx:hr>130</gpxtpx:hr>
      <gpxtpx:cad>83</gpxtpx:cad>
     </gpxtpx:TrackPointExtension>
    </extensions>
   </trkpt>
   <trkpt lat="37.2663520" lon="-79.9614050">
    <ele>294.1</ele>
    <time>2026-04-08T09:55:27Z</time>
    <extensions>
     <power>442</power>
     <gpxtpx:TrackPointExtension>
      <gpxtpx:hr>130</gpxtpx:hr>
      <gpxtpx:cad>83</gpxtpx:cad>
     </gpxtpx:TrackPointExtension>
    </extensions>
   </trkpt>
   <trkpt lat="37.2663470" lon="-79.9613730">
    <ele>294.1</ele>
    <time>2026-04-08T09:55:28Z</time>
    <extensions>
     <power>437</power>
     <gpxtpx:TrackPointExtension>
      <gpxtpx:hr>130</gpxtpx:hr>
      <gpxtpx:cad>83</gpxtpx:cad>
     </gpxtpx:TrackPointExtension>
    </extensions>
   </trkpt>
   <trkpt lat="37.2663410" lon="-79.9613410">
    <ele>294.1</ele>
    <time>2026-04-08T09:55:29Z</time>
    <extensions>
     <power>428</power>
     <gpxtpx:TrackPointExtension>
      <gpxtpx:hr>130</gpxtpx:hr>
      <gpxtpx:cad>83</gpxtpx:cad>
     </gpxtpx:TrackPointExtension>
    </extensions>
   </trkpt>
   <trkpt lat="37.2663350" lon="-79.9613070">
    <ele>294.1</ele>
    <time>2026-04-08T09:55:30Z</time>
    <extensions>
     <power>422</power>
     <gpxtpx:TrackPointExtension>
      <gpxtpx:hr>129</gpxtpx:hr>
      <gpxtpx:cad>83</gpxtpx:cad>
     </gpxtpx:TrackPointExtension>
    </extensions>
   </trkpt>
   <trkpt lat="37.2663310" lon="-79.9612750">
    <ele>294.1</ele>
    <time>2026-04-08T09:55:31Z</time>
    <extensions>
     <power>415</power>
     <gpxtpx:TrackPointExtension>
      <gpxtpx:hr>130</gpxtpx:hr>
      <gpxtpx:cad>83</gpxtpx:cad>
     </gpxtpx:TrackPointExtension>
    </extensions>
   </trkpt>
   <trkpt lat="37.2663260" lon="-79.9612410">
    <ele>294.2</ele>
    <time>2026-04-08T09:55:32Z</time>
    <extensions>
     <power>412</power>
     <gpxtpx:TrackPointExtension>
      <gpxtpx:hr>130</gpxtpx:hr>
      <gpxtpx:cad>83</gpxtpx:cad>
     </gpxtpx:TrackPointExtension>
    </extensions>
   </trkpt>
   <trkpt lat="37.2663210" lon="-79.9612070">
    <ele>294.2</ele>
    <time>2026-04-08T09:55:33Z</time>
    <extensions>
     <power>417</power>
     <gpxtpx:TrackPointExtension>
      <gpxtpx:hr>130</gpxtpx:hr>
      <gpxtpx:cad>83</gpxtpx:cad>
     </gpxtpx:TrackPointExtension>
    </extensions>
   </trkpt>
   <trkpt lat="37.2663160" lon="-79.9611730">
    <ele>294.2</ele>
    <time>2026-04-08T09:55:34Z</time>
    <extensions>
     <power>415</power>
     <gpxtpx:TrackPointExtension>
      <gpxtpx:hr>130</gpxtpx:hr>
      <gpxtpx:cad>83</gpxtpx:cad>
     </gpxtpx:TrackPointExtension>
    </extensions>
   </trkpt>
   <trkpt lat="37.2663100" lon="-79.9611380">
    <ele>294.2</ele>
    <time>2026-04-08T09:55:35Z</time>
    <extensions>
     <power>417</power>
     <gpxtpx:TrackPointExtension>
      <gpxtpx:hr>130</gpxtpx:hr>
      <gpxtpx:cad>83</gpxtpx:cad>
     </gpxtpx:TrackPointExtension>
    </extensions>
   </trkpt>
   <trkpt lat="37.2663070" lon="-79.9611050">
    <ele>294.2</ele>
    <time>2026-04-08T09:55:36Z</time>
    <extensions>
     <power>415</power>
     <gpxtpx:TrackPointExtension>
      <gpxtpx:hr>130</gpxtpx:hr>
      <gpxtpx:cad>83</gpxtpx:cad>
     </gpxtpx:TrackPointExtension>
    </extensions>
   </trkpt>
   <trkpt lat="37.2663030" lon="-79.9610720">
    <ele>294.2</ele>
    <time>2026-04-08T09:55:37Z</time>
    <extensions>
     <power>416</power>
     <gpxtpx:TrackPointExtension>
      <gpxtpx:hr>130</gpxtpx:hr>
      <gpxtpx:cad>83</gpxtpx:cad>
     </gpxtpx:TrackPointExtension>
    </extensions>
   </trkpt>
   <trkpt lat="37.2662970" lon="-79.9610390">
    <ele>294.2</ele>
    <time>2026-04-08T09:55:38Z</time>
    <extensions>
     <power>416</power>
     <gpxtpx:TrackPointExtension>
      <gpxtpx:hr>129</gpxtpx:hr>
      <gpxtpx:cad>83</gpxtpx:cad>
     </gpxtpx:TrackPointExtension>
    </extensions>
   </trkpt>
   <trkpt lat="37.2662930" lon="-79.9610070">
    <ele>294.2</ele>
    <time>2026-04-08T09:55:39Z</time>
    <extensions>
     <power>415</power>
     <gpxtpx:TrackPointExtension>
      <gpxtpx:hr>130</gpxtpx:hr>
      <gpxtpx:cad>83</gpxtpx:cad>
     </gpxtpx:TrackPointExtension>
    </extensions>
   </trkpt>
   <trkpt lat="37.2662890" lon="-79.9609720">
    <ele>294.3</ele>
    <time>2026-04-08T09:55:40Z</time>
    <extensions>
     <power>414</power>
     <gpxtpx:TrackPointExtension>
      <gpxtpx:hr>130</gpxtpx:hr>
      <gpxtpx:cad>83</gpxtpx:cad>
     </gpxtpx:TrackPointExtension>
    </extensions>
   </trkpt>
   <trkpt lat="37.2662840" lon="-79.9609370">
    <ele>294.3</ele>
    <time>2026-04-08T09:55:41Z</time>
    <extensions>
     <power>414</power>
     <gpxtpx:TrackPointExtension>
      <gpxtpx:hr>130</gpxtpx:hr>
      <gpxtpx:cad>82</gpxtpx:cad>
     </gpxtpx:TrackPointExtension>
    </extensions>
   </trkpt>
   <trkpt lat="37.2662790" lon="-79.9609030">
    <ele>294.3</ele>
    <time>2026-04-08T09:55:42Z</time>
    <extensions>
     <power>413</power>
     <gpxtpx:TrackPointExtension>
      <gpxtpx:hr>130</gpxtpx:hr>
      <gpxtpx:cad>82</gpxtpx:cad>
     </gpxtpx:TrackPointExtension>
    </extensions>
   </trkpt>
   <trkpt lat="37.2662730" lon="-79.9608700">
    <ele>294.3</ele>
    <time>2026-04-08T09:55:43Z</time>
    <extensions>
     <power>414</power>
     <gpxtpx:TrackPointExtension>
      <gpxtpx:hr>130</gpxtpx:hr>
      <gpxtpx:cad>82</gpxtpx:cad>
     </gpxtpx:TrackPointExtension>
    </extensions>
   </trkpt>
   <trkpt lat="37.2662690" lon="-79.9608370">
    <ele>294.3</ele>
    <time>2026-04-08T09:55:44Z</time>
    <extensions>
     <power>416</power>
     <gpxtpx:TrackPointExtension>
      <gpxtpx:hr>130</gpxtpx:hr>
      <gpxtpx:cad>82</gpxtpx:cad>
     </gpxtpx:TrackPointExtension>
    </extensions>
   </trkpt>
   <trkpt lat="37.2662650" lon="-79.9608020">
    <ele>294.3</ele>
    <time>2026-04-08T09:55:45Z</time>
    <extensions>
     <power>415</power>
     <gpxtpx:TrackPointExtension>
      <gpxtpx:hr>130</gpxtpx:hr>
      <gpxtpx:cad>83</gpxtpx:cad>
     </gpxtpx:TrackPointExtension>
    </extensions>
   </trkpt>
   <trkpt lat="37.2662580" lon="-79.9607690">
    <ele>294.3</ele>
    <time>2026-04-08T09:55:46Z</time>
    <extensions>
     <power>418</power>
     <gpxtpx:TrackPointExtension>
      <gpxtpx:hr>130</gpxtpx:hr>
      <gpxtpx:cad>83</gpxtpx:cad>
     </gpxtpx:TrackPointExtension>
    </extensions>
   </trkpt>
   <trkpt lat="37.2662510" lon="-79.9607360">
    <ele>294.3</ele>
    <time>2026-04-08T09:55:47Z</time>
    <extensions>
     <power>421</power>
     <gpxtpx:TrackPointExtension>
      <gpxtpx:hr>130</gpxtpx:hr>
      <gpxtpx:cad>82</gpxtpx:cad>
     </gpxtpx:TrackPointExtension>
    </extensions>
   </trkpt>
   <trkpt lat="37.2662440" lon="-79.9607030">
    <ele>294.4</ele>
    <time>2026-04-08T09:55:48Z</time>
    <extensions>
     <power>423</power>
     <gpxtpx:TrackPointExtension>
      <gpxtpx:hr>130</gpxtpx:hr>
      <gpxtpx:cad>82</gpxtpx:cad>
     </gpxtpx:TrackPointExtension>
    </extensions>
   </trkpt>
   <trkpt lat="37.2662370" lon="-79.9606710">
    <ele>294.4</ele>
    <time>2026-04-08T09:55:49Z</time>
    <extensions>
     <power>423</power>
     <gpxtpx:TrackPointExtension>
      <gpxtpx:hr>131</gpxtpx:hr>
      <gpxtpx:cad>82</gpxtpx:cad>
     </gpxtpx:TrackPointExtension>
    </extensions>
   </trkpt>
   <trkpt lat="37.2662300" lon="-79.9606370">
    <ele>294.4</ele>
    <time>2026-04-08T09:55:50Z</time>
    <extensions>
     <power>421</power>
     <gpxtpx:TrackPointExtension>
      <gpxtpx:hr>131</gpxtpx:hr>
      <gpxtpx:cad>83</gpxtpx:cad>
     </gpxtpx:TrackPointExtension>
    </extensions>
   </trkpt>
   <trkpt lat="37.2662240" lon="-79.9606020">
    <ele>294.4</ele>
    <time>2026-04-08T09:55:51Z</time>
    <extensions>
     <power>421</power>
     <gpxtpx:TrackPointExtension>
      <gpxtpx:hr>131</gpxtpx:hr>
      <gpxtpx:cad>83</gpxtpx:cad>
     </gpxtpx:TrackPointExtension>
    </extensions>
   </trkpt>
   <trkpt lat="37.2662190" lon="-79.9605670">
    <ele>294.4</ele>
    <time>2026-04-08T09:55:52Z</time>
    <extensions>
     <power>418</power>
     <gpxtpx:TrackPointExtension>
      <gpxtpx:hr>131</gpxtpx:hr>
      <gpxtpx:cad>83</gpxtpx:cad>
     </gpxtpx:TrackPointExtension>
    </extensions>
   </trkpt>
   <trkpt lat="37.2662140" lon="-79.9605320">
    <ele>294.4</ele>
    <time>2026-04-08T09:55:53Z</time>
    <extensions>
     <power>421</power>
     <gpxtpx:TrackPointExtension>
      <gpxtpx:hr>132</gpxtpx:hr>
      <gpxtpx:cad>83</gpxtpx:cad>
     </gpxtpx:TrackPointExtension>
    </extensions>
   </trkpt>
   <trkpt lat="37.2662090" lon="-79.9604980">
    <ele>294.4</ele>
    <time>2026-04-08T09:55:54Z</time>
    <extensions>
     <power>424</power>
     <gpxtpx:TrackPointExtension>
      <gpxtpx:hr>132</gpxtpx:hr>
      <gpxtpx:cad>83</gpxtpx:cad>
     </gpxtpx:TrackPointExtension>
    </extensions>
   </trkpt>
   <trkpt lat="37.2662050" lon="-79.9604640">
    <ele>294.5</ele>
    <time>2026-04-08T09:55:55Z</time>
    <extensions>
     <power>421</power>
     <gpxtpx:TrackPointExtension>
      <gpxtpx:hr>132</gpxtpx:hr>
      <gpxtpx:cad>83</gpxtpx:cad>
     </gpxtpx:TrackPointExtension>
    </extensions>
   </trkpt>
   <trkpt lat="37.2662000" lon="-79.9604310">
    <ele>294.5</ele>
    <time>2026-04-08T09:55:56Z</time>
    <extensions>
     <power>420</power>
     <gpxtpx:TrackPointExtension>
      <gpxtpx:hr>132</gpxtpx:hr>
      <gpxtpx:cad>83</gpxtpx:cad>
     </gpxtpx:TrackPointExtension>
    </extensions>
   </trkpt>
   <trkpt lat="37.2661940" lon="-79.9604000">
    <ele>294.5</ele>
    <time>2026-04-08T09:55:57Z</time>
    <extensions>
     <power>421</power>
     <gpxtpx:TrackPointExtension>
      <gpxtpx:hr>132</gpxtpx:hr>
      <gpxtpx:cad>83</gpxtpx:cad>
     </gpxtpx:TrackPointExtension>
    </extensions>
   </trkpt>
   <trkpt lat="37.2661860" lon="-79.9603680">
    <ele>294.5</ele>
    <time>2026-04-08T09:55:58Z</time>
    <extensions>
     <power>418</power>
     <gpxtpx:TrackPointExtension>
      <gpxtpx:hr>133</gpxtpx:hr>
      <gpxtpx:cad>83</gpxtpx:cad>
     </gpxtpx:TrackPointExtension>
    </extensions>
   </trkpt>
   <trkpt lat="37.2661790" lon="-79.9603350">
    <ele>294.5</ele>
    <time>2026-04-08T09:55:59Z</time>
    <extensions>
     <power>414</power>
     <gpxtpx:TrackPointExtension>
      <gpxtpx:hr>133</gpxtpx:hr>
      <gpxtpx:cad>83</gpxtpx:cad>
     </gpxtpx:TrackPointExtension>
    </extensions>
   </trkpt>
   <trkpt lat="37.2661740" lon="-79.9603030">
    <ele>294.5</ele>
    <time>2026-04-08T09:56:00Z</time>
    <extensions>
     <power>413</power>
     <gpxtpx:TrackPointExtension>
      <gpxtpx:hr>133</gpxtpx:hr>
      <gpxtpx:cad>84</gpxtpx:cad>
     </gpxtpx:TrackPointExtension>
    </extensions>
   </trkpt>
   <trkpt lat="37.2661690" lon="-79.9602680">
    <ele>294.5</ele>
    <time>2026-04-08T09:56:01Z</time>
    <extensions>
     <power>409</power>
     <gpxtpx:TrackPointExtension>
      <gpxtpx:hr>133</gpxtpx:hr>
      <gpxtpx:cad>84</gpxtpx:cad>
     </gpxtpx:TrackPointExtension>
    </extensions>
   </trkpt>
   <trkpt lat="37.2661630" lon="-79.9602370">
    <ele>294.5</ele>
    <time>2026-04-08T09:56:02Z</time>
    <extensions>
     <power>405</power>
     <gpxtpx:TrackPointExtension>
      <gpxtpx:hr>133</gpxtpx:hr>
      <gpxtpx:cad>84</gpxtpx:cad>
     </gpxtpx:TrackPointExtension>
    </extensions>
   </trkpt>
   <trkpt lat="37.2661570" lon="-79.9602030">
    <ele>294.6</ele>
    <time>2026-04-08T09:56:03Z</time>
    <extensions>
     <power>403</power>
     <gpxtpx:TrackPointExtension>
      <gpxtpx:hr>133</gpxtpx:hr>
      <gpxtpx:cad>83</gpxtpx:cad>
     </gpxtpx:TrackPointExtension>
    </extensions>
   </trkpt>
   <trkpt lat="37.2661500" lon="-79.9601690">
    <ele>294.6</ele>
    <time>2026-04-08T09:56:04Z</time>
    <extensions>
     <power>398</power>
     <gpxtpx:TrackPointExtension>
      <gpxtpx:hr>134</gpxtpx:hr>
      <gpxtpx:cad>83</gpxtpx:cad>
     </gpxtpx:TrackPointExtension>
    </extensions>
   </trkpt>
   <trkpt lat="37.2661440" lon="-79.9601370">
    <ele>294.6</ele>
    <time>2026-04-08T09:56:05Z</time>
    <extensions>
     <power>391</power>
     <gpxtpx:TrackPointExtension>
      <gpxtpx:hr>134</gpxtpx:hr>
      <gpxtpx:cad>83</gpxtpx:cad>
     </gpxtpx:TrackPointExtension>
    </extensions>
   </trkpt>
   <trkpt lat="37.2661380" lon="-79.9601050">
    <ele>294.6</ele>
    <time>2026-04-08T09:56:06Z</time>
    <extensions>
     <power>387</power>
     <gpxtpx:TrackPointExtension>
      <gpxtpx:hr>134</gpxtpx:hr>
      <gpxtpx:cad>83</gpxtpx:cad>
     </gpxtpx:TrackPointExtension>
    </extensions>
   </trkpt>
   <trkpt lat="37.2661330" lon="-79.9600730">
    <ele>294.6</ele>
    <time>2026-04-08T09:56:07Z</time>
    <extensions>
     <power>384</power>
     <gpxtpx:TrackPointExtension>
      <gpxtpx:hr>134</gpxtpx:hr>
      <gpxtpx:cad>83</gpxtpx:cad>
     </gpxtpx:TrackPointExtension>
    </extensions>
   </trkpt>
   <trkpt lat="37.2661280" lon="-79.9600400">
    <ele>294.6</ele>
    <time>2026-04-08T09:56:08Z</time>
    <extensions>
     <power>375</power>
     <gpxtpx:TrackPointExtension>
      <gpxtpx:hr>133</gpxtpx:hr>
      <gpxtpx:cad>83</gpxtpx:cad>
     </gpxtpx:TrackPointExtension>
    </extensions>
   </trkpt>
   <trkpt lat="37.2661220" lon="-79.9600050">
    <ele>294.6</ele>
    <time>2026-04-08T09:56:09Z</time>
    <extensions>
     <power>373</power>
     <gpxtpx:TrackPointExtension>
      <gpxtpx:hr>134</gpxtpx:hr>
      <gpxtpx:cad>83</gpxtpx:cad>
     </gpxtpx:TrackPointExtension>
    </extensions>
   </trkpt>
   <trkpt lat="37.2661150" lon="-79.9599710">
    <ele>294.6</ele>
    <time>2026-04-08T09:56:10Z</time>
    <extensions>
     <power>373</power>
     <gpxtpx:TrackPointExtension>
      <gpxtpx:hr>134</gpxtpx:hr>
      <gpxtpx:cad>82</gpxtpx:cad>
     </gpxtpx:TrackPointExtension>
    </extensions>
   </trkpt>
   <trkpt lat="37.2661090" lon="-79.9599380">
    <ele>294.6</ele>
    <time>2026-04-08T09:56:11Z</time>
    <extensions>
     <power>370</power>
     <gpxtpx:TrackPointExtension>
      <gpxtpx:hr>134</gpxtpx:hr>
      <gpxtpx:cad>82</gpxtpx:cad>
     </gpxtpx:TrackPointExtension>
    </extensions>
   </trkpt>
   <trkpt lat="37.2661030" lon="-79.9599080">
    <ele>294.5</ele>
    <time>2026-04-08T09:56:12Z</time>
    <extensions>
     <power>371</power>
     <gpxtpx:TrackPointExtension>
      <gpxtpx:hr>133</gpxtpx:hr>
      <gpxtpx:cad>83</gpxtpx:cad>
     </gpxtpx:TrackPointExtension>
    </extensions>
   </trkpt>
   <trkpt lat="37.2660990" lon="-79.9598770">
    <ele>294.4</ele>
    <time>2026-04-08T09:56:13Z</time>
    <extensions>
     <power>364</power>
     <gpxtpx:TrackPointExtension>
      <gpxtpx:hr>134</gpxtpx:hr>
      <gpxtpx:cad>83</gpxtpx:cad>
     </gpxtpx:TrackPointExtension>
    </extensions>
   </trkpt>
   <trkpt lat="37.2660920" lon="-79.9598440">
    <ele>294.4</ele>
    <time>2026-04-08T09:56:14Z</time>
    <extensions>
     <power>362</power>
     <gpxtpx:TrackPointExtension>
      <gpxtpx:hr>134</gpxtpx:hr>
      <gpxtpx:cad>83</gpxtpx:cad>
     </gpxtpx:TrackPointExtension>
    </extensions>
   </trkpt>
   <trkpt lat="37.2660860" lon="-79.9598120">
    <ele>294.3</ele>
    <time>2026-04-08T09:56:15Z</time>
    <extensions>
     <power>359</power>
     <gpxtpx:TrackPointExtension>
      <gpxtpx:hr>134</gpxtpx:hr>
      <gpxtpx:cad>82</gpxtpx:cad>
     </gpxtpx:TrackPointExtension>
    </extensions>
   </trkpt>
   <trkpt lat="37.2660800" lon="-79.9597780">
    <ele>294.3</ele>
    <time>2026-04-08T09:56:16Z</time>
    <extensions>
     <power>356</power>
     <gpxtpx:TrackPointExtension>
      <gpxtpx:hr>133</gpxtpx:hr>
      <gpxtpx:cad>82</gpxtpx:cad>
     </gpxtpx:TrackPointExtension>
    </extensions>
   </trkpt>
   <trkpt lat="37.2660730" lon="-79.9597410">
    <ele>294.2</ele>
    <time>2026-04-08T09:56:17Z</time>
    <extensions>
     <power>354</power>
     <gpxtpx:TrackPointExtension>
      <gpxtpx:hr>134</gpxtpx:hr>
      <gpxtpx:cad>82</gpxtpx:cad>
     </gpxtpx:TrackPointExtension>
    </extensions>
   </trkpt>
   <trkpt lat="37.2660690" lon="-79.9597060">
    <ele>294.1</ele>
    <time>2026-04-08T09:56:18Z</time>
    <extensions>
     <power>352</power>
     <gpxtpx:TrackPointExtension>
      <gpxtpx:hr>134</gpxtpx:hr>
      <gpxtpx:cad>82</gpxtpx:cad>
     </gpxtpx:TrackPointExtension>
    </extensions>
   </trkpt>
   <trkpt lat="37.2660630" lon="-79.9596700">
    <ele>294.1</ele>
    <time>2026-04-08T09:56:19Z</time>
    <extensions>
     <power>354</power>
     <gpxtpx:TrackPointExtension>
      <gpxtpx:hr>134</gpxtpx:hr>
      <gpxtpx:cad>82</gpxtpx:cad>
     </gpxtpx:TrackPointExtension>
    </extensions>
   </trkpt>
   <trkpt lat="37.2660580" lon="-79.9596350">
    <ele>294.0</ele>
    <time>2026-04-08T09:56:20Z</time>
    <extensions>
     <power>355</power>
     <gpxtpx:TrackPointExtension>
      <gpxtpx:hr>134</gpxtpx:hr>
      <gpxtpx:cad>82</gpxtpx:cad>
     </gpxtpx:TrackPointExtension>
    </extensions>
   </trkpt>
   <trkpt lat="37.2660510" lon="-79.9595960">
    <ele>293.9</ele>
    <time>2026-04-08T09:56:21Z</time>
    <extensions>
     <power>351</power>
     <gpxtpx:TrackPointExtension>
      <gpxtpx:hr>133</gpxtpx:hr>
      <gpxtpx:cad>83</gpxtpx:cad>
     </gpxtpx:TrackPointExtension>
    </extensions>
   </trkpt>
   <trkpt lat="37.2660440" lon="-79.9595590">
    <ele>293.9</ele>
    <time>2026-04-08T09:56:22Z</time>
    <extensions>
     <power>349</power>
     <gpxtpx:TrackPointExtension>
      <gpxtpx:hr>134</gpxtpx:hr>
      <gpxtpx:cad>83</gpxtpx:cad>
     </gpxtpx:TrackPointExtension>
    </extensions>
   </trkpt>
   <trkpt lat="37.2660390" lon="-79.9595240">
    <ele>293.8</ele>
    <time>2026-04-08T09:56:23Z</time>
    <extensions>
     <power>348</power>
     <gpxtpx:TrackPointExtension>
      <gpxtpx:hr>134</gpxtpx:hr>
      <gpxtpx:cad>83</gpxtpx:cad>
     </gpxtpx:TrackPointExtension>
    </extensions>
   </trkpt>
   <trkpt lat="37.2660330" lon="-79.9594890">
    <ele>293.7</ele>
    <time>2026-04-08T09:56:24Z</time>
    <extensions>
     <power>348</power>
     <gpxtpx:TrackPointExtension>
      <gpxtpx:hr>133</gpxtpx:hr>
      <gpxtpx:cad>84</gpxtpx:cad>
     </gpxtpx:TrackPointExtension>
    </extensions>
   </trkpt>
   <trkpt lat="37.2660260" lon="-79.9594550">
    <ele>293.7</ele>
    <time>2026-04-08T09:56:25Z</time>
    <extensions>
     <power>349</power>
     <gpxtpx:TrackPointExtension>
      <gpxtpx:hr>133</gpxtpx:hr>
      <gpxtpx:cad>84</gpxtpx:cad>
     </gpxtpx:TrackPointExtension>
    </extensions>
   </trkpt>
   <trkpt lat="37.2660200" lon="-79.9594190">
    <ele>293.6</ele>
    <time>2026-04-08T09:56:26Z</time>
    <extensions>
     <power>350</power>
     <gpxtpx:TrackPointExtension>
      <gpxtpx:hr>133</gpxtpx:hr>
      <gpxtpx:cad>83</gpxtpx:cad>
     </gpxtpx:TrackPointExtension>
    </extensions>
   </trkpt>
   <trkpt lat="37.2660150" lon="-79.9593850">
    <ele>293.6</ele>
    <time>2026-04-08T09:56:27Z</time>
    <extensions>
     <power>349</power>
     <gpxtpx:TrackPointExtension>
      <gpxtpx:hr>133</gpxtpx:hr>
      <gpxtpx:cad>83</gpxtpx:cad>
     </gpxtpx:TrackPointExtension>
    </extensions>
   </trkpt>
   <trkpt lat="37.2660130" lon="-79.9593500">
    <ele>293.5</ele>
    <time>2026-04-08T09:56:28Z</time>
    <extensions>
     <power>350</power>
     <gpxtpx:TrackPointExtension>
      <gpxtpx:hr>133</gpxtpx:hr>
      <gpxtpx:cad>83</gpxtpx:cad>
     </gpxtpx:TrackPointExtension>
    </extensions>
   </trkpt>
   <trkpt lat="37.2660110" lon="-79.9593150">
    <ele>293.4</ele>
    <time>2026-04-08T09:56:29Z</time>
    <extensions>
     <power>350</power>
     <gpxtpx:TrackPointExtension>
      <gpxtpx:hr>133</gpxtpx:hr>
      <gpxtpx:cad>84</gpxtpx:cad>
     </gpxtpx:TrackPointExtension>
    </extensions>
   </trkpt>
   <trkpt lat="37.2660070" lon="-79.9592820">
    <ele>293.4</ele>
    <time>2026-04-08T09:56:30Z</time>
    <extensions>
     <power>351</power>
     <gpxtpx:TrackPointExtension>
      <gpxtpx:hr>133</gpxtpx:hr>
      <gpxtpx:cad>84</gpxtpx:cad>
     </gpxtpx:TrackPointExtension>
    </extensions>
   </trkpt>
   <trkpt lat="37.2660020" lon="-79.9592480">
    <ele>293.3</ele>
    <time>2026-04-08T09:56:31Z</time>
    <extensions>
     <power>350</power>
     <gpxtpx:TrackPointExtension>
      <gpxtpx:hr>133</gpxtpx:hr>
      <gpxtpx:cad>84</gpxtpx:cad>
     </gpxtpx:TrackPointExtension>
    </extensions>
   </trkpt>
   <trkpt lat="37.2659960" lon="-79.9592120">
    <ele>293.2</ele>
    <time>2026-04-08T09:56:32Z</time>
    <extensions>
     <power>349</power>
     <gpxtpx:TrackPointExtension>
      <gpxtpx:hr>133</gpxtpx:hr>
      <gpxtpx:cad>84</gpxtpx:cad>
     </gpxtpx:TrackPointExtension>
    </extensions>
   </trkpt>
   <trkpt lat="37.2659910" lon="-79.9591780">
    <ele>293.2</ele>
    <time>2026-04-08T09:56:33Z</time>
    <extensions>
     <power>347</power>
     <gpxtpx:TrackPointExtension>
      <gpxtpx:hr>133</gpxtpx:hr>
      <gpxtpx:cad>84</gpxtpx:cad>
     </gpxtpx:TrackPointExtension>
    </extensions>
   </trkpt>
   <trkpt lat="37.2659860" lon="-79.9591420">
    <ele>293.1</ele>
    <time>2026-04-08T09:56:34Z</time>
    <extensions>
     <power>346</power>
     <gpxtpx:TrackPointExtension>
      <gpxtpx:hr>133</gpxtpx:hr>
      <gpxtpx:cad>84</gpxtpx:cad>
     </gpxtpx:TrackPointExtension>
    </extensions>
   </trkpt>
   <trkpt lat="37.2659800" lon="-79.9591090">
    <ele>293.1</ele>
    <time>2026-04-08T09:56:35Z</time>
    <extensions>
     <power>348</power>
     <gpxtpx:TrackPointExtension>
      <gpxtpx:hr>133</gpxtpx:hr>
      <gpxtpx:cad>85</gpxtpx:cad>
     </gpxtpx:TrackPointExtension>
    </extensions>
   </trkpt>
   <trkpt lat="37.2659740" lon="-79.9590730">
    <ele>293.0</ele>
    <time>2026-04-08T09:56:36Z</time>
    <extensions>
     <power>344</power>
     <gpxtpx:TrackPointExtension>
      <gpxtpx:hr>133</gpxtpx:hr>
      <gpxtpx:cad>85</gpxtpx:cad>
     </gpxtpx:TrackPointExtension>
    </extensions>
   </trkpt>
   <trkpt lat="37.2659690" lon="-79.9590360">
    <ele>292.9</ele>
    <time>2026-04-08T09:56:37Z</time>
    <extensions>
     <power>346</power>
     <gpxtpx:TrackPointExtension>
      <gpxtpx:hr>132</gpxtpx:hr>
      <gpxtpx:cad>85</gpxtpx:cad>
     </gpxtpx:TrackPointExtension>
    </extensions>
   </trkpt>
   <trkpt lat="37.2659650" lon="-79.9590000">
    <ele>292.9</ele>
    <time>2026-04-08T09:56:38Z</time>
    <extensions>
     <power>345</power>
     <gpxtpx:TrackPointExtension>
      <gpxtpx:hr>132</gpxtpx:hr>
      <gpxtpx:cad>84</gpxtpx:cad>
     </gpxtpx:TrackPointExtension>
    </extensions>
   </trkpt>
   <trkpt lat="37.2659600" lon="-79.9589640">
    <ele>292.8</ele>
    <time>2026-04-08T09:56:39Z</time>
    <extensions>
     <power>349</power>
     <gpxtpx:TrackPointExtension>
      <gpxtpx:hr>130</gpxtpx:hr>
      <gpxtpx:cad>84</gpxtpx:cad>
     </gpxtpx:TrackPointExtension>
    </extensions>
   </trkpt>
   <trkpt lat="37.2659550" lon="-79.9589330">
    <ele>292.8</ele>
    <time>2026-04-08T09:56:40Z</time>
    <extensions>
     <power>353</power>
     <gpxtpx:TrackPointExtension>
      <gpxtpx:hr>130</gpxtpx:hr>
      <gpxtpx:cad>84</gpxtpx:cad>
     </gpxtpx:TrackPointExtension>
    </extensions>
   </trkpt>
   <trkpt lat="37.2659470" lon="-79.9588980">
    <ele>292.7</ele>
    <time>2026-04-08T09:56:41Z</time>
    <extensions>
     <power>353</power>
     <gpxtpx:TrackPointExtension>
      <gpxtpx:hr>130</gpxtpx:hr>
      <gpxtpx:cad>84</gpxtpx:cad>
     </gpxtpx:TrackPointExtension>
    </extensions>
   </trkpt>
   <trkpt lat="37.2659400" lon="-79.9588660">
    <ele>292.6</ele>
    <time>2026-04-08T09:56:42Z</time>
    <extensions>
     <power>355</power>
     <gpxtpx:TrackPointExtension>
      <gpxtpx:hr>129</gpxtpx:hr>
      <gpxtpx:cad>84</gpxtpx:cad>
     </gpxtpx:TrackPointExtension>
    </extensions>
   </trkpt>
   <trkpt lat="37.2659330" lon="-79.9588340">
    <ele>292.6</ele>
    <time>2026-04-08T09:56:43Z</time>
    <extensions>
     <power>354</power>
     <gpxtpx:TrackPointExtension>
      <gpxtpx:hr>129</gpxtpx:hr>
      <gpxtpx:cad>83</gpxtpx:cad>
     </gpxtpx:TrackPointExtension>
    </extensions>
   </trkpt>
   <trkpt lat="37.2659280" lon="-79.9588010">
    <ele>292.5</ele>
    <time>2026-04-08T09:56:44Z</time>
    <extensions>
     <power>356</power>
     <gpxtpx:TrackPointExtension>
      <gpxtpx:hr>130</gpxtpx:hr>
      <gpxtpx:cad>83</gpxtpx:cad>
     </gpxtpx:TrackPointExtension>
    </extensions>
   </trkpt>
   <trkpt lat="37.2659240" lon="-79.9587670">
    <ele>292.4</ele>
    <time>2026-04-08T09:56:45Z</time>
    <extensions>
     <power>358</power>
     <gpxtpx:TrackPointExtension>
      <gpxtpx:hr>130</gpxtpx:hr>
      <gpxtpx:cad>83</gpxtpx:cad>
     </gpxtpx:TrackPointExtension>
    </extensions>
   </trkpt>
   <trkpt lat="37.2659210" lon="-79.9587330">
    <ele>292.4</ele>
    <time>2026-04-08T09:56:46Z</time>
    <extensions>
     <power>357</power>
     <gpxtpx:TrackPointExtension>
      <gpxtpx:hr>130</gpxtpx:hr>
      <gpxtpx:cad>83</gpxtpx:cad>
     </gpxtpx:TrackPointExtension>
    </extensions>
   </trkpt>
   <trkpt lat="37.2659160" lon="-79.9586990">
    <ele>292.3</ele>
    <time>2026-04-08T09:56:47Z</time>
    <extensions>
     <power>358</power>
     <gpxtpx:TrackPointExtension>
      <gpxtpx:hr>130</gpxtpx:hr>
      <gpxtpx:cad>83</gpxtpx:cad>
     </gpxtpx:TrackPointExtension>
    </extensions>
   </trkpt>
   <trkpt lat="37.2659070" lon="-79.9586670">
    <ele>292.3</ele>
    <time>2026-04-08T09:56:48Z</time>
    <extensions>
     <power>358</power>
     <gpxtpx:TrackPointExtension>
      <gpxtpx:hr>130</gpxtpx:hr>
      <gpxtpx:cad>83</gpxtpx:cad>
     </gpxtpx:TrackPointExtension>
    </extensions>
   </trkpt>
   <trkpt lat="37.2658970" lon="-79.9586320">
    <ele>292.2</ele>
    <time>2026-04-08T09:56:49Z</time>
    <extensions>
     <power>358</power>
     <gpxtpx:TrackPointExtension>
      <gpxtpx:hr>129</gpxtpx:hr>
      <gpxtpx:cad>83</gpxtpx:cad>
     </gpxtpx:TrackPointExtension>
    </extensions>
   </trkpt>
   <trkpt lat="37.2658870" lon="-79.9586000">
    <ele>292.1</ele>
    <time>2026-04-08T09:56:50Z</time>
    <extensions>
     <power>358</power>
     <gpxtpx:TrackPointExtension>
      <gpxtpx:hr>130</gpxtpx:hr>
      <gpxtpx:cad>83</gpxtpx:cad>
     </gpxtpx:TrackPointExtension>
    </extensions>
   </trkpt>
   <trkpt lat="37.2658750" lon="-79.9585680">
    <ele>292.1</ele>
    <time>2026-04-08T09:56:51Z</time>
    <extensions>
     <power>357</power>
     <gpxtpx:TrackPointExtension>
      <gpxtpx:hr>130</gpxtpx:hr>
      <gpxtpx:cad>83</gpxtpx:cad>
     </gpxtpx:TrackPointExtension>
    </extensions>
   </trkpt>
   <trkpt lat="37.2658600" lon="-79.9585360">
    <ele>292.0</ele>
    <time>2026-04-08T09:56:52Z</time>
    <extensions>
     <power>358</power>
     <gpxtpx:TrackPointExtension>
      <gpxtpx:hr>130</gpxtpx:hr>
      <gpxtpx:cad>84</gpxtpx:cad>
     </gpxtpx:TrackPointExtension>
    </extensions>
   </trkpt>
   <trkpt lat="37.2658410" lon="-79.9585060">
    <ele>291.9</ele>
    <time>2026-04-08T09:56:53Z</time>
    <extensions>
     <power>357</power>
     <gpxtpx:TrackPointExtension>
      <gpxtpx:hr>130</gpxtpx:hr>
      <gpxtpx:cad>84</gpxtpx:cad>
     </gpxtpx:TrackPointExtension>
    </extensions>
   </trkpt>
   <trkpt lat="37.2658130" lon="-79.9584860">
    <ele>292.0</ele>
    <time>2026-04-08T09:56:54Z</time>
    <extensions>
     <power>358</power>
     <gpxtpx:TrackPointExtension>
      <gpxtpx:hr>130</gpxtpx:hr>
      <gpxtpx:cad>84</gpxtpx:cad>
     </gpxtpx:TrackPointExtension>
    </extensions>
   </trkpt>
   <trkpt lat="37.2657840" lon="-79.9584750">
    <ele>292.0</ele>
    <time>2026-04-08T09:56:55Z</time>
    <extensions>
     <power>362</power>
     <gpxtpx:TrackPointExtension>
      <gpxtpx:hr>130</gpxtpx:hr>
      <gpxtpx:cad>84</gpxtpx:cad>
     </gpxtpx:TrackPointExtension>
    </extensions>
   </trkpt>
   <trkpt lat="37.2657540" lon="-79.9584730">
    <ele>292.1</ele>
    <time>2026-04-08T09:56:56Z</time>
    <extensions>
     <power>366</power>
     <gpxtpx:TrackPointExtension>
      <gpxtpx:hr>130</gpxtpx:hr>
      <gpxtpx:cad>83</gpxtpx:cad>
     </gpxtpx:TrackPointExtension>
    </extensions>
   </trkpt>
   <trkpt lat="37.2657240" lon="-79.9584790">
    <ele>292.1</ele>
    <time>2026-04-08T09:56:57Z</time>
    <extensions>
     <power>370</power>
     <gpxtpx:TrackPointExtension>
      <gpxtpx:hr>131</gpxtpx:hr>
      <gpxtpx:cad>83</gpxtpx:cad>
     </gpxtpx:TrackPointExtension>
    </extensions>
   </trkpt>
   <trkpt lat="37.2656950" lon="-79.9584840">
    <ele>292.1</ele>
    <time>2026-04-08T09:56:58Z</time>
    <extensions>
     <power>376</power>
     <gpxtpx:TrackPointExtension>
      <gpxtpx:hr>131</gpxtpx:hr>
      <gpxtpx:cad>84</gpxtpx:cad>
     </gpxtpx:TrackPointExtension>
    </extensions>
   </trkpt>
   <trkpt lat="37.2656650" lon="-79.9584910">
    <ele>292.1</ele>
    <time>2026-04-08T09:56:59Z</time>
    <extensions>
     <power>377</power>
     <gpxtpx:TrackPointExtension>
      <gpxtpx:hr>131</gpxtpx:hr>
      <gpxtpx:cad>85</gpxtpx:cad>
     </gpxtpx:TrackPointExtension>
    </extensions>
   </trkpt>
   <trkpt lat="37.2656360" lon="-79.9584990">
    <ele>292.1</ele>
    <time>2026-04-08T09:57:00Z</time>
    <extensions>
     <power>381</power>
     <gpxtpx:TrackPointExtension>
      <gpxtpx:hr>131</gpxtpx:hr>
      <gpxtpx:cad>85</gpxtpx:cad>
     </gpxtpx:TrackPointExtension>
    </extensions>
   </trkpt>
   <trkpt lat="37.2656090" lon="-79.9585050">
    <ele>292.1</ele>
    <time>2026-04-08T09:57:01Z</time>
    <extensions>
     <power>380</power>
     <gpxtpx:TrackPointExtension>
      <gpxtpx:hr>131</gpxtpx:hr>
      <gpxtpx:cad>84</gpxtpx:cad>
     </gpxtpx:TrackPointExtension>
    </extensions>
   </trkpt>
   <trkpt lat="37.2655820" lon="-79.9585150">
    <ele>292.1</ele>
    <time>2026-04-08T09:57:02Z</time>
    <extensions>
     <power>382</power>
     <gpxtpx:TrackPointExtension>
      <gpxtpx:hr>132</gpxtpx:hr>
      <gpxtpx:cad>84</gpxtpx:cad>
     </gpxtpx:TrackPointExtension>
    </extensions>
   </trkpt>
   <trkpt lat="37.2655540" lon="-79.9585210">
    <ele>292.1</ele>
    <time>2026-04-08T09:57:03Z</time>
    <extensions>
     <power>381</power>
     <gpxtpx:TrackPointExtension>
      <gpxtpx:hr>133</gpxtpx:hr>
      <gpxtpx:cad>84</gpxtpx:cad>
     </gpxtpx:TrackPointExtension>
    </extensions>
   </trkpt>
   <trkpt lat="37.2655260" lon="-79.9585280">
    <ele>292.1</ele>
    <time>2026-04-08T09:57:04Z</time>
    <extensions>
     <power>383</power>
     <gpxtpx:TrackPointExtension>
      <gpxtpx:hr>133</gpxtpx:hr>
      <gpxtpx:cad>83</gpxtpx:cad>
     </gpxtpx:TrackPointExtension>
    </extensions>
   </trkpt>
   <trkpt lat="37.2654980" lon="-79.9585340">
    <ele>292.1</ele>
    <time>2026-04-08T09:57:05Z</time>
    <extensions>
     <power>381</power>
     <gpxtpx:TrackPointExtension>
      <gpxtpx:hr>133</gpxtpx:hr>
      <gpxtpx:cad>83</gpxtpx:cad>
     </gpxtpx:TrackPointExtension>
    </extensions>
   </trkpt>
   <trkpt lat="37.2654710" lon="-79.9585390">
    <ele>292.2</ele>
    <time>2026-04-08T09:57:06Z</time>
    <extensions>
     <power>378</power>
     <gpxtpx:TrackPointExtension>
      <gpxtpx:hr>133</gpxtpx:hr>
      <gpxtpx:cad>84</gpxtpx:cad>
     </gpxtpx:TrackPointExtension>
    </extensions>
   </trkpt>
   <trkpt lat="37.2654430" lon="-79.9585440">
    <ele>292.2</ele>
    <time>2026-04-08T09:57:07Z</time>
    <extensions>
     <power>376</power>
     <gpxtpx:TrackPointExtension>
      <gpxtpx:hr>133</gpxtpx:hr>
      <gpxtpx:cad>84</gpxtpx:cad>
     </gpxtpx:TrackPointExtension>
    </extensions>
   </trkpt>
   <trkpt lat="37.2654170" lon="-79.9585490">
    <ele>292.2</ele>
    <time>2026-04-08T09:57:08Z</time>
    <extensions>
     <power>371</power>
     <gpxtpx:TrackPointExtension>
      <gpxtpx:hr>134</gpxtpx:hr>
      <gpxtpx:cad>84</gpxtpx:cad>
     </gpxtpx:TrackPointExtension>
    </extensions>
   </trkpt>
   <trkpt lat="37.2653900" lon="-79.9585560">
    <ele>292.2</ele>
    <time>2026-04-08T09:57:09Z</time>
    <extensions>
     <power>370</power>
     <gpxtpx:TrackPointExtension>
      <gpxtpx:hr>134</gpxtpx:hr>
      <gpxtpx:cad>83</gpxtpx:cad>
     </gpxtpx:TrackPointExtension>
    </extensions>
   </trkpt>
   <trkpt lat="37.2653650" lon="-79.9585630">
    <ele>292.2</ele>
    <time>2026-04-08T09:57:10Z</time>
    <extensions>
     <power>368</power>
     <gpxtpx:TrackPointExtension>
      <gpxtpx:hr>135</gpxtpx:hr>
      <gpxtpx:cad>83</gpxtpx:cad>
     </gpxtpx:TrackPointExtension>
    </extensions>
   </trkpt>
   <trkpt lat="37.2653390" lon="-79.9585680">
    <ele>292.2</ele>
    <time>2026-04-08T09:57:11Z</time>
    <extensions>
     <power>365</power>
     <gpxtpx:TrackPointExtension>
      <gpxtpx:hr>135</gpxtpx:hr>
      <gpxtpx:cad>83</gpxtpx:cad>
     </gpxtpx:TrackPointExtension>
    </extensions>
   </trkpt>
   <trkpt lat="37.2653110" lon="-79.9585750">
    <ele>292.2</ele>
    <time>2026-04-08T09:57:12Z</time>
    <extensions>
     <power>362</power>
     <gpxtpx:TrackPointExtension>
      <gpxtpx:hr>135</gpxtpx:hr>
      <gpxtpx:cad>83</gpxtpx:cad>
     </gpxtpx:TrackPointExtension>
    </extensions>
   </trkpt>
   <trkpt lat="37.2652840" lon="-79.9585830">
    <ele>292.2</ele>
    <time>2026-04-08T09:57:13Z</time>
    <extensions>
     <power>361</power>
     <gpxtpx:TrackPointExtension>
      <gpxtpx:hr>135</gpxtpx:hr>
      <gpxtpx:cad>83</gpxtpx:cad>
     </gpxtpx:TrackPointExtension>
    </extensions>
   </trkpt>
   <trkpt lat="37.2652560" lon="-79.9585910">
    <ele>292.3</ele>
    <time>2026-04-08T09:57:14Z</time>
    <extensions>
     <power>362</power>
     <gpxtpx:TrackPointExtension>
      <gpxtpx:hr>135</gpxtpx:hr>
      <gpxtpx:cad>83</gpxtpx:cad>
     </gpxtpx:TrackPointExtension>
    </extensions>
   </trkpt>
   <trkpt lat="37.2652300" lon="-79.9586000">
    <ele>292.3</ele>
    <time>2026-04-08T09:57:15Z</time>
    <extensions>
     <power>362</power>
     <gpxtpx:TrackPointExtension>
      <gpxtpx:hr>135</gpxtpx:hr>
      <gpxtpx:cad>84</gpxtpx:cad>
     </gpxtpx:TrackPointExtension>
    </extensions>
   </trkpt>
   <trkpt lat="37.2652040" lon="-79.9586070">
    <ele>292.3</ele>
    <time>2026-04-08T09:57:16Z</time>
    <extensions>
     <power>362</power>
     <gpxtpx:TrackPointExtension>
      <gpxtpx:hr>136</gpxtpx:hr>
      <gpxtpx:cad>84</gpxtpx:cad>
     </gpxtpx:TrackPointExtension>
    </extensions>
   </trkpt>
   <trkpt lat="37.2651780" lon="-79.9586140">
    <ele>292.3</ele>
    <time>2026-04-08T09:57:17Z</time>
    <extensions>
     <power>362</power>
     <gpxtpx:TrackPointExtension>
      <gpxtpx:hr>136</gpxtpx:hr>
      <gpxtpx:cad>84</gpxtpx:cad>
     </gpxtpx:TrackPointExtension>
    </extensions>
   </trkpt>
   <trkpt lat="37.2651530" lon="-79.9586210">
    <ele>292.3</ele>
    <time>2026-04-08T09:57:18Z</time>
    <extensions>
     <power>361</power>
     <gpxtpx:TrackPointExtension>
      <gpxtpx:hr>136</gpxtpx:hr>
      <gpxtpx:cad>84</gpxtpx:cad>
     </gpxtpx:TrackPointExtension>
    </extensions>
   </trkpt>
   <trkpt lat="37.2651280" lon="-79.9586270">
    <ele>292.3</ele>
    <time>2026-04-08T09:57:19Z</time>
    <extensions>
     <power>360</power>
     <gpxtpx:TrackPointExtension>
      <gpxtpx:hr>136</gpxtpx:hr>
      <gpxtpx:cad>83</gpxtpx:cad>
     </gpxtpx:TrackPointExtension>
    </extensions>
   </trkpt>
   <trkpt lat="37.2651020" lon="-79.9586340">
    <ele>292.3</ele>
    <time>2026-04-08T09:57:20Z</time>
    <extensions>
     <power>361</power>
     <gpxtpx:TrackPointExtension>
      <gpxtpx:hr>135</gpxtpx:hr>
      <gpxtpx:cad>83</gpxtpx:cad>
     </gpxtpx:TrackPointExtension>
    </extensions>
   </trkpt>
   <trkpt lat="37.2650790" lon="-79.9586370">
    <ele>292.4</ele>
    <time>2026-04-08T09:57:21Z</time>
    <extensions>
     <power>359</power>
     <gpxtpx:TrackPointExtension>
      <gpxtpx:hr>136</gpxtpx:hr>
      <gpxtpx:cad>83</gpxtpx:cad>
     </gpxtpx:TrackPointExtension>
    </extensions>
   </trkpt>
   <trkpt lat="37.2650570" lon="-79.9586340">
    <ele>292.4</ele>
    <time>2026-04-08T09:57:22Z</time>
    <extensions>
     <power>356</power>
     <gpxtpx:TrackPointExtension>
      <gpxtpx:hr>136</gpxtpx:hr>
      <gpxtpx:cad>83</gpxtpx:cad>
     </gpxtpx:TrackPointExtension>
    </extensions>
   </trkpt>
   <trkpt lat="37.2650360" lon="-79.9586340">
    <ele>292.4</ele>
    <time>2026-04-08T09:57:23Z</time>
    <extensions>
     <power>354</power>
     <gpxtpx:TrackPointExtension>
      <gpxtpx:hr>135</gpxtpx:hr>
      <gpxtpx:cad>83</gpxtpx:cad>
     </gpxtpx:TrackPointExtension>
    </extensions>
   </trkpt>
   <trkpt lat="37.2650130" lon="-79.9586330">
    <ele>292.4</ele>
    <time>2026-04-08T09:57:24Z</time>
    <extensions>
     <power>353</power>
     <gpxtpx:TrackPointExtension>
      <gpxtpx:hr>135</gpxtpx:hr>
      <gpxtpx:cad>83</gpxtpx:cad>
     </gpxtpx:TrackPointExtension>
    </extensions>
   </trkpt>
   <trkpt lat="37.2649920" lon="-79.9586160">
    <ele>292.4</ele>
    <time>2026-04-08T09:57:25Z</time>
    <extensions>
     <power>353</power>
     <gpxtpx:TrackPointExtension>
      <gpxtpx:hr>135</gpxtpx:hr>
      <gpxtpx:cad>82</gpxtpx:cad>
     </gpxtpx:TrackPointExtension>
    </extensions>
   </trkpt>
   <trkpt lat="37.2649800" lon="-79.9585880">
    <ele>292.4</ele>
    <time>2026-04-08T09:57:26Z</time>
    <extensions>
     <power>351</power>
     <gpxtpx:TrackPointExtension>
      <gpxtpx:hr>136</gpxtpx:hr>
      <gpxtpx:cad>81</gpxtpx:cad>
     </gpxtpx:TrackPointExtension>
    </extensions>
   </trkpt>
   <trkpt lat="37.2649750" lon="-79.9585560">
    <ele>292.4</ele>
    <time>2026-04-08T09:57:27Z</time>
    <extensions>
     <power>351</power>
     <gpxtpx:TrackPointExtension>
      <gpxtpx:hr>135</gpxtpx:hr>
      <gpxtpx:cad>81</gpxtpx:cad>
     </gpxtpx:TrackPointExtension>
    </extensions>
   </trkpt>
   <trkpt lat="37.2649700" lon="-79.9585220">
    <ele>292.5</ele>
    <time>2026-04-08T09:57:28Z</time>
    <extensions>
     <power>337</power>
     <gpxtpx:TrackPointExtension>
      <gpxtpx:hr>135</gpxtpx:hr>
      <gpxtpx:cad>80</gpxtpx:cad>
     </gpxtpx:TrackPointExtension>
    </extensions>
   </trkpt>
   <trkpt lat="37.2649660" lon="-79.9584890">
    <ele>292.5</ele>
    <time>2026-04-08T09:57:29Z</time>
    <extensions>
     <power>333</power>
     <gpxtpx:TrackPointExtension>
      <gpxtpx:hr>136</gpxtpx:hr>
      <gpxtpx:cad>80</gpxtpx:cad>
     </gpxtpx:TrackPointExtension>
    </extensions>
   </trkpt>
   <trkpt lat="37.2649610" lon="-79.9584560">
    <ele>292.5</ele>
    <time>2026-04-08T09:57:30Z</time>
    <extensions>
     <power>335</power>
     <gpxtpx:TrackPointExtension>
      <gpxtpx:hr>135</gpxtpx:hr>
      <gpxtpx:cad>81</gpxtpx:cad>
     </gpxtpx:TrackPointExtension>
    </extensions>
   </trkpt>
   <trkpt lat="37.2649550" lon="-79.9584240">
    <ele>292.5</ele>
    <time>2026-04-08T09:57:31Z</time>
    <extensions>
     <power>337</power>
     <gpxtpx:TrackPointExtension>
      <gpxtpx:hr>135</gpxtpx:hr>
      <gpxtpx:cad>81</gpxtpx:cad>
     </gpxtpx:TrackPointExtension>
    </extensions>
   </trkpt>
   <trkpt lat="37.2649480" lon="-79.9583950">
    <ele>292.5</ele>
    <time>2026-04-08T09:57:32Z</time>
    <extensions>
     <power>337</power>
     <gpxtpx:TrackPointExtension>
      <gpxtpx:hr>135</gpxtpx:hr>
      <gpxtpx:cad>81</gpxtpx:cad>
     </gpxtpx:TrackPointExtension>
    </extensions>
   </trkpt>
   <trkpt lat="37.2649410" lon="-79.9583640">
    <ele>292.4</ele>
    <time>2026-04-08T09:57:33Z</time>
    <extensions>
     <power>334</power>
     <gpxtpx:TrackPointExtension>
      <gpxtpx:hr>135</gpxtpx:hr>
      <gpxtpx:cad>81</gpxtpx:cad>
     </gpxtpx:TrackPointExtension>
    </extensions>
   </trkpt>
   <trkpt lat="37.2649330" lon="-79.9583350">
    <ele>292.3</ele>
    <time>2026-04-08T09:57:34Z</time>
    <extensions>
     <power>329</power>
     <gpxtpx:TrackPointExtension>
      <gpxtpx:hr>135</gpxtpx:hr>
      <gpxtpx:cad>81</gpxtpx:cad>
     </gpxtpx:TrackPointExtension>
    </extensions>
   </trkpt>
   <trkpt lat="37.2649270" lon="-79.9583050">
    <ele>292.2</ele>
    <time>2026-04-08T09:57:35Z</time>
    <extensions>
     <power>325</power>
     <gpxtpx:TrackPointExtension>
      <gpxtpx:hr>135</gpxtpx:hr>
      <gpxtpx:cad>81</gpxtpx:cad>
     </gpxtpx:TrackPointExtension>
    </extensions>
   </trkpt>
   <trkpt lat="37.2649200" lon="-79.9582740">
    <ele>292.1</ele>
    <time>2026-04-08T09:57:36Z</time>
    <extensions>
     <power>322</power>
     <gpxtpx:TrackPointExtension>
      <gpxtpx:hr>135</gpxtpx:hr>
      <gpxtpx:cad>81</gpxtpx:cad>
     </gpxtpx:TrackPointExtension>
    </extensions>
   </trkpt>
   <trkpt lat="37.2649140" lon="-79.9582450">
    <ele>292.0</ele>
    <time>2026-04-08T09:57:37Z</time>
    <extensions>
     <power>322</power>
     <gpxtpx:TrackPointExtension>
      <gpxtpx:hr>136</gpxtpx:hr>
      <gpxtpx:cad>81</gpxtpx:cad>
     </gpxtpx:TrackPointExtension>
    </extensions>
   </trkpt>
   <trkpt lat="37.2649120" lon="-79.9582190">
    <ele>291.9</ele>
    <time>2026-04-08T09:57:38Z</time>
    <extensions>
     <power>320</power>
     <gpxtpx:TrackPointExtension>
      <gpxtpx:hr>135</gpxtpx:hr>
      <gpxtpx:cad>81</gpxtpx:cad>
     </gpxtpx:TrackPointExtension>
    </extensions>
   </trkpt>
   <trkpt lat="37.2649090" lon="-79.9581960">
    <ele>291.9</ele>
    <time>2026-04-08T09:57:39Z</time>
    <extensions>
     <power>314</power>
     <gpxtpx:TrackPointExtension>
      <gpxtpx:hr>136</gpxtpx:hr>
      <gpxtpx:cad>81</gpxtpx:cad>
     </gpxtpx:TrackPointExtension>
    </extensions>
   </trkpt>
   <trkpt lat="37.2649020" lon="-79.9581730">
    <ele>291.8</ele>
    <time>2026-04-08T09:57:40Z</time>
    <extensions>
     <power>307</power>
     <gpxtpx:TrackPointExtension>
      <gpxtpx:hr>136</gpxtpx:hr>
      <gpxtpx:cad>81</gpxtpx:cad>
     </gpxtpx:TrackPointExtension>
    </extensions>
   </trkpt>
   <trkpt lat="37.2648960" lon="-79.9581480">
    <ele>291.7</ele>
    <time>2026-04-08T09:57:41Z</time>
    <extensions>
     <power>287</power>
     <gpxtpx:TrackPointExtension>
      <gpxtpx:hr>136</gpxtpx:hr>
      <gpxtpx:cad>81</gpxtpx:cad>
     </gpxtpx:TrackPointExtension>
    </extensions>
   </trkpt>
   <trkpt lat="37.2648900" lon="-79.9581200">
    <ele>291.6</ele>
    <time>2026-04-08T09:57:42Z</time>
    <extensions>
     <power>288</power>
     <gpxtpx:TrackPointExtension>
      <gpxtpx:hr>136</gpxtpx:hr>
      <gpxtpx:cad>80</gpxtpx:cad>
     </gpxtpx:TrackPointExtension>
    </extensions>
   </trkpt>
   <trkpt lat="37.2648850" lon="-79.9580890">
    <ele>291.5</ele>
    <time>2026-04-08T09:57:43Z</time>
    <extensions>
     <power>289</power>
     <gpxtpx:TrackPointExtension>
      <gpxtpx:hr>135</gpxtpx:hr>
      <gpxtpx:cad>80</gpxtpx:cad>
     </gpxtpx:TrackPointExtension>
    </extensions>
   </trkpt>
   <trkpt lat="37.2648790" lon="-79.9580560">
    <ele>291.4</ele>
    <time>2026-04-08T09:57:44Z</time>
    <extensions>
     <power>296</power>
     <gpxtpx:TrackPointExtension>
      <gpxtpx:hr>136</gpxtpx:hr>
      <gpxtpx:cad>80</gpxtpx:cad>
     </gpxtpx:TrackPointExtension>
    </extensions>
   </trkpt>
   <trkpt lat="37.2648760" lon="-79.9580230">
    <ele>291.3</ele>
    <time>2026-04-08T09:57:45Z</time>
    <extensions>
     <power>322</power>
     <gpxtpx:TrackPointExtension>
      <gpxtpx:hr>136</gpxtpx:hr>
      <gpxtpx:cad>80</gpxtpx:cad>
     </gpxtpx:TrackPointExtension>
    </extensions>
   </trkpt>
   <trkpt lat="37.2648710" lon="-79.9579940">
    <ele>291.2</ele>
    <time>2026-04-08T09:57:46Z</time>
    <extensions>
     <power>338</power>
     <gpxtpx:TrackPointExtension>
      <gpxtpx:hr>135</gpxtpx:hr>
      <gpxtpx:cad>80</gpxtpx:cad>
     </gpxtpx:TrackPointExtension>
    </extensions>
   </trkpt>
   <trkpt lat="37.2648660" lon="-79.9579600">
    <ele>291.1</ele>
    <time>2026-04-08T09:57:47Z</time>
    <extensions>
     <power>338</power>
     <gpxtpx:TrackPointExtension>
      <gpxtpx:hr>135</gpxtpx:hr>
      <gpxtpx:cad>81</gpxtpx:cad>
     </gpxtpx:TrackPointExtension>
    </extensions>
   </trkpt>
   <trkpt lat="37.2648610" lon="-79.9579260">
    <ele>290.9</ele>
    <time>2026-04-08T09:57:48Z</time>
    <extensions>
     <power>333</power>
     <gpxtpx:TrackPointExtension>
      <gpxtpx:hr>135</gpxtpx:hr>
      <gpxtpx:cad>81</gpxtpx:cad>
     </gpxtpx:TrackPointExtension>
    </extensions>
   </trkpt>
   <trkpt lat="37.2648580" lon="-79.9578910">
    <ele>290.8</ele>
    <time>2026-04-08T09:57:49Z</time>
    <extensions>
     <power>335</power>
     <gpxtpx:TrackPointExtension>
      <gpxtpx:hr>136</gpxtpx:hr>
      <gpxtpx:cad>82</gpxtpx:cad>
     </gpxtpx:TrackPointExtension>
    </extensions>
   </trkpt>
   <trkpt lat="37.2648540" lon="-79.9578560">
    <ele>290.7</ele>
    <time>2026-04-08T09:57:50Z</time>
    <extensions>
     <power>330</power>
     <gpxtpx:TrackPointExtension>
      <gpxtpx:hr>135</gpxtpx:hr>
      <gpxtpx:cad>83</gpxtpx:cad>
     </gpxtpx:TrackPointExtension>
    </extensions>
   </trkpt>
   <trkpt lat="37.2648500" lon="-79.9578230">
    <ele>290.6</ele>
    <time>2026-04-08T09:57:51Z</time>
    <extensions>
     <power>342</power>
     <gpxtpx:TrackPointExtension>
      <gpxtpx:hr>135</gpxtpx:hr>
      <gpxtpx:cad>83</gpxtpx:cad>
     </gpxtpx:TrackPointExtension>
    </extensions>
   </trkpt>
   <trkpt lat="37.2648450" lon="-79.9577870">
    <ele>290.5</ele>
    <time>2026-04-08T09:57:52Z</time>
    <extensions>
     <power>342</power>
     <gpxtpx:TrackPointExtension>
      <gpxtpx:hr>135</gpxtpx:hr>
      <gpxtpx:cad>83</gpxtpx:cad>
     </gpxtpx:TrackPointExtension>
    </extensions>
   </trkpt>
   <trkpt lat="37.2648380" lon="-79.9577500">
    <ele>290.3</ele>
    <time>2026-04-08T09:57:53Z</time>
    <extensions>
     <power>336</power>
     <gpxtpx:TrackPointExtension>
      <gpxtpx:hr>135</gpxtpx:hr>
      <gpxtpx:cad>83</gpxtpx:cad>
     </gpxtpx:TrackPointExtension>
    </extensions>
   </trkpt>
   <trkpt lat="37.2648310" lon="-79.9577150">
    <ele>290.2</ele>
    <time>2026-04-08T09:57:54Z</time>
    <extensions>
     <power>337</power>
     <gpxtpx:TrackPointExtension>
      <gpxtpx:hr>135</gpxtpx:hr>
      <gpxtpx:cad>83</gpxtpx:cad>
     </gpxtpx:TrackPointExtension>
    </extensions>
   </trkpt>
   <trkpt lat="37.2648250" lon="-79.9576780">
    <ele>290.1</ele>
    <time>2026-04-08T09:57:55Z</time>
    <extensions>
     <power>338</power>
     <gpxtpx:TrackPointExtension>
      <gpxtpx:hr>135</gpxtpx:hr>
      <gpxtpx:cad>84</gpxtpx:cad>
     </gpxtpx:TrackPointExtension>
    </extensions>
   </trkpt>
   <trkpt lat="37.2648210" lon="-79.9576420">
    <ele>290.0</ele>
    <time>2026-04-08T09:57:56Z</time>
    <extensions>
     <power>346</power>
     <gpxtpx:TrackPointExtension>
      <gpxtpx:hr>135</gpxtpx:hr>
      <gpxtpx:cad>84</gpxtpx:cad>
     </gpxtpx:TrackPointExtension>
    </extensions>
   </trkpt>
   <trkpt lat="37.2648160" lon="-79.9576060">
    <ele>289.8</ele>
    <time>2026-04-08T09:57:57Z</time>
    <extensions>
     <power>349</power>
     <gpxtpx:TrackPointExtension>
      <gpxtpx:hr>134</gpxtpx:hr>
      <gpxtpx:cad>84</gpxtpx:cad>
     </gpxtpx:TrackPointExtension>
    </extensions>
   </trkpt>
   <trkpt lat="37.2648090" lon="-79.9575720">
    <ele>289.7</ele>
    <time>2026-04-08T09:57:58Z</time>
    <extensions>
     <power>350</power>
     <gpxtpx:TrackPointExtension>
      <gpxtpx:hr>134</gpxtpx:hr>
      <gpxtpx:cad>84</gpxtpx:cad>
     </gpxtpx:TrackPointExtension>
    </extensions>
   </trkpt>
   <trkpt lat="37.2648030" lon="-79.9575370">
    <ele>289.6</ele>
    <time>2026-04-08T09:57:59Z</time>
    <extensions>
     <power>349</power>
     <gpxtpx:TrackPointExtension>
      <gpxtpx:hr>134</gpxtpx:hr>
      <gpxtpx:cad>84</gpxtpx:cad>
     </gpxtpx:TrackPointExtension>
    </extensions>
   </trkpt>
   <trkpt lat="37.2647960" lon="-79.9575020">
    <ele>289.5</ele>
    <time>2026-04-08T09:58:00Z</time>
    <extensions>
     <power>345</power>
     <gpxtpx:TrackPointExtension>
      <gpxtpx:hr>134</gpxtpx:hr>
      <gpxtpx:cad>83</gpxtpx:cad>
     </gpxtpx:TrackPointExtension>
    </extensions>
   </trkpt>
   <trkpt lat="37.2647910" lon="-79.9574690">
    <ele>289.4</ele>
    <time>2026-04-08T09:58:01Z</time>
    <extensions>
     <power>346</power>
     <gpxtpx:TrackPointExtension>
      <gpxtpx:hr>135</gpxtpx:hr>
      <gpxtpx:cad>83</gpxtpx:cad>
     </gpxtpx:TrackPointExtension>
    </extensions>
   </trkpt>
   <trkpt lat="37.2647860" lon="-79.9574360">
    <ele>289.3</ele>
    <time>2026-04-08T09:58:02Z</time>
    <extensions>
     <power>345</power>
     <gpxtpx:TrackPointExtension>
      <gpxtpx:hr>134</gpxtpx:hr>
      <gpxtpx:cad>83</gpxtpx:cad>
     </gpxtpx:TrackPointExtension>
    </extensions>
   </trkpt>
   <trkpt lat="37.2647770" lon="-79.9574010">
    <ele>289.1</ele>
    <time>2026-04-08T09:58:03Z</time>
    <extensions>
     <power>345</power>
     <gpxtpx:TrackPointExtension>
      <gpxtpx:hr>134</gpxtpx:hr>
      <gpxtpx:cad>83</gpxtpx:cad>
     </gpxtpx:TrackPointExtension>
    </extensions>
   </trkpt>
   <trkpt lat="37.2647710" lon="-79.9573670">
    <ele>289.0</ele>
    <time>2026-04-08T09:58:04Z</time>
    <extensions>
     <power>343</power>
     <gpxtpx:TrackPointExtension>
      <gpxtpx:hr>134</gpxtpx:hr>
      <gpxtpx:cad>83</gpxtpx:cad>
     </gpxtpx:TrackPointExtension>
    </extensions>
   </trkpt>
   <trkpt lat="37.2647660" lon="-79.9573320">
    <ele>288.9</ele>
    <time>2026-04-08T09:58:05Z</time>
    <extensions>
     <power>341</power>
     <gpxtpx:TrackPointExtension>
      <gpxtpx:hr>134</gpxtpx:hr>
      <gpxtpx:cad>83</gpxtpx:cad>
     </gpxtpx:TrackPointExtension>
    </extensions>
   </trkpt>
   <trkpt lat="37.2647610" lon="-79.9572970">
    <ele>288.9</ele>
    <time>2026-04-08T09:58:06Z</time>
    <extensions>
     <power>339</power>
     <gpxtpx:TrackPointExtension>
      <gpxtpx:hr>134</gpxtpx:hr>
      <gpxtpx:cad>83</gpxtpx:cad>
     </gpxtpx:TrackPointExtension>
    </extensions>
   </trkpt>
   <trkpt lat="37.2647560" lon="-79.9572630">
    <ele>288.8</ele>
    <time>2026-04-08T09:58:07Z</time>
    <extensions>
     <power>338</power>
     <gpxtpx:TrackPointExtension>
      <gpxtpx:hr>134</gpxtpx:hr>
      <gpxtpx:cad>84</gpxtpx:cad>
     </gpxtpx:TrackPointExtension>
    </extensions>
   </trkpt>
   <trkpt lat="37.2647470" lon="-79.9572250">
    <ele>288.8</ele>
    <time>2026-04-08T09:58:08Z</time>
    <extensions>
     <power>337</power>
     <gpxtpx:TrackPointExtension>
      <gpxtpx:hr>134</gpxtpx:hr>
      <gpxtpx:cad>84</gpxtpx:cad>
     </gpxtpx:TrackPointExtension>
    </extensions>
   </trkpt>
   <trkpt lat="37.2647420" lon="-79.9571880">
    <ele>288.8</ele>
    <time>2026-04-08T09:58:09Z</time>
    <extensions>
     <power>337</power>
     <gpxtpx:TrackPointExtension>
      <gpxtpx:hr>134</gpxtpx:hr>
      <gpxtpx:cad>84</gpxtpx:cad>
     </gpxtpx:TrackPointExtension>
    </extensions>
   </trkpt>
   <trkpt lat="37.2647330" lon="-79.9571530">
    <ele>288.8</ele>
    <time>2026-04-08T09:58:10Z</time>
    <extensions>
     <power>340</power>
     <gpxtpx:TrackPointExtension>
      <gpxtpx:hr>134</gpxtpx:hr>
      <gpxtpx:cad>84</gpxtpx:cad>
     </gpxtpx:TrackPointExtension>
    </extensions>
   </trkpt>
   <trkpt lat="37.2647230" lon="-79.9571200">
    <ele>288.6</ele>
    <time>2026-04-08T09:58:11Z</time>
    <extensions>
     <power>343</power>
     <gpxtpx:TrackPointExtension>
      <gpxtpx:hr>134</gpxtpx:hr>
      <gpxtpx:cad>84</gpxtpx:cad>
     </gpxtpx:TrackPointExtension>
    </extensions>
   </trkpt>
   <trkpt lat="37.2647130" lon="-79.9570860">
    <ele>288.5</ele>
    <time>2026-04-08T09:58:12Z</time>
    <extensions>
     <power>345</power>
     <gpxtpx:TrackPointExtension>
      <gpxtpx:hr>134</gpxtpx:hr>
      <gpxtpx:cad>83</gpxtpx:cad>
     </gpxtpx:TrackPointExtension>
    </extensions>
   </trkpt>
   <trkpt lat="37.2647020" lon="-79.9570530">
    <ele>288.3</ele>
    <time>2026-04-08T09:58:13Z</time>
    <extensions>
     <power>348</power>
     <gpxtpx:TrackPointExtension>
      <gpxtpx:hr>134</gpxtpx:hr>
      <gpxtpx:cad>83</gpxtpx:cad>
     </gpxtpx:TrackPointExtension>
    </extensions>
   </trkpt>
   <trkpt lat="37.2646900" lon="-79.9570230">
    <ele>288.2</ele>
    <time>2026-04-08T09:58:14Z</time>
    <extensions>
     <power>351</power>
     <gpxtpx:TrackPointExtension>
      <gpxtpx:hr>134</gpxtpx:hr>
      <gpxtpx:cad>83</gpxtpx:cad>
     </gpxtpx:TrackPointExtension>
    </extensions>
   </trkpt>
   <trkpt lat="37.2646780" lon="-79.9569940">
    <ele>288.1</ele>
    <time>2026-04-08T09:58:15Z</time>
    <extensions>
     <power>350</power>
     <gpxtpx:TrackPointExtension>
      <gpxtpx:hr>134</gpxtpx:hr>
      <gpxtpx:cad>83</gpxtpx:cad>
     </gpxtpx:TrackPointExtension>
    </extensions>
   </trkpt>
   <trkpt lat="37.2646630" lon="-79.9569680">
    <ele>288.0</ele>
    <time>2026-04-08T09:58:16Z</time>
    <extensions>
     <power>350</power>
     <gpxtpx:TrackPointExtension>
      <gpxtpx:hr>134</gpxtpx:hr>
      <gpxtpx:cad>84</gpxtpx:cad>
     </gpxtpx:TrackPointExtension>
    </extensions>
   </trkpt>
   <trkpt lat="37.2646450" lon="-79.9569380">
    <ele>287.9</ele>
    <time>2026-04-08T09:58:17Z</time>
    <extensions>
     <power>346</power>
     <gpxtpx:TrackPointExtension>
      <gpxtpx:hr>134</gpxtpx:hr>
      <gpxtpx:cad>84</gpxtpx:cad>
     </gpxtpx:TrackPointExtension>
    </extensions>
   </trkpt>
   <trkpt lat="37.2646250" lon="-79.9569110">
    <ele>287.8</ele>
    <time>2026-04-08T09:58:18Z</time>
    <extensions>
     <power>344</power>
     <gpxtpx:TrackPointExtension>
      <gpxtpx:hr>134</gpxtpx:hr>
      <gpxtpx:cad>82</gpxtpx:cad>
     </gpxtpx:TrackPointExtension>
    </extensions>
   </trkpt>
   <trkpt lat="37.2646050" lon="-79.9568860">
    <ele>287.7</ele>
    <time>2026-04-08T09:58:19Z</time>
    <extensions>
     <power>344</power>
     <gpxtpx:TrackPointExtension>
      <gpxtpx:hr>134</gpxtpx:hr>
      <gpxtpx:cad>82</gpxtpx:cad>
     </gpxtpx:TrackPointExtension>
    </extensions>
   </trkpt>
   <trkpt lat="37.2645820" lon="-79.9568630">
    <ele>287.6</ele>
    <time>2026-04-08T09:58:20Z</time>
    <extensions>
     <power>345</power>
     <gpxtpx:TrackPointExtension>
      <gpxtpx:hr>134</gpxtpx:hr>
      <gpxtpx:cad>82</gpxtpx:cad>
     </gpxtpx:TrackPointExtension>
    </extensions>
   </trkpt>
   <trkpt lat="37.2645580" lon="-79.9568450">
    <ele>287.6</ele>
    <time>2026-04-08T09:58:21Z</time>
    <extensions>
     <power>347</power>
     <gpxtpx:TrackPointExtension>
      <gpxtpx:hr>134</gpxtpx:hr>
      <gpxtpx:cad>82</gpxtpx:cad>
     </gpxtpx:TrackPointExtension>
    </extensions>
   </trkpt>
   <trkpt lat="37.2645320" lon="-79.9568310">
    <ele>287.5</ele>
    <time>2026-04-08T09:58:22Z</time>
    <extensions>
     <power>345</power>
     <gpxtpx:TrackPointExtension>
      <gpxtpx:hr>135</gpxtpx:hr>
      <gpxtpx:cad>82</gpxtpx:cad>
     </gpxtpx:TrackPointExtension>
    </extensions>
   </trkpt>
   <trkpt lat="37.2645040" lon="-79.9568230">
    <ele>287.4</ele>
    <time>2026-04-08T09:58:23Z</time>
    <extensions>
     <power>344</power>
     <gpxtpx:TrackPointExtension>
      <gpxtpx:hr>135</gpxtpx:hr>
      <gpxtpx:cad>84</gpxtpx:cad>
     </gpxtpx:TrackPointExtension>
    </extensions>
   </trkpt>
   <trkpt lat="37.2644750" lon="-79.9568180">
    <ele>287.4</ele>
    <time>2026-04-08T09:58:24Z</time>
    <extensions>
     <power>342</power>
     <gpxtpx:TrackPointExtension>
      <gpxtpx:hr>136</gpxtpx:hr>
      <gpxtpx:cad>84</gpxtpx:cad>
     </gpxtpx:TrackPointExtension>
    </extensions>
   </trkpt>
   <trkpt lat="37.2644460" lon="-79.9568110">
    <ele>287.3</ele>
    <time>2026-04-08T09:58:25Z</time>
    <extensions>
     <power>344</power>
     <gpxtpx:TrackPointExtension>
      <gpxtpx:hr>136</gpxtpx:hr>
      <gpxtpx:cad>84</gpxtpx:cad>
     </gpxtpx:TrackPointExtension>
    </extensions>
   </trkpt>
   <trkpt lat="37.2644170" lon="-79.9568040">
    <ele>287.2</ele>
    <time>2026-04-08T09:58:26Z</time>
    <extensions>
     <power>345</power>
     <gpxtpx:TrackPointExtension>
      <gpxtpx:hr>136</gpxtpx:hr>
      <gpxtpx:cad>84</gpxtpx:cad>
     </gpxtpx:TrackPointExtension>
    </extensions>
   </trkpt>
   <trkpt lat="37.2643870" lon="-79.9567940">
    <ele>287.1</ele>
    <time>2026-04-08T09:58:27Z</time>
    <extensions>
     <power>344</power>
     <gpxtpx:TrackPointExtension>
      <gpxtpx:hr>137</gpxtpx:hr>
      <gpxtpx:cad>84</gpxtpx:cad>
     </gpxtpx:TrackPointExtension>
    </extensions>
   </trkpt>
   <trkpt lat="37.2643580" lon="-79.9567860">
    <ele>287.1</ele>
    <time>2026-04-08T09:58:28Z</time>
    <extensions>
     <power>345</power>
     <gpxtpx:TrackPointExtension>
      <gpxtpx:hr>137</gpxtpx:hr>
      <gpxtpx:cad>84</gpxtpx:cad>
     </gpxtpx:TrackPointExtension>
    </extensions>
   </trkpt>
   <trkpt lat="37.2643280" lon="-79.9567790">
    <ele>287.0</ele>
    <time>2026-04-08T09:58:29Z</time>
    <extensions>
     <power>346</power>
     <gpxtpx:TrackPointExtension>
      <gpxtpx:hr>138</gpxtpx:hr>
      <gpxtpx:cad>85</gpxtpx:cad>
     </gpxtpx:TrackPointExtension>
    </extensions>
   </trkpt>
   <trkpt lat="37.2642980" lon="-79.9567740">
    <ele>286.9</ele>
    <time>2026-04-08T09:58:30Z</time>
    <extensions>
     <power>346</power>
     <gpxtpx:TrackPointExtension>
      <gpxtpx:hr>138</gpxtpx:hr>
      <gpxtpx:cad>85</gpxtpx:cad>
     </gpxtpx:TrackPointExtension>
    </extensions>
   </trkpt>
   <trkpt lat="37.2642700" lon="-79.9567690">
    <ele>286.9</ele>
    <time>2026-04-08T09:58:31Z</time>
    <extensions>
     <power>350</power>
     <gpxtpx:TrackPointExtension>
      <gpxtpx:hr>138</gpxtpx:hr>
      <gpxtpx:cad>84</gpxtpx:cad>
     </gpxtpx:TrackPointExtension>
    </extensions>
   </trkpt>
   <trkpt lat="37.2642420" lon="-79.9567600">
    <ele>286.8</ele>
    <time>2026-04-08T09:58:32Z</time>
    <extensions>
     <power>349</power>
     <gpxtpx:TrackPointExtension>
      <gpxtpx:hr>138</gpxtpx:hr>
      <gpxtpx:cad>84</gpxtpx:cad>
     </gpxtpx:TrackPointExtension>
    </extensions>
   </trkpt>
   <trkpt lat="37.2642140" lon="-79.9567530">
    <ele>286.7</ele>
    <time>2026-04-08T09:58:33Z</time>
    <extensions>
     <power>347</power>
     <gpxtpx:TrackPointExtension>
      <gpxtpx:hr>139</gpxtpx:hr>
      <gpxtpx:cad>84</gpxtpx:cad>
     </gpxtpx:TrackPointExtension>
    </extensions>
   </trkpt>
   <trkpt lat="37.2641850" lon="-79.9567440">
    <ele>286.6</ele>
    <time>2026-04-08T09:58:34Z</time>
    <extensions>
     <power>344</power>
     <gpxtpx:TrackPointExtension>
      <gpxtpx:hr>139</gpxtpx:hr>
      <gpxtpx:cad>84</gpxtpx:cad>
     </gpxtpx:TrackPointExtension>
    </extensions>
   </trkpt>
   <trkpt lat="37.2641560" lon="-79.9567360">
    <ele>286.6</ele>
    <time>2026-04-08T09:58:35Z</time>
    <extensions>
     <power>340</power>
     <gpxtpx:TrackPointExtension>
      <gpxtpx:hr>139</gpxtpx:hr>
      <gpxtpx:cad>84</gpxtpx:cad>
     </gpxtpx:TrackPointExtension>
    </extensions>
   </trkpt>
   <trkpt lat="37.2641290" lon="-79.9567290">
    <ele>286.5</ele>
    <time>2026-04-08T09:58:36Z</time>
    <extensions>
     <power>340</power>
     <gpxtpx:TrackPointExtension>
      <gpxtpx:hr>139</gpxtpx:hr>
      <gpxtpx:cad>84</gpxtpx:cad>
     </gpxtpx:TrackPointExtension>
    </extensions>
   </trkpt>
   <trkpt lat="37.2641030" lon="-79.9567200">
    <ele>286.4</ele>
    <time>2026-04-08T09:58:37Z</time>
    <extensions>
     <power>338</power>
     <gpxtpx:TrackPointExtension>
      <gpxtpx:hr>139</gpxtpx:hr>
      <gpxtpx:cad>83</gpxtpx:cad>
     </gpxtpx:TrackPointExtension>
    </extensions>
   </trkpt>
   <trkpt lat="37.2640770" lon="-79.9567140">
    <ele>286.4</ele>
    <time>2026-04-08T09:58:38Z</time>
    <extensions>
     <power>337</power>
     <gpxtpx:TrackPointExtension>
      <gpxtpx:hr>139</gpxtpx:hr>
      <gpxtpx:cad>83</gpxtpx:cad>
     </gpxtpx:TrackPointExtension>
    </extensions>
   </trkpt>
   <trkpt lat="37.2640520" lon="-79.9567070">
    <ele>286.3</ele>
    <time>2026-04-08T09:58:39Z</time>
    <extensions>
     <power>338</power>
     <gpxtpx:TrackPointExtension>
      <gpxtpx:hr>139</gpxtpx:hr>
      <gpxtpx:cad>83</gpxtpx:cad>
     </gpxtpx:TrackPointExtension>
    </extensions>
   </trkpt>
   <trkpt lat="37.2640260" lon="-79.9566980">
    <ele>286.3</ele>
    <time>2026-04-08T09:58:40Z</time>
    <extensions>
     <power>335</power>
     <gpxtpx:TrackPointExtension>
      <gpxtpx:hr>140</gpxtpx:hr>
      <gpxtpx:cad>83</gpxtpx:cad>
     </gpxtpx:TrackPointExtension>
    </extensions>
   </trkpt>
   <trkpt lat="37.2639990" lon="-79.9566900">
    <ele>286.2</ele>
    <time>2026-04-08T09:58:41Z</time>
    <extensions>
     <power>331</power>
     <gpxtpx:TrackPointExtension>
      <gpxtpx:hr>139</gpxtpx:hr>
      <gpxtpx:cad>83</gpxtpx:cad>
     </gpxtpx:TrackPointExtension>
    </extensions>
   </trkpt>
   <trkpt lat="37.2639710" lon="-79.9566810">
    <ele>286.1</ele>
    <time>2026-04-08T09:58:42Z</time>
    <extensions>
     <power>326</power>
     <gpxtpx:TrackPointExtension>
      <gpxtpx:hr>139</gpxtpx:hr>
      <gpxtpx:cad>83</gpxtpx:cad>
     </gpxtpx:TrackPointExtension>
    </extensions>
   </trkpt>
   <trkpt lat="37.2639430" lon="-79.9566710">
    <ele>286.0</ele>
    <time>2026-04-08T09:58:43Z</time>
    <extensions>
     <power>322</power>
     <gpxtpx:TrackPointExtension>
      <gpxtpx:hr>140</gpxtpx:hr>
      <gpxtpx:cad>83</gpxtpx:cad>
     </gpxtpx:TrackPointExtension>
    </extensions>
   </trkpt>
   <trkpt lat="37.2639170" lon="-79.9566590">
    <ele>286.0</ele>
    <time>2026-04-08T09:58:44Z</time>
    <extensions>
     <power>318</power>
     <gpxtpx:TrackPointExtension>
      <gpxtpx:hr>140</gpxtpx:hr>
      <gpxtpx:cad>82</gpxtpx:cad>
     </gpxtpx:TrackPointExtension>
    </extensions>
   </trkpt>
   <trkpt lat="37.2638950" lon="-79.9566410">
    <ele>286.0</ele>
    <time>2026-04-08T09:58:45Z</time>
    <extensions>
     <power>316</power>
     <gpxtpx:TrackPointExtension>
      <gpxtpx:hr>140</gpxtpx:hr>
      <gpxtpx:cad>82</gpxtpx:cad>
     </gpxtpx:TrackPointExtension>
    </extensions>
   </trkpt>
   <trkpt lat="37.2638720" lon="-79.9566190">
    <ele>285.9</ele>
    <time>2026-04-08T09:58:46Z</time>
    <extensions>
     <power>313</power>
     <gpxtpx:TrackPointExtension>
      <gpxtpx:hr>140</gpxtpx:hr>
      <gpxtpx:cad>82</gpxtpx:cad>
     </gpxtpx:TrackPointExtension>
    </extensions>
   </trkpt>
   <trkpt lat="37.2638520" lon="-79.9565970">
    <ele>285.9</ele>
    <time>2026-04-08T09:58:47Z</time>
    <extensions>
     <power>312</power>
     <gpxtpx:TrackPointExtension>
      <gpxtpx:hr>139</gpxtpx:hr>
      <gpxtpx:cad>83</gpxtpx:cad>
     </gpxtpx:TrackPointExtension>
    </extensions>
   </trkpt>
   <trkpt lat="37.2638320" lon="-79.9565720">
    <ele>285.8</ele>
    <time>2026-04-08T09:58:48Z</time>
    <extensions>
     <power>309</power>
     <gpxtpx:TrackPointExtension>
      <gpxtpx:hr>140</gpxtpx:hr>
      <gpxtpx:cad>82</gpxtpx:cad>
     </gpxtpx:TrackPointExtension>
    </extensions>
   </trkpt>
   <trkpt lat="37.2638120" lon="-79.9565470">
    <ele>285.8</ele>
    <time>2026-04-08T09:58:49Z</time>
    <extensions>
     <power>310</power>
     <gpxtpx:TrackPointExtension>
      <gpxtpx:hr>140</gpxtpx:hr>
      <gpxtpx:cad>83</gpxtpx:cad>
     </gpxtpx:TrackPointExtension>
    </extensions>
   </trkpt>
   <trkpt lat="37.2637920" lon="-79.9565200">
    <ele>285.7</ele>
    <time>2026-04-08T09:58:50Z</time>
    <extensions>
     <power>312</power>
     <gpxtpx:TrackPointExtension>
      <gpxtpx:hr>139</gpxtpx:hr>
      <gpxtpx:cad>83</gpxtpx:cad>
     </gpxtpx:TrackPointExtension>
    </extensions>
   </trkpt>
   <trkpt lat="37.2637730" lon="-79.9564960">
    <ele>285.6</ele>
    <time>2026-04-08T09:58:51Z</time>
    <extensions>
     <power>314</power>
     <gpxtpx:TrackPointExtension>
      <gpxtpx:hr>140</gpxtpx:hr>
      <gpxtpx:cad>83</gpxtpx:cad>
     </gpxtpx:TrackPointExtension>
    </extensions>
   </trkpt>
   <trkpt lat="37.2637530" lon="-79.9564710">
    <ele>285.6</ele>
    <time>2026-04-08T09:58:52Z</time>
    <extensions>
     <power>314</power>
     <gpxtpx:TrackPointExtension>
      <gpxtpx:hr>140</gpxtpx:hr>
      <gpxtpx:cad>84</gpxtpx:cad>
     </gpxtpx:TrackPointExtension>
    </extensions>
   </trkpt>
   <trkpt lat="37.2637340" lon="-79.9564450">
    <ele>285.5</ele>
    <time>2026-04-08T09:58:53Z</time>
    <extensions>
     <power>319</power>
     <gpxtpx:TrackPointExtension>
      <gpxtpx:hr>140</gpxtpx:hr>
      <gpxtpx:cad>84</gpxtpx:cad>
     </gpxtpx:TrackPointExtension>
    </extensions>
   </trkpt>
   <trkpt lat="37.2637160" lon="-79.9564200">
    <ele>285.4</ele>
    <time>2026-04-08T09:58:54Z</time>
    <extensions>
     <power>322</power>
     <gpxtpx:TrackPointExtension>
      <gpxtpx:hr>139</gpxtpx:hr>
      <gpxtpx:cad>84</gpxtpx:cad>
     </gpxtpx:TrackPointExtension>
    </extensions>
   </trkpt>
   <trkpt lat="37.2636960" lon="-79.9563920">
    <ele>285.3</ele>
    <time>2026-04-08T09:58:55Z</time>
    <extensions>
     <power>325</power>
     <gpxtpx:TrackPointExtension>
      <gpxtpx:hr>140</gpxtpx:hr>
      <gpxtpx:cad>83</gpxtpx:cad>
     </gpxtpx:TrackPointExtension>
    </extensions>
   </trkpt>
   <trkpt lat="37.2636770" lon="-79.9563690">
    <ele>285.3</ele>
    <time>2026-04-08T09:58:56Z</time>
    <extensions>
     <power>327</power>
     <gpxtpx:TrackPointExtension>
      <gpxtpx:hr>140</gpxtpx:hr>
      <gpxtpx:cad>83</gpxtpx:cad>
     </gpxtpx:TrackPointExtension>
    </extensions>
   </trkpt>
   <trkpt lat="37.2636600" lon="-79.9563490">
    <ele>285.2</ele>
    <time>2026-04-08T09:58:57Z</time>
    <extensions>
     <power>329</power>
     <gpxtpx:TrackPointExtension>
      <gpxtpx:hr>140</gpxtpx:hr>
      <gpxtpx:cad>83</gpxtpx:cad>
     </gpxtpx:TrackPointExtension>
    </extensions>
   </trkpt>
   <trkpt lat="37.2636420" lon="-79.9563250">
    <ele>285.1</ele>
    <time>2026-04-08T09:58:58Z</time>
    <extensions>
     <power>332</power>
     <gpxtpx:TrackPointExtension>
      <gpxtpx:hr>140</gpxtpx:hr>
      <gpxtpx:cad>82</gpxtpx:cad>
     </gpxtpx:TrackPointExtension>
    </extensions>
   </trkpt>
   <trkpt lat="37.2636220" lon="-79.9563010">
    <ele>285.1</ele>
    <time>2026-04-08T09:58:59Z</time>
    <extensions>
     <power>332</power>
     <gpxtpx:TrackPointExtension>
      <gpxtpx:hr>139</gpxtpx:hr>
      <gpxtpx:cad>82</gpxtpx:cad>
     </gpxtpx:TrackPointExtension>
    </extensions>
   </trkpt>
   <trkpt lat="37.2636010" lon="-79.9562800">
    <ele>285.0</ele>
    <time>2026-04-08T09:59:00Z</time>
    <extensions>
     <power>336</power>
     <gpxtpx:TrackPointExtension>
      <gpxtpx:hr>140</gpxtpx:hr>
      <gpxtpx:cad>82</gpxtpx:cad>
     </gpxtpx:TrackPointExtension>
    </extensions>
   </trkpt>
   <trkpt lat="37.2635770" lon="-79.9562570">
    <ele>284.9</ele>
    <time>2026-04-08T09:59:01Z</time>
    <extensions>
     <power>339</power>
     <gpxtpx:TrackPointExtension>
      <gpxtpx:hr>140</gpxtpx:hr>
      <gpxtpx:cad>82</gpxtpx:cad>
     </gpxtpx:TrackPointExtension>
    </extensions>
   </trkpt>
   <trkpt lat="37.2635530" lon="-79.9562380">
    <ele>284.9</ele>
    <time>2026-04-08T09:59:02Z</time>
    <extensions>
     <power>341</power>
     <gpxtpx:TrackPointExtension>
      <gpxtpx:hr>140</gpxtpx:hr>
      <gpxtpx:cad>82</gpxtpx:cad>
     </gpxtpx:TrackPointExtension>
    </extensions>
   </trkpt>
   <trkpt lat="37.2635250" lon="-79.9562240">
    <ele>284.8</ele>
    <time>2026-04-08T09:59:03Z</time>
    <extensions>
     <power>342</power>
     <gpxtpx:TrackPointExtension>
      <gpxtpx:hr>139</gpxtpx:hr>
      <gpxtpx:cad>82</gpxtpx:cad>
     </gpxtpx:TrackPointExtension>
    </extensions>
   </trkpt>
   <trkpt lat="37.2634970" lon="-79.9562160">
    <ele>284.8</ele>
    <time>2026-04-08T09:59:04Z</time>
    <extensions>
     <power>344</power>
     <gpxtpx:TrackPointExtension>
      <gpxtpx:hr>140</gpxtpx:hr>
      <gpxtpx:cad>82</gpxtpx:cad>
     </gpxtpx:TrackPointExtension>
    </extensions>
   </trkpt>
   <trkpt lat="37.2634740" lon="-79.9562120">
    <ele>284.8</ele>
    <time>2026-04-08T09:59:05Z</time>
    <extensions>
     <power>346</power>
     <gpxtpx:TrackPointExtension>
      <gpxtpx:hr>140</gpxtpx:hr>
      <gpxtpx:cad>83</gpxtpx:cad>
     </gpxtpx:TrackPointExtension>
    </extensions>
   </trkpt>
   <trkpt lat="37.2634490" lon="-79.9562130">
    <ele>284.8</ele>
    <time>2026-04-08T09:59:06Z</time>
    <extensions>
     <power>347</power>
     <gpxtpx:TrackPointExtension>
      <gpxtpx:hr>139</gpxtpx:hr>
      <gpxtpx:cad>83</gpxtpx:cad>
     </gpxtpx:TrackPointExtension>
    </extensions>
   </trkpt>
   <trkpt lat="37.2634210" lon="-79.9562160">
    <ele>284.8</ele>
    <time>2026-04-08T09:59:07Z</time>
    <extensions>
     <power>343</power>
     <gpxtpx:TrackPointExtension>
      <gpxtpx:hr>140</gpxtpx:hr>
      <gpxtpx:cad>83</gpxtpx:cad>
     </gpxtpx:TrackPointExtension>
    </extensions>
   </trkpt>
   <trkpt lat="37.2633950" lon="-79.9562220">
    <ele>284.8</ele>
    <time>2026-04-08T09:59:08Z</time>
    <extensions>
     <power>342</power>
     <gpxtpx:TrackPointExtension>
      <gpxtpx:hr>140</gpxtpx:hr>
      <gpxtpx:cad>83</gpxtpx:cad>
     </gpxtpx:TrackPointExtension>
    </extensions>
   </trkpt>
   <trkpt lat="37.2633670" lon="-79.9562290">
    <ele>284.8</ele>
    <time>2026-04-08T09:59:09Z</time>
    <extensions>
     <power>341</power>
     <gpxtpx:TrackPointExtension>
      <gpxtpx:hr>139</gpxtpx:hr>
      <gpxtpx:cad>83</gpxtpx:cad>
     </gpxtpx:TrackPointExtension>
    </extensions>
   </trkpt>
   <trkpt lat="37.2633410" lon="-79.9562350">
    <ele>284.8</ele>
    <time>2026-04-08T09:59:10Z</time>
    <extensions>
     <power>344</power>
     <gpxtpx:TrackPointExtension>
      <gpxtpx:hr>140</gpxtpx:hr>
      <gpxtpx:cad>83</gpxtpx:cad>
     </gpxtpx:TrackPointExtension>
    </extensions>
   </trkpt>
   <trkpt lat="37.2633150" lon="-79.9562400">
    <ele>284.8</ele>
    <time>2026-04-08T09:59:11Z</time>
    <extensions>
     <power>344</power>
     <gpxtpx:TrackPointExtension>
      <gpxtpx:hr>140</gpxtpx:hr>
      <gpxtpx:cad>83</gpxtpx:cad>
     </gpxtpx:TrackPointExtension>
    </extensions>
   </trkpt>
   <trkpt lat="37.2632880" lon="-79.9562450">
    <ele>284.8</ele>
    <time>2026-04-08T09:59:12Z</time>
    <extensions>
     <power>345</power>
     <gpxtpx:TrackPointExtension>
      <gpxtpx:hr>139</gpxtpx:hr>
      <gpxtpx:cad>83</gpxtpx:cad>
     </gpxtpx:TrackPointExtension>
    </extensions>
   </trkpt>
   <trkpt lat="37.2632600" lon="-79.9562500">
    <ele>284.8</ele>
    <time>2026-04-08T09:59:13Z</time>
    <extensions>
     <power>347</power>
     <gpxtpx:TrackPointExtension>
      <gpxtpx:hr>140</gpxtpx:hr>
      <gpxtpx:cad>83</gpxtpx:cad>
     </gpxtpx:TrackPointExtension>
    </extensions>
   </trkpt>
   <trkpt lat="37.2632310" lon="-79.9562560">
    <ele>284.8</ele>
    <time>2026-04-08T09:59:14Z</time>
    <extensions>
     <power>350</power>
     <gpxtpx:TrackPointExtension>
      <gpxtpx:hr>140</gpxtpx:hr>
      <gpxtpx:cad>83</gpxtpx:cad>
     </gpxtpx:TrackPointExtension>
    </extensions>
   </trkpt>
   <trkpt lat="37.2632010" lon="-79.9562630">
    <ele>284.8</ele>
    <time>2026-04-08T09:59:15Z</time>
    <extensions>
     <power>351</power>
     <gpxtpx:TrackPointExtension>
      <gpxtpx:hr>139</gpxtpx:hr>
      <gpxtpx:cad>83</gpxtpx:cad>
     </gpxtpx:TrackPointExtension>
    </extensions>
   </trkpt>
   <trkpt lat="37.2631730" lon="-79.9562670">
    <ele>284.8</ele>
    <time>2026-04-08T09:59:16Z</time>
    <extensions>
     <power>352</power>
     <gpxtpx:TrackPointExtension>
      <gpxtpx:hr>140</gpxtpx:hr>
      <gpxtpx:cad>83</gpxtpx:cad>
     </gpxtpx:TrackPointExtension>
    </extensions>
   </trkpt>
   <trkpt lat="37.2631450" lon="-79.9562720">
    <ele>284.8</ele>
    <time>2026-04-08T09:59:17Z</time>
    <extensions>
     <power>356</power>
     <gpxtpx:TrackPointExtension>
      <gpxtpx:hr>140</gpxtpx:hr>
      <gpxtpx:cad>83</gpxtpx:cad>
     </gpxtpx:TrackPointExtension>
    </extensions>
   </trkpt>
   <trkpt lat="37.2631200" lon="-79.9562760">
    <ele>284.8</ele>
    <time>2026-04-08T09:59:18Z</time>
    <extensions>
     <power>356</power>
     <gpxtpx:TrackPointExtension>
      <gpxtpx:hr>139</gpxtpx:hr>
      <gpxtpx:cad>83</gpxtpx:cad>
     </gpxtpx:TrackPointExtension>
    </extensions>
   </trkpt>
   <trkpt lat="37.2630930" lon="-79.9562820">
    <ele>284.8</ele>
    <time>2026-04-08T09:59:19Z</time>
    <extensions>
     <power>355</power>
     <gpxtpx:TrackPointExtension>
      <gpxtpx:hr>140</gpxtpx:hr>
      <gpxtpx:cad>83</gpxtpx:cad>
     </gpxtpx:TrackPointExtension>
    </extensions>
   </trkpt>
   <trkpt lat="37.2630650" lon="-79.9562880">
    <ele>284.8</ele>
    <time>2026-04-08T09:59:20Z</time>
    <extensions>
     <power>350</power>
     <gpxtpx:TrackPointExtension>
      <gpxtpx:hr>140</gpxtpx:hr>
      <gpxtpx:cad>83</gpxtpx:cad>
     </gpxtpx:TrackPointExtension>
    </extensions>
   </trkpt>
   <trkpt lat="37.2630360" lon="-79.9562920">
    <ele>284.8</ele>
    <time>2026-04-08T09:59:21Z</time>
    <extensions>
     <power>346</power>
     <gpxtpx:TrackPointExtension>
      <gpxtpx:hr>139</gpxtpx:hr>
      <gpxtpx:cad>83</gpxtpx:cad>
     </gpxtpx:TrackPointExtension>
    </extensions>
   </trkpt>
   <trkpt lat="37.2630050" lon="-79.9562950">
    <ele>284.8</ele>
    <time>2026-04-08T09:59:22Z</time>
    <extensions>
     <power>342</power>
     <gpxtpx:TrackPointExtension>
      <gpxtpx:hr>139</gpxtpx:hr>
      <gpxtpx:cad>83</gpxtpx:cad>
     </gpxtpx:TrackPointExtension>
    </extensions>
   </trkpt>
   <trkpt lat="37.2629770" lon="-79.9563010">
    <ele>284.8</ele>
    <time>2026-04-08T09:59:23Z</time>
    <extensions>
     <power>343</power>
     <gpxtpx:TrackPointExtension>
      <gpxtpx:hr>139</gpxtpx:hr>
      <gpxtpx:cad>83</gpxtpx:cad>
     </gpxtpx:TrackPointExtension>
    </extensions>
   </trkpt>
   <trkpt lat="37.2629490" lon="-79.9563080">
    <ele>284.8</ele>
    <time>2026-04-08T09:59:24Z</time>
    <extensions>
     <power>343</power>
     <gpxtpx:TrackPointExtension>
      <gpxtpx:hr>139</gpxtpx:hr>
      <gpxtpx:cad>83</gpxtpx:cad>
     </gpxtpx:TrackPointExtension>
    </extensions>
   </trkpt>
   <trkpt lat="37.2629230" lon="-79.9563160">
    <ele>284.8</ele>
    <time>2026-04-08T09:59:25Z</time>
    <extensions>
     <power>347</power>
     <gpxtpx:TrackPointExtension>
      <gpxtpx:hr>139</gpxtpx:hr>
      <gpxtpx:cad>84</gpxtpx:cad>
     </gpxtpx:TrackPointExtension>
    </extensions>
   </trkpt>
   <trkpt lat="37.2628950" lon="-79.9563200">
    <ele>284.8</ele>
    <time>2026-04-08T09:59:26Z</time>
    <extensions>
     <power>345</power>
     <gpxtpx:TrackPointExtension>
      <gpxtpx:hr>139</gpxtpx:hr>
      <gpxtpx:cad>84</gpxtpx:cad>
     </gpxtpx:TrackPointExtension>
    </extensions>
   </trkpt>
   <trkpt lat="37.2628640" lon="-79.9563260">
    <ele>284.8</ele>
    <time>2026-04-08T09:59:27Z</time>
    <extensions>
     <power>346</power>
     <gpxtpx:TrackPointExtension>
      <gpxtpx:hr>139</gpxtpx:hr>
      <gpxtpx:cad>84</gpxtpx:cad>
     </gpxtpx:TrackPointExtension>
    </extensions>
   </trkpt>
   <trkpt lat="37.2628340" lon="-79.9563300">
    <ele>284.8</ele>
    <time>2026-04-08T09:59:28Z</time>
    <extensions>
     <power>347</power>
     <gpxtpx:TrackPointExtension>
      <gpxtpx:hr>139</gpxtpx:hr>
      <gpxtpx:cad>84</gpxtpx:cad>
     </gpxtpx:TrackPointExtension>
    </extensions>
   </trkpt>
   <trkpt lat="37.2628050" lon="-79.9563340">
    <ele>284.8</ele>
    <time>2026-04-08T09:59:29Z</time>
    <extensions>
     <power>348</power>
     <gpxtpx:TrackPointExtension>
      <gpxtpx:hr>138</gpxtpx:hr>
      <gpxtpx:cad>84</gpxtpx:cad>
     </gpxtpx:TrackPointExtension>
    </extensions>
   </trkpt>
   <trkpt lat="37.2627770" lon="-79.9563390">
    <ele>284.8</ele>
    <time>2026-04-08T09:59:30Z</time>
    <extensions>
     <power>349</power>
     <gpxtpx:TrackPointExtension>
      <gpxtpx:hr>138</gpxtpx:hr>
      <gpxtpx:cad>84</gpxtpx:cad>
     </gpxtpx:TrackPointExtension>
    </extensions>
   </trkpt>
   <trkpt lat="37.2627480" lon="-79.9563430">
    <ele>284.8</ele>
    <time>2026-04-08T09:59:31Z</time>
    <extensions>
     <power>351</power>
     <gpxtpx:TrackPointExtension>
      <gpxtpx:hr>138</gpxtpx:hr>
      <gpxtpx:cad>84</gpxtpx:cad>
     </gpxtpx:TrackPointExtension>
    </extensions>
   </trkpt>
   <trkpt lat="37.2627190" lon="-79.9563480">
    <ele>284.8</ele>
    <time>2026-04-08T09:59:32Z</time>
    <extensions>
     <power>352</power>
     <gpxtpx:TrackPointExtension>
      <gpxtpx:hr>138</gpxtpx:hr>
      <gpxtpx:cad>85</gpxtpx:cad>
     </gpxtpx:TrackPointExtension>
    </extensions>
   </trkpt>
   <trkpt lat="37.2626930" lon="-79.9563520">
    <ele>284.8</ele>
    <time>2026-04-08T09:59:33Z</time>
    <extensions>
     <power>355</power>
     <gpxtpx:TrackPointExtension>
      <gpxtpx:hr>137</gpxtpx:hr>
      <gpxtpx:cad>85</gpxtpx:cad>
     </gpxtpx:TrackPointExtension>
    </extensions>
   </trkpt>
   <trkpt lat="37.2626650" lon="-79.9563570">
    <ele>284.8</ele>
    <time>2026-04-08T09:59:34Z</time>
    <extensions>
     <power>356</power>
     <gpxtpx:TrackPointExtension>
      <gpxtpx:hr>137</gpxtpx:hr>
      <gpxtpx:cad>84</gpxtpx:cad>
     </gpxtpx:TrackPointExtension>
    </extensions>
   </trkpt>
   <trkpt lat="37.2626360" lon="-79.9563630">
    <ele>284.8</ele>
    <time>2026-04-08T09:59:35Z</time>
    <extensions>
     <power>358</power>
     <gpxtpx:TrackPointExtension>
      <gpxtpx:hr>136</gpxtpx:hr>
      <gpxtpx:cad>84</gpxtpx:cad>
     </gpxtpx:TrackPointExtension>
    </extensions>
   </trkpt>
   <trkpt lat="37.2626070" lon="-79.9563700">
    <ele>284.7</ele>
    <time>2026-04-08T09:59:36Z</time>
    <extensions>
     <power>358</power>
     <gpxtpx:TrackPointExtension>
      <gpxtpx:hr>136</gpxtpx:hr>
      <gpxtpx:cad>84</gpxtpx:cad>
     </gpxtpx:TrackPointExtension>
    </extensions>
   </trkpt>
   <trkpt lat="37.2625780" lon="-79.9563770">
    <ele>284.7</ele>
    <time>2026-04-08T09:59:37Z</time>
    <extensions>
     <power>356</power>
     <gpxtpx:TrackPointExtension>
      <gpxtpx:hr>136</gpxtpx:hr>
      <gpxtpx:cad>83</gpxtpx:cad>
     </gpxtpx:TrackPointExtension>
    </extensions>
   </trkpt>
   <trkpt lat="37.2625500" lon="-79.9563810">
    <ele>284.7</ele>
    <time>2026-04-08T09:59:38Z</time>
    <extensions>
     <power>362</power>
     <gpxtpx:TrackPointExtension>
      <gpxtpx:hr>136</gpxtpx:hr>
      <gpxtpx:cad>83</gpxtpx:cad>
     </gpxtpx:TrackPointExtension>
    </extensions>
   </trkpt>
   <trkpt lat="37.2625230" lon="-79.9563880">
    <ele>284.7</ele>
    <time>2026-04-08T09:59:39Z</time>
    <extensions>
     <power>363</power>
     <gpxtpx:TrackPointExtension>
      <gpxtpx:hr>136</gpxtpx:hr>
      <gpxtpx:cad>84</gpxtpx:cad>
     </gpxtpx:TrackPointExtension>
    </extensions>
   </trkpt>
   <trkpt lat="37.2624960" lon="-79.9563940">
    <ele>284.7</ele>
    <time>2026-04-08T09:59:40Z</time>
    <extensions>
     <power>362</power>
     <gpxtpx:TrackPointExtension>
      <gpxtpx:hr>136</gpxtpx:hr>
      <gpxtpx:cad>84</gpxtpx:cad>
     </gpxtpx:TrackPointExtension>
    </extensions>
   </trkpt>
   <trkpt lat="37.2624720" lon="-79.9563980">
    <ele>284.7</ele>
    <time>2026-04-08T09:59:41Z</time>
    <extensions>
     <power>361</power>
     <gpxtpx:TrackPointExtension>
      <gpxtpx:hr>136</gpxtpx:hr>
      <gpxtpx:cad>84</gpxtpx:cad>
     </gpxtpx:TrackPointExtension>
    </extensions>
   </trkpt>
   <trkpt lat="37.2624450" lon="-79.9564030">
    <ele>284.7</ele>
    <time>2026-04-08T09:59:42Z</time>
    <extensions>
     <power>361</power>
     <gpxtpx:TrackPointExtension>
      <gpxtpx:hr>136</gpxtpx:hr>
      <gpxtpx:cad>84</gpxtpx:cad>
     </gpxtpx:TrackPointExtension>
    </extensions>
   </trkpt>
   <trkpt lat="37.2624180" lon="-79.9564040">
    <ele>284.7</ele>
    <time>2026-04-08T09:59:43Z</time>
    <extensions>
     <power>361</power>
     <gpxtpx:TrackPointExtension>
      <gpxtpx:hr>136</gpxtpx:hr>
      <gpxtpx:cad>84</gpxtpx:cad>
     </gpxtpx:TrackPointExtension>
    </extensions>
   </trkpt>
   <trkpt lat="37.2623900" lon="-79.9564080">
    <ele>284.7</ele>
    <time>2026-04-08T09:59:44Z</time>
    <extensions>
     <power>363</power>
     <gpxtpx:TrackPointExtension>
      <gpxtpx:hr>136</gpxtpx:hr>
      <gpxtpx:cad>83</gpxtpx:cad>
     </gpxtpx:TrackPointExtension>
    </extensions>
   </trkpt>
   <trkpt lat="37.2623610" lon="-79.9564130">
    <ele>284.7</ele>
    <time>2026-04-08T09:59:45Z</time>
    <extensions>
     <power>365</power>
     <gpxtpx:TrackPointExtension>
      <gpxtpx:hr>136</gpxtpx:hr>
      <gpxtpx:cad>82</gpxtpx:cad>
     </gpxtpx:TrackPointExtension>
    </extensions>
   </trkpt>
   <trkpt lat="37.2623340" lon="-79.9564140">
    <ele>284.7</ele>
    <time>2026-04-08T09:59:46Z</time>
    <extensions>
     <power>369</power>
     <gpxtpx:TrackPointExtension>
      <gpxtpx:hr>136</gpxtpx:hr>
      <gpxtpx:cad>82</gpxtpx:cad>
     </gpxtpx:TrackPointExtension>
    </extensions>
   </trkpt>
   <trkpt lat="37.2623040" lon="-79.9564180">
    <ele>284.7</ele>
    <time>2026-04-08T09:59:47Z</time>
    <extensions>
     <power>371</power>
     <gpxtpx:TrackPointExtension>
      <gpxtpx:hr>136</gpxtpx:hr>
      <gpxtpx:cad>83</gpxtpx:cad>
     </gpxtpx:TrackPointExtension>
    </extensions>
   </trkpt>
   <trkpt lat="37.2622750" lon="-79.9564230">
    <ele>284.7</ele>
    <time>2026-04-08T09:59:48Z</time>
    <extensions>
     <power>367</power>
     <gpxtpx:TrackPointExtension>
      <gpxtpx:hr>137</gpxtpx:hr>
      <gpxtpx:cad>83</gpxtpx:cad>
     </gpxtpx:TrackPointExtension>
    </extensions>
   </trkpt>
   <trkpt lat="37.2622480" lon="-79.9564270">
    <ele>284.7</ele>
    <time>2026-04-08T09:59:49Z</time>
    <extensions>
     <power>366</power>
     <gpxtpx:TrackPointExtension>
      <gpxtpx:hr>136</gpxtpx:hr>
      <gpxtpx:cad>83</gpxtpx:cad>
     </gpxtpx:TrackPointExtension>
    </extensions>
   </trkpt>
   <trkpt lat="37.2622210" lon="-79.9564340">
    <ele>284.7</ele>
    <time>2026-04-08T09:59:50Z</time>
    <extensions>
     <power>367</power>
     <gpxtpx:TrackPointExtension>
      <gpxtpx:hr>137</gpxtpx:hr>
      <gpxtpx:cad>83</gpxtpx:cad>
     </gpxtpx:TrackPointExtension>
    </extensions>
   </trkpt>
   <trkpt lat="37.2621950" lon="-79.9564400">
    <ele>284.7</ele>
    <time>2026-04-08T09:59:51Z</time>
    <extensions>
     <power>365</power>
     <gpxtpx:TrackPointExtension>
      <gpxtpx:hr>137</gpxtpx:hr>
      <gpxtpx:cad>83</gpxtpx:cad>
     </gpxtpx:TrackPointExtension>
    </extensions>
   </trkpt>
   <trkpt lat="37.2621680" lon="-79.9564460">
    <ele>284.7</ele>
    <time>2026-04-08T09:59:52Z</time>
    <extensions>
     <power>364</power>
     <gpxtpx:TrackPointExtension>
      <gpxtpx:hr>137</gpxtpx:hr>
      <gpxtpx:cad>83</gpxtpx:cad>
     </gpxtpx:TrackPointExtension>
    </extensions>
   </trkpt>
   <trkpt lat="37.2621410" lon="-79.9564530">
    <ele>284.7</ele>
    <time>2026-04-08T09:59:53Z</time>
    <extensions>
     <power>361</power>
     <gpxtpx:TrackPointExtension>
      <gpxtpx:hr>136</gpxtpx:hr>
      <gpxtpx:cad>83</gpxtpx:cad>
     </gpxtpx:TrackPointExtension>
    </extensions>
   </trkpt>
   <trkpt lat="37.2621140" lon="-79.9564560">
    <ele>284.7</ele>
    <time>2026-04-08T09:59:54Z</time>
    <extensions>
     <power>360</power>
     <gpxtpx:TrackPointExtension>
      <gpxtpx:hr>137</gpxtpx:hr>
      <gpxtpx:cad>83</gpxtpx:cad>
     </gpxtpx:TrackPointExtension>
    </extensions>
   </trkpt>
   <trkpt lat="37.2620860" lon="-79.9564610">
    <ele>284.7</ele>
    <time>2026-04-08T09:59:55Z</time>
    <extensions>
     <power>359</power>
     <gpxtpx:TrackPointExtension>
      <gpxtpx:hr>137</gpxtpx:hr>
      <gpxtpx:cad>83</gpxtpx:cad>
     </gpxtpx:TrackPointExtension>
    </extensions>
   </trkpt>
   <trkpt lat="37.2620590" lon="-79.9564660">
    <ele>284.7</ele>
    <time>2026-04-08T09:59:56Z</time>
    <extensions>
     <power>358</power>
     <gpxtpx:TrackPointExtension>
      <gpxtpx:hr>137</gpxtpx:hr>
      <gpxtpx:cad>83</gpxtpx:cad>
     </gpxtpx:TrackPointExtension>
    </extensions>
   </trkpt>
   <trkpt lat="37.2620310" lon="-79.9564700">
    <ele>284.7</ele>
    <time>2026-04-08T09:59:57Z</time>
    <extensions>
     <power>357</power>
     <gpxtpx:TrackPointExtension>
      <gpxtpx:hr>137</gpxtpx:hr>
      <gpxtpx:cad>83</gpxtpx:cad>
     </gpxtpx:TrackPointExtension>
    </extensions>
   </trkpt>
   <trkpt lat="37.2620020" lon="-79.9564750">
    <ele>284.7</ele>
    <time>2026-04-08T09:59:58Z</time>
    <extensions>
     <power>358</power>
     <gpxtpx:TrackPointExtension>
      <gpxtpx:hr>137</gpxtpx:hr>
      <gpxtpx:cad>83</gpxtpx:cad>
     </gpxtpx:TrackPointExtension>
    </extensions>
   </trkpt>
   <trkpt lat="37.2619740" lon="-79.9564790">
    <ele>284.7</ele>
    <time>2026-04-08T09:59:59Z</time>
    <extensions>
     <power>359</power>
     <gpxtpx:TrackPointExtension>
      <gpxtpx:hr>137</gpxtpx:hr>
      <gpxtpx:cad>83</gpxtpx:cad>
     </gpxtpx:TrackPointExtension>
    </extensions>
   </trkpt>
   <trkpt lat="37.2619460" lon="-79.9564830">
    <ele>284.7</ele>
    <time>2026-04-08T10:00:00Z</time>
    <extensions>
     <power>358</power>
     <gpxtpx:TrackPointExtension>
      <gpxtpx:hr>137</gpxtpx:hr>
      <gpxtpx:cad>83</gpxtpx:cad>
     </gpxtpx:TrackPointExtension>
    </extensions>
   </trkpt>
   <trkpt lat="37.2619190" lon="-79.9564880">
    <ele>284.7</ele>
    <time>2026-04-08T10:00:01Z</time>
    <extensions>
     <power>359</power>
     <gpxtpx:TrackPointExtension>
      <gpxtpx:hr>137</gpxtpx:hr>
      <gpxtpx:cad>84</gpxtpx:cad>
     </gpxtpx:TrackPointExtension>
    </extensions>
   </trkpt>
   <trkpt lat="37.2618910" lon="-79.9564950">
    <ele>284.7</ele>
    <time>2026-04-08T10:00:02Z</time>
    <extensions>
     <power>359</power>
     <gpxtpx:TrackPointExtension>
      <gpxtpx:hr>137</gpxtpx:hr>
      <gpxtpx:cad>84</gpxtpx:cad>
     </gpxtpx:TrackPointExtension>
    </extensions>
   </trkpt>
   <trkpt lat="37.2618650" lon="-79.9565010">
    <ele>284.7</ele>
    <time>2026-04-08T10:00:03Z</time>
    <extensions>
     <power>359</power>
     <gpxtpx:TrackPointExtension>
      <gpxtpx:hr>137</gpxtpx:hr>
      <gpxtpx:cad>84</gpxtpx:cad>
     </gpxtpx:TrackPointExtension>
    </extensions>
   </trkpt>
   <trkpt lat="37.2618390" lon="-79.9565030">
    <ele>284.7</ele>
    <time>2026-04-08T10:00:04Z</time>
    <extensions>
     <power>358</power>
     <gpxtpx:TrackPointExtension>
      <gpxtpx:hr>136</gpxtpx:hr>
      <gpxtpx:cad>84</gpxtpx:cad>
     </gpxtpx:TrackPointExtension>
    </extensions>
   </trkpt>
   <trkpt lat="37.2618110" lon="-79.9565070">
    <ele>284.7</ele>
    <time>2026-04-08T10:00:05Z</time>
    <extensions>
     <power>357</power>
     <gpxtpx:TrackPointExtension>
      <gpxtpx:hr>137</gpxtpx:hr>
      <gpxtpx:cad>84</gpxtpx:cad>
     </gpxtpx:TrackPointExtension>
    </extensions>
   </trkpt>
   <trkpt lat="37.2617840" lon="-79.9565070">
    <ele>284.7</ele>
    <time>2026-04-08T10:00:06Z</time>
    <extensions>
     <power>356</power>
     <gpxtpx:TrackPointExtension>
      <gpxtpx:hr>137</gpxtpx:hr>
      <gpxtpx:cad>83</gpxtpx:cad>
     </gpxtpx:TrackPointExtension>
    </extensions>
   </trkpt>
   <trkpt lat="37.2617550" lon="-79.9565090">
    <ele>284.7</ele>
    <time>2026-04-08T10:00:07Z</time>
    <extensions>
     <power>357</power>
     <gpxtpx:TrackPointExtension>
      <gpxtpx:hr>137</gpxtpx:hr>
      <gpxtpx:cad>83</gpxtpx:cad>
     </gpxtpx:TrackPointExtension>
    </extensions>
   </trkpt>
   <trkpt lat="37.2617260" lon="-79.9565120">
    <ele>284.7</ele>
    <time>2026-04-08T10:00:08Z</time>
    <extensions>
     <power>359</power>
     <gpxtpx:TrackPointExtension>
      <gpxtpx:hr>137</gpxtpx:hr>
      <gpxtpx:cad>83</gpxtpx:cad>
     </gpxtpx:TrackPointExtension>
    </extensions>
   </trkpt>
   <trkpt lat="37.2616980" lon="-79.9565130">
    <ele>284.7</ele>
    <time>2026-04-08T10:00:09Z</time>
    <extensions>
     <power>360</power>
     <gpxtpx:TrackPointExtension>
      <gpxtpx:hr>137</gpxtpx:hr>
      <gpxtpx:cad>83</gpxtpx:cad>
     </gpxtpx:TrackPointExtension>
    </extensions>
   </trkpt>
   <trkpt lat="37.2616700" lon="-79.9565170">
    <ele>284.7</ele>
    <time>2026-04-08T10:00:10Z</time>
    <extensions>
     <power>362</power>
     <gpxtpx:TrackPointExtension>
      <gpxtpx:hr>137</gpxtpx:hr>
      <gpxtpx:cad>83</gpxtpx:cad>
     </gpxtpx:TrackPointExtension>
    </extensions>
   </trkpt>
   <trkpt lat="37.2616420" lon="-79.9565170">
    <ele>284.7</ele>
    <time>2026-04-08T10:00:11Z</time>
    <extensions>
     <power>361</power>
     <gpxtpx:TrackPointExtension>
      <gpxtpx:hr>137</gpxtpx:hr>
      <gpxtpx:cad>84</gpxtpx:cad>
     </gpxtpx:TrackPointExtension>
    </extensions>
   </trkpt>
   <trkpt lat="37.2616110" lon="-79.9565170">
    <ele>284.7</ele>
    <time>2026-04-08T10:00:12Z</time>
    <extensions>
     <power>359</power>
     <gpxtpx:TrackPointExtension>
      <gpxtpx:hr>137</gpxtpx:hr>
      <gpxtpx:cad>84</gpxtpx:cad>
     </gpxtpx:TrackPointExtension>
    </extensions>
   </trkpt>
   <trkpt lat="37.2615820" lon="-79.9565170">
    <ele>284.7</ele>
    <time>2026-04-08T10:00:13Z</time>
    <extensions>
     <power>357</power>
     <gpxtpx:TrackPointExtension>
      <gpxtpx:hr>137</gpxtpx:hr>
      <gpxtpx:cad>83</gpxtpx:cad>
     </gpxtpx:TrackPointExtension>
    </extensions>
   </trkpt>
   <trkpt lat="37.2615550" lon="-79.9565160">
    <ele>284.6</ele>
    <time>2026-04-08T10:00:14Z</time>
    <extensions>
     <power>360</power>
     <gpxtpx:TrackPointExtension>
      <gpxtpx:hr>137</gpxtpx:hr>
      <gpxtpx:cad>83</gpxtpx:cad>
     </gpxtpx:TrackPointExtension>
    </extensions>
   </trkpt>
   <trkpt lat="37.2615260" lon="-79.9565170">
    <ele>284.6</ele>
    <time>2026-04-08T10:00:15Z</time>
    <extensions>
     <power>360</power>
     <gpxtpx:TrackPointExtension>
      <gpxtpx:hr>137</gpxtpx:hr>
      <gpxtpx:cad>83</gpxtpx:cad>
     </gpxtpx:TrackPointExtension>
    </extensions>
   </trkpt>
   <trkpt lat="37.2615000" lon="-79.9565190">
    <ele>284.6</ele>
    <time>2026-04-08T10:00:16Z</time>
    <extensions>
     <power>357</power>
     <gpxtpx:TrackPointExtension>
      <gpxtpx:hr>137</gpxtpx:hr>
      <gpxtpx:cad>83</gpxtpx:cad>
     </gpxtpx:TrackPointExtension>
    </extensions>
   </trkpt>
   <trkpt lat="37.2614720" lon="-79.9565190">
    <ele>284.6</ele>
    <time>2026-04-08T10:00:17Z</time>
    <extensions>
     <power>357</power>
     <gpxtpx:TrackPointExtension>
      <gpxtpx:hr>137</gpxtpx:hr>
      <gpxtpx:cad>83</gpxtpx:cad>
     </gpxtpx:TrackPointExtension>
    </extensions>
   </trkpt>
   <trkpt lat="37.2614460" lon="-79.9565210">
    <ele>284.6</ele>
    <time>2026-04-08T10:00:18Z</time>
    <extensions>
     <power>355</power>
     <gpxtpx:TrackPointExtension>
      <gpxtpx:hr>137</gpxtpx:hr>
      <gpxtpx:cad>83</gpxtpx:cad>
     </gpxtpx:TrackPointExtension>
    </extensions>
   </trkpt>
   <trkpt lat="37.2614190" lon="-79.9565220">
    <ele>284.6</ele>
    <time>2026-04-08T10:00:19Z</time>
    <extensions>
     <power>356</power>
     <gpxtpx:TrackPointExtension>
      <gpxtpx:hr>137</gpxtpx:hr>
      <gpxtpx:cad>83</gpxtpx:cad>
     </gpxtpx:TrackPointExtension>
    </extensions>
   </trkpt>
   <trkpt lat="37.2613920" lon="-79.9565250">
    <ele>284.6</ele>
    <time>2026-04-08T10:00:20Z</time>
    <extensions>
     <power>357</power>
     <gpxtpx:TrackPointExtension>
      <gpxtpx:hr>137</gpxtpx:hr>
      <gpxtpx:cad>83</gpxtpx:cad>
     </gpxtpx:TrackPointExtension>
    </extensions>
   </trkpt>
   <trkpt lat="37.2613660" lon="-79.9565260">
    <ele>284.6</ele>
    <time>2026-04-08T10:00:21Z</time>
    <extensions>
     <power>357</power>
     <gpxtpx:TrackPointExtension>
      <gpxtpx:hr>137</gpxtpx:hr>
      <gpxtpx:cad>83</gpxtpx:cad>
     </gpxtpx:TrackPointExtension>
    </extensions>
   </trkpt>
   <trkpt lat="37.2613390" lon="-79.9565260">
    <ele>284.6</ele>
    <time>2026-04-08T10:00:22Z</time>
    <extensions>
     <power>356</power>
     <gpxtpx:TrackPointExtension>
      <gpxtpx:hr>137</gpxtpx:hr>
      <gpxtpx:cad>83</gpxtpx:cad>
     </gpxtpx:TrackPointExtension>
    </extensions>
   </trkpt>
   <trkpt lat="37.2613100" lon="-79.9565270">
    <ele>284.6</ele>
    <time>2026-04-08T10:00:23Z</time>
    <extensions>
     <power>355</power>
     <gpxtpx:TrackPointExtension>
      <gpxtpx:hr>136</gpxtpx:hr>
      <gpxtpx:cad>83</gpxtpx:cad>
     </gpxtpx:TrackPointExtension>
    </extensions>
   </trkpt>
   <trkpt lat="37.2612830" lon="-79.9565280">
    <ele>284.6</ele>
    <time>2026-04-08T10:00:24Z</time>
    <extensions>
     <power>354</power>
     <gpxtpx:TrackPointExtension>
      <gpxtpx:hr>136</gpxtpx:hr>
      <gpxtpx:cad>83</gpxtpx:cad>
     </gpxtpx:TrackPointExtension>
    </extensions>
   </trkpt>
   <trkpt lat="37.2612570" lon="-79.9565290">
    <ele>284.6</ele>
    <time>2026-04-08T10:00:25Z</time>
    <extensions>
     <power>353</power>
     <gpxtpx:TrackPointExtension>
      <gpxtpx:hr>136</gpxtpx:hr>
      <gpxtpx:cad>83</gpxtpx:cad>
     </gpxtpx:TrackPointExtension>
    </extensions>
   </trkpt>
   <trkpt lat="37.2612300" lon="-79.9565310">
    <ele>284.6</ele>
    <time>2026-04-08T10:00:26Z</time>
    <extensions>
     <power>355</power>
     <gpxtpx:TrackPointExtension>
      <gpxtpx:hr>136</gpxtpx:hr>
      <gpxtpx:cad>82</gpxtpx:cad>
     </gpxtpx:TrackPointExtension>
    </extensions>
   </trkpt>
   <trkpt lat="37.2612050" lon="-79.9565300">
    <ele>284.6</ele>
    <time>2026-04-08T10:00:27Z</time>
    <extensions>
     <power>357</power>
     <gpxtpx:TrackPointExtension>
      <gpxtpx:hr>137</gpxtpx:hr>
      <gpxtpx:cad>82</gpxtpx:cad>
     </gpxtpx:TrackPointExtension>
    </extensions>
   </trkpt>
   <trkpt lat="37.2611790" lon="-79.9565290">
    <ele>284.6</ele>
    <time>2026-04-08T10:00:28Z</time>
    <extensions>
     <power>355</power>
     <gpxtpx:TrackPointExtension>
      <gpxtpx:hr>136</gpxtpx:hr>
      <gpxtpx:cad>82</gpxtpx:cad>
     </gpxtpx:TrackPointExtension>
    </extensions>
   </trkpt>
   <trkpt lat="37.2611540" lon="-79.9565310">
    <ele>284.6</ele>
    <time>2026-04-08T10:00:29Z</time>
    <extensions>
     <power>355</power>
     <gpxtpx:TrackPointExtension>
      <gpxtpx:hr>136</gpxtpx:hr>
      <gpxtpx:cad>82</gpxtpx:cad>
     </gpxtpx:TrackPointExtension>
    </extensions>
   </trkpt>
   <trkpt lat="37.2611290" lon="-79.9565340">
    <ele>284.6</ele>
    <time>2026-04-08T10:00:30Z</time>
    <extensions>
     <power>354</power>
     <gpxtpx:TrackPointExtension>
      <gpxtpx:hr>137</gpxtpx:hr>
      <gpxtpx:cad>82</gpxtpx:cad>
     </gpxtpx:TrackPointExtension>
    </extensions>
   </trkpt>
   <trkpt lat="37.2611030" lon="-79.9565370">
    <ele>284.6</ele>
    <time>2026-04-08T10:00:31Z</time>
    <extensions>
     <power>351</power>
     <gpxtpx:TrackPointExtension>
      <gpxtpx:hr>136</gpxtpx:hr>
      <gpxtpx:cad>82</gpxtpx:cad>
     </gpxtpx:TrackPointExtension>
    </extensions>
   </trkpt>
   <trkpt lat="37.2610740" lon="-79.9565370">
    <ele>284.6</ele>
    <time>2026-04-08T10:00:32Z</time>
    <extensions>
     <power>349</power>
     <gpxtpx:TrackPointExtension>
      <gpxtpx:hr>136</gpxtpx:hr>
      <gpxtpx:cad>82</gpxtpx:cad>
     </gpxtpx:TrackPointExtension>
    </extensions>
   </trkpt>
   <trkpt lat="37.2610430" lon="-79.9565390">
    <ele>284.6</ele>
    <time>2026-04-08T10:00:33Z</time>
    <extensions>
     <power>348</power>
     <gpxtpx:TrackPointExtension>
      <gpxtpx:hr>136</gpxtpx:hr>
      <gpxtpx:cad>83</gpxtpx:cad>
     </gpxtpx:TrackPointExtension>
    </extensions>
   </trkpt>
   <trkpt lat="37.2610150" lon="-79.9565400">
    <ele>284.6</ele>
    <time>2026-04-08T10:00:34Z</time>
    <extensions>
     <power>345</power>
     <gpxtpx:TrackPointExtension>
      <gpxtpx:hr>136</gpxtpx:hr>
      <gpxtpx:cad>83</gpxtpx:cad>
     </gpxtpx:TrackPointExtension>
    </extensions>
   </trkpt>
   <trkpt lat="37.2609840" lon="-79.9565390">
    <ele>284.6</ele>
    <time>2026-04-08T10:00:35Z</time>
    <extensions>
     <power>347</power>
     <gpxtpx:TrackPointExtension>
      <gpxtpx:hr>136</gpxtpx:hr>
      <gpxtpx:cad>84</gpxtpx:cad>
     </gpxtpx:TrackPointExtension>
    </extensions>
   </trkpt>
   <trkpt lat="37.2609540" lon="-79.9565400">
    <ele>284.6</ele>
    <time>2026-04-08T10:00:36Z</time>
    <extensions>
     <power>343</power>
     <gpxtpx:TrackPointExtension>
      <gpxtpx:hr>136</gpxtpx:hr>
      <gpxtpx:cad>84</gpxtpx:cad>
     </gpxtpx:TrackPointExtension>
    </extensions>
   </trkpt>
   <trkpt lat="37.2609280" lon="-79.9565400">
    <ele>284.6</ele>
    <time>2026-04-08T10:00:37Z</time>
    <extensions>
     <power>343</power>
     <gpxtpx:TrackPointExtension>
      <gpxtpx:hr>136</gpxtpx:hr>
      <gpxtpx:cad>84</gpxtpx:cad>
     </gpxtpx:TrackPointExtension>
    </extensions>
   </trkpt>
   <trkpt lat="37.2609000" lon="-79.9565410">
    <ele>284.6</ele>
    <time>2026-04-08T10:00:38Z</time>
    <extensions>
     <power>343</power>
     <gpxtpx:TrackPointExtension>
      <gpxtpx:hr>135</gpxtpx:hr>
      <gpxtpx:cad>84</gpxtpx:cad>
     </gpxtpx:TrackPointExtension>
    </extensions>
   </trkpt>
   <trkpt lat="37.2608710" lon="-79.9565400">
    <ele>284.6</ele>
    <time>2026-04-08T10:00:39Z</time>
    <extensions>
     <power>346</power>
     <gpxtpx:TrackPointExtension>
      <gpxtpx:hr>136</gpxtpx:hr>
      <gpxtpx:cad>84</gpxtpx:cad>
     </gpxtpx:TrackPointExtension>
    </extensions>
   </trkpt>
   <trkpt lat="37.2608410" lon="-79.9565380">
    <ele>284.6</ele>
    <time>2026-04-08T10:00:40Z</time>
    <extensions>
     <power>348</power>
     <gpxtpx:TrackPointExtension>
      <gpxtpx:hr>136</gpxtpx:hr>
      <gpxtpx:cad>84</gpxtpx:cad>
     </gpxtpx:TrackPointExtension>
    </extensions>
   </trkpt>
   <trkpt lat="37.2608100" lon="-79.9565370">
    <ele>284.6</ele>
    <time>2026-04-08T10:00:41Z</time>
    <extensions>
     <power>349</power>
     <gpxtpx:TrackPointExtension>
      <gpxtpx:hr>135</gpxtpx:hr>
      <gpxtpx:cad>84</gpxtpx:cad>
     </gpxtpx:TrackPointExtension>
    </extensions>
   </trkpt>
   <trkpt lat="37.2607800" lon="-79.9565370">
    <ele>284.6</ele>
    <time>2026-04-08T10:00:42Z</time>
    <extensions>
     <power>350</power>
     <gpxtpx:TrackPointExtension>
      <gpxtpx:hr>135</gpxtpx:hr>
      <gpxtpx:cad>84</gpxtpx:cad>
     </gpxtpx:TrackPointExtension>
    </extensions>
   </trkpt>
   <trkpt lat="37.2607470" lon="-79.9565400">
    <ele>284.6</ele>
    <time>2026-04-08T10:00:43Z</time>
    <extensions>
     <power>351</power>
     <gpxtpx:TrackPointExtension>
      <gpxtpx:hr>135</gpxtpx:hr>
      <gpxtpx:cad>84</gpxtpx:cad>
     </gpxtpx:TrackPointExtension>
    </extensions>
   </trkpt>
   <trkpt lat="37.2607170" lon="-79.9565420">
    <ele>284.6</ele>
    <time>2026-04-08T10:00:44Z</time>
    <extensions>
     <power>356</power>
     <gpxtpx:TrackPointExtension>
      <gpxtpx:hr>135</gpxtpx:hr>
      <gpxtpx:cad>84</gpxtpx:cad>
     </gpxtpx:TrackPointExtension>
    </extensions>
   </trkpt>
   <trkpt lat="37.2606870" lon="-79.9565460">
    <ele>284.6</ele>
    <time>2026-04-08T10:00:45Z</time>
    <extensions>
     <power>361</power>
     <gpxtpx:TrackPointExtension>
      <gpxtpx:hr>136</gpxtpx:hr>
      <gpxtpx:cad>84</gpxtpx:cad>
     </gpxtpx:TrackPointExtension>
    </extensions>
   </trkpt>
   <trkpt lat="37.2606590" lon="-79.9565500">
    <ele>284.6</ele>
    <time>2026-04-08T10:00:46Z</time>
    <extensions>
     <power>365</power>
     <gpxtpx:TrackPointExtension>
      <gpxtpx:hr>135</gpxtpx:hr>
      <gpxtpx:cad>84</gpxtpx:cad>
     </gpxtpx:TrackPointExtension>
    </extensions>
   </trkpt>
   <trkpt lat="37.2606320" lon="-79.9565510">
    <ele>284.6</ele>
    <time>2026-04-08T10:00:47Z</time>
    <extensions>
     <power>369</power>
     <gpxtpx:TrackPointExtension>
      <gpxtpx:hr>136</gpxtpx:hr>
      <gpxtpx:cad>84</gpxtpx:cad>
     </gpxtpx:TrackPointExtension>
    </extensions>
   </trkpt>
   <trkpt lat="37.2606010" lon="-79.9565570">
    <ele>284.6</ele>
    <time>2026-04-08T10:00:48Z</time>
    <extensions>
     <power>374</power>
     <gpxtpx:TrackPointExtension>
      <gpxtpx:hr>136</gpxtpx:hr>
      <gpxtpx:cad>84</gpxtpx:cad>
     </gpxtpx:TrackPointExtension>
    </extensions>
   </trkpt>
   <trkpt lat="37.2605730" lon="-79.9565590">
    <ele>284.6</ele>
    <time>2026-04-08T10:00:49Z</time>
    <extensions>
     <power>376</power>
     <gpxtpx:TrackPointExtension>
      <gpxtpx:hr>136</gpxtpx:hr>
      <gpxtpx:cad>84</gpxtpx:cad>
     </gpxtpx:TrackPointExtension>
    </extensions>
   </trkpt>
   <trkpt lat="37.2605430" lon="-79.9565620">
    <ele>284.6</ele>
    <time>2026-04-08T10:00:50Z</time>
    <extensions>
     <power>379</power>
     <gpxtpx:TrackPointExtension>
      <gpxtpx:hr>136</gpxtpx:hr>
      <gpxtpx:cad>84</gpxtpx:cad>
     </gpxtpx:TrackPointExtension>
    </extensions>
   </trkpt>
   <trkpt lat="37.2605130" lon="-79.9565680">
    <ele>284.6</ele>
    <time>2026-04-08T10:00:51Z</time>
    <extensions>
     <power>383</power>
     <gpxtpx:TrackPointExtension>
      <gpxtpx:hr>136</gpxtpx:hr>
      <gpxtpx:cad>84</gpxtpx:cad>
     </gpxtpx:TrackPointExtension>
    </extensions>
   </trkpt>
   <trkpt lat="37.2604840" lon="-79.9565710">
    <ele>284.6</ele>
    <time>2026-04-08T10:00:52Z</time>
    <extensions>
     <power>385</power>
     <gpxtpx:TrackPointExtension>
      <gpxtpx:hr>136</gpxtpx:hr>
      <gpxtpx:cad>84</gpxtpx:cad>
     </gpxtpx:TrackPointExtension>
    </extensions>
   </trkpt>
   <trkpt lat="37.2604540" lon="-79.9565760">
    <ele>284.6</ele>
    <time>2026-04-08T10:00:53Z</time>
    <extensions>
     <power>387</power>
     <gpxtpx:TrackPointExtension>
      <gpxtpx:hr>136</gpxtpx:hr>
      <gpxtpx:cad>84</gpxtpx:cad>
     </gpxtpx:TrackPointExtension>
    </extensions>
   </trkpt>
   <trkpt lat="37.2604280" lon="-79.9565810">
    <ele>284.6</ele>
    <time>2026-04-08T10:00:54Z</time>
    <extensions>
     <power>388</power>
     <gpxtpx:TrackPointExtension>
      <gpxtpx:hr>137</gpxtpx:hr>
      <gpxtpx:cad>83</gpxtpx:cad>
     </gpxtpx:TrackPointExtension>
    </extensions>
   </trkpt>
   <trkpt lat="37.2604010" lon="-79.9565860">
    <ele>284.6</ele>
    <time>2026-04-08T10:00:55Z</time>
    <extensions>
     <power>388</power>
     <gpxtpx:TrackPointExtension>
      <gpxtpx:hr>137</gpxtpx:hr>
      <gpxtpx:cad>83</gpxtpx:cad>
     </gpxtpx:TrackPointExtension>
    </extensions>
   </trkpt>
   <trkpt lat="37.2603730" lon="-79.9565920">
    <ele>284.6</ele>
    <time>2026-04-08T10:00:56Z</time>
    <extensions>
     <power>387</power>
     <gpxtpx:TrackPointExtension>
      <gpxtpx:hr>137</gpxtpx:hr>
      <gpxtpx:cad>83</gpxtpx:cad>
     </gpxtpx:TrackPointExtension>
    </extensions>
   </trkpt>
   <trkpt lat="37.2603460" lon="-79.9565950">
    <ele>284.6</ele>
    <time>2026-04-08T10:00:57Z</time>
    <extensions>
     <power>388</power>
     <gpxtpx:TrackPointExtension>
      <gpxtpx:hr>137</gpxtpx:hr>
      <gpxtpx:cad>84</gpxtpx:cad>
     </gpxtpx:TrackPointExtension>
    </extensions>
   </trkpt>
   <trkpt lat="37.2603160" lon="-79.9565980">
    <ele>284.6</ele>
    <time>2026-04-08T10:00:58Z</time>
    <extensions>
     <power>386</power>
     <gpxtpx:TrackPointExtension>
      <gpxtpx:hr>137</gpxtpx:hr>
      <gpxtpx:cad>84</gpxtpx:cad>
     </gpxtpx:TrackPointExtension>
    </extensions>
   </trkpt>
   <trkpt lat="37.2602880" lon="-79.9566020">
    <ele>284.6</ele>
    <time>2026-04-08T10:00:59Z</time>
    <extensions>
     <power>388</power>
     <gpxtpx:TrackPointExtension>
      <gpxtpx:hr>137</gpxtpx:hr>
      <gpxtpx:cad>84</gpxtpx:cad>
     </gpxtpx:TrackPointExtension>
    </extensions>
   </trkpt>
   <trkpt lat="37.2602620" lon="-79.9566060">
    <ele>284.6</ele>
    <time>2026-04-08T10:01:00Z</time>
    <extensions>
     <power>390</power>
     <gpxtpx:TrackPointExtension>
      <gpxtpx:hr>137</gpxtpx:hr>
      <gpxtpx:cad>84</gpxtpx:cad>
     </gpxtpx:TrackPointExtension>
    </extensions>
   </trkpt>
   <trkpt lat="37.2602360" lon="-79.9566120">
    <ele>284.7</ele>
    <time>2026-04-08T10:01:01Z</time>
    <extensions>
     <power>389</power>
     <gpxtpx:TrackPointExtension>
      <gpxtpx:hr>137</gpxtpx:hr>
      <gpxtpx:cad>84</gpxtpx:cad>
     </gpxtpx:TrackPointExtension>
    </extensions>
   </trkpt>
   <trkpt lat="37.2602090" lon="-79.9566150">
    <ele>284.7</ele>
    <time>2026-04-08T10:01:02Z</time>
    <extensions>
     <power>392</power>
     <gpxtpx:TrackPointExtension>
      <gpxtpx:hr>137</gpxtpx:hr>
      <gpxtpx:cad>84</gpxtpx:cad>
     </gpxtpx:TrackPointExtension>
    </extensions>
   </trkpt>
   <trkpt lat="37.2601790" lon="-79.9566190">
    <ele>284.7</ele>
    <time>2026-04-08T10:01:03Z</time>
    <extensions>
     <power>395</power>
     <gpxtpx:TrackPointExtension>
      <gpxtpx:hr>137</gpxtpx:hr>
      <gpxtpx:cad>84</gpxtpx:cad>
     </gpxtpx:TrackPointExtension>
    </extensions>
   </trkpt>
   <trkpt lat="37.2601500" lon="-79.9566240">
    <ele>284.7</ele>
    <time>2026-04-08T10:01:04Z</time>
    <extensions>
     <power>400</power>
     <gpxtpx:TrackPointExtension>
      <gpxtpx:hr>137</gpxtpx:hr>
      <gpxtpx:cad>84</gpxtpx:cad>
     </gpxtpx:TrackPointExtension>
    </extensions>
   </trkpt>
   <trkpt lat="37.2601230" lon="-79.9566280">
    <ele>284.7</ele>
    <time>2026-04-08T10:01:05Z</time>
    <extensions>
     <power>398</power>
     <gpxtpx:TrackPointExtension>
      <gpxtpx:hr>137</gpxtpx:hr>
      <gpxtpx:cad>84</gpxtpx:cad>
     </gpxtpx:TrackPointExtension>
    </extensions>
   </trkpt>
   <trkpt lat="37.2600950" lon="-79.9566320">
    <ele>284.7</ele>
    <time>2026-04-08T10:01:06Z</time>
    <extensions>
     <power>398</power>
     <gpxtpx:TrackPointExtension>
      <gpxtpx:hr>137</gpxtpx:hr>
      <gpxtpx:cad>84</gpxtpx:cad>
     </gpxtpx:TrackPointExtension>
    </extensions>
   </trkpt>
   <trkpt lat="37.2600660" lon="-79.9566350">
    <ele>284.7</ele>
    <time>2026-04-08T10:01:07Z</time>
    <extensions>
     <power>395</power>
     <gpxtpx:TrackPointExtension>
      <gpxtpx:hr>137</gpxtpx:hr>
      <gpxtpx:cad>84</gpxtpx:cad>
     </gpxtpx:TrackPointExtension>
    </extensions>
   </trkpt>
   <trkpt lat="37.2600360" lon="-79.9566400">
    <ele>284.7</ele>
    <time>2026-04-08T10:01:08Z</time>
    <extensions>
     <power>395</power>
     <gpxtpx:TrackPointExtension>
      <gpxtpx:hr>137</gpxtpx:hr>
      <gpxtpx:cad>83</gpxtpx:cad>
     </gpxtpx:TrackPointExtension>
    </extensions>
   </trkpt>
   <trkpt lat="37.2600080" lon="-79.9566460">
    <ele>284.7</ele>
    <time>2026-04-08T10:01:09Z</time>
    <extensions>
     <power>398</power>
     <gpxtpx:TrackPointExtension>
      <gpxtpx:hr>137</gpxtpx:hr>
      <gpxtpx:cad>83</gpxtpx:cad>
     </gpxtpx:TrackPointExtension>
    </extensions>
   </trkpt>
   <trkpt lat="37.2599800" lon="-79.9566500">
    <ele>284.7</ele>
    <time>2026-04-08T10:01:10Z</time>
    <extensions>
     <power>396</power>
     <gpxtpx:TrackPointExtension>
      <gpxtpx:hr>137</gpxtpx:hr>
      <gpxtpx:cad>83</gpxtpx:cad>
     </gpxtpx:TrackPointExtension>
    </extensions>
   </trkpt>
   <trkpt lat="37.2599520" lon="-79.9566540">
    <ele>284.8</ele>
    <time>2026-04-08T10:01:11Z</time>
    <extensions>
     <power>398</power>
     <gpxtpx:TrackPointExtension>
      <gpxtpx:hr>137</gpxtpx:hr>
      <gpxtpx:cad>83</gpxtpx:cad>
     </gpxtpx:TrackPointExtension>
    </extensions>
   </trkpt>
   <trkpt lat="37.2599240" lon="-79.9566580">
    <ele>284.8</ele>
    <time>2026-04-08T10:01:12Z</time>
    <extensions>
     <power>400</power>
     <gpxtpx:TrackPointExtension>
      <gpxtpx:hr>137</gpxtpx:hr>
      <gpxtpx:cad>83</gpxtpx:cad>
     </gpxtpx:TrackPointExtension>
    </extensions>
   </trkpt>
   <trkpt lat="37.2598950" lon="-79.9566630">
    <ele>284.8</ele>
    <time>2026-04-08T10:01:13Z</time>
    <extensions>
     <power>396</power>
     <gpxtpx:TrackPointExtension>
      <gpxtpx:hr>137</gpxtpx:hr>
      <gpxtpx:cad>83</gpxtpx:cad>
     </gpxtpx:TrackPointExtension>
    </extensions>
   </trkpt>
   <trkpt lat="37.2598650" lon="-79.9566680">
    <ele>284.8</ele>
    <time>2026-04-08T10:01:14Z</time>
    <extensions>
     <power>396</power>
     <gpxtpx:TrackPointExtension>
      <gpxtpx:hr>137</gpxtpx:hr>
      <gpxtpx:cad>83</gpxtpx:cad>
     </gpxtpx:TrackPointExtension>
    </extensions>
   </trkpt>
   <trkpt lat="37.2598360" lon="-79.9566700">
    <ele>284.8</ele>
    <time>2026-04-08T10:01:15Z</time>
    <extensions>
     <power>397</power>
     <gpxtpx:TrackPointExtension>
      <gpxtpx:hr>138</gpxtpx:hr>
      <gpxtpx:cad>83</gpxtpx:cad>
     </gpxtpx:TrackPointExtension>
    </extensions>
   </trkpt>
   <trkpt lat="37.2598060" lon="-79.9566730">
    <ele>284.8</ele>
    <time>2026-04-08T10:01:16Z</time>
    <extensions>
     <power>401</power>
     <gpxtpx:TrackPointExtension>
      <gpxtpx:hr>137</gpxtpx:hr>
      <gpxtpx:cad>83</gpxtpx:cad>
     </gpxtpx:TrackPointExtension>
    </extensions>
   </trkpt>
   <trkpt lat="37.2597770" lon="-79.9566780">
    <ele>284.8</ele>
    <time>2026-04-08T10:01:17Z</time>
    <extensions>
     <power>405</power>
     <gpxtpx:TrackPointExtension>
      <gpxtpx:hr>137</gpxtpx:hr>
      <gpxtpx:cad>83</gpxtpx:cad>
     </gpxtpx:TrackPointExtension>
    </extensions>
   </trkpt>
   <trkpt lat="37.2597460" lon="-79.9566830">
    <ele>284.8</ele>
    <time>2026-04-08T10:01:18Z</time>
    <extensions>
     <power>408</power>
     <gpxtpx:TrackPointExtension>
      <gpxtpx:hr>137</gpxtpx:hr>
      <gpxtpx:cad>83</gpxtpx:cad>
     </gpxtpx:TrackPointExtension>
    </extensions>
   </trkpt>
   <trkpt lat="37.2597170" lon="-79.9566850">
    <ele>284.8</ele>
    <time>2026-04-08T10:01:19Z</time>
    <extensions>
     <power>402</power>
     <gpxtpx:TrackPointExtension>
      <gpxtpx:hr>137</gpxtpx:hr>
      <gpxtpx:cad>83</gpxtpx:cad>
     </gpxtpx:TrackPointExtension>
    </extensions>
   </trkpt>
   <trkpt lat="37.2596870" lon="-79.9566870">
    <ele>284.9</ele>
    <time>2026-04-08T10:01:20Z</time>
    <extensions>
     <power>403</power>
     <gpxtpx:TrackPointExtension>
      <gpxtpx:hr>138</gpxtpx:hr>
      <gpxtpx:cad>84</gpxtpx:cad>
     </gpxtpx:TrackPointExtension>
    </extensions>
   </trkpt>
   <trkpt lat="37.2596590" lon="-79.9566860">
    <ele>284.9</ele>
    <time>2026-04-08T10:01:21Z</time>
    <extensions>
     <power>402</power>
     <gpxtpx:TrackPointExtension>
      <gpxtpx:hr>137</gpxtpx:hr>
      <gpxtpx:cad>84</gpxtpx:cad>
     </gpxtpx:TrackPointExtension>
    </extensions>
   </trkpt>
   <trkpt lat="37.2596320" lon="-79.9566860">
    <ele>284.9</ele>
    <time>2026-04-08T10:01:22Z</time>
    <extensions>
     <power>400</power>
     <gpxtpx:TrackPointExtension>
      <gpxtpx:hr>137</gpxtpx:hr>
      <gpxtpx:cad>84</gpxtpx:cad>
     </gpxtpx:TrackPointExtension>
    </extensions>
   </trkpt>
   <trkpt lat="37.2596030" lon="-79.9566870">
    <ele>284.9</ele>
    <time>2026-04-08T10:01:23Z</time>
    <extensions>
     <power>400</power>
     <gpxtpx:TrackPointExtension>
      <gpxtpx:hr>138</gpxtpx:hr>
      <gpxtpx:cad>84</gpxtpx:cad>
     </gpxtpx:TrackPointExtension>
    </extensions>
   </trkpt>
   <trkpt lat="37.2595750" lon="-79.9566910">
    <ele>284.9</ele>
    <time>2026-04-08T10:01:24Z</time>
    <extensions>
     <power>396</power>
     <gpxtpx:TrackPointExtension>
      <gpxtpx:hr>138</gpxtpx:hr>
      <gpxtpx:cad>85</gpxtpx:cad>
     </gpxtpx:TrackPointExtension>
    </extensions>
   </trkpt>
   <trkpt lat="37.2595490" lon="-79.9566940">
    <ele>284.9</ele>
    <time>2026-04-08T10:01:25Z</time>
    <extensions>
     <power>393</power>
     <gpxtpx:TrackPointExtension>
      <gpxtpx:hr>138</gpxtpx:hr>
      <gpxtpx:cad>85</gpxtpx:cad>
     </gpxtpx:TrackPointExtension>
    </extensions>
   </trkpt>
   <trkpt lat="37.2595210" lon="-79.9566950">
    <ele>284.9</ele>
    <time>2026-04-08T10:01:26Z</time>
    <extensions>
     <power>392</power>
     <gpxtpx:TrackPointExtension>
      <gpxtpx:hr>138</gpxtpx:hr>
      <gpxtpx:cad>85</gpxtpx:cad>
     </gpxtpx:TrackPointExtension>
    </extensions>
   </trkpt>
   <trkpt lat="37.2594940" lon="-79.9566950">
    <ele>284.9</ele>
    <time>2026-04-08T10:01:27Z</time>
    <extensions>
     <power>388</power>
     <gpxtpx:TrackPointExtension>
      <gpxtpx:hr>138</gpxtpx:hr>
      <gpxtpx:cad>85</gpxtpx:cad>
     </gpxtpx:TrackPointExtension>
    </extensions>
   </trkpt>
   <trkpt lat="37.2594670" lon="-79.9566960">
    <ele>284.9</ele>
    <time>2026-04-08T10:01:28Z</time>
    <extensions>
     <power>384</power>
     <gpxtpx:TrackPointExtension>
      <gpxtpx:hr>137</gpxtpx:hr>
      <gpxtpx:cad>83</gpxtpx:cad>
     </gpxtpx:TrackPointExtension>
    </extensions>
   </trkpt>
   <trkpt lat="37.2594400" lon="-79.9566970">
    <ele>284.9</ele>
    <time>2026-04-08T10:01:29Z</time>
    <extensions>
     <power>380</power>
     <gpxtpx:TrackPointExtension>
      <gpxtpx:hr>138</gpxtpx:hr>
      <gpxtpx:cad>83</gpxtpx:cad>
     </gpxtpx:TrackPointExtension>
    </extensions>
   </trkpt>
   <trkpt lat="37.2594140" lon="-79.9566940">
    <ele>284.9</ele>
    <time>2026-04-08T10:01:30Z</time>
    <extensions>
     <power>373</power>
     <gpxtpx:TrackPointExtension>
      <gpxtpx:hr>138</gpxtpx:hr>
      <gpxtpx:cad>83</gpxtpx:cad>
     </gpxtpx:TrackPointExtension>
    </extensions>
   </trkpt>
   <trkpt lat="37.2593840" lon="-79.9566930">
    <ele>285.0</ele>
    <time>2026-04-08T10:01:31Z</time>
    <extensions>
     <power>370</power>
     <gpxtpx:TrackPointExtension>
      <gpxtpx:hr>138</gpxtpx:hr>
      <gpxtpx:cad>83</gpxtpx:cad>
     </gpxtpx:TrackPointExtension>
    </extensions>
   </trkpt>
   <trkpt lat="37.2593550" lon="-79.9566890">
    <ele>285.0</ele>
    <time>2026-04-08T10:01:32Z</time>
    <extensions>
     <power>366</power>
     <gpxtpx:TrackPointExtension>
      <gpxtpx:hr>138</gpxtpx:hr>
      <gpxtpx:cad>83</gpxtpx:cad>
     </gpxtpx:TrackPointExtension>
    </extensions>
   </trkpt>
   <trkpt lat="37.2593250" lon="-79.9566850">
    <ele>285.0</ele>
    <time>2026-04-08T10:01:33Z</time>
    <extensions>
     <power>363</power>
     <gpxtpx:TrackPointExtension>
      <gpxtpx:hr>138</gpxtpx:hr>
      <gpxtpx:cad>83</gpxtpx:cad>
     </gpxtpx:TrackPointExtension>
    </extensions>
   </trkpt>
   <trkpt lat="37.2592960" lon="-79.9566810">
    <ele>285.0</ele>
    <time>2026-04-08T10:01:34Z</time>
    <extensions>
     <power>360</power>
     <gpxtpx:TrackPointExtension>
      <gpxtpx:hr>138</gpxtpx:hr>
      <gpxtpx:cad>83</gpxtpx:cad>
     </gpxtpx:TrackPointExtension>
    </extensions>
   </trkpt>
   <trkpt lat="37.2592670" lon="-79.9566770">
    <ele>285.0</ele>
    <time>2026-04-08T10:01:35Z</time>
    <extensions>
     <power>360</power>
     <gpxtpx:TrackPointExtension>
      <gpxtpx:hr>138</gpxtpx:hr>
      <gpxtpx:cad>83</gpxtpx:cad>
     </gpxtpx:TrackPointExtension>
    </extensions>
   </trkpt>
   <trkpt lat="37.2592370" lon="-79.9566740">
    <ele>285.0</ele>
    <time>2026-04-08T10:01:36Z</time>
    <extensions>
     <power>362</power>
     <gpxtpx:TrackPointExtension>
      <gpxtpx:hr>138</gpxtpx:hr>
      <gpxtpx:cad>83</gpxtpx:cad>
     </gpxtpx:TrackPointExtension>
    </extensions>
   </trkpt>
   <trkpt lat="37.2592080" lon="-79.9566690">
    <ele>285.0</ele>
    <time>2026-04-08T10:01:37Z</time>
    <extensions>
     <power>366</power>
     <gpxtpx:TrackPointExtension>
      <gpxtpx:hr>138</gpxtpx:hr>
      <gpxtpx:cad>83</gpxtpx:cad>
     </gpxtpx:TrackPointExtension>
    </extensions>
   </trkpt>
   <trkpt lat="37.2591780" lon="-79.9566610">
    <ele>285.0</ele>
    <time>2026-04-08T10:01:38Z</time>
    <extensions>
     <power>369</power>
     <gpxtpx:TrackPointExtension>
      <gpxtpx:hr>138</gpxtpx:hr>
      <gpxtpx:cad>84</gpxtpx:cad>
     </gpxtpx:TrackPointExtension>
    </extensions>
   </trkpt>
   <trkpt lat="37.2591480" lon="-79.9566520">
    <ele>285.0</ele>
    <time>2026-04-08T10:01:39Z</time>
    <extensions>
     <power>373</power>
     <gpxtpx:TrackPointExtension>
      <gpxtpx:hr>138</gpxtpx:hr>
      <gpxtpx:cad>84</gpxtpx:cad>
     </gpxtpx:TrackPointExtension>
    </extensions>
   </trkpt>
   <trkpt lat="37.2591220" lon="-79.9566420">
    <ele>285.1</ele>
    <time>2026-04-08T10:01:40Z</time>
    <extensions>
     <power>381</power>
     <gpxtpx:TrackPointExtension>
      <gpxtpx:hr>138</gpxtpx:hr>
      <gpxtpx:cad>84</gpxtpx:cad>
     </gpxtpx:TrackPointExtension>
    </extensions>
   </trkpt>
   <trkpt lat="37.2590940" lon="-79.9566320">
    <ele>285.1</ele>
    <time>2026-04-08T10:01:41Z</time>
    <extensions>
     <power>386</power>
     <gpxtpx:TrackPointExtension>
      <gpxtpx:hr>138</gpxtpx:hr>
      <gpxtpx:cad>84</gpxtpx:cad>
     </gpxtpx:TrackPointExtension>
    </extensions>
   </trkpt>
   <trkpt lat="37.2590680" lon="-79.9566230">
    <ele>285.1</ele>
    <time>2026-04-08T10:01:42Z</time>
    <extensions>
     <power>389</power>
     <gpxtpx:TrackPointExtension>
      <gpxtpx:hr>138</gpxtpx:hr>
      <gpxtpx:cad>84</gpxtpx:cad>
     </gpxtpx:TrackPointExtension>
    </extensions>
   </trkpt>
   <trkpt lat="37.2590410" lon="-79.9566130">
    <ele>285.1</ele>
    <time>2026-04-08T10:01:43Z</time>
    <extensions>
     <power>392</power>
     <gpxtpx:TrackPointExtension>
      <gpxtpx:hr>139</gpxtpx:hr>
      <gpxtpx:cad>84</gpxtpx:cad>
     </gpxtpx:TrackPointExtension>
    </extensions>
   </trkpt>
   <trkpt lat="37.2590170" lon="-79.9566020">
    <ele>285.1</ele>
    <time>2026-04-08T10:01:44Z</time>
    <extensions>
     <power>394</power>
     <gpxtpx:TrackPointExtension>
      <gpxtpx:hr>138</gpxtpx:hr>
      <gpxtpx:cad>84</gpxtpx:cad>
     </gpxtpx:TrackPointExtension>
    </extensions>
   </trkpt>
   <trkpt lat="37.2589920" lon="-79.9565910">
    <ele>285.1</ele>
    <time>2026-04-08T10:01:45Z</time>
    <extensions>
     <power>396</power>
     <gpxtpx:TrackPointExtension>
      <gpxtpx:hr>138</gpxtpx:hr>
      <gpxtpx:cad>84</gpxtpx:cad>
     </gpxtpx:TrackPointExtension>
    </extensions>
   </trkpt>
   <trkpt lat="37.2589640" lon="-79.9565790">
    <ele>285.1</ele>
    <time>2026-04-08T10:01:46Z</time>
    <extensions>
     <power>397</power>
     <gpxtpx:TrackPointExtension>
      <gpxtpx:hr>139</gpxtpx:hr>
      <gpxtpx:cad>84</gpxtpx:cad>
     </gpxtpx:TrackPointExtension>
    </extensions>
   </trkpt>
   <trkpt lat="37.2589370" lon="-79.9565670">
    <ele>285.1</ele>
    <time>2026-04-08T10:01:47Z</time>
    <extensions>
     <power>404</power>
     <gpxtpx:TrackPointExtension>
      <gpxtpx:hr>139</gpxtpx:hr>
      <gpxtpx:cad>83</gpxtpx:cad>
     </gpxtpx:TrackPointExtension>
    </extensions>
   </trkpt>
   <trkpt lat="37.2589090" lon="-79.9565530">
    <ele>285.1</ele>
    <time>2026-04-08T10:01:48Z</time>
    <extensions>
     <power>406</power>
     <gpxtpx:TrackPointExtension>
      <gpxtpx:hr>139</gpxtpx:hr>
      <gpxtpx:cad>83</gpxtpx:cad>
     </gpxtpx:TrackPointExtension>
    </extensions>
   </trkpt>
   <trkpt lat="37.2588800" lon="-79.9565390">
    <ele>285.1</ele>
    <time>2026-04-08T10:01:49Z</time>
    <extensions>
     <power>408</power>
     <gpxtpx:TrackPointExtension>
      <gpxtpx:hr>139</gpxtpx:hr>
      <gpxtpx:cad>83</gpxtpx:cad>
     </gpxtpx:TrackPointExtension>
    </extensions>
   </trkpt>
   <trkpt lat="37.2588530" lon="-79.9565260">
    <ele>285.2</ele>
    <time>2026-04-08T10:01:50Z</time>
    <extensions>
     <power>413</power>
     <gpxtpx:TrackPointExtension>
      <gpxtpx:hr>139</gpxtpx:hr>
      <gpxtpx:cad>83</gpxtpx:cad>
     </gpxtpx:TrackPointExtension>
    </extensions>
   </trkpt>
   <trkpt lat="37.2588240" lon="-79.9565120">
    <ele>285.2</ele>
    <time>2026-04-08T10:01:51Z</time>
    <extensions>
     <power>414</power>
     <gpxtpx:TrackPointExtension>
      <gpxtpx:hr>139</gpxtpx:hr>
      <gpxtpx:cad>83</gpxtpx:cad>
     </gpxtpx:TrackPointExtension>
    </extensions>
   </trkpt>
   <trkpt lat="37.2587970" lon="-79.9565000">
    <ele>285.2</ele>
    <time>2026-04-08T10:01:52Z</time>
    <extensions>
     <power>413</power>
     <gpxtpx:TrackPointExtension>
      <gpxtpx:hr>139</gpxtpx:hr>
      <gpxtpx:cad>84</gpxtpx:cad>
     </gpxtpx:TrackPointExtension>
    </extensions>
   </trkpt>
   <trkpt lat="37.2587720" lon="-79.9564860">
    <ele>285.2</ele>
    <time>2026-04-08T10:01:53Z</time>
    <extensions>
     <power>412</power>
     <gpxtpx:TrackPointExtension>
      <gpxtpx:hr>139</gpxtpx:hr>
      <gpxtpx:cad>84</gpxtpx:cad>
     </gpxtpx:TrackPointExtension>
    </extensions>
   </trkpt>
   <trkpt lat="37.2587460" lon="-79.9564710">
    <ele>285.2</ele>
    <time>2026-04-08T10:01:54Z</time>
    <extensions>
     <power>410</power>
     <gpxtpx:TrackPointExtension>
      <gpxtpx:hr>140</gpxtpx:hr>
      <gpxtpx:cad>84</gpxtpx:cad>
     </gpxtpx:TrackPointExtension>
    </extensions>
   </trkpt>
   <trkpt lat="37.2587210" lon="-79.9564560">
    <ele>285.2</ele>
    <time>2026-04-08T10:01:55Z</time>
    <extensions>
     <power>405</power>
     <gpxtpx:TrackPointExtension>
      <gpxtpx:hr>140</gpxtpx:hr>
      <gpxtpx:cad>84</gpxtpx:cad>
     </gpxtpx:TrackPointExtension>
    </extensions>
   </trkpt>
   <trkpt lat="37.2586920" lon="-79.9564420">
    <ele>285.3</ele>
    <time>2026-04-08T10:01:56Z</time>
    <extensions>
     <power>404</power>
     <gpxtpx:TrackPointExtension>
      <gpxtpx:hr>140</gpxtpx:hr>
      <gpxtpx:cad>83</gpxtpx:cad>
     </gpxtpx:TrackPointExtension>
    </extensions>
   </trkpt>
   <trkpt lat="37.2586660" lon="-79.9564290">
    <ele>285.3</ele>
    <time>2026-04-08T10:01:57Z</time>
    <extensions>
     <power>398</power>
     <gpxtpx:TrackPointExtension>
      <gpxtpx:hr>140</gpxtpx:hr>
      <gpxtpx:cad>83</gpxtpx:cad>
     </gpxtpx:TrackPointExtension>
    </extensions>
   </trkpt>
   <trkpt lat="37.2586410" lon="-79.9564170">
    <ele>285.3</ele>
    <time>2026-04-08T10:01:58Z</time>
    <extensions>
     <power>395</power>
     <gpxtpx:TrackPointExtension>
      <gpxtpx:hr>140</gpxtpx:hr>
      <gpxtpx:cad>83</gpxtpx:cad>
     </gpxtpx:TrackPointExtension>
    </extensions>
   </trkpt>
   <trkpt lat="37.2586140" lon="-79.9564040">
    <ele>285.3</ele>
    <time>2026-04-08T10:01:59Z</time>
    <extensions>
     <power>388</power>
     <gpxtpx:TrackPointExtension>
      <gpxtpx:hr>140</gpxtpx:hr>
      <gpxtpx:cad>83</gpxtpx:cad>
     </gpxtpx:TrackPointExtension>
    </extensions>
   </trkpt>
   <trkpt lat="37.2585910" lon="-79.9563940">
    <ele>285.4</ele>
    <time>2026-04-08T10:02:00Z</time>
    <extensions>
     <power>387</power>
     <gpxtpx:TrackPointExtension>
      <gpxtpx:hr>140</gpxtpx:hr>
      <gpxtpx:cad>83</gpxtpx:cad>
     </gpxtpx:TrackPointExtension>
    </extensions>
   </trkpt>
   <trkpt lat="37.2585680" lon="-79.9563830">
    <ele>285.4</ele>
    <time>2026-04-08T10:02:01Z</time>
    <extensions>
     <power>384</power>
     <gpxtpx:TrackPointExtension>
      <gpxtpx:hr>141</gpxtpx:hr>
      <gpxtpx:cad>83</gpxtpx:cad>
     </gpxtpx:TrackPointExtension>
    </extensions>
   </trkpt>
   <trkpt lat="37.2585440" lon="-79.9563720">
    <ele>285.4</ele>
    <time>2026-04-08T10:02:02Z</time>
    <extensions>
     <power>383</power>
     <gpxtpx:TrackPointExtension>
      <gpxtpx:hr>141</gpxtpx:hr>
      <gpxtpx:cad>83</gpxtpx:cad>
     </gpxtpx:TrackPointExtension>
    </extensions>
   </trkpt>
   <trkpt lat="37.2585210" lon="-79.9563600">
    <ele>285.4</ele>
    <time>2026-04-08T10:02:03Z</time>
    <extensions>
     <power>381</power>
     <gpxtpx:TrackPointExtension>
      <gpxtpx:hr>141</gpxtpx:hr>
      <gpxtpx:cad>83</gpxtpx:cad>
     </gpxtpx:TrackPointExtension>
    </extensions>
   </trkpt>
   <trkpt lat="37.2584960" lon="-79.9563470">
    <ele>285.5</ele>
    <time>2026-04-08T10:02:04Z</time>
    <extensions>
     <power>377</power>
     <gpxtpx:TrackPointExtension>
      <gpxtpx:hr>141</gpxtpx:hr>
      <gpxtpx:cad>82</gpxtpx:cad>
     </gpxtpx:TrackPointExtension>
    </extensions>
   </trkpt>
   <trkpt lat="37.2584720" lon="-79.9563310">
    <ele>285.5</ele>
    <time>2026-04-08T10:02:05Z</time>
    <extensions>
     <power>375</power>
     <gpxtpx:TrackPointExtension>
      <gpxtpx:hr>141</gpxtpx:hr>
      <gpxtpx:cad>82</gpxtpx:cad>
     </gpxtpx:TrackPointExtension>
    </extensions>
   </trkpt>
   <trkpt lat="37.2584490" lon="-79.9563160">
    <ele>285.5</ele>
    <time>2026-04-08T10:02:06Z</time>
    <extensions>
     <power>369</power>
     <gpxtpx:TrackPointExtension>
      <gpxtpx:hr>141</gpxtpx:hr>
      <gpxtpx:cad>83</gpxtpx:cad>
     </gpxtpx:TrackPointExtension>
    </extensions>
   </trkpt>
   <trkpt lat="37.2584220" lon="-79.9563030">
    <ele>285.6</ele>
    <time>2026-04-08T10:02:07Z</time>
    <extensions>
     <power>366</power>
     <gpxtpx:TrackPointExtension>
      <gpxtpx:hr>141</gpxtpx:hr>
      <gpxtpx:cad>83</gpxtpx:cad>
     </gpxtpx:TrackPointExtension>
    </extensions>
   </trkpt>
   <trkpt lat="37.2583980" lon="-79.9562870">
    <ele>285.6</ele>
    <time>2026-04-08T10:02:08Z</time>
    <extensions>
     <power>365</power>
     <gpxtpx:TrackPointExtension>
      <gpxtpx:hr>141</gpxtpx:hr>
      <gpxtpx:cad>83</gpxtpx:cad>
     </gpxtpx:TrackPointExtension>
    </extensions>
   </trkpt>
   <trkpt lat="37.2583730" lon="-79.9562690">
    <ele>285.6</ele>
    <time>2026-04-08T10:02:09Z</time>
    <extensions>
     <power>363</power>
     <gpxtpx:TrackPointExtension>
      <gpxtpx:hr>141</gpxtpx:hr>
      <gpxtpx:cad>83</gpxtpx:cad>
     </gpxtpx:TrackPointExtension>
    </extensions>
   </trkpt>
   <trkpt lat="37.2583500" lon="-79.9562510">
    <ele>285.6</ele>
    <time>2026-04-08T10:02:10Z</time>
    <extensions>
     <power>364</power>
     <gpxtpx:TrackPointExtension>
      <gpxtpx:hr>141</gpxtpx:hr>
      <gpxtpx:cad>83</gpxtpx:cad>
     </gpxtpx:TrackPointExtension>
    </extensions>
   </trkpt>
   <trkpt lat="37.2583270" lon="-79.9562340">
    <ele>285.7</ele>
    <time>2026-04-08T10:02:11Z</time>
    <extensions>
     <power>357</power>
     <gpxtpx:TrackPointExtension>
      <gpxtpx:hr>141</gpxtpx:hr>
      <gpxtpx:cad>83</gpxtpx:cad>
     </gpxtpx:TrackPointExtension>
    </extensions>
   </trkpt>
   <trkpt lat="37.2583030" lon="-79.9562160">
    <ele>285.7</ele>
    <time>2026-04-08T10:02:12Z</time>
    <extensions>
     <power>356</power>
     <gpxtpx:TrackPointExtension>
      <gpxtpx:hr>141</gpxtpx:hr>
      <gpxtpx:cad>84</gpxtpx:cad>
     </gpxtpx:TrackPointExtension>
    </extensions>
   </trkpt>
   <trkpt lat="37.2582810" lon="-79.9561980">
    <ele>285.7</ele>
    <time>2026-04-08T10:02:13Z</time>
    <extensions>
     <power>348</power>
     <gpxtpx:TrackPointExtension>
      <gpxtpx:hr>141</gpxtpx:hr>
      <gpxtpx:cad>84</gpxtpx:cad>
     </gpxtpx:TrackPointExtension>
    </extensions>
   </trkpt>
   <trkpt lat="37.2582570" lon="-79.9561750">
    <ele>285.8</ele>
    <time>2026-04-08T10:02:14Z</time>
    <extensions>
     <power>346</power>
     <gpxtpx:TrackPointExtension>
      <gpxtpx:hr>141</gpxtpx:hr>
      <gpxtpx:cad>84</gpxtpx:cad>
     </gpxtpx:TrackPointExtension>
    </extensions>
   </trkpt>
   <trkpt lat="37.2582370" lon="-79.9561530">
    <ele>285.8</ele>
    <time>2026-04-08T10:02:15Z</time>
    <extensions>
     <power>351</power>
     <gpxtpx:TrackPointExtension>
      <gpxtpx:hr>141</gpxtpx:hr>
      <gpxtpx:cad>84</gpxtpx:cad>
     </gpxtpx:TrackPointExtension>
    </extensions>
   </trkpt>
   <trkpt lat="37.2582160" lon="-79.9561260">
    <ele>285.8</ele>
    <time>2026-04-08T10:02:16Z</time>
    <extensions>
     <power>351</power>
     <gpxtpx:TrackPointExtension>
      <gpxtpx:hr>141</gpxtpx:hr>
      <gpxtpx:cad>84</gpxtpx:cad>
     </gpxtpx:TrackPointExtension>
    </extensions>
   </trkpt>
   <trkpt lat="37.2581960" lon="-79.9560960">
    <ele>285.8</ele>
    <time>2026-04-08T10:02:17Z</time>
    <extensions>
     <power>360</power>
     <gpxtpx:TrackPointExtension>
      <gpxtpx:hr>141</gpxtpx:hr>
      <gpxtpx:cad>84</gpxtpx:cad>
     </gpxtpx:TrackPointExtension>
    </extensions>
   </trkpt>
   <trkpt lat="37.2581790" lon="-79.9560630">
    <ele>285.9</ele>
    <time>2026-04-08T10:02:18Z</time>
    <extensions>
     <power>363</power>
     <gpxtpx:TrackPointExtension>
      <gpxtpx:hr>141</gpxtpx:hr>
      <gpxtpx:cad>84</gpxtpx:cad>
     </gpxtpx:TrackPointExtension>
    </extensions>
   </trkpt>
   <trkpt lat="37.2581610" lon="-79.9560300">
    <ele>285.9</ele>
    <time>2026-04-08T10:02:19Z</time>
    <extensions>
     <power>369</power>
     <gpxtpx:TrackPointExtension>
      <gpxtpx:hr>141</gpxtpx:hr>
      <gpxtpx:cad>84</gpxtpx:cad>
     </gpxtpx:TrackPointExtension>
    </extensions>
   </trkpt>
   <trkpt lat="37.2581460" lon="-79.9559990">
    <ele>285.9</ele>
    <time>2026-04-08T10:02:20Z</time>
    <extensions>
     <power>384</power>
     <gpxtpx:TrackPointExtension>
      <gpxtpx:hr>142</gpxtpx:hr>
      <gpxtpx:cad>83</gpxtpx:cad>
     </gpxtpx:TrackPointExtension>
    </extensions>
   </trkpt>
   <trkpt lat="37.2581320" lon="-79.9559650">
    <ele>286.0</ele>
    <time>2026-04-08T10:02:21Z</time>
    <extensions>
     <power>384</power>
     <gpxtpx:TrackPointExtension>
      <gpxtpx:hr>141</gpxtpx:hr>
      <gpxtpx:cad>84</gpxtpx:cad>
     </gpxtpx:TrackPointExtension>
    </extensions>
   </trkpt>
   <trkpt lat="37.2581200" lon="-79.9559300">
    <ele>286.0</ele>
    <time>2026-04-08T10:02:22Z</time>
    <extensions>
     <power>386</power>
     <gpxtpx:TrackPointExtension>
      <gpxtpx:hr>142</gpxtpx:hr>
      <gpxtpx:cad>83</gpxtpx:cad>
     </gpxtpx:TrackPointExtension>
    </extensions>
   </trkpt>
   <trkpt lat="37.2581090" lon="-79.9558960">
    <ele>286.0</ele>
    <time>2026-04-08T10:02:23Z</time>
    <extensions>
     <power>383</power>
     <gpxtpx:TrackPointExtension>
      <gpxtpx:hr>142</gpxtpx:hr>
      <gpxtpx:cad>83</gpxtpx:cad>
     </gpxtpx:TrackPointExtension>
    </extensions>
   </trkpt>
   <trkpt lat="37.2581000" lon="-79.9558620">
    <ele>286.1</ele>
    <time>2026-04-08T10:02:24Z</time>
    <extensions>
     <power>383</power>
     <gpxtpx:TrackPointExtension>
      <gpxtpx:hr>142</gpxtpx:hr>
      <gpxtpx:cad>83</gpxtpx:cad>
     </gpxtpx:TrackPointExtension>
    </extensions>
   </trkpt>
   <trkpt lat="37.2580930" lon="-79.9558280">
    <ele>286.1</ele>
    <time>2026-04-08T10:02:25Z</time>
    <extensions>
     <power>382</power>
     <gpxtpx:TrackPointExtension>
      <gpxtpx:hr>142</gpxtpx:hr>
      <gpxtpx:cad>83</gpxtpx:cad>
     </gpxtpx:TrackPointExtension>
    </extensions>
   </trkpt>
   <trkpt lat="37.2580870" lon="-79.9557930">
    <ele>286.1</ele>
    <time>2026-04-08T10:02:26Z</time>
    <extensions>
     <power>380</power>
     <gpxtpx:TrackPointExtension>
      <gpxtpx:hr>142</gpxtpx:hr>
      <gpxtpx:cad>83</gpxtpx:cad>
     </gpxtpx:TrackPointExtension>
    </extensions>
   </trkpt>
   <trkpt lat="37.2580810" lon="-79.9557590">
    <ele>286.1</ele>
    <time>2026-04-08T10:02:27Z</time>
    <extensions>
     <power>379</power>
     <gpxtpx:TrackPointExtension>
      <gpxtpx:hr>141</gpxtpx:hr>
      <gpxtpx:cad>83</gpxtpx:cad>
     </gpxtpx:TrackPointExtension>
    </extensions>
   </trkpt>
   <trkpt lat="37.2580760" lon="-79.9557260">
    <ele>286.1</ele>
    <time>2026-04-08T10:02:28Z</time>
    <extensions>
     <power>381</power>
     <gpxtpx:TrackPointExtension>
      <gpxtpx:hr>142</gpxtpx:hr>
      <gpxtpx:cad>83</gpxtpx:cad>
     </gpxtpx:TrackPointExtension>
    </extensions>
   </trkpt>
   <trkpt lat="37.2580700" lon="-79.9556920">
    <ele>285.9</ele>
    <time>2026-04-08T10:02:29Z</time>
    <extensions>
     <power>380</power>
     <gpxtpx:TrackPointExtension>
      <gpxtpx:hr>142</gpxtpx:hr>
      <gpxtpx:cad>83</gpxtpx:cad>
     </gpxtpx:TrackPointExtension>
    </extensions>
   </trkpt>
   <trkpt lat="37.2580610" lon="-79.9556570">
    <ele>285.8</ele>
    <time>2026-04-08T10:02:30Z</time>
    <extensions>
     <power>378</power>
     <gpxtpx:TrackPointExtension>
      <gpxtpx:hr>142</gpxtpx:hr>
      <gpxtpx:cad>83</gpxtpx:cad>
     </gpxtpx:TrackPointExtension>
    </extensions>
   </trkpt>
   <trkpt lat="37.2580530" lon="-79.9556230">
    <ele>285.6</ele>
    <time>2026-04-08T10:02:31Z</time>
    <extensions>
     <power>378</power>
     <gpxtpx:TrackPointExtension>
      <gpxtpx:hr>141</gpxtpx:hr>
      <gpxtpx:cad>83</gpxtpx:cad>
     </gpxtpx:TrackPointExtension>
    </extensions>
   </trkpt>
   <trkpt lat="37.2580450" lon="-79.9555890">
    <ele>285.5</ele>
    <time>2026-04-08T10:02:32Z</time>
    <extensions>
     <power>380</power>
     <gpxtpx:TrackPointExtension>
      <gpxtpx:hr>142</gpxtpx:hr>
      <gpxtpx:cad>83</gpxtpx:cad>
     </gpxtpx:TrackPointExtension>
    </extensions>
   </trkpt>
   <trkpt lat="37.2580370" lon="-79.9555580">
    <ele>285.4</ele>
    <time>2026-04-08T10:02:33Z</time>
    <extensions>
     <power>381</power>
     <gpxtpx:TrackPointExtension>
      <gpxtpx:hr>142</gpxtpx:hr>
      <gpxtpx:cad>83</gpxtpx:cad>
     </gpxtpx:TrackPointExtension>
    </extensions>
   </trkpt>
   <trkpt lat="37.2580300" lon="-79.9555240">
    <ele>285.2</ele>
    <time>2026-04-08T10:02:34Z</time>
    <extensions>
     <power>378</power>
     <gpxtpx:TrackPointExtension>
      <gpxtpx:hr>141</gpxtpx:hr>
      <gpxtpx:cad>83</gpxtpx:cad>
     </gpxtpx:TrackPointExtension>
    </extensions>
   </trkpt>
   <trkpt lat="37.2580240" lon="-79.9554900">
    <ele>285.1</ele>
    <time>2026-04-08T10:02:35Z</time>
    <extensions>
     <power>375</power>
     <gpxtpx:TrackPointExtension>
      <gpxtpx:hr>141</gpxtpx:hr>
      <gpxtpx:cad>82</gpxtpx:cad>
     </gpxtpx:TrackPointExtension>
    </extensions>
   </trkpt>
   <trkpt lat="37.2580180" lon="-79.9554520">
    <ele>284.9</ele>
    <time>2026-04-08T10:02:36Z</time>
    <extensions>
     <power>374</power>
     <gpxtpx:TrackPointExtension>
      <gpxtpx:hr>141</gpxtpx:hr>
      <gpxtpx:cad>82</gpxtpx:cad>
     </gpxtpx:TrackPointExtension>
    </extensions>
   </trkpt>
   <trkpt lat="37.2580110" lon="-79.9554150">
    <ele>284.8</ele>
    <time>2026-04-08T10:02:37Z</time>
    <extensions>
     <power>374</power>
     <gpxtpx:TrackPointExtension>
      <gpxtpx:hr>141</gpxtpx:hr>
      <gpxtpx:cad>82</gpxtpx:cad>
     </gpxtpx:TrackPointExtension>
    </extensions>
   </trkpt>
   <trkpt lat="37.2580040" lon="-79.9553810">
    <ele>284.6</ele>
    <time>2026-04-08T10:02:38Z</time>
    <extensions>
     <power>375</power>
     <gpxtpx:TrackPointExtension>
      <gpxtpx:hr>141</gpxtpx:hr>
      <gpxtpx:cad>83</gpxtpx:cad>
     </gpxtpx:TrackPointExtension>
    </extensions>
   </trkpt>
   <trkpt lat="37.2579980" lon="-79.9553470">
    <ele>284.5</ele>
    <time>2026-04-08T10:02:39Z</time>
    <extensions>
     <power>374</power>
     <gpxtpx:TrackPointExtension>
      <gpxtpx:hr>141</gpxtpx:hr>
      <gpxtpx:cad>83</gpxtpx:cad>
     </gpxtpx:TrackPointExtension>
    </extensions>
   </trkpt>
   <trkpt lat="37.2579900" lon="-79.9553150">
    <ele>284.3</ele>
    <time>2026-04-08T10:02:40Z</time>
    <extensions>
     <power>373</power>
     <gpxtpx:TrackPointExtension>
      <gpxtpx:hr>141</gpxtpx:hr>
      <gpxtpx:cad>83</gpxtpx:cad>
     </gpxtpx:TrackPointExtension>
    </extensions>
   </trkpt>
   <trkpt lat="37.2579820" lon="-79.9552860">
    <ele>284.2</ele>
    <time>2026-04-08T10:02:41Z</time>
    <extensions>
     <power>373</power>
     <gpxtpx:TrackPointExtension>
      <gpxtpx:hr>141</gpxtpx:hr>
      <gpxtpx:cad>82</gpxtpx:cad>
     </gpxtpx:TrackPointExtension>
    </extensions>
   </trkpt>
   <trkpt lat="37.2579740" lon="-79.9552530">
    <ele>284.1</ele>
    <time>2026-04-08T10:02:42Z</time>
    <extensions>
     <power>375</power>
     <gpxtpx:TrackPointExtension>
      <gpxtpx:hr>141</gpxtpx:hr>
      <gpxtpx:cad>82</gpxtpx:cad>
     </gpxtpx:TrackPointExtension>
    </extensions>
   </trkpt>
   <trkpt lat="37.2579670" lon="-79.9552210">
    <ele>283.9</ele>
    <time>2026-04-08T10:02:43Z</time>
    <extensions>
     <power>377</power>
     <gpxtpx:TrackPointExtension>
      <gpxtpx:hr>141</gpxtpx:hr>
      <gpxtpx:cad>83</gpxtpx:cad>
     </gpxtpx:TrackPointExtension>
    </extensions>
   </trkpt>
   <trkpt lat="37.2579580" lon="-79.9551900">
    <ele>283.8</ele>
    <time>2026-04-08T10:02:44Z</time>
    <extensions>
     <power>377</power>
     <gpxtpx:TrackPointExtension>
      <gpxtpx:hr>141</gpxtpx:hr>
      <gpxtpx:cad>83</gpxtpx:cad>
     </gpxtpx:TrackPointExtension>
    </extensions>
   </trkpt>
   <trkpt lat="37.2579500" lon="-79.9551580">
    <ele>283.7</ele>
    <time>2026-04-08T10:02:45Z</time>
    <extensions>
     <power>380</power>
     <gpxtpx:TrackPointExtension>
      <gpxtpx:hr>141</gpxtpx:hr>
      <gpxtpx:cad>83</gpxtpx:cad>
     </gpxtpx:TrackPointExtension>
    </extensions>
   </trkpt>
   <trkpt lat="37.2579440" lon="-79.9551260">
    <ele>283.5</ele>
    <time>2026-04-08T10:02:46Z</time>
    <extensions>
     <power>382</power>
     <gpxtpx:TrackPointExtension>
      <gpxtpx:hr>141</gpxtpx:hr>
      <gpxtpx:cad>83</gpxtpx:cad>
     </gpxtpx:TrackPointExtension>
    </extensions>
   </trkpt>
   <trkpt lat="37.2579370" lon="-79.9550920">
    <ele>283.4</ele>
    <time>2026-04-08T10:02:47Z</time>
    <extensions>
     <power>382</power>
     <gpxtpx:TrackPointExtension>
      <gpxtpx:hr>141</gpxtpx:hr>
      <gpxtpx:cad>83</gpxtpx:cad>
     </gpxtpx:TrackPointExtension>
    </extensions>
   </trkpt>
   <trkpt lat="37.2579280" lon="-79.9550570">
    <ele>283.2</ele>
    <time>2026-04-08T10:02:48Z</time>
    <extensions>
     <power>381</power>
     <gpxtpx:TrackPointExtension>
      <gpxtpx:hr>141</gpxtpx:hr>
      <gpxtpx:cad>83</gpxtpx:cad>
     </gpxtpx:TrackPointExtension>
    </extensions>
   </trkpt>
   <trkpt lat="37.2579210" lon="-79.9550220">
    <ele>283.1</ele>
    <time>2026-04-08T10:02:49Z</time>
    <extensions>
     <power>379</power>
     <gpxtpx:TrackPointExtension>
      <gpxtpx:hr>140</gpxtpx:hr>
      <gpxtpx:cad>83</gpxtpx:cad>
     </gpxtpx:TrackPointExtension>
    </extensions>
   </trkpt>
   <trkpt lat="37.2579110" lon="-79.9549860">
    <ele>282.9</ele>
    <time>2026-04-08T10:02:50Z</time>
    <extensions>
     <power>377</power>
     <gpxtpx:TrackPointExtension>
      <gpxtpx:hr>140</gpxtpx:hr>
      <gpxtpx:cad>84</gpxtpx:cad>
     </gpxtpx:TrackPointExtension>
    </extensions>
   </trkpt>
   <trkpt lat="37.2579010" lon="-79.9549500">
    <ele>282.8</ele>
    <time>2026-04-08T10:02:51Z</time>
    <extensions>
     <power>374</power>
     <gpxtpx:TrackPointExtension>
      <gpxtpx:hr>140</gpxtpx:hr>
      <gpxtpx:cad>84</gpxtpx:cad>
     </gpxtpx:TrackPointExtension>
    </extensions>
   </trkpt>
   <trkpt lat="37.2578920" lon="-79.9549150">
    <ele>282.6</ele>
    <time>2026-04-08T10:02:52Z</time>
    <extensions>
     <power>375</power>
     <gpxtpx:TrackPointExtension>
      <gpxtpx:hr>140</gpxtpx:hr>
      <gpxtpx:cad>84</gpxtpx:cad>
     </gpxtpx:TrackPointExtension>
    </extensions>
   </trkpt>
   <trkpt lat="37.2578820" lon="-79.9548810">
    <ele>282.5</ele>
    <time>2026-04-08T10:02:53Z</time>
    <extensions>
     <power>376</power>
     <gpxtpx:TrackPointExtension>
      <gpxtpx:hr>140</gpxtpx:hr>
      <gpxtpx:cad>84</gpxtpx:cad>
     </gpxtpx:TrackPointExtension>
    </extensions>
   </trkpt>
   <trkpt lat="37.2578730" lon="-79.9548480">
    <ele>282.3</ele>
    <time>2026-04-08T10:02:54Z</time>
    <extensions>
     <power>377</power>
     <gpxtpx:TrackPointExtension>
      <gpxtpx:hr>140</gpxtpx:hr>
      <gpxtpx:cad>84</gpxtpx:cad>
     </gpxtpx:TrackPointExtension>
    </extensions>
   </trkpt>
   <trkpt lat="37.2578640" lon="-79.9548120">
    <ele>282.2</ele>
    <time>2026-04-08T10:02:55Z</time>
    <extensions>
     <power>378</power>
     <gpxtpx:TrackPointExtension>
      <gpxtpx:hr>140</gpxtpx:hr>
      <gpxtpx:cad>84</gpxtpx:cad>
     </gpxtpx:TrackPointExtension>
    </extensions>
   </trkpt>
   <trkpt lat="37.2578580" lon="-79.9547790">
    <ele>282.0</ele>
    <time>2026-04-08T10:02:56Z</time>
    <extensions>
     <power>379</power>
     <gpxtpx:TrackPointExtension>
      <gpxtpx:hr>140</gpxtpx:hr>
      <gpxtpx:cad>84</gpxtpx:cad>
     </gpxtpx:TrackPointExtension>
    </extensions>
   </trkpt>
   <trkpt lat="37.2578510" lon="-79.9547430">
    <ele>281.9</ele>
    <time>2026-04-08T10:02:57Z</time>
    <extensions>
     <power>376</power>
     <gpxtpx:TrackPointExtension>
      <gpxtpx:hr>140</gpxtpx:hr>
      <gpxtpx:cad>83</gpxtpx:cad>
     </gpxtpx:TrackPointExtension>
    </extensions>
   </trkpt>
   <trkpt lat="37.2578430" lon="-79.9547080">
    <ele>281.7</ele>
    <time>2026-04-08T10:02:58Z</time>
    <extensions>
     <power>377</power>
     <gpxtpx:TrackPointExtension>
      <gpxtpx:hr>140</gpxtpx:hr>
      <gpxtpx:cad>83</gpxtpx:cad>
     </gpxtpx:TrackPointExtension>
    </extensions>
   </trkpt>
   <trkpt lat="37.2578330" lon="-79.9546720">
    <ele>281.6</ele>
    <time>2026-04-08T10:02:59Z</time>
    <extensions>
     <power>378</power>
     <gpxtpx:TrackPointExtension>
      <gpxtpx:hr>140</gpxtpx:hr>
      <gpxtpx:cad>84</gpxtpx:cad>
     </gpxtpx:TrackPointExtension>
    </extensions>
   </trkpt>
   <trkpt lat="37.2578190" lon="-79.9546390">
    <ele>281.4</ele>
    <time>2026-04-08T10:03:00Z</time>
    <extensions>
     <power>381</power>
     <gpxtpx:TrackPointExtension>
      <gpxtpx:hr>140</gpxtpx:hr>
      <gpxtpx:cad>84</gpxtpx:cad>
     </gpxtpx:TrackPointExtension>
    </extensions>
   </trkpt>
   <trkpt lat="37.2578050" lon="-79.9546080">
    <ele>281.3</ele>
    <time>2026-04-08T10:03:01Z</time>
    <extensions>
     <power>385</power>
     <gpxtpx:TrackPointExtension>
      <gpxtpx:hr>140</gpxtpx:hr>
      <gpxtpx:cad>83</gpxtpx:cad>
     </gpxtpx:TrackPointExtension>
    </extensions>
   </trkpt>
   <trkpt lat="37.2577880" lon="-79.9545780">
    <ele>281.1</ele>
    <time>2026-04-08T10:03:02Z</time>
    <extensions>
     <power>387</power>
     <gpxtpx:TrackPointExtension>
      <gpxtpx:hr>140</gpxtpx:hr>
      <gpxtpx:cad>83</gpxtpx:cad>
     </gpxtpx:TrackPointExtension>
    </extensions>
   </trkpt>
   <trkpt lat="37.2577710" lon="-79.9545480">
    <ele>280.9</ele>
    <time>2026-04-08T10:03:03Z</time>
    <extensions>
     <power>390</power>
     <gpxtpx:TrackPointExtension>
      <gpxtpx:hr>140</gpxtpx:hr>
      <gpxtpx:cad>84</gpxtpx:cad>
     </gpxtpx:TrackPointExtension>
    </extensions>
   </trkpt>
   <trkpt lat="37.2577560" lon="-79.9545170">
    <ele>280.8</ele>
    <time>2026-04-08T10:03:04Z</time>
    <extensions>
     <power>388</power>
     <gpxtpx:TrackPointExtension>
      <gpxtpx:hr>140</gpxtpx:hr>
      <gpxtpx:cad>84</gpxtpx:cad>
     </gpxtpx:TrackPointExtension>
    </extensions>
   </trkpt>
   <trkpt lat="37.2577400" lon="-79.9544860">
    <ele>280.6</ele>
    <time>2026-04-08T10:03:05Z</time>
    <extensions>
     <power>387</power>
     <gpxtpx:TrackPointExtension>
      <gpxtpx:hr>140</gpxtpx:hr>
      <gpxtpx:cad>84</gpxtpx:cad>
     </gpxtpx:TrackPointExtension>
    </extensions>
   </trkpt>
   <trkpt lat="37.2577280" lon="-79.9544570">
    <ele>280.5</ele>
    <time>2026-04-08T10:03:06Z</time>
    <extensions>
     <power>390</power>
     <gpxtpx:TrackPointExtension>
      <gpxtpx:hr>140</gpxtpx:hr>
      <gpxtpx:cad>84</gpxtpx:cad>
     </gpxtpx:TrackPointExtension>
    </extensions>
   </trkpt>
   <trkpt lat="37.2577160" lon="-79.9544230">
    <ele>280.4</ele>
    <time>2026-04-08T10:03:07Z</time>
    <extensions>
     <power>391</power>
     <gpxtpx:TrackPointExtension>
      <gpxtpx:hr>140</gpxtpx:hr>
      <gpxtpx:cad>84</gpxtpx:cad>
     </gpxtpx:TrackPointExtension>
    </extensions>
   </trkpt>
   <trkpt lat="37.2577050" lon="-79.9543890">
    <ele>280.2</ele>
    <time>2026-04-08T10:03:08Z</time>
    <extensions>
     <power>391</power>
     <gpxtpx:TrackPointExtension>
      <gpxtpx:hr>139</gpxtpx:hr>
      <gpxtpx:cad>84</gpxtpx:cad>
     </gpxtpx:TrackPointExtension>
    </extensions>
   </trkpt>
   <trkpt lat="37.2576960" lon="-79.9543570">
    <ele>280.1</ele>
    <time>2026-04-08T10:03:09Z</time>
    <extensions>
     <power>391</power>
     <gpxtpx:TrackPointExtension>
      <gpxtpx:hr>140</gpxtpx:hr>
      <gpxtpx:cad>84</gpxtpx:cad>
     </gpxtpx:TrackPointExtension>
    </extensions>
   </trkpt>
   <trkpt lat="37.2576840" lon="-79.9543250">
    <ele>279.9</ele>
    <time>2026-04-08T10:03:10Z</time>
    <extensions>
     <power>387</power>
     <gpxtpx:TrackPointExtension>
      <gpxtpx:hr>140</gpxtpx:hr>
      <gpxtpx:cad>83</gpxtpx:cad>
     </gpxtpx:TrackPointExtension>
    </extensions>
   </trkpt>
   <trkpt lat="37.2576710" lon="-79.9542940">
    <ele>279.8</ele>
    <time>2026-04-08T10:03:11Z</time>
    <extensions>
     <power>386</power>
     <gpxtpx:TrackPointExtension>
      <gpxtpx:hr>140</gpxtpx:hr>
      <gpxtpx:cad>83</gpxtpx:cad>
     </gpxtpx:TrackPointExtension>
    </extensions>
   </trkpt>
   <trkpt lat="37.2576570" lon="-79.9542620">
    <ele>279.6</ele>
    <time>2026-04-08T10:03:12Z</time>
    <extensions>
     <power>382</power>
     <gpxtpx:TrackPointExtension>
      <gpxtpx:hr>139</gpxtpx:hr>
      <gpxtpx:cad>83</gpxtpx:cad>
     </gpxtpx:TrackPointExtension>
    </extensions>
   </trkpt>
   <trkpt lat="37.2576430" lon="-79.9542290">
    <ele>279.5</ele>
    <time>2026-04-08T10:03:13Z</time>
    <extensions>
     <power>385</power>
     <gpxtpx:TrackPointExtension>
      <gpxtpx:hr>140</gpxtpx:hr>
      <gpxtpx:cad>83</gpxtpx:cad>
     </gpxtpx:TrackPointExtension>
    </extensions>
   </trkpt>
   <trkpt lat="37.2576290" lon="-79.9541970">
    <ele>279.3</ele>
    <time>2026-04-08T10:03:14Z</time>
    <extensions>
     <power>382</power>
     <gpxtpx:TrackPointExtension>
      <gpxtpx:hr>140</gpxtpx:hr>
      <gpxtpx:cad>83</gpxtpx:cad>
     </gpxtpx:TrackPointExtension>
    </extensions>
   </trkpt>
   <trkpt lat="37.2576180" lon="-79.9541640">
    <ele>279.3</ele>
    <time>2026-04-08T10:03:15Z</time>
    <extensions>
     <power>382</power>
     <gpxtpx:TrackPointExtension>
      <gpxtpx:hr>140</gpxtpx:hr>
      <gpxtpx:cad>83</gpxtpx:cad>
     </gpxtpx:TrackPointExtension>
    </extensions>
   </trkpt>
   <trkpt lat="37.2576100" lon="-79.9541310">
    <ele>279.4</ele>
    <time>2026-04-08T10:03:16Z</time>
    <extensions>
     <power>383</power>
     <gpxtpx:TrackPointExtension>
      <gpxtpx:hr>140</gpxtpx:hr>
      <gpxtpx:cad>82</gpxtpx:cad>
     </gpxtpx:TrackPointExtension>
    </extensions>
   </trkpt>
   <trkpt lat="37.2576030" lon="-79.9540990">
    <ele>279.5</ele>
    <time>2026-04-08T10:03:17Z</time>
    <extensions>
     <power>388</power>
     <gpxtpx:TrackPointExtension>
      <gpxtpx:hr>139</gpxtpx:hr>
      <gpxtpx:cad>82</gpxtpx:cad>
     </gpxtpx:TrackPointExtension>
    </extensions>
   </trkpt>
   <trkpt lat="37.2575930" lon="-79.9540610">
    <ele>279.6</ele>
    <time>2026-04-08T10:03:18Z</time>
    <extensions>
     <power>386</power>
     <gpxtpx:TrackPointExtension>
      <gpxtpx:hr>140</gpxtpx:hr>
      <gpxtpx:cad>83</gpxtpx:cad>
     </gpxtpx:TrackPointExtension>
    </extensions>
   </trkpt>
   <trkpt lat="37.2575790" lon="-79.9540270">
    <ele>279.7</ele>
    <time>2026-04-08T10:03:19Z</time>
    <extensions>
     <power>380</power>
     <gpxtpx:TrackPointExtension>
      <gpxtpx:hr>140</gpxtpx:hr>
      <gpxtpx:cad>83</gpxtpx:cad>
     </gpxtpx:TrackPointExtension>
    </extensions>
   </trkpt>
   <trkpt lat="37.2575600" lon="-79.9539930">
    <ele>279.9</ele>
    <time>2026-04-08T10:03:20Z</time>
    <extensions>
     <power>378</power>
     <gpxtpx:TrackPointExtension>
      <gpxtpx:hr>140</gpxtpx:hr>
      <gpxtpx:cad>83</gpxtpx:cad>
     </gpxtpx:TrackPointExtension>
    </extensions>
   </trkpt>
   <trkpt lat="37.2575420" lon="-79.9539590">
    <ele>280.0</ele>
    <time>2026-04-08T10:03:21Z</time>
    <extensions>
     <power>374</power>
     <gpxtpx:TrackPointExtension>
      <gpxtpx:hr>140</gpxtpx:hr>
      <gpxtpx:cad>83</gpxtpx:cad>
     </gpxtpx:TrackPointExtension>
    </extensions>
   </trkpt>
   <trkpt lat="37.2575260" lon="-79.9539240">
    <ele>280.1</ele>
    <time>2026-04-08T10:03:22Z</time>
    <extensions>
     <power>369</power>
     <gpxtpx:TrackPointExtension>
      <gpxtpx:hr>139</gpxtpx:hr>
      <gpxtpx:cad>84</gpxtpx:cad>
     </gpxtpx:TrackPointExtension>
    </extensions>
   </trkpt>
   <trkpt lat="37.2575110" lon="-79.9538880">
    <ele>280.2</ele>
    <time>2026-04-08T10:03:23Z</time>
    <extensions>
     <power>366</power>
     <gpxtpx:TrackPointExtension>
      <gpxtpx:hr>140</gpxtpx:hr>
      <gpxtpx:cad>84</gpxtpx:cad>
     </gpxtpx:TrackPointExtension>
    </extensions>
   </trkpt>
   <trkpt lat="37.2574960" lon="-79.9538520">
    <ele>280.4</ele>
    <time>2026-04-08T10:03:24Z</time>
    <extensions>
     <power>362</power>
     <gpxtpx:TrackPointExtension>
      <gpxtpx:hr>140</gpxtpx:hr>
      <gpxtpx:cad>84</gpxtpx:cad>
     </gpxtpx:TrackPointExtension>
    </extensions>
   </trkpt>
   <trkpt lat="37.2574810" lon="-79.9538170">
    <ele>280.5</ele>
    <time>2026-04-08T10:03:25Z</time>
    <extensions>
     <power>360</power>
     <gpxtpx:TrackPointExtension>
      <gpxtpx:hr>139</gpxtpx:hr>
      <gpxtpx:cad>84</gpxtpx:cad>
     </gpxtpx:TrackPointExtension>
    </extensions>
   </trkpt>
   <trkpt lat="37.2574640" lon="-79.9537830">
    <ele>280.6</ele>
    <time>2026-04-08T10:03:26Z</time>
    <extensions>
     <power>359</power>
     <gpxtpx:TrackPointExtension>
      <gpxtpx:hr>139</gpxtpx:hr>
      <gpxtpx:cad>84</gpxtpx:cad>
     </gpxtpx:TrackPointExtension>
    </extensions>
   </trkpt>
   <trkpt lat="37.2574440" lon="-79.9537480">
    <ele>280.8</ele>
    <time>2026-04-08T10:03:27Z</time>
    <extensions>
     <power>370</power>
     <gpxtpx:TrackPointExtension>
      <gpxtpx:hr>139</gpxtpx:hr>
      <gpxtpx:cad>84</gpxtpx:cad>
     </gpxtpx:TrackPointExtension>
    </extensions>
   </trkpt>
   <trkpt lat="37.2574230" lon="-79.9537160">
    <ele>280.8</ele>
    <time>2026-04-08T10:03:28Z</time>
    <extensions>
     <power>379</power>
     <gpxtpx:TrackPointExtension>
      <gpxtpx:hr>139</gpxtpx:hr>
      <gpxtpx:cad>84</gpxtpx:cad>
     </gpxtpx:TrackPointExtension>
    </extensions>
   </trkpt>
   <trkpt lat="37.2574030" lon="-79.9536860">
    <ele>280.9</ele>
    <time>2026-04-08T10:03:29Z</time>
    <extensions>
     <power>398</power>
     <gpxtpx:TrackPointExtension>
      <gpxtpx:hr>139</gpxtpx:hr>
      <gpxtpx:cad>84</gpxtpx:cad>
     </gpxtpx:TrackPointExtension>
    </extensions>
   </trkpt>
   <trkpt lat="37.2573810" lon="-79.9536600">
    <ele>281.0</ele>
    <time>2026-04-08T10:03:30Z</time>
    <extensions>
     <power>400</power>
     <gpxtpx:TrackPointExtension>
      <gpxtpx:hr>139</gpxtpx:hr>
      <gpxtpx:cad>84</gpxtpx:cad>
     </gpxtpx:TrackPointExtension>
    </extensions>
   </trkpt>
   <trkpt lat="37.2573600" lon="-79.9536320">
    <ele>281.0</ele>
    <time>2026-04-08T10:03:31Z</time>
    <extensions>
     <power>393</power>
     <gpxtpx:TrackPointExtension>
      <gpxtpx:hr>139</gpxtpx:hr>
      <gpxtpx:cad>85</gpxtpx:cad>
     </gpxtpx:TrackPointExtension>
    </extensions>
   </trkpt>
   <trkpt lat="37.2573390" lon="-79.9536020">
    <ele>281.1</ele>
    <time>2026-04-08T10:03:32Z</time>
    <extensions>
     <power>366</power>
     <gpxtpx:TrackPointExtension>
      <gpxtpx:hr>139</gpxtpx:hr>
      <gpxtpx:cad>85</gpxtpx:cad>
     </gpxtpx:TrackPointExtension>
    </extensions>
   </trkpt>
   <trkpt lat="37.2573210" lon="-79.9535760">
    <ele>281.2</ele>
    <time>2026-04-08T10:03:33Z</time>
    <extensions>
     <power>367</power>
     <gpxtpx:TrackPointExtension>
      <gpxtpx:hr>140</gpxtpx:hr>
      <gpxtpx:cad>85</gpxtpx:cad>
     </gpxtpx:TrackPointExtension>
    </extensions>
   </trkpt>
   <trkpt lat="37.2573030" lon="-79.9535500">
    <ele>281.2</ele>
    <time>2026-04-08T10:03:34Z</time>
    <extensions>
     <power>369</power>
     <gpxtpx:TrackPointExtension>
      <gpxtpx:hr>140</gpxtpx:hr>
      <gpxtpx:cad>85</gpxtpx:cad>
     </gpxtpx:TrackPointExtension>
    </extensions>
   </trkpt>
   <trkpt lat="37.2572830" lon="-79.9535230">
    <ele>281.3</ele>
    <time>2026-04-08T10:03:35Z</time>
    <extensions>
     <power>370</power>
     <gpxtpx:TrackPointExtension>
      <gpxtpx:hr>140</gpxtpx:hr>
      <gpxtpx:cad>85</gpxtpx:cad>
     </gpxtpx:TrackPointExtension>
    </extensions>
   </trkpt>
   <trkpt lat="37.2572640" lon="-79.9534940">
    <ele>281.4</ele>
    <time>2026-04-08T10:03:36Z</time>
    <extensions>
     <power>363</power>
     <gpxtpx:TrackPointExtension>
      <gpxtpx:hr>140</gpxtpx:hr>
      <gpxtpx:cad>84</gpxtpx:cad>
     </gpxtpx:TrackPointExtension>
    </extensions>
   </trkpt>
   <trkpt lat="37.2572430" lon="-79.9534660">
    <ele>281.4</ele>
    <time>2026-04-08T10:03:37Z</time>
    <extensions>
     <power>365</power>
     <gpxtpx:TrackPointExtension>
      <gpxtpx:hr>140</gpxtpx:hr>
      <gpxtpx:cad>84</gpxtpx:cad>
     </gpxtpx:TrackPointExtension>
    </extensions>
   </trkpt>
   <trkpt lat="37.2572220" lon="-79.9534390">
    <ele>281.5</ele>
    <time>2026-04-08T10:03:38Z</time>
    <extensions>
     <power>368</power>
     <gpxtpx:TrackPointExtension>
      <gpxtpx:hr>140</gpxtpx:hr>
      <gpxtpx:cad>84</gpxtpx:cad>
     </gpxtpx:TrackPointExtension>
    </extensions>
   </trkpt>
   <trkpt lat="37.2572030" lon="-79.9534080">
    <ele>281.6</ele>
    <time>2026-04-08T10:03:39Z</time>
    <extensions>
     <power>371</power>
     <gpxtpx:TrackPointExtension>
      <gpxtpx:hr>140</gpxtpx:hr>
      <gpxtpx:cad>84</gpxtpx:cad>
     </gpxtpx:TrackPointExtension>
    </extensions>
   </trkpt>
   <trkpt lat="37.2571860" lon="-79.9533810">
    <ele>281.6</ele>
    <time>2026-04-08T10:03:40Z</time>
    <extensions>
     <power>374</power>
     <gpxtpx:TrackPointExtension>
      <gpxtpx:hr>140</gpxtpx:hr>
      <gpxtpx:cad>84</gpxtpx:cad>
     </gpxtpx:TrackPointExtension>
    </extensions>
   </trkpt>
   <trkpt lat="37.2571680" lon="-79.9533540">
    <ele>281.7</ele>
    <time>2026-04-08T10:03:41Z</time>
    <extensions>
     <power>376</power>
     <gpxtpx:TrackPointExtension>
      <gpxtpx:hr>141</gpxtpx:hr>
      <gpxtpx:cad>84</gpxtpx:cad>
     </gpxtpx:TrackPointExtension>
    </extensions>
   </trkpt>
   <trkpt lat="37.2571480" lon="-79.9533270">
    <ele>281.8</ele>
    <time>2026-04-08T10:03:42Z</time>
    <extensions>
     <power>376</power>
     <gpxtpx:TrackPointExtension>
      <gpxtpx:hr>141</gpxtpx:hr>
      <gpxtpx:cad>84</gpxtpx:cad>
     </gpxtpx:TrackPointExtension>
    </extensions>
   </trkpt>
   <trkpt lat="37.2571300" lon="-79.9533000">
    <ele>281.8</ele>
    <time>2026-04-08T10:03:43Z</time>
    <extensions>
     <power>373</power>
     <gpxtpx:TrackPointExtension>
      <gpxtpx:hr>141</gpxtpx:hr>
      <gpxtpx:cad>84</gpxtpx:cad>
     </gpxtpx:TrackPointExtension>
    </extensions>
   </trkpt>
   <trkpt lat="37.2571110" lon="-79.9532720">
    <ele>281.9</ele>
    <time>2026-04-08T10:03:44Z</time>
    <extensions>
     <power>370</power>
     <gpxtpx:TrackPointExtension>
      <gpxtpx:hr>141</gpxtpx:hr>
      <gpxtpx:cad>84</gpxtpx:cad>
     </gpxtpx:TrackPointExtension>
    </extensions>
   </trkpt>
   <trkpt lat="37.2570900" lon="-79.9532440">
    <ele>282.0</ele>
    <time>2026-04-08T10:03:45Z</time>
    <extensions>
     <power>367</power>
     <gpxtpx:TrackPointExtension>
      <gpxtpx:hr>140</gpxtpx:hr>
      <gpxtpx:cad>84</gpxtpx:cad>
     </gpxtpx:TrackPointExtension>
    </extensions>
   </trkpt>
   <trkpt lat="37.2570700" lon="-79.9532150">
    <ele>282.0</ele>
    <time>2026-04-08T10:03:46Z</time>
    <extensions>
     <power>366</power>
     <gpxtpx:TrackPointExtension>
      <gpxtpx:hr>141</gpxtpx:hr>
      <gpxtpx:cad>84</gpxtpx:cad>
     </gpxtpx:TrackPointExtension>
    </extensions>
   </trkpt>
   <trkpt lat="37.2570490" lon="-79.9531860">
    <ele>282.1</ele>
    <time>2026-04-08T10:03:47Z</time>
    <extensions>
     <power>368</power>
     <gpxtpx:TrackPointExtension>
      <gpxtpx:hr>141</gpxtpx:hr>
      <gpxtpx:cad>84</gpxtpx:cad>
     </gpxtpx:TrackPointExtension>
    </extensions>
   </trkpt>
   <trkpt lat="37.2570290" lon="-79.9531590">
    <ele>282.2</ele>
    <time>2026-04-08T10:03:48Z</time>
    <extensions>
     <power>367</power>
     <gpxtpx:TrackPointExtension>
      <gpxtpx:hr>141</gpxtpx:hr>
      <gpxtpx:cad>84</gpxtpx:cad>
     </gpxtpx:TrackPointExtension>
    </extensions>
   </trkpt>
   <trkpt lat="37.2570060" lon="-79.9531310">
    <ele>282.3</ele>
    <time>2026-04-08T10:03:49Z</time>
    <extensions>
     <power>368</power>
     <gpxtpx:TrackPointExtension>
      <gpxtpx:hr>141</gpxtpx:hr>
      <gpxtpx:cad>84</gpxtpx:cad>
     </gpxtpx:TrackPointExtension>
    </extensions>
   </trkpt>
   <trkpt lat="37.2569830" lon="-79.9531040">
    <ele>282.3</ele>
    <time>2026-04-08T10:03:50Z</time>
    <extensions>
     <power>370</power>
     <gpxtpx:TrackPointExtension>
      <gpxtpx:hr>141</gpxtpx:hr>
      <gpxtpx:cad>84</gpxtpx:cad>
     </gpxtpx:TrackPointExtension>
    </extensions>
   </trkpt>
   <trkpt lat="37.2569640" lon="-79.9530750">
    <ele>282.4</ele>
    <time>2026-04-08T10:03:51Z</time>
    <extensions>
     <power>370</power>
     <gpxtpx:TrackPointExtension>
      <gpxtpx:hr>141</gpxtpx:hr>
      <gpxtpx:cad>84</gpxtpx:cad>
     </gpxtpx:TrackPointExtension>
    </extensions>
   </trkpt>
   <trkpt lat="37.2569430" lon="-79.9530460">
    <ele>282.5</ele>
    <time>2026-04-08T10:03:52Z</time>
    <extensions>
     <power>375</power>
     <gpxtpx:TrackPointExtension>
      <gpxtpx:hr>141</gpxtpx:hr>
      <gpxtpx:cad>84</gpxtpx:cad>
     </gpxtpx:TrackPointExtension>
    </extensions>
   </trkpt>
   <trkpt lat="37.2569230" lon="-79.9530190">
    <ele>282.5</ele>
    <time>2026-04-08T10:03:53Z</time>
    <extensions>
     <power>376</power>
     <gpxtpx:TrackPointExtension>
      <gpxtpx:hr>141</gpxtpx:hr>
      <gpxtpx:cad>84</gpxtpx:cad>
     </gpxtpx:TrackPointExtension>
    </extensions>
   </trkpt>
   <trkpt lat="37.2569020" lon="-79.9529890">
    <ele>282.6</ele>
    <time>2026-04-08T10:03:54Z</time>
    <extensions>
     <power>375</power>
     <gpxtpx:TrackPointExtension>
      <gpxtpx:hr>141</gpxtpx:hr>
      <gpxtpx:cad>84</gpxtpx:cad>
     </gpxtpx:TrackPointExtension>
    </extensions>
   </trkpt>
   <trkpt lat="37.2568820" lon="-79.9529590">
    <ele>282.7</ele>
    <time>2026-04-08T10:03:55Z</time>
    <extensions>
     <power>375</power>
     <gpxtpx:TrackPointExtension>
      <gpxtpx:hr>142</gpxtpx:hr>
      <gpxtpx:cad>84</gpxtpx:cad>
     </gpxtpx:TrackPointExtension>
    </extensions>
   </trkpt>
   <trkpt lat="37.2568610" lon="-79.9529310">
    <ele>282.7</ele>
    <time>2026-04-08T10:03:56Z</time>
    <extensions>
     <power>376</power>
     <gpxtpx:TrackPointExtension>
      <gpxtpx:hr>142</gpxtpx:hr>
      <gpxtpx:cad>84</gpxtpx:cad>
     </gpxtpx:TrackPointExtension>
    </extensions>
   </trkpt>
   <trkpt lat="37.2568380" lon="-79.9529010">
    <ele>282.8</ele>
    <time>2026-04-08T10:03:57Z</time>
    <extensions>
     <power>378</power>
     <gpxtpx:TrackPointExtension>
      <gpxtpx:hr>142</gpxtpx:hr>
      <gpxtpx:cad>84</gpxtpx:cad>
     </gpxtpx:TrackPointExtension>
    </extensions>
   </trkpt>
   <trkpt lat="37.2568150" lon="-79.9528730">
    <ele>282.9</ele>
    <time>2026-04-08T10:03:58Z</time>
    <extensions>
     <power>381</power>
     <gpxtpx:TrackPointExtension>
      <gpxtpx:hr>142</gpxtpx:hr>
      <gpxtpx:cad>84</gpxtpx:cad>
     </gpxtpx:TrackPointExtension>
    </extensions>
   </trkpt>
   <trkpt lat="37.2567910" lon="-79.9528440">
    <ele>283.0</ele>
    <time>2026-04-08T10:03:59Z</time>
    <extensions>
     <power>383</power>
     <gpxtpx:TrackPointExtension>
      <gpxtpx:hr>141</gpxtpx:hr>
      <gpxtpx:cad>84</gpxtpx:cad>
     </gpxtpx:TrackPointExtension>
    </extensions>
   </trkpt>
   <trkpt lat="37.2567710" lon="-79.9528170">
    <ele>283.0</ele>
    <time>2026-04-08T10:04:00Z</time>
    <extensions>
     <power>386</power>
     <gpxtpx:TrackPointExtension>
      <gpxtpx:hr>142</gpxtpx:hr>
      <gpxtpx:cad>84</gpxtpx:cad>
     </gpxtpx:TrackPointExtension>
    </extensions>
   </trkpt>
   <trkpt lat="37.2567500" lon="-79.9527900">
    <ele>283.1</ele>
    <time>2026-04-08T10:04:01Z</time>
    <extensions>
     <power>389</power>
     <gpxtpx:TrackPointExtension>
      <gpxtpx:hr>142</gpxtpx:hr>
      <gpxtpx:cad>85</gpxtpx:cad>
     </gpxtpx:TrackPointExtension>
    </extensions>
   </trkpt>
   <trkpt lat="37.2567280" lon="-79.9527620">
    <ele>283.2</ele>
    <time>2026-04-08T10:04:02Z</time>
    <extensions>
     <power>388</power>
     <gpxtpx:TrackPointExtension>
      <gpxtpx:hr>142</gpxtpx:hr>
      <gpxtpx:cad>85</gpxtpx:cad>
     </gpxtpx:TrackPointExtension>
    </extensions>
   </trkpt>
   <trkpt lat="37.2567050" lon="-79.9527390">
    <ele>283.2</ele>
    <time>2026-04-08T10:04:03Z</time>
    <extensions>
     <power>389</power>
     <gpxtpx:TrackPointExtension>
      <gpxtpx:hr>142</gpxtpx:hr>
      <gpxtpx:cad>85</gpxtpx:cad>
     </gpxtpx:TrackPointExtension>
    </extensions>
   </trkpt>
   <trkpt lat="37.2566810" lon="-79.9527170">
    <ele>283.2</ele>
    <time>2026-04-08T10:04:04Z</time>
    <extensions>
     <power>389</power>
     <gpxtpx:TrackPointExtension>
      <gpxtpx:hr>142</gpxtpx:hr>
      <gpxtpx:cad>85</gpxtpx:cad>
     </gpxtpx:TrackPointExtension>
    </extensions>
   </trkpt>
   <trkpt lat="37.2566580" lon="-79.9526930">
    <ele>283.3</ele>
    <time>2026-04-08T10:04:05Z</time>
    <extensions>
     <power>389</power>
     <gpxtpx:TrackPointExtension>
      <gpxtpx:hr>142</gpxtpx:hr>
      <gpxtpx:cad>85</gpxtpx:cad>
     </gpxtpx:TrackPointExtension>
    </extensions>
   </trkpt>
   <trkpt lat="37.2566400" lon="-79.9526690">
    <ele>283.3</ele>
    <time>2026-04-08T10:04:06Z</time>
    <extensions>
     <power>390</power>
     <gpxtpx:TrackPointExtension>
      <gpxtpx:hr>143</gpxtpx:hr>
      <gpxtpx:cad>85</gpxtpx:cad>
     </gpxtpx:TrackPointExtension>
    </extensions>
   </trkpt>
   <trkpt lat="37.2566200" lon="-79.9526440">
    <ele>283.3</ele>
    <time>2026-04-08T10:04:07Z</time>
    <extensions>
     <power>393</power>
     <gpxtpx:TrackPointExtension>
      <gpxtpx:hr>143</gpxtpx:hr>
      <gpxtpx:cad>85</gpxtpx:cad>
     </gpxtpx:TrackPointExtension>
    </extensions>
   </trkpt>
   <trkpt lat="37.2566170" lon="-79.9526340">
    <ele>283.3</ele>
    <time>2026-04-08T10:04:08Z</time>
    <extensions>
     <power>393</power>
     <gpxtpx:TrackPointExtension>
      <gpxtpx:hr>143</gpxtpx:hr>
      <gpxtpx:cad>84</gpxtpx:cad>
     </gpxtpx:TrackPointExtension>
    </extensions>
   </trkpt>
   <trkpt lat="37.2566040" lon="-79.9526180">
    <ele>283.3</ele>
    <time>2026-04-08T10:04:09Z</time>
    <extensions>
     <power>394</power>
     <gpxtpx:TrackPointExtension>
      <gpxtpx:hr>143</gpxtpx:hr>
      <gpxtpx:cad>84</gpxtpx:cad>
     </gpxtpx:TrackPointExtension>
    </extensions>
   </trkpt>
   <trkpt lat="37.2565930" lon="-79.9526010">
    <ele>283.3</ele>
    <time>2026-04-08T10:04:10Z</time>
    <extensions>
     <power>381</power>
     <gpxtpx:TrackPointExtension>
      <gpxtpx:hr>143</gpxtpx:hr>
      <gpxtpx:cad>84</gpxtpx:cad>
     </gpxtpx:TrackPointExtension>
    </extensions>
   </trkpt>
   <trkpt lat="37.2565790" lon="-79.9525730">
    <ele>283.3</ele>
    <time>2026-04-08T10:04:11Z</time>
    <extensions>
     <power>368</power>
     <gpxtpx:TrackPointExtension>
      <gpxtpx:hr>144</gpxtpx:hr>
      <gpxtpx:cad>84</gpxtpx:cad>
     </gpxtpx:TrackPointExtension>
    </extensions>
   </trkpt>
   <trkpt lat="37.2565610" lon="-79.9525460">
    <ele>283.3</ele>
    <time>2026-04-08T10:04:12Z</time>
    <extensions>
     <power>359</power>
     <gpxtpx:TrackPointExtension>
      <gpxtpx:hr>144</gpxtpx:hr>
      <gpxtpx:cad>84</gpxtpx:cad>
     </gpxtpx:TrackPointExtension>
    </extensions>
   </trkpt>
   <trkpt lat="37.2565420" lon="-79.9525150">
    <ele>283.3</ele>
    <time>2026-04-08T10:04:13Z</time>
    <extensions>
     <power>353</power>
     <gpxtpx:TrackPointExtension>
      <gpxtpx:hr>144</gpxtpx:hr>
      <gpxtpx:cad>84</gpxtpx:cad>
     </gpxtpx:TrackPointExtension>
    </extensions>
   </trkpt>
   <trkpt lat="37.2565240" lon="-79.9524830">
    <ele>283.3</ele>
    <time>2026-04-08T10:04:14Z</time>
    <extensions>
     <power>359</power>
     <gpxtpx:TrackPointExtension>
      <gpxtpx:hr>144</gpxtpx:hr>
      <gpxtpx:cad>84</gpxtpx:cad>
     </gpxtpx:TrackPointExtension>
    </extensions>
   </trkpt>
   <trkpt lat="37.2565080" lon="-79.9524540">
    <ele>283.3</ele>
    <time>2026-04-08T10:04:15Z</time>
    <extensions>
     <power>383</power>
     <gpxtpx:TrackPointExtension>
      <gpxtpx:hr>143</gpxtpx:hr>
      <gpxtpx:cad>84</gpxtpx:cad>
     </gpxtpx:TrackPointExtension>
    </extensions>
   </trkpt>
   <trkpt lat="37.2564890" lon="-79.9524210">
    <ele>283.3</ele>
    <time>2026-04-08T10:04:16Z</time>
    <extensions>
     <power>388</power>
     <gpxtpx:TrackPointExtension>
      <gpxtpx:hr>143</gpxtpx:hr>
      <gpxtpx:cad>84</gpxtpx:cad>
     </gpxtpx:TrackPointExtension>
    </extensions>
   </trkpt>
   <trkpt lat="37.2564740" lon="-79.9523910">
    <ele>283.3</ele>
    <time>2026-04-08T10:04:17Z</time>
    <extensions>
     <power>402</power>
     <gpxtpx:TrackPointExtension>
      <gpxtpx:hr>143</gpxtpx:hr>
      <gpxtpx:cad>84</gpxtpx:cad>
     </gpxtpx:TrackPointExtension>
    </extensions>
   </trkpt>
   <trkpt lat="37.2564610" lon="-79.9523620">
    <ele>283.3</ele>
    <time>2026-04-08T10:04:18Z</time>
    <extensions>
     <power>406</power>
     <gpxtpx:TrackPointExtension>
      <gpxtpx:hr>143</gpxtpx:hr>
      <gpxtpx:cad>83</gpxtpx:cad>
     </gpxtpx:TrackPointExtension>
    </extensions>
   </trkpt>
   <trkpt lat="37.2564460" lon="-79.9523320">
    <ele>283.3</ele>
    <time>2026-04-08T10:04:19Z</time>
    <extensions>
     <power>399</power>
     <gpxtpx:TrackPointExtension>
      <gpxtpx:hr>143</gpxtpx:hr>
      <gpxtpx:cad>83</gpxtpx:cad>
     </gpxtpx:TrackPointExtension>
    </extensions>
   </trkpt>
   <trkpt lat="37.2564310" lon="-79.9523010">
    <ele>283.3</ele>
    <time>2026-04-08T10:04:20Z</time>
    <extensions>
     <power>377</power>
     <gpxtpx:TrackPointExtension>
      <gpxtpx:hr>143</gpxtpx:hr>
      <gpxtpx:cad>83</gpxtpx:cad>
     </gpxtpx:TrackPointExtension>
    </extensions>
   </trkpt>
   <trkpt lat="37.2564150" lon="-79.9522700">
    <ele>283.2</ele>
    <time>2026-04-08T10:04:21Z</time>
    <extensions>
     <power>378</power>
     <gpxtpx:TrackPointExtension>
      <gpxtpx:hr>144</gpxtpx:hr>
      <gpxtpx:cad>83</gpxtpx:cad>
     </gpxtpx:TrackPointExtension>
    </extensions>
   </trkpt>
   <trkpt lat="37.2563990" lon="-79.9522390">
    <ele>283.2</ele>
    <time>2026-04-08T10:04:22Z</time>
    <extensions>
     <power>385</power>
     <gpxtpx:TrackPointExtension>
      <gpxtpx:hr>143</gpxtpx:hr>
      <gpxtpx:cad>83</gpxtpx:cad>
     </gpxtpx:TrackPointExtension>
    </extensions>
   </trkpt>
   <trkpt lat="37.2563840" lon="-79.9522070">
    <ele>283.2</ele>
    <time>2026-04-08T10:04:23Z</time>
    <extensions>
     <power>390</power>
     <gpxtpx:TrackPointExtension>
      <gpxtpx:hr>143</gpxtpx:hr>
      <gpxtpx:cad>83</gpxtpx:cad>
     </gpxtpx:TrackPointExtension>
    </extensions>
   </trkpt>
   <trkpt lat="37.2563710" lon="-79.9521720">
    <ele>283.1</ele>
    <time>2026-04-08T10:04:24Z</time>
    <extensions>
     <power>394</power>
     <gpxtpx:TrackPointExtension>
      <gpxtpx:hr>143</gpxtpx:hr>
      <gpxtpx:cad>83</gpxtpx:cad>
     </gpxtpx:TrackPointExtension>
    </extensions>
   </trkpt>
   <trkpt lat="37.2563580" lon="-79.9521370">
    <ele>283.1</ele>
    <time>2026-04-08T10:04:25Z</time>
    <extensions>
     <power>403</power>
     <gpxtpx:TrackPointExtension>
      <gpxtpx:hr>143</gpxtpx:hr>
      <gpxtpx:cad>83</gpxtpx:cad>
     </gpxtpx:TrackPointExtension>
    </extensions>
   </trkpt>
   <trkpt lat="37.2563450" lon="-79.9521010">
    <ele>283.1</ele>
    <time>2026-04-08T10:04:26Z</time>
    <extensions>
     <power>406</power>
     <gpxtpx:TrackPointExtension>
      <gpxtpx:hr>143</gpxtpx:hr>
      <gpxtpx:cad>83</gpxtpx:cad>
     </gpxtpx:TrackPointExtension>
    </extensions>
   </trkpt>
   <trkpt lat="37.2563380" lon="-79.9520680">
    <ele>283.1</ele>
    <time>2026-04-08T10:04:27Z</time>
    <extensions>
     <power>409</power>
     <gpxtpx:TrackPointExtension>
      <gpxtpx:hr>142</gpxtpx:hr>
      <gpxtpx:cad>84</gpxtpx:cad>
     </gpxtpx:TrackPointExtension>
    </extensions>
   </trkpt>
   <trkpt lat="37.2563300" lon="-79.9520310">
    <ele>283.0</ele>
    <time>2026-04-08T10:04:28Z</time>
    <extensions>
     <power>411</power>
     <gpxtpx:TrackPointExtension>
      <gpxtpx:hr>142</gpxtpx:hr>
      <gpxtpx:cad>84</gpxtpx:cad>
     </gpxtpx:TrackPointExtension>
    </extensions>
   </trkpt>
   <trkpt lat="37.2563180" lon="-79.9519920">
    <ele>283.0</ele>
    <time>2026-04-08T10:04:29Z</time>
    <extensions>
     <power>408</power>
     <gpxtpx:TrackPointExtension>
      <gpxtpx:hr>142</gpxtpx:hr>
      <gpxtpx:cad>84</gpxtpx:cad>
     </gpxtpx:TrackPointExtension>
    </extensions>
   </trkpt>
   <trkpt lat="37.2563040" lon="-79.9519570">
    <ele>283.0</ele>
    <time>2026-04-08T10:04:30Z</time>
    <extensions>
     <power>405</power>
     <gpxtpx:TrackPointExtension>
      <gpxtpx:hr>142</gpxtpx:hr>
      <gpxtpx:cad>84</gpxtpx:cad>
     </gpxtpx:TrackPointExtension>
    </extensions>
   </trkpt>
   <trkpt lat="37.2562900" lon="-79.9519240">
    <ele>282.9</ele>
    <time>2026-04-08T10:04:31Z</time>
    <extensions>
     <power>418</power>
     <gpxtpx:TrackPointExtension>
      <gpxtpx:hr>143</gpxtpx:hr>
      <gpxtpx:cad>83</gpxtpx:cad>
     </gpxtpx:TrackPointExtension>
    </extensions>
   </trkpt>
   <trkpt lat="37.2562760" lon="-79.9518930">
    <ele>282.9</ele>
    <time>2026-04-08T10:04:32Z</time>
    <extensions>
     <power>420</power>
     <gpxtpx:TrackPointExtension>
      <gpxtpx:hr>142</gpxtpx:hr>
      <gpxtpx:cad>83</gpxtpx:cad>
     </gpxtpx:TrackPointExtension>
    </extensions>
   </trkpt>
   <trkpt lat="37.2562630" lon="-79.9518640">
    <ele>282.9</ele>
    <time>2026-04-08T10:04:33Z</time>
    <extensions>
     <power>423</power>
     <gpxtpx:TrackPointExtension>
      <gpxtpx:hr>143</gpxtpx:hr>
      <gpxtpx:cad>83</gpxtpx:cad>
     </gpxtpx:TrackPointExtension>
    </extensions>
   </trkpt>
   <trkpt lat="37.2562490" lon="-79.9518370">
    <ele>282.9</ele>
    <time>2026-04-08T10:04:34Z</time>
    <extensions>
     <power>401</power>
     <gpxtpx:TrackPointExtension>
      <gpxtpx:hr>143</gpxtpx:hr>
      <gpxtpx:cad>83</gpxtpx:cad>
     </gpxtpx:TrackPointExtension>
    </extensions>
   </trkpt>
   <trkpt lat="37.2562330" lon="-79.9518070">
    <ele>282.8</ele>
    <time>2026-04-08T10:04:35Z</time>
    <extensions>
     <power>404</power>
     <gpxtpx:TrackPointExtension>
      <gpxtpx:hr>143</gpxtpx:hr>
      <gpxtpx:cad>83</gpxtpx:cad>
     </gpxtpx:TrackPointExtension>
    </extensions>
   </trkpt>
   <trkpt lat="37.2562170" lon="-79.9517760">
    <ele>282.8</ele>
    <time>2026-04-08T10:04:36Z</time>
    <extensions>
     <power>389</power>
     <gpxtpx:TrackPointExtension>
      <gpxtpx:hr>143</gpxtpx:hr>
      <gpxtpx:cad>83</gpxtpx:cad>
     </gpxtpx:TrackPointExtension>
    </extensions>
   </trkpt>
   <trkpt lat="37.2562010" lon="-79.9517440">
    <ele>282.8</ele>
    <time>2026-04-08T10:04:37Z</time>
    <extensions>
     <power>388</power>
     <gpxtpx:TrackPointExtension>
      <gpxtpx:hr>142</gpxtpx:hr>
      <gpxtpx:cad>83</gpxtpx:cad>
     </gpxtpx:TrackPointExtension>
    </extensions>
   </trkpt>
   <trkpt lat="37.2561830" lon="-79.9517090">
    <ele>282.7</ele>
    <time>2026-04-08T10:04:38Z</time>
    <extensions>
     <power>395</power>
     <gpxtpx:TrackPointExtension>
      <gpxtpx:hr>143</gpxtpx:hr>
      <gpxtpx:cad>83</gpxtpx:cad>
     </gpxtpx:TrackPointExtension>
    </extensions>
   </trkpt>
   <trkpt lat="37.2561660" lon="-79.9516780">
    <ele>282.7</ele>
    <time>2026-04-08T10:04:39Z</time>
    <extensions>
     <power>400</power>
     <gpxtpx:TrackPointExtension>
      <gpxtpx:hr>143</gpxtpx:hr>
      <gpxtpx:cad>83</gpxtpx:cad>
     </gpxtpx:TrackPointExtension>
    </extensions>
   </trkpt>
   <trkpt lat="37.2561510" lon="-79.9516480">
    <ele>282.7</ele>
    <time>2026-04-08T10:04:40Z</time>
    <extensions>
     <power>424</power>
     <gpxtpx:TrackPointExtension>
      <gpxtpx:hr>142</gpxtpx:hr>
      <gpxtpx:cad>83</gpxtpx:cad>
     </gpxtpx:TrackPointExtension>
    </extensions>
   </trkpt>
   <trkpt lat="37.2561360" lon="-79.9516190">
    <ele>282.7</ele>
    <time>2026-04-08T10:04:41Z</time>
    <extensions>
     <power>426</power>
     <gpxtpx:TrackPointExtension>
      <gpxtpx:hr>143</gpxtpx:hr>
      <gpxtpx:cad>84</gpxtpx:cad>
     </gpxtpx:TrackPointExtension>
    </extensions>
   </trkpt>
   <trkpt lat="37.2561210" lon="-79.9515890">
    <ele>282.6</ele>
    <time>2026-04-08T10:04:42Z</time>
    <extensions>
     <power>420</power>
     <gpxtpx:TrackPointExtension>
      <gpxtpx:hr>143</gpxtpx:hr>
      <gpxtpx:cad>84</gpxtpx:cad>
     </gpxtpx:TrackPointExtension>
    </extensions>
   </trkpt>
   <trkpt lat="37.2561040" lon="-79.9515580">
    <ele>282.6</ele>
    <time>2026-04-08T10:04:43Z</time>
    <extensions>
     <power>414</power>
     <gpxtpx:TrackPointExtension>
      <gpxtpx:hr>143</gpxtpx:hr>
      <gpxtpx:cad>84</gpxtpx:cad>
     </gpxtpx:TrackPointExtension>
    </extensions>
   </trkpt>
   <trkpt lat="37.2560860" lon="-79.9515260">
    <ele>282.6</ele>
    <time>2026-04-08T10:04:44Z</time>
    <extensions>
     <power>406</power>
     <gpxtpx:TrackPointExtension>
      <gpxtpx:hr>142</gpxtpx:hr>
      <gpxtpx:cad>84</gpxtpx:cad>
     </gpxtpx:TrackPointExtension>
    </extensions>
   </trkpt>
   <trkpt lat="37.2560700" lon="-79.9514960">
    <ele>282.5</ele>
    <time>2026-04-08T10:04:45Z</time>
    <extensions>
     <power>406</power>
     <gpxtpx:TrackPointExtension>
      <gpxtpx:hr>143</gpxtpx:hr>
      <gpxtpx:cad>84</gpxtpx:cad>
     </gpxtpx:TrackPointExtension>
    </extensions>
   </trkpt>
   <trkpt lat="37.2560540" lon="-79.9514690">
    <ele>282.5</ele>
    <time>2026-04-08T10:04:46Z</time>
    <extensions>
     <power>404</power>
     <gpxtpx:TrackPointExtension>
      <gpxtpx:hr>143</gpxtpx:hr>
      <gpxtpx:cad>84</gpxtpx:cad>
     </gpxtpx:TrackPointExtension>
    </extensions>
   </trkpt>
   <trkpt lat="37.2560380" lon="-79.9514420">
    <ele>282.5</ele>
    <time>2026-04-08T10:04:47Z</time>
    <extensions>
     <power>402</power>
     <gpxtpx:TrackPointExtension>
      <gpxtpx:hr>143</gpxtpx:hr>
      <gpxtpx:cad>85</gpxtpx:cad>
     </gpxtpx:TrackPointExtension>
    </extensions>
   </trkpt>
   <trkpt lat="37.2560230" lon="-79.9514140">
    <ele>282.5</ele>
    <time>2026-04-08T10:04:48Z</time>
    <extensions>
     <power>398</power>
     <gpxtpx:TrackPointExtension>
      <gpxtpx:hr>143</gpxtpx:hr>
      <gpxtpx:cad>85</gpxtpx:cad>
     </gpxtpx:TrackPointExtension>
    </extensions>
   </trkpt>
   <trkpt lat="37.2560050" lon="-79.9513850">
    <ele>282.4</ele>
    <time>2026-04-08T10:04:49Z</time>
    <extensions>
     <power>393</power>
     <gpxtpx:TrackPointExtension>
      <gpxtpx:hr>143</gpxtpx:hr>
      <gpxtpx:cad>85</gpxtpx:cad>
     </gpxtpx:TrackPointExtension>
    </extensions>
   </trkpt>
   <trkpt lat="37.2559860" lon="-79.9513580">
    <ele>282.4</ele>
    <time>2026-04-08T10:04:50Z</time>
    <extensions>
     <power>391</power>
     <gpxtpx:TrackPointExtension>
      <gpxtpx:hr>143</gpxtpx:hr>
      <gpxtpx:cad>84</gpxtpx:cad>
     </gpxtpx:TrackPointExtension>
    </extensions>
   </trkpt>
   <trkpt lat="37.2559670" lon="-79.9513330">
    <ele>282.4</ele>
    <time>2026-04-08T10:04:51Z</time>
    <extensions>
     <power>388</power>
     <gpxtpx:TrackPointExtension>
      <gpxtpx:hr>143</gpxtpx:hr>
      <gpxtpx:cad>84</gpxtpx:cad>
     </gpxtpx:TrackPointExtension>
    </extensions>
   </trkpt>
   <trkpt lat="37.2559440" lon="-79.9513090">
    <ele>282.4</ele>
    <time>2026-04-08T10:04:52Z</time>
    <extensions>
     <power>385</power>
     <gpxtpx:TrackPointExtension>
      <gpxtpx:hr>143</gpxtpx:hr>
      <gpxtpx:cad>84</gpxtpx:cad>
     </gpxtpx:TrackPointExtension>
    </extensions>
   </trkpt>
   <trkpt lat="37.2559210" lon="-79.9512880">
    <ele>282.3</ele>
    <time>2026-04-08T10:04:53Z</time>
    <extensions>
     <power>384</power>
     <gpxtpx:TrackPointExtension>
      <gpxtpx:hr>142</gpxtpx:hr>
      <gpxtpx:cad>83</gpxtpx:cad>
     </gpxtpx:TrackPointExtension>
    </extensions>
   </trkpt>
   <trkpt lat="37.2558970" lon="-79.9512670">
    <ele>282.3</ele>
    <time>2026-04-08T10:04:54Z</time>
    <extensions>
     <power>386</power>
     <gpxtpx:TrackPointExtension>
      <gpxtpx:hr>143</gpxtpx:hr>
      <gpxtpx:cad>83</gpxtpx:cad>
     </gpxtpx:TrackPointExtension>
    </extensions>
   </trkpt>
   <trkpt lat="37.2558760" lon="-79.9512430">
    <ele>282.3</ele>
    <time>2026-04-08T10:04:55Z</time>
    <extensions>
     <power>385</power>
     <gpxtpx:TrackPointExtension>
      <gpxtpx:hr>142</gpxtpx:hr>
      <gpxtpx:cad>83</gpxtpx:cad>
     </gpxtpx:TrackPointExtension>
    </extensions>
   </trkpt>
   <trkpt lat="37.2558550" lon="-79.9512150">
    <ele>282.2</ele>
    <time>2026-04-08T10:04:56Z</time>
    <extensions>
     <power>381</power>
     <gpxtpx:TrackPointExtension>
      <gpxtpx:hr>142</gpxtpx:hr>
      <gpxtpx:cad>83</gpxtpx:cad>
     </gpxtpx:TrackPointExtension>
    </extensions>
   </trkpt>
   <trkpt lat="37.2558340" lon="-79.9511840">
    <ele>282.2</ele>
    <time>2026-04-08T10:04:57Z</time>
    <extensions>
     <power>381</power>
     <gpxtpx:TrackPointExtension>
      <gpxtpx:hr>142</gpxtpx:hr>
      <gpxtpx:cad>83</gpxtpx:cad>
     </gpxtpx:TrackPointExtension>
    </extensions>
   </trkpt>
   <trkpt lat="37.2558140" lon="-79.9511530">
    <ele>282.2</ele>
    <time>2026-04-08T10:04:58Z</time>
    <extensions>
     <power>383</power>
     <gpxtpx:TrackPointExtension>
      <gpxtpx:hr>142</gpxtpx:hr>
      <gpxtpx:cad>83</gpxtpx:cad>
     </gpxtpx:TrackPointExtension>
    </extensions>
   </trkpt>
   <trkpt lat="37.2557950" lon="-79.9511210">
    <ele>282.1</ele>
    <time>2026-04-08T10:04:59Z</time>
    <extensions>
     <power>385</power>
     <gpxtpx:TrackPointExtension>
      <gpxtpx:hr>142</gpxtpx:hr>
      <gpxtpx:cad>83</gpxtpx:cad>
     </gpxtpx:TrackPointExtension>
    </extensions>
   </trkpt>
   <trkpt lat="37.2557780" lon="-79.9510930">
    <ele>282.1</ele>
    <time>2026-04-08T10:05:00Z</time>
    <extensions>
     <power>387</power>
     <gpxtpx:TrackPointExtension>
      <gpxtpx:hr>142</gpxtpx:hr>
      <gpxtpx:cad>83</gpxtpx:cad>
     </gpxtpx:TrackPointExtension>
    </extensions>
   </trkpt>
   <trkpt lat="37.2557620" lon="-79.9510630">
    <ele>282.1</ele>
    <time>2026-04-08T10:05:01Z</time>
    <extensions>
     <power>392</power>
     <gpxtpx:TrackPointExtension>
      <gpxtpx:hr>141</gpxtpx:hr>
      <gpxtpx:cad>83</gpxtpx:cad>
     </gpxtpx:TrackPointExtension>
    </extensions>
   </trkpt>
   <trkpt lat="37.2557450" lon="-79.9510320">
    <ele>282.1</ele>
    <time>2026-04-08T10:05:02Z</time>
    <extensions>
     <power>396</power>
     <gpxtpx:TrackPointExtension>
      <gpxtpx:hr>141</gpxtpx:hr>
      <gpxtpx:cad>83</gpxtpx:cad>
     </gpxtpx:TrackPointExtension>
    </extensions>
   </trkpt>
   <trkpt lat="37.2557280" lon="-79.9510030">
    <ele>282.0</ele>
    <time>2026-04-08T10:05:03Z</time>
    <extensions>
     <power>394</power>
     <gpxtpx:TrackPointExtension>
      <gpxtpx:hr>141</gpxtpx:hr>
      <gpxtpx:cad>84</gpxtpx:cad>
     </gpxtpx:TrackPointExtension>
    </extensions>
   </trkpt>
   <trkpt lat="37.2557110" lon="-79.9509730">
    <ele>282.0</ele>
    <time>2026-04-08T10:05:04Z</time>
    <extensions>
     <power>394</power>
     <gpxtpx:TrackPointExtension>
      <gpxtpx:hr>142</gpxtpx:hr>
      <gpxtpx:cad>84</gpxtpx:cad>
     </gpxtpx:TrackPointExtension>
    </extensions>
   </trkpt>
   <trkpt lat="37.2556950" lon="-79.9509450">
    <ele>282.0</ele>
    <time>2026-04-08T10:05:05Z</time>
    <extensions>
     <power>395</power>
     <gpxtpx:TrackPointExtension>
      <gpxtpx:hr>141</gpxtpx:hr>
      <gpxtpx:cad>84</gpxtpx:cad>
     </gpxtpx:TrackPointExtension>
    </extensions>
   </trkpt>
   <trkpt lat="37.2556800" lon="-79.9509160">
    <ele>282.0</ele>
    <time>2026-04-08T10:05:06Z</time>
    <extensions>
     <power>395</power>
     <gpxtpx:TrackPointExtension>
      <gpxtpx:hr>141</gpxtpx:hr>
      <gpxtpx:cad>84</gpxtpx:cad>
     </gpxtpx:TrackPointExtension>
    </extensions>
   </trkpt>
   <trkpt lat="37.2556640" lon="-79.9508860">
    <ele>281.9</ele>
    <time>2026-04-08T10:05:07Z</time>
    <extensions>
     <power>394</power>
     <gpxtpx:TrackPointExtension>
      <gpxtpx:hr>142</gpxtpx:hr>
      <gpxtpx:cad>85</gpxtpx:cad>
     </gpxtpx:TrackPointExtension>
    </extensions>
   </trkpt>
   <trkpt lat="37.2556490" lon="-79.9508550">
    <ele>281.9</ele>
    <time>2026-04-08T10:05:08Z</time>
    <extensions>
     <power>394</power>
     <gpxtpx:TrackPointExtension>
      <gpxtpx:hr>141</gpxtpx:hr>
      <gpxtpx:cad>85</gpxtpx:cad>
     </gpxtpx:TrackPointExtension>
    </extensions>
   </trkpt>
   <trkpt lat="37.2556340" lon="-79.9508240">
    <ele>281.9</ele>
    <time>2026-04-08T10:05:09Z</time>
    <extensions>
     <power>397</power>
     <gpxtpx:TrackPointExtension>
      <gpxtpx:hr>141</gpxtpx:hr>
      <gpxtpx:cad>84</gpxtpx:cad>
     </gpxtpx:TrackPointExtension>
    </extensions>
   </trkpt>
   <trkpt lat="37.2556190" lon="-79.9507910">
    <ele>281.8</ele>
    <time>2026-04-08T10:05:10Z</time>
    <extensions>
     <power>401</power>
     <gpxtpx:TrackPointExtension>
      <gpxtpx:hr>141</gpxtpx:hr>
      <gpxtpx:cad>83</gpxtpx:cad>
     </gpxtpx:TrackPointExtension>
    </extensions>
   </trkpt>
   <trkpt lat="37.2556020" lon="-79.9507570">
    <ele>281.8</ele>
    <time>2026-04-08T10:05:11Z</time>
    <extensions>
     <power>403</power>
     <gpxtpx:TrackPointExtension>
      <gpxtpx:hr>142</gpxtpx:hr>
      <gpxtpx:cad>83</gpxtpx:cad>
     </gpxtpx:TrackPointExtension>
    </extensions>
   </trkpt>
   <trkpt lat="37.2555840" lon="-79.9507250">
    <ele>281.8</ele>
    <time>2026-04-08T10:05:12Z</time>
    <extensions>
     <power>402</power>
     <gpxtpx:TrackPointExtension>
      <gpxtpx:hr>141</gpxtpx:hr>
      <gpxtpx:cad>83</gpxtpx:cad>
     </gpxtpx:TrackPointExtension>
    </extensions>
   </trkpt>
   <trkpt lat="37.2555690" lon="-79.9506940">
    <ele>281.7</ele>
    <time>2026-04-08T10:05:13Z</time>
    <extensions>
     <power>401</power>
     <gpxtpx:TrackPointExtension>
      <gpxtpx:hr>141</gpxtpx:hr>
      <gpxtpx:cad>83</gpxtpx:cad>
     </gpxtpx:TrackPointExtension>
    </extensions>
   </trkpt>
   <trkpt lat="37.2555550" lon="-79.9506640">
    <ele>281.7</ele>
    <time>2026-04-08T10:05:14Z</time>
    <extensions>
     <power>401</power>
     <gpxtpx:TrackPointExtension>
      <gpxtpx:hr>141</gpxtpx:hr>
      <gpxtpx:cad>83</gpxtpx:cad>
     </gpxtpx:TrackPointExtension>
    </extensions>
   </trkpt>
   <trkpt lat="37.2555410" lon="-79.9506330">
    <ele>281.7</ele>
    <time>2026-04-08T10:05:15Z</time>
    <extensions>
     <power>397</power>
     <gpxtpx:TrackPointExtension>
      <gpxtpx:hr>142</gpxtpx:hr>
      <gpxtpx:cad>83</gpxtpx:cad>
     </gpxtpx:TrackPointExtension>
    </extensions>
   </trkpt>
   <trkpt lat="37.2555260" lon="-79.9506020">
    <ele>281.7</ele>
    <time>2026-04-08T10:05:16Z</time>
    <extensions>
     <power>394</power>
     <gpxtpx:TrackPointExtension>
      <gpxtpx:hr>141</gpxtpx:hr>
      <gpxtpx:cad>84</gpxtpx:cad>
     </gpxtpx:TrackPointExtension>
    </extensions>
   </trkpt>
   <trkpt lat="37.2555120" lon="-79.9505690">
    <ele>281.6</ele>
    <time>2026-04-08T10:05:17Z</time>
    <extensions>
     <power>390</power>
     <gpxtpx:TrackPointExtension>
      <gpxtpx:hr>141</gpxtpx:hr>
      <gpxtpx:cad>84</gpxtpx:cad>
     </gpxtpx:TrackPointExtension>
    </extensions>
   </trkpt>
   <trkpt lat="37.2554990" lon="-79.9505390">
    <ele>281.6</ele>
    <time>2026-04-08T10:05:18Z</time>
    <extensions>
     <power>390</power>
     <gpxtpx:TrackPointExtension>
      <gpxtpx:hr>141</gpxtpx:hr>
      <gpxtpx:cad>84</gpxtpx:cad>
     </gpxtpx:TrackPointExtension>
    </extensions>
   </trkpt>
   <trkpt lat="37.2554850" lon="-79.9505060">
    <ele>281.6</ele>
    <time>2026-04-08T10:05:19Z</time>
    <extensions>
     <power>386</power>
     <gpxtpx:TrackPointExtension>
      <gpxtpx:hr>142</gpxtpx:hr>
      <gpxtpx:cad>85</gpxtpx:cad>
     </gpxtpx:TrackPointExtension>
    </extensions>
   </trkpt>
   <trkpt lat="37.2554700" lon="-79.9504740">
    <ele>281.6</ele>
    <time>2026-04-08T10:05:20Z</time>
    <extensions>
     <power>383</power>
     <gpxtpx:TrackPointExtension>
      <gpxtpx:hr>141</gpxtpx:hr>
      <gpxtpx:cad>85</gpxtpx:cad>
     </gpxtpx:TrackPointExtension>
    </extensions>
   </trkpt>
   <trkpt lat="37.2554560" lon="-79.9504440">
    <ele>281.5</ele>
    <time>2026-04-08T10:05:21Z</time>
    <extensions>
     <power>381</power>
     <gpxtpx:TrackPointExtension>
      <gpxtpx:hr>141</gpxtpx:hr>
      <gpxtpx:cad>85</gpxtpx:cad>
     </gpxtpx:TrackPointExtension>
    </extensions>
   </trkpt>
   <trkpt lat="37.2554390" lon="-79.9504130">
    <ele>281.5</ele>
    <time>2026-04-08T10:05:22Z</time>
    <extensions>
     <power>380</power>
     <gpxtpx:TrackPointExtension>
      <gpxtpx:hr>141</gpxtpx:hr>
      <gpxtpx:cad>85</gpxtpx:cad>
     </gpxtpx:TrackPointExtension>
    </extensions>
   </trkpt>
   <trkpt lat="37.2554250" lon="-79.9503820">
    <ele>281.5</ele>
    <time>2026-04-08T10:05:23Z</time>
    <extensions>
     <power>379</power>
     <gpxtpx:TrackPointExtension>
      <gpxtpx:hr>142</gpxtpx:hr>
      <gpxtpx:cad>84</gpxtpx:cad>
     </gpxtpx:TrackPointExtension>
    </extensions>
   </trkpt>
   <trkpt lat="37.2554100" lon="-79.9503490">
    <ele>281.4</ele>
    <time>2026-04-08T10:05:24Z</time>
    <extensions>
     <power>380</power>
     <gpxtpx:TrackPointExtension>
      <gpxtpx:hr>142</gpxtpx:hr>
      <gpxtpx:cad>84</gpxtpx:cad>
     </gpxtpx:TrackPointExtension>
    </extensions>
   </trkpt>
   <trkpt lat="37.2553950" lon="-79.9503180">
    <ele>281.4</ele>
    <time>2026-04-08T10:05:25Z</time>
    <extensions>
     <power>379</power>
     <gpxtpx:TrackPointExtension>
      <gpxtpx:hr>142</gpxtpx:hr>
      <gpxtpx:cad>84</gpxtpx:cad>
     </gpxtpx:TrackPointExtension>
    </extensions>
   </trkpt>
   <trkpt lat="37.2553790" lon="-79.9502850">
    <ele>281.4</ele>
    <time>2026-04-08T10:05:26Z</time>
    <extensions>
     <power>378</power>
     <gpxtpx:TrackPointExtension>
      <gpxtpx:hr>141</gpxtpx:hr>
      <gpxtpx:cad>84</gpxtpx:cad>
     </gpxtpx:TrackPointExtension>
    </extensions>
   </trkpt>
   <trkpt lat="37.2553610" lon="-79.9502530">
    <ele>281.4</ele>
    <time>2026-04-08T10:05:27Z</time>
    <extensions>
     <power>377</power>
     <gpxtpx:TrackPointExtension>
      <gpxtpx:hr>141</gpxtpx:hr>
      <gpxtpx:cad>85</gpxtpx:cad>
     </gpxtpx:TrackPointExtension>
    </extensions>
   </trkpt>
   <trkpt lat="37.2553460" lon="-79.9502200">
    <ele>281.3</ele>
    <time>2026-04-08T10:05:28Z</time>
    <extensions>
     <power>377</power>
     <gpxtpx:TrackPointExtension>
      <gpxtpx:hr>141</gpxtpx:hr>
      <gpxtpx:cad>85</gpxtpx:cad>
     </gpxtpx:TrackPointExtension>
    </extensions>
   </trkpt>
   <trkpt lat="37.2553300" lon="-79.9501870">
    <ele>281.3</ele>
    <time>2026-04-08T10:05:29Z</time>
    <extensions>
     <power>377</power>
     <gpxtpx:TrackPointExtension>
      <gpxtpx:hr>141</gpxtpx:hr>
      <gpxtpx:cad>85</gpxtpx:cad>
     </gpxtpx:TrackPointExtension>
    </extensions>
   </trkpt>
   <trkpt lat="37.2553170" lon="-79.9501550">
    <ele>281.3</ele>
    <time>2026-04-08T10:05:30Z</time>
    <extensions>
     <power>378</power>
     <gpxtpx:TrackPointExtension>
      <gpxtpx:hr>141</gpxtpx:hr>
      <gpxtpx:cad>85</gpxtpx:cad>
     </gpxtpx:TrackPointExtension>
    </extensions>
   </trkpt>
   <trkpt lat="37.2553010" lon="-79.9501210">
    <ele>281.2</ele>
    <time>2026-04-08T10:05:31Z</time>
    <extensions>
     <power>381</power>
     <gpxtpx:TrackPointExtension>
      <gpxtpx:hr>141</gpxtpx:hr>
      <gpxtpx:cad>84</gpxtpx:cad>
     </gpxtpx:TrackPointExtension>
    </extensions>
   </trkpt>
   <trkpt lat="37.2552830" lon="-79.9500850">
    <ele>281.2</ele>
    <time>2026-04-08T10:05:32Z</time>
    <extensions>
     <power>378</power>
     <gpxtpx:TrackPointExtension>
      <gpxtpx:hr>140</gpxtpx:hr>
      <gpxtpx:cad>84</gpxtpx:cad>
     </gpxtpx:TrackPointExtension>
    </extensions>
   </trkpt>
   <trkpt lat="37.2552670" lon="-79.9500490">
    <ele>281.2</ele>
    <time>2026-04-08T10:05:33Z</time>
    <extensions>
     <power>377</power>
     <gpxtpx:TrackPointExtension>
      <gpxtpx:hr>141</gpxtpx:hr>
      <gpxtpx:cad>84</gpxtpx:cad>
     </gpxtpx:TrackPointExtension>
    </extensions>
   </trkpt>
   <trkpt lat="37.2552500" lon="-79.9500150">
    <ele>281.1</ele>
    <time>2026-04-08T10:05:34Z</time>
    <extensions>
     <power>379</power>
     <gpxtpx:TrackPointExtension>
      <gpxtpx:hr>141</gpxtpx:hr>
      <gpxtpx:cad>84</gpxtpx:cad>
     </gpxtpx:TrackPointExtension>
    </extensions>
   </trkpt>
   <trkpt lat="37.2552340" lon="-79.9499840">
    <ele>281.1</ele>
    <time>2026-04-08T10:05:35Z</time>
    <extensions>
     <power>376</power>
     <gpxtpx:TrackPointExtension>
      <gpxtpx:hr>141</gpxtpx:hr>
      <gpxtpx:cad>84</gpxtpx:cad>
     </gpxtpx:TrackPointExtension>
    </extensions>
   </trkpt>
   <trkpt lat="37.2552160" lon="-79.9499530">
    <ele>281.1</ele>
    <time>2026-04-08T10:05:36Z</time>
    <extensions>
     <power>376</power>
     <gpxtpx:TrackPointExtension>
      <gpxtpx:hr>142</gpxtpx:hr>
      <gpxtpx:cad>85</gpxtpx:cad>
     </gpxtpx:TrackPointExtension>
    </extensions>
   </trkpt>
   <trkpt lat="37.2552020" lon="-79.9499270">
    <ele>281.1</ele>
    <time>2026-04-08T10:05:37Z</time>
    <extensions>
     <power>372</power>
     <gpxtpx:TrackPointExtension>
      <gpxtpx:hr>142</gpxtpx:hr>
      <gpxtpx:cad>85</gpxtpx:cad>
     </gpxtpx:TrackPointExtension>
    </extensions>
   </trkpt>
   <trkpt lat="37.2551830" lon="-79.9498980">
    <ele>281.0</ele>
    <time>2026-04-08T10:05:38Z</time>
    <extensions>
     <power>370</power>
     <gpxtpx:TrackPointExtension>
      <gpxtpx:hr>142</gpxtpx:hr>
      <gpxtpx:cad>86</gpxtpx:cad>
     </gpxtpx:TrackPointExtension>
    </extensions>
   </trkpt>
   <trkpt lat="37.2551680" lon="-79.9498710">
    <ele>281.0</ele>
    <time>2026-04-08T10:05:39Z</time>
    <extensions>
     <power>369</power>
     <gpxtpx:TrackPointExtension>
      <gpxtpx:hr>141</gpxtpx:hr>
      <gpxtpx:cad>86</gpxtpx:cad>
     </gpxtpx:TrackPointExtension>
    </extensions>
   </trkpt>
   <trkpt lat="37.2551510" lon="-79.9498410">
    <ele>281.0</ele>
    <time>2026-04-08T10:05:40Z</time>
    <extensions>
     <power>370</power>
     <gpxtpx:TrackPointExtension>
      <gpxtpx:hr>142</gpxtpx:hr>
      <gpxtpx:cad>86</gpxtpx:cad>
     </gpxtpx:TrackPointExtension>
    </extensions>
   </trkpt>
   <trkpt lat="37.2551300" lon="-79.9498090">
    <ele>280.9</ele>
    <time>2026-04-08T10:05:41Z</time>
    <extensions>
     <power>371</power>
     <gpxtpx:TrackPointExtension>
      <gpxtpx:hr>142</gpxtpx:hr>
      <gpxtpx:cad>86</gpxtpx:cad>
     </gpxtpx:TrackPointExtension>
    </extensions>
   </trkpt>
   <trkpt lat="37.2551130" lon="-79.9497820">
    <ele>280.9</ele>
    <time>2026-04-08T10:05:42Z</time>
    <extensions>
     <power>370</power>
     <gpxtpx:TrackPointExtension>
      <gpxtpx:hr>142</gpxtpx:hr>
      <gpxtpx:cad>85</gpxtpx:cad>
     </gpxtpx:TrackPointExtension>
    </extensions>
   </trkpt>
   <trkpt lat="37.2550970" lon="-79.9497530">
    <ele>280.9</ele>
    <time>2026-04-08T10:05:43Z</time>
    <extensions>
     <power>373</power>
     <gpxtpx:TrackPointExtension>
      <gpxtpx:hr>142</gpxtpx:hr>
      <gpxtpx:cad>85</gpxtpx:cad>
     </gpxtpx:TrackPointExtension>
    </extensions>
   </trkpt>
   <trkpt lat="37.2550850" lon="-79.9497250">
    <ele>280.8</ele>
    <time>2026-04-08T10:05:44Z</time>
    <extensions>
     <power>374</power>
     <gpxtpx:TrackPointExtension>
      <gpxtpx:hr>142</gpxtpx:hr>
      <gpxtpx:cad>85</gpxtpx:cad>
     </gpxtpx:TrackPointExtension>
    </extensions>
   </trkpt>
   <trkpt lat="37.2550690" lon="-79.9496910">
    <ele>280.8</ele>
    <time>2026-04-08T10:05:45Z</time>
    <extensions>
     <power>375</power>
     <gpxtpx:TrackPointExtension>
      <gpxtpx:hr>141</gpxtpx:hr>
      <gpxtpx:cad>85</gpxtpx:cad>
     </gpxtpx:TrackPointExtension>
    </extensions>
   </trkpt>
   <trkpt lat="37.2550530" lon="-79.9496590">
    <ele>280.8</ele>
    <time>2026-04-08T10:05:46Z</time>
    <extensions>
     <power>378</power>
     <gpxtpx:TrackPointExtension>
      <gpxtpx:hr>142</gpxtpx:hr>
      <gpxtpx:cad>85</gpxtpx:cad>
     </gpxtpx:TrackPointExtension>
    </extensions>
   </trkpt>
   <trkpt lat="37.2550350" lon="-79.9496270">
    <ele>280.8</ele>
    <time>2026-04-08T10:05:47Z</time>
    <extensions>
     <power>380</power>
     <gpxtpx:TrackPointExtension>
      <gpxtpx:hr>142</gpxtpx:hr>
      <gpxtpx:cad>85</gpxtpx:cad>
     </gpxtpx:TrackPointExtension>
    </extensions>
   </trkpt>
   <trkpt lat="37.2550170" lon="-79.9495970">
    <ele>280.8</ele>
    <time>2026-04-08T10:05:48Z</time>
    <extensions>
     <power>378</power>
     <gpxtpx:TrackPointExtension>
      <gpxtpx:hr>142</gpxtpx:hr>
      <gpxtpx:cad>86</gpxtpx:cad>
     </gpxtpx:TrackPointExtension>
    </extensions>
   </trkpt>
   <trkpt lat="37.2549990" lon="-79.9495670">
    <ele>280.8</ele>
    <time>2026-04-08T10:05:49Z</time>
    <extensions>
     <power>378</power>
     <gpxtpx:TrackPointExtension>
      <gpxtpx:hr>142</gpxtpx:hr>
      <gpxtpx:cad>86</gpxtpx:cad>
     </gpxtpx:TrackPointExtension>
    </extensions>
   </trkpt>
   <trkpt lat="37.2549780" lon="-79.9495370">
    <ele>280.8</ele>
    <time>2026-04-08T10:05:50Z</time>
    <extensions>
     <power>377</power>
     <gpxtpx:TrackPointExtension>
      <gpxtpx:hr>142</gpxtpx:hr>
      <gpxtpx:cad>87</gpxtpx:cad>
     </gpxtpx:TrackPointExtension>
    </extensions>
   </trkpt>
   <trkpt lat="37.2549580" lon="-79.9495120">
    <ele>280.8</ele>
    <time>2026-04-08T10:05:51Z</time>
    <extensions>
     <power>378</power>
     <gpxtpx:TrackPointExtension>
      <gpxtpx:hr>142</gpxtpx:hr>
      <gpxtpx:cad>87</gpxtpx:cad>
     </gpxtpx:TrackPointExtension>
    </extensions>
   </trkpt>
   <trkpt lat="37.2549360" lon="-79.9494860">
    <ele>280.8</ele>
    <time>2026-04-08T10:05:52Z</time>
    <extensions>
     <power>379</power>
     <gpxtpx:TrackPointExtension>
      <gpxtpx:hr>142</gpxtpx:hr>
      <gpxtpx:cad>87</gpxtpx:cad>
     </gpxtpx:TrackPointExtension>
    </extensions>
   </trkpt>
   <trkpt lat="37.2549130" lon="-79.9494610">
    <ele>280.8</ele>
    <time>2026-04-08T10:05:53Z</time>
    <extensions>
     <power>380</power>
     <gpxtpx:TrackPointExtension>
      <gpxtpx:hr>143</gpxtpx:hr>
      <gpxtpx:cad>85</gpxtpx:cad>
     </gpxtpx:TrackPointExtension>
    </extensions>
   </trkpt>
   <trkpt lat="37.2548930" lon="-79.9494330">
    <ele>280.8</ele>
    <time>2026-04-08T10:05:54Z</time>
    <extensions>
     <power>382</power>
     <gpxtpx:TrackPointExtension>
      <gpxtpx:hr>143</gpxtpx:hr>
      <gpxtpx:cad>85</gpxtpx:cad>
     </gpxtpx:TrackPointExtension>
    </extensions>
   </trkpt>
   <trkpt lat="37.2548710" lon="-79.9494050">
    <ele>280.8</ele>
    <time>2026-04-08T10:05:55Z</time>
    <extensions>
     <power>383</power>
     <gpxtpx:TrackPointExtension>
      <gpxtpx:hr>143</gpxtpx:hr>
      <gpxtpx:cad>85</gpxtpx:cad>
     </gpxtpx:TrackPointExtension>
    </extensions>
   </trkpt>
   <trkpt lat="37.2548500" lon="-79.9493760">
    <ele>280.8</ele>
    <time>2026-04-08T10:05:56Z</time>
    <extensions>
     <power>383</power>
     <gpxtpx:TrackPointExtension>
      <gpxtpx:hr>143</gpxtpx:hr>
      <gpxtpx:cad>85</gpxtpx:cad>
     </gpxtpx:TrackPointExtension>
    </extensions>
   </trkpt>
   <trkpt lat="37.2548290" lon="-79.9493460">
    <ele>280.8</ele>
    <time>2026-04-08T10:05:57Z</time>
    <extensions>
     <power>386</power>
     <gpxtpx:TrackPointExtension>
      <gpxtpx:hr>142</gpxtpx:hr>
      <gpxtpx:cad>85</gpxtpx:cad>
     </gpxtpx:TrackPointExtension>
    </extensions>
   </trkpt>
   <trkpt lat="37.2548080" lon="-79.9493220">
    <ele>280.8</ele>
    <time>2026-04-08T10:05:58Z</time>
    <extensions>
     <power>391</power>
     <gpxtpx:TrackPointExtension>
      <gpxtpx:hr>142</gpxtpx:hr>
      <gpxtpx:cad>85</gpxtpx:cad>
     </gpxtpx:TrackPointExtension>
    </extensions>
   </trkpt>
   <trkpt lat="37.2547890" lon="-79.9492950">
    <ele>280.8</ele>
    <time>2026-04-08T10:05:59Z</time>
    <extensions>
     <power>390</power>
     <gpxtpx:TrackPointExtension>
      <gpxtpx:hr>142</gpxtpx:hr>
      <gpxtpx:cad>85</gpxtpx:cad>
     </gpxtpx:TrackPointExtension>
    </extensions>
   </trkpt>
   <trkpt lat="37.2547670" lon="-79.9492690">
    <ele>280.8</ele>
    <time>2026-04-08T10:06:00Z</time>
    <extensions>
     <power>390</power>
     <gpxtpx:TrackPointExtension>
      <gpxtpx:hr>143</gpxtpx:hr>
      <gpxtpx:cad>85</gpxtpx:cad>
     </gpxtpx:TrackPointExtension>
    </extensions>
   </trkpt>
   <trkpt lat="37.2547470" lon="-79.9492450">
    <ele>280.8</ele>
    <time>2026-04-08T10:06:01Z</time>
    <extensions>
     <power>387</power>
     <gpxtpx:TrackPointExtension>
      <gpxtpx:hr>143</gpxtpx:hr>
      <gpxtpx:cad>85</gpxtpx:cad>
     </gpxtpx:TrackPointExtension>
    </extensions>
   </trkpt>
   <trkpt lat="37.2547260" lon="-79.9492190">
    <ele>280.8</ele>
    <time>2026-04-08T10:06:02Z</time>
    <extensions>
     <power>387</power>
     <gpxtpx:TrackPointExtension>
      <gpxtpx:hr>143</gpxtpx:hr>
      <gpxtpx:cad>85</gpxtpx:cad>
     </gpxtpx:TrackPointExtension>
    </extensions>
   </trkpt>
   <trkpt lat="37.2547040" lon="-79.9491920">
    <ele>280.8</ele>
    <time>2026-04-08T10:06:03Z</time>
    <extensions>
     <power>389</power>
     <gpxtpx:TrackPointExtension>
      <gpxtpx:hr>143</gpxtpx:hr>
      <gpxtpx:cad>85</gpxtpx:cad>
     </gpxtpx:TrackPointExtension>
    </extensions>
   </trkpt>
   <trkpt lat="37.2546830" lon="-79.9491620">
    <ele>280.8</ele>
    <time>2026-04-08T10:06:04Z</time>
    <extensions>
     <power>392</power>
     <gpxtpx:TrackPointExtension>
      <gpxtpx:hr>143</gpxtpx:hr>
      <gpxtpx:cad>85</gpxtpx:cad>
     </gpxtpx:TrackPointExtension>
    </extensions>
   </trkpt>
   <trkpt lat="37.2546630" lon="-79.9491340">
    <ele>280.8</ele>
    <time>2026-04-08T10:06:05Z</time>
    <extensions>
     <power>395</power>
     <gpxtpx:TrackPointExtension>
      <gpxtpx:hr>143</gpxtpx:hr>
      <gpxtpx:cad>85</gpxtpx:cad>
     </gpxtpx:TrackPointExtension>
    </extensions>
   </trkpt>
   <trkpt lat="37.2546440" lon="-79.9491050">
    <ele>280.8</ele>
    <time>2026-04-08T10:06:06Z</time>
    <extensions>
     <power>401</power>
     <gpxtpx:TrackPointExtension>
      <gpxtpx:hr>143</gpxtpx:hr>
      <gpxtpx:cad>85</gpxtpx:cad>
     </gpxtpx:TrackPointExtension>
    </extensions>
   </trkpt>
   <trkpt lat="37.2546230" lon="-79.9490760">
    <ele>280.8</ele>
    <time>2026-04-08T10:06:07Z</time>
    <extensions>
     <power>406</power>
     <gpxtpx:TrackPointExtension>
      <gpxtpx:hr>144</gpxtpx:hr>
      <gpxtpx:cad>85</gpxtpx:cad>
     </gpxtpx:TrackPointExtension>
    </extensions>
   </trkpt>
   <trkpt lat="37.2546020" lon="-79.9490480">
    <ele>280.9</ele>
    <time>2026-04-08T10:06:08Z</time>
    <extensions>
     <power>413</power>
     <gpxtpx:TrackPointExtension>
      <gpxtpx:hr>143</gpxtpx:hr>
      <gpxtpx:cad>85</gpxtpx:cad>
     </gpxtpx:TrackPointExtension>
    </extensions>
   </trkpt>
   <trkpt lat="37.2545810" lon="-79.9490180">
    <ele>280.9</ele>
    <time>2026-04-08T10:06:09Z</time>
    <extensions>
     <power>417</power>
     <gpxtpx:TrackPointExtension>
      <gpxtpx:hr>143</gpxtpx:hr>
      <gpxtpx:cad>85</gpxtpx:cad>
     </gpxtpx:TrackPointExtension>
    </extensions>
   </trkpt>
   <trkpt lat="37.2545600" lon="-79.9489900">
    <ele>280.9</ele>
    <time>2026-04-08T10:06:10Z</time>
    <extensions>
     <power>419</power>
     <gpxtpx:TrackPointExtension>
      <gpxtpx:hr>143</gpxtpx:hr>
      <gpxtpx:cad>85</gpxtpx:cad>
     </gpxtpx:TrackPointExtension>
    </extensions>
   </trkpt>
   <trkpt lat="37.2545390" lon="-79.9489610">
    <ele>280.9</ele>
    <time>2026-04-08T10:06:11Z</time>
    <extensions>
     <power>424</power>
     <gpxtpx:TrackPointExtension>
      <gpxtpx:hr>143</gpxtpx:hr>
      <gpxtpx:cad>85</gpxtpx:cad>
     </gpxtpx:TrackPointExtension>
    </extensions>
   </trkpt>
   <trkpt lat="37.2545180" lon="-79.9489340">
    <ele>280.9</ele>
    <time>2026-04-08T10:06:12Z</time>
    <extensions>
     <power>425</power>
     <gpxtpx:TrackPointExtension>
      <gpxtpx:hr>143</gpxtpx:hr>
      <gpxtpx:cad>84</gpxtpx:cad>
     </gpxtpx:TrackPointExtension>
    </extensions>
   </trkpt>
   <trkpt lat="37.2544950" lon="-79.9489040">
    <ele>280.9</ele>
    <time>2026-04-08T10:06:13Z</time>
    <extensions>
     <power>425</power>
     <gpxtpx:TrackPointExtension>
      <gpxtpx:hr>143</gpxtpx:hr>
      <gpxtpx:cad>85</gpxtpx:cad>
     </gpxtpx:TrackPointExtension>
    </extensions>
   </trkpt>
   <trkpt lat="37.2544720" lon="-79.9488760">
    <ele>280.9</ele>
    <time>2026-04-08T10:06:14Z</time>
    <extensions>
     <power>425</power>
     <gpxtpx:TrackPointExtension>
      <gpxtpx:hr>142</gpxtpx:hr>
      <gpxtpx:cad>85</gpxtpx:cad>
     </gpxtpx:TrackPointExtension>
    </extensions>
   </trkpt>
   <trkpt lat="37.2544490" lon="-79.9488540">
    <ele>280.9</ele>
    <time>2026-04-08T10:06:15Z</time>
    <extensions>
     <power>429</power>
     <gpxtpx:TrackPointExtension>
      <gpxtpx:hr>142</gpxtpx:hr>
      <gpxtpx:cad>85</gpxtpx:cad>
     </gpxtpx:TrackPointExtension>
    </extensions>
   </trkpt>
   <trkpt lat="37.2544280" lon="-79.9488300">
    <ele>280.9</ele>
    <time>2026-04-08T10:06:16Z</time>
    <extensions>
     <power>432</power>
     <gpxtpx:TrackPointExtension>
      <gpxtpx:hr>142</gpxtpx:hr>
      <gpxtpx:cad>85</gpxtpx:cad>
     </gpxtpx:TrackPointExtension>
    </extensions>
   </trkpt>
   <trkpt lat="37.2544030" lon="-79.9488080">
    <ele>280.9</ele>
    <time>2026-04-08T10:06:17Z</time>
    <extensions>
     <power>432</power>
     <gpxtpx:TrackPointExtension>
      <gpxtpx:hr>142</gpxtpx:hr>
      <gpxtpx:cad>85</gpxtpx:cad>
     </gpxtpx:TrackPointExtension>
    </extensions>
   </trkpt>
   <trkpt lat="37.2543860" lon="-79.9487870">
    <ele>280.9</ele>
    <time>2026-04-08T10:06:18Z</time>
    <extensions>
     <power>430</power>
     <gpxtpx:TrackPointExtension>
      <gpxtpx:hr>142</gpxtpx:hr>
      <gpxtpx:cad>84</gpxtpx:cad>
     </gpxtpx:TrackPointExtension>
    </extensions>
   </trkpt>
   <trkpt lat="37.2543730" lon="-79.9487700">
    <ele>280.9</ele>
    <time>2026-04-08T10:06:19Z</time>
    <extensions>
     <power>426</power>
     <gpxtpx:TrackPointExtension>
      <gpxtpx:hr>143</gpxtpx:hr>
      <gpxtpx:cad>84</gpxtpx:cad>
     </gpxtpx:TrackPointExtension>
    </extensions>
   </trkpt>
   <trkpt lat="37.2543630" lon="-79.9487530">
    <ele>280.9</ele>
    <time>2026-04-08T10:06:20Z</time>
    <extensions>
     <power>419</power>
     <gpxtpx:TrackPointExtension>
      <gpxtpx:hr>142</gpxtpx:hr>
      <gpxtpx:cad>84</gpxtpx:cad>
     </gpxtpx:TrackPointExtension>
    </extensions>
   </trkpt>
   <trkpt lat="37.2543640" lon="-79.9487400">
    <ele>280.9</ele>
    <time>2026-04-08T10:06:21Z</time>
    <extensions>
     <power>417</power>
     <gpxtpx:TrackPointExtension>
      <gpxtpx:hr>142</gpxtpx:hr>
      <gpxtpx:cad>84</gpxtpx:cad>
     </gpxtpx:TrackPointExtension>
    </extensions>
   </trkpt>
   <trkpt lat="37.2543590" lon="-79.9487240">
    <ele>280.9</ele>
    <time>2026-04-08T10:06:22Z</time>
    <extensions>
     <power>416</power>
     <gpxtpx:TrackPointExtension>
      <gpxtpx:hr>143</gpxtpx:hr>
      <gpxtpx:cad>84</gpxtpx:cad>
     </gpxtpx:TrackPointExtension>
    </extensions>
   </trkpt>
   <trkpt lat="37.2543520" lon="-79.9487120">
    <ele>280.9</ele>
    <time>2026-04-08T10:06:23Z</time>
    <extensions>
     <power>409</power>
     <gpxtpx:TrackPointExtension>
      <gpxtpx:hr>143</gpxtpx:hr>
      <gpxtpx:cad>84</gpxtpx:cad>
     </gpxtpx:TrackPointExtension>
    </extensions>
   </trkpt>
   <trkpt lat="37.2543420" lon="-79.9487010">
    <ele>280.9</ele>
    <time>2026-04-08T10:06:24Z</time>
    <extensions>
     <power>400</power>
     <gpxtpx:TrackPointExtension>
      <gpxtpx:hr>143</gpxtpx:hr>
      <gpxtpx:cad>84</gpxtpx:cad>
     </gpxtpx:TrackPointExtension>
    </extensions>
   </trkpt>
   <trkpt lat="37.2543310" lon="-79.9486920">
    <ele>280.9</ele>
    <time>2026-04-08T10:06:25Z</time>
    <extensions>
     <power>396</power>
     <gpxtpx:TrackPointExtension>
      <gpxtpx:hr>143</gpxtpx:hr>
      <gpxtpx:cad>84</gpxtpx:cad>
     </gpxtpx:TrackPointExtension>
    </extensions>
   </trkpt>
   <trkpt lat="37.2543230" lon="-79.9486900">
    <ele>280.9</ele>
    <time>2026-04-08T10:06:26Z</time>
    <extensions>
     <power>0</power>
     <gpxtpx:TrackPointExtension>
      <gpxtpx:hr>143</gpxtpx:hr>
      <gpxtpx:cad>0</gpxtpx:cad>
     </gpxtpx:TrackPointExtension>
    </extensions>
   </trkpt>
   <trkpt lat="37.2543170" lon="-79.9486900">
    <ele>280.9</ele>
    <time>2026-04-08T10:06:27Z</time>
    <extensions>
     <power>0</power>
     <gpxtpx:TrackPointExtension>
      <gpxtpx:hr>143</gpxtpx:hr>
      <gpxtpx:cad>0</gpxtpx:cad>
     </gpxtpx:TrackPointExtension>
    </extensions>
   </trkpt>
   <trkpt lat="37.2543090" lon="-79.9486860">
    <ele>281.0</ele>
    <time>2026-04-08T10:06:28Z</time>
    <extensions>
     <power>0</power>
     <gpxtpx:TrackPointExtension>
      <gpxtpx:hr>143</gpxtpx:hr>
      <gpxtpx:cad>0</gpxtpx:cad>
     </gpxtpx:TrackPointExtension>
    </extensions>
   </trkpt>
   <trkpt lat="37.2543060" lon="-79.9486870">
    <ele>281.0</ele>
    <time>2026-04-08T10:06:29Z</time>
    <extensions>
     <power>0</power>
     <gpxtpx:TrackPointExtension>
      <gpxtpx:hr>142</gpxtpx:hr>
      <gpxtpx:cad>51</gpxtpx:cad>
     </gpxtpx:TrackPointExtension>
    </extensions>
   </trkpt>
   <trkpt lat="37.2543080" lon="-79.9486900">
    <ele>281.0</ele>
    <time>2026-04-08T10:06:30Z</time>
    <extensions>
     <power>110</power>
     <gpxtpx:TrackPointExtension>
      <gpxtpx:hr>143</gpxtpx:hr>
      <gpxtpx:cad>51</gpxtpx:cad>
     </gpxtpx:TrackPointExtension>
    </extensions>
   </trkpt>
   <trkpt lat="37.2543100" lon="-79.9486870">
    <ele>281.0</ele>
    <time>2026-04-08T10:06:31Z</time>
    <extensions>
     <power>98</power>
     <gpxtpx:TrackPointExtension>
      <gpxtpx:hr>142</gpxtpx:hr>
      <gpxtpx:cad>0</gpxtpx:cad>
     </gpxtpx:TrackPointExtension>
    </extensions>
   </trkpt>
   <trkpt lat="37.2543110" lon="-79.9486840">
    <ele>281.0</ele>
    <time>2026-04-08T10:06:32Z</time>
    <extensions>
     <power>0</power>
     <gpxtpx:TrackPointExtension>
      <gpxtpx:hr>142</gpxtpx:hr>
      <gpxtpx:cad>0</gpxtpx:cad>
     </gpxtpx:TrackPointExtension>
    </extensions>
   </trkpt>
   <trkpt lat="37.2543080" lon="-79.9486840">
    <ele>281.0</ele>
    <time>2026-04-08T10:06:33Z</time>
    <extensions>
     <power>0</power>
     <gpxtpx:TrackPointExtension>
      <gpxtpx:hr>142</gpxtpx:hr>
      <gpxtpx:cad>0</gpxtpx:cad>
     </gpxtpx:TrackPointExtension>
    </extensions>
   </trkpt>
   <trkpt lat="37.2542230" lon="-79.9487610">
    <ele>281.0</ele>
    <time>2026-04-08T10:06:50Z</time>
    <extensions>
     <gpxtpx:TrackPointExtension>
      <gpxtpx:hr>133</gpxtpx:hr>
      <gpxtpx:cad>0</gpxtpx:cad>
     </gpxtpx:TrackPointExtension>
    </extensions>
   </trkpt>
   <trkpt lat="37.2542030" lon="-79.9487810">
    <ele>281.0</ele>
    <time>2026-04-08T10:06:51Z</time>
    <extensions>
     <power>0</power>
     <gpxtpx:TrackPointExtension>
      <gpxtpx:hr>133</gpxtpx:hr>
      <gpxtpx:cad>79</gpxtpx:cad>
     </gpxtpx:TrackPointExtension>
    </extensions>
   </trkpt>
   <trkpt lat="37.2541800" lon="-79.9488000">
    <ele>281.1</ele>
    <time>2026-04-08T10:06:52Z</time>
    <extensions>
     <power>373</power>
     <gpxtpx:TrackPointExtension>
      <gpxtpx:hr>133</gpxtpx:hr>
      <gpxtpx:cad>79</gpxtpx:cad>
     </gpxtpx:TrackPointExtension>
    </extensions>
   </trkpt>
   <trkpt lat="37.2541580" lon="-79.9488190">
    <ele>281.1</ele>
    <time>2026-04-08T10:06:53Z</time>
    <extensions>
     <power>392</power>
     <gpxtpx:TrackPointExtension>
      <gpxtpx:hr>132</gpxtpx:hr>
      <gpxtpx:cad>82</gpxtpx:cad>
     </gpxtpx:TrackPointExtension>
    </extensions>
   </trkpt>
   <trkpt lat="37.2541350" lon="-79.9488320">
    <ele>281.2</ele>
    <time>2026-04-08T10:06:54Z</time>
    <extensions>
     <power>392</power>
     <gpxtpx:TrackPointExtension>
      <gpxtpx:hr>132</gpxtpx:hr>
      <gpxtpx:cad>82</gpxtpx:cad>
     </gpxtpx:TrackPointExtension>
    </extensions>
   </trkpt>
   <trkpt lat="37.2541090" lon="-79.9488420">
    <ele>281.2</ele>
    <time>2026-04-08T10:06:55Z</time>
    <extensions>
     <power>377</power>
     <gpxtpx:TrackPointExtension>
      <gpxtpx:hr>131</gpxtpx:hr>
      <gpxtpx:cad>83</gpxtpx:cad>
     </gpxtpx:TrackPointExtension>
    </extensions>
   </trkpt>
   <trkpt lat="37.2540840" lon="-79.9488520">
    <ele>281.3</ele>
    <time>2026-04-08T10:06:56Z</time>
    <extensions>
     <power>367</power>
     <gpxtpx:TrackPointExtension>
      <gpxtpx:hr>131</gpxtpx:hr>
      <gpxtpx:cad>83</gpxtpx:cad>
     </gpxtpx:TrackPointExtension>
    </extensions>
   </trkpt>
   <trkpt lat="37.2540600" lon="-79.9488610">
    <ele>281.3</ele>
    <time>2026-04-08T10:06:57Z</time>
    <extensions>
     <power>365</power>
     <gpxtpx:TrackPointExtension>
      <gpxtpx:hr>131</gpxtpx:hr>
      <gpxtpx:cad>83</gpxtpx:cad>
     </gpxtpx:TrackPointExtension>
    </extensions>
   </trkpt>
   <trkpt lat="37.2540350" lon="-79.9488720">
    <ele>281.4</ele>
    <time>2026-04-08T10:06:58Z</time>
    <extensions>
     <power>367</power>
     <gpxtpx:TrackPointExtension>
      <gpxtpx:hr>131</gpxtpx:hr>
      <gpxtpx:cad>83</gpxtpx:cad>
     </gpxtpx:TrackPointExtension>
    </extensions>
   </trkpt>
   <trkpt lat="37.2540130" lon="-79.9488820">
    <ele>281.5</ele>
    <time>2026-04-08T10:06:59Z</time>
    <extensions>
     <power>362</power>
     <gpxtpx:TrackPointExtension>
      <gpxtpx:hr>131</gpxtpx:hr>
      <gpxtpx:cad>83</gpxtpx:cad>
     </gpxtpx:TrackPointExtension>
    </extensions>
   </trkpt>
   <trkpt lat="37.2539880" lon="-79.9488950">
    <ele>281.5</ele>
    <time>2026-04-08T10:07:00Z</time>
    <extensions>
     <power>357</power>
     <gpxtpx:TrackPointExtension>
      <gpxtpx:hr>131</gpxtpx:hr>
      <gpxtpx:cad>83</gpxtpx:cad>
     </gpxtpx:TrackPointExtension>
    </extensions>
   </trkpt>
   <trkpt lat="37.2539650" lon="-79.9489100">
    <ele>281.6</ele>
    <time>2026-04-08T10:07:01Z</time>
    <extensions>
     <power>360</power>
     <gpxtpx:TrackPointExtension>
      <gpxtpx:hr>130</gpxtpx:hr>
      <gpxtpx:cad>83</gpxtpx:cad>
     </gpxtpx:TrackPointExtension>
    </extensions>
   </trkpt>
   <trkpt lat="37.2539400" lon="-79.9489230">
    <ele>281.6</ele>
    <time>2026-04-08T10:07:02Z</time>
    <extensions>
     <power>364</power>
     <gpxtpx:TrackPointExtension>
      <gpxtpx:hr>131</gpxtpx:hr>
      <gpxtpx:cad>84</gpxtpx:cad>
     </gpxtpx:TrackPointExtension>
    </extensions>
   </trkpt>
   <trkpt lat="37.2539140" lon="-79.9489380">
    <ele>281.7</ele>
    <time>2026-04-08T10:07:03Z</time>
    <extensions>
     <power>371</power>
     <gpxtpx:TrackPointExtension>
      <gpxtpx:hr>131</gpxtpx:hr>
      <gpxtpx:cad>84</gpxtpx:cad>
     </gpxtpx:TrackPointExtension>
    </extensions>
   </trkpt>
   <trkpt lat="37.2538860" lon="-79.9489520">
    <ele>281.8</ele>
    <time>2026-04-08T10:07:04Z</time>
    <extensions>
     <power>376</power>
     <gpxtpx:TrackPointExtension>
      <gpxtpx:hr>132</gpxtpx:hr>
      <gpxtpx:cad>84</gpxtpx:cad>
     </gpxtpx:TrackPointExtension>
    </extensions>
   </trkpt>
   <trkpt lat="37.2538570" lon="-79.9489660">
    <ele>281.8</ele>
    <time>2026-04-08T10:07:05Z</time>
    <extensions>
     <power>378</power>
     <gpxtpx:TrackPointExtension>
      <gpxtpx:hr>132</gpxtpx:hr>
      <gpxtpx:cad>84</gpxtpx:cad>
     </gpxtpx:TrackPointExtension>
    </extensions>
   </trkpt>
   <trkpt lat="37.2538300" lon="-79.9489820">
    <ele>281.9</ele>
    <time>2026-04-08T10:07:06Z</time>
    <extensions>
     <power>396</power>
     <gpxtpx:TrackPointExtension>
      <gpxtpx:hr>132</gpxtpx:hr>
      <gpxtpx:cad>84</gpxtpx:cad>
     </gpxtpx:TrackPointExtension>
    </extensions>
   </trkpt>
   <trkpt lat="37.2538060" lon="-79.9490000">
    <ele>281.9</ele>
    <time>2026-04-08T10:07:07Z</time>
    <extensions>
     <power>407</power>
     <gpxtpx:TrackPointExtension>
      <gpxtpx:hr>131</gpxtpx:hr>
      <gpxtpx:cad>84</gpxtpx:cad>
     </gpxtpx:TrackPointExtension>
    </extensions>
   </trkpt>
   <trkpt lat="37.2537900" lon="-79.9490250">
    <ele>282.0</ele>
    <time>2026-04-08T10:07:08Z</time>
    <extensions>
     <power>420</power>
     <gpxtpx:TrackPointExtension>
      <gpxtpx:hr>132</gpxtpx:hr>
      <gpxtpx:cad>84</gpxtpx:cad>
     </gpxtpx:TrackPointExtension>
    </extensions>
   </trkpt>
   <trkpt lat="37.2537780" lon="-79.9490540">
    <ele>282.1</ele>
    <time>2026-04-08T10:07:09Z</time>
    <extensions>
     <power>425</power>
     <gpxtpx:TrackPointExtension>
      <gpxtpx:hr>132</gpxtpx:hr>
      <gpxtpx:cad>84</gpxtpx:cad>
     </gpxtpx:TrackPointExtension>
    </extensions>
   </trkpt>
   <trkpt lat="37.2537710" lon="-79.9490860">
    <ele>282.1</ele>
    <time>2026-04-08T10:07:10Z</time>
    <extensions>
     <power>421</power>
     <gpxtpx:TrackPointExtension>
      <gpxtpx:hr>132</gpxtpx:hr>
      <gpxtpx:cad>83</gpxtpx:cad>
     </gpxtpx:TrackPointExtension>
    </extensions>
   </trkpt>
   <trkpt lat="37.2537600" lon="-79.9491210">
    <ele>282.2</ele>
    <time>2026-04-08T10:07:11Z</time>
    <extensions>
     <power>403</power>
     <gpxtpx:TrackPointExtension>
      <gpxtpx:hr>132</gpxtpx:hr>
      <gpxtpx:cad>83</gpxtpx:cad>
     </gpxtpx:TrackPointExtension>
    </extensions>
   </trkpt>
   <trkpt lat="37.2537410" lon="-79.9491460">
    <ele>282.2</ele>
    <time>2026-04-08T10:07:12Z</time>
    <extensions>
     <power>397</power>
     <gpxtpx:TrackPointExtension>
      <gpxtpx:hr>132</gpxtpx:hr>
      <gpxtpx:cad>82</gpxtpx:cad>
     </gpxtpx:TrackPointExtension>
    </extensions>
   </trkpt>
   <trkpt lat="37.2537160" lon="-79.9491610">
    <ele>282.3</ele>
    <time>2026-04-08T10:07:13Z</time>
    <extensions>
     <power>393</power>
     <gpxtpx:TrackPointExtension>
      <gpxtpx:hr>132</gpxtpx:hr>
      <gpxtpx:cad>82</gpxtpx:cad>
     </gpxtpx:TrackPointExtension>
    </extensions>
   </trkpt>
   <trkpt lat="37.2536900" lon="-79.9491720">
    <ele>282.3</ele>
    <time>2026-04-08T10:07:14Z</time>
    <extensions>
     <power>390</power>
     <gpxtpx:TrackPointExtension>
      <gpxtpx:hr>133</gpxtpx:hr>
      <gpxtpx:cad>82</gpxtpx:cad>
     </gpxtpx:TrackPointExtension>
    </extensions>
   </trkpt>
   <trkpt lat="37.2536640" lon="-79.9491830">
    <ele>282.4</ele>
    <time>2026-04-08T10:07:15Z</time>
    <extensions>
     <power>387</power>
     <gpxtpx:TrackPointExtension>
      <gpxtpx:hr>132</gpxtpx:hr>
      <gpxtpx:cad>82</gpxtpx:cad>
     </gpxtpx:TrackPointExtension>
    </extensions>
   </trkpt>
   <trkpt lat="37.2536360" lon="-79.9491950">
    <ele>282.5</ele>
    <time>2026-04-08T10:07:16Z</time>
    <extensions>
     <power>390</power>
     <gpxtpx:TrackPointExtension>
      <gpxtpx:hr>132</gpxtpx:hr>
      <gpxtpx:cad>83</gpxtpx:cad>
     </gpxtpx:TrackPointExtension>
    </extensions>
   </trkpt>
   <trkpt lat="37.2536100" lon="-79.9492060">
    <ele>282.5</ele>
    <time>2026-04-08T10:07:17Z</time>
    <extensions>
     <power>388</power>
     <gpxtpx:TrackPointExtension>
      <gpxtpx:hr>131</gpxtpx:hr>
      <gpxtpx:cad>83</gpxtpx:cad>
     </gpxtpx:TrackPointExtension>
    </extensions>
   </trkpt>
   <trkpt lat="37.2535800" lon="-79.9492220">
    <ele>282.6</ele>
    <time>2026-04-08T10:07:18Z</time>
    <extensions>
     <power>386</power>
     <gpxtpx:TrackPointExtension>
      <gpxtpx:hr>131</gpxtpx:hr>
      <gpxtpx:cad>83</gpxtpx:cad>
     </gpxtpx:TrackPointExtension>
    </extensions>
   </trkpt>
   <trkpt lat="37.2535540" lon="-79.9492380">
    <ele>282.7</ele>
    <time>2026-04-08T10:07:19Z</time>
    <extensions>
     <power>398</power>
     <gpxtpx:TrackPointExtension>
      <gpxtpx:hr>132</gpxtpx:hr>
      <gpxtpx:cad>83</gpxtpx:cad>
     </gpxtpx:TrackPointExtension>
    </extensions>
   </trkpt>
   <trkpt lat="37.2535280" lon="-79.9492500">
    <ele>282.7</ele>
    <time>2026-04-08T10:07:20Z</time>
    <extensions>
     <power>407</power>
     <gpxtpx:TrackPointExtension>
      <gpxtpx:hr>132</gpxtpx:hr>
      <gpxtpx:cad>83</gpxtpx:cad>
     </gpxtpx:TrackPointExtension>
    </extensions>
   </trkpt>
   <trkpt lat="37.2535030" lon="-79.9492660">
    <ele>282.8</ele>
    <time>2026-04-08T10:07:21Z</time>
    <extensions>
     <power>408</power>
     <gpxtpx:TrackPointExtension>
      <gpxtpx:hr>133</gpxtpx:hr>
      <gpxtpx:cad>83</gpxtpx:cad>
     </gpxtpx:TrackPointExtension>
    </extensions>
   </trkpt>
   <trkpt lat="37.2534800" lon="-79.9492780">
    <ele>282.8</ele>
    <time>2026-04-08T10:07:22Z</time>
    <extensions>
     <power>401</power>
     <gpxtpx:TrackPointExtension>
      <gpxtpx:hr>134</gpxtpx:hr>
      <gpxtpx:cad>83</gpxtpx:cad>
     </gpxtpx:TrackPointExtension>
    </extensions>
   </trkpt>
   <trkpt lat="37.2534640" lon="-79.9492930">
    <ele>282.9</ele>
    <time>2026-04-08T10:07:23Z</time>
    <extensions>
     <power>396</power>
     <gpxtpx:TrackPointExtension>
      <gpxtpx:hr>134</gpxtpx:hr>
      <gpxtpx:cad>83</gpxtpx:cad>
     </gpxtpx:TrackPointExtension>
    </extensions>
   </trkpt>
   <trkpt lat="37.2534510" lon="-79.9493070">
    <ele>282.9</ele>
    <time>2026-04-08T10:07:24Z</time>
    <extensions>
     <power>381</power>
     <gpxtpx:TrackPointExtension>
      <gpxtpx:hr>135</gpxtpx:hr>
      <gpxtpx:cad>83</gpxtpx:cad>
     </gpxtpx:TrackPointExtension>
    </extensions>
   </trkpt>
   <trkpt lat="37.2534420" lon="-79.9493200">
    <ele>282.9</ele>
    <time>2026-04-08T10:07:25Z</time>
    <extensions>
     <power>376</power>
     <gpxtpx:TrackPointExtension>
      <gpxtpx:hr>135</gpxtpx:hr>
      <gpxtpx:cad>83</gpxtpx:cad>
     </gpxtpx:TrackPointExtension>
    </extensions>
   </trkpt>
   <trkpt lat="37.2534380" lon="-79.9493300">
    <ele>283.0</ele>
    <time>2026-04-08T10:07:26Z</time>
    <extensions>
     <power>373</power>
     <gpxtpx:TrackPointExtension>
      <gpxtpx:hr>136</gpxtpx:hr>
      <gpxtpx:cad>82</gpxtpx:cad>
     </gpxtpx:TrackPointExtension>
    </extensions>
   </trkpt>
   <trkpt lat="37.2534290" lon="-79.9493410">
    <ele>283.0</ele>
    <time>2026-04-08T10:07:27Z</time>
    <extensions>
     <power>372</power>
     <gpxtpx:TrackPointExtension>
      <gpxtpx:hr>136</gpxtpx:hr>
      <gpxtpx:cad>82</gpxtpx:cad>
     </gpxtpx:TrackPointExtension>
    </extensions>
   </trkpt>
   <trkpt lat="37.2534200" lon="-79.9493480">
    <ele>283.0</ele>
    <time>2026-04-08T10:07:28Z</time>
    <extensions>
     <power>368</power>
     <gpxtpx:TrackPointExtension>
      <gpxtpx:hr>136</gpxtpx:hr>
      <gpxtpx:cad>82</gpxtpx:cad>
     </gpxtpx:TrackPointExtension>
    </extensions>
   </trkpt>
   <trkpt lat="37.2534120" lon="-79.9493530">
    <ele>283.0</ele>
    <time>2026-04-08T10:07:29Z</time>
    <extensions>
     <power>365</power>
     <gpxtpx:TrackPointExtension>
      <gpxtpx:hr>136</gpxtpx:hr>
      <gpxtpx:cad>82</gpxtpx:cad>
     </gpxtpx:TrackPointExtension>
    </extensions>
   </trkpt>
   <trkpt lat="37.2534040" lon="-79.9493600">
    <ele>283.0</ele>
    <time>2026-04-08T10:07:30Z</time>
    <extensions>
     <power>364</power>
     <gpxtpx:TrackPointExtension>
      <gpxtpx:hr>136</gpxtpx:hr>
      <gpxtpx:cad>82</gpxtpx:cad>
     </gpxtpx:TrackPointExtension>
    </extensions>
   </trkpt>
   <trkpt lat="37.2533970" lon="-79.9493650">
    <ele>283.1</ele>
    <time>2026-04-08T10:07:31Z</time>
    <extensions>
     <power>357</power>
     <gpxtpx:TrackPointExtension>
      <gpxtpx:hr>136</gpxtpx:hr>
      <gpxtpx:cad>82</gpxtpx:cad>
     </gpxtpx:TrackPointExtension>
    </extensions>
   </trkpt>
   <trkpt lat="37.2533930" lon="-79.9493710">
    <ele>283.1</ele>
    <time>2026-04-08T10:07:32Z</time>
    <extensions>
     <power>353</power>
     <gpxtpx:TrackPointExtension>
      <gpxtpx:hr>136</gpxtpx:hr>
      <gpxtpx:cad>82</gpxtpx:cad>
     </gpxtpx:TrackPointExtension>
    </extensions>
   </trkpt>
   <trkpt lat="37.2533940" lon="-79.9493810">
    <ele>283.1</ele>
    <time>2026-04-08T10:07:33Z</time>
    <extensions>
     <power>149</power>
     <gpxtpx:TrackPointExtension>
      <gpxtpx:hr>137</gpxtpx:hr>
      <gpxtpx:cad>0</gpxtpx:cad>
     </gpxtpx:TrackPointExtension>
    </extensions>
   </trkpt>
   <trkpt lat="37.2533980" lon="-79.9493910">
    <ele>283.1</ele>
    <time>2026-04-08T10:07:34Z</time>
    <extensions>
     <power>0</power>
     <gpxtpx:TrackPointExtension>
      <gpxtpx:hr>136</gpxtpx:hr>
      <gpxtpx:cad>0</gpxtpx:cad>
     </gpxtpx:TrackPointExtension>
    </extensions>
   </trkpt>
   <trkpt lat="37.2533970" lon="-79.9493920">
    <ele>283.1</ele>
    <time>2026-04-08T10:07:35Z</time>
    <extensions>
     <power>0</power>
     <gpxtpx:TrackPointExtension>
      <gpxtpx:hr>136</gpxtpx:hr>
      <gpxtpx:cad>0</gpxtpx:cad>
     </gpxtpx:TrackPointExtension>
    </extensions>
   </trkpt>
   <trkpt lat="37.2533980" lon="-79.9493950">
    <ele>283.1</ele>
    <time>2026-04-08T10:07:36Z</time>
    <extensions>
     <power>0</power>
     <gpxtpx:TrackPointExtension>
      <gpxtpx:hr>136</gpxtpx:hr>
      <gpxtpx:cad>0</gpxtpx:cad>
     </gpxtpx:TrackPointExtension>
    </extensions>
   </trkpt>
   <trkpt lat="37.2533980" lon="-79.9493950">
    <ele>283.1</ele>
    <time>2026-04-08T10:07:37Z</time>
    <extensions>
     <power>0</power>
     <gpxtpx:TrackPointExtension>
      <gpxtpx:hr>137</gpxtpx:hr>
      <gpxtpx:cad>0</gpxtpx:cad>
     </gpxtpx:TrackPointExtension>
    </extensions>
   </trkpt>
   <trkpt lat="37.2533950" lon="-79.9493960">
    <ele>283.1</ele>
    <time>2026-04-08T10:07:38Z</time>
    <extensions>
     <power>0</power>
     <gpxtpx:TrackPointExtension>
      <gpxtpx:hr>137</gpxtpx:hr>
      <gpxtpx:cad>0</gpxtpx:cad>
     </gpxtpx:TrackPointExtension>
    </extensions>
   </trkpt>
   <trkpt lat="37.2533970" lon="-79.9493840">
    <ele>283.2</ele>
    <time>2026-04-08T10:08:43Z</time>
    <extensions>
     <gpxtpx:TrackPointExtension>
      <gpxtpx:hr>112</gpxtpx:hr>
      <gpxtpx:cad>62</gpxtpx:cad>
     </gpxtpx:TrackPointExtension>
    </extensions>
   </trkpt>
   <trkpt lat="37.2534150" lon="-79.9493730">
    <ele>283.2</ele>
    <time>2026-04-08T10:08:44Z</time>
    <extensions>
     <power>195</power>
     <gpxtpx:TrackPointExtension>
      <gpxtpx:hr>110</gpxtpx:hr>
      <gpxtpx:cad>62</gpxtpx:cad>
     </gpxtpx:TrackPointExtension>
    </extensions>
   </trkpt>
   <trkpt lat="37.2534300" lon="-79.9493640">
    <ele>283.2</ele>
    <time>2026-04-08T10:08:45Z</time>
    <extensions>
     <power>252</power>
     <gpxtpx:TrackPointExtension>
      <gpxtpx:hr>108</gpxtpx:hr>
      <gpxtpx:cad>62</gpxtpx:cad>
     </gpxtpx:TrackPointExtension>
    </extensions>
   </trkpt>
   <trkpt lat="37.2534430" lon="-79.9493550">
    <ele>283.3</ele>
    <time>2026-04-08T10:08:46Z</time>
    <extensions>
     <power>208</power>
     <gpxtpx:TrackPointExtension>
      <gpxtpx:hr>108</gpxtpx:hr>
      <gpxtpx:cad>60</gpxtpx:cad>
     </gpxtpx:TrackPointExtension>
    </extensions>
   </trkpt>
   <trkpt lat="37.2534580" lon="-79.9493420">
    <ele>283.3</ele>
    <time>2026-04-08T10:08:47Z</time>
    <extensions>
     <power>205</power>
     <gpxtpx:TrackPointExtension>
      <gpxtpx:hr>108</gpxtpx:hr>
      <gpxtpx:cad>61</gpxtpx:cad>
     </gpxtpx:TrackPointExtension>
    </extensions>
   </trkpt>
   <trkpt lat="37.2534720" lon="-79.9493280">
    <ele>283.3</ele>
    <time>2026-04-08T10:08:48Z</time>
    <extensions>
     <power>206</power>
     <gpxtpx:TrackPointExtension>
      <gpxtpx:hr>108</gpxtpx:hr>
      <gpxtpx:cad>64</gpxtpx:cad>
     </gpxtpx:TrackPointExtension>
    </extensions>
   </trkpt>
   <trkpt lat="37.2534850" lon="-79.9493150">
    <ele>283.4</ele>
    <time>2026-04-08T10:08:49Z</time>
    <extensions>
     <power>201</power>
     <gpxtpx:TrackPointExtension>
      <gpxtpx:hr>108</gpxtpx:hr>
      <gpxtpx:cad>64</gpxtpx:cad>
     </gpxtpx:TrackPointExtension>
    </extensions>
   </trkpt>
   <trkpt lat="37.2534990" lon="-79.9493040">
    <ele>283.4</ele>
    <time>2026-04-08T10:08:50Z</time>
    <extensions>
     <power>216</power>
     <gpxtpx:TrackPointExtension>
      <gpxtpx:hr>108</gpxtpx:hr>
      <gpxtpx:cad>64</gpxtpx:cad>
     </gpxtpx:TrackPointExtension>
    </extensions>
   </trkpt>
   <trkpt lat="37.2535120" lon="-79.9492990">
    <ele>283.4</ele>
    <time>2026-04-08T10:08:51Z</time>
    <extensions>
     <power>212</power>
     <gpxtpx:TrackPointExtension>
      <gpxtpx:hr>108</gpxtpx:hr>
      <gpxtpx:cad>64</gpxtpx:cad>
     </gpxtpx:TrackPointExtension>
    </extensions>
   </trkpt>
   <trkpt lat="37.2535240" lon="-79.9492960">
    <ele>283.5</ele>
    <time>2026-04-08T10:08:52Z</time>
    <extensions>
     <power>195</power>
     <gpxtpx:TrackPointExtension>
      <gpxtpx:hr>108</gpxtpx:hr>
      <gpxtpx:cad>63</gpxtpx:cad>
     </gpxtpx:TrackPointExtension>
    </extensions>
   </trkpt>
   <trkpt lat="37.2535360" lon="-79.9492990">
    <ele>283.5</ele>
    <time>2026-04-08T10:08:53Z</time>
    <extensions>
     <power>179</power>
     <gpxtpx:TrackPointExtension>
      <gpxtpx:hr>108</gpxtpx:hr>
      <gpxtpx:cad>61</gpxtpx:cad>
     </gpxtpx:TrackPointExtension>
    </extensions>
   </trkpt>
   <trkpt lat="37.2535460" lon="-79.9493010">
    <ele>283.5</ele>
    <time>2026-04-08T10:08:54Z</time>
    <extensions>
     <power>152</power>
     <gpxtpx:TrackPointExtension>
      <gpxtpx:hr>109</gpxtpx:hr>
      <gpxtpx:cad>60</gpxtpx:cad>
     </gpxtpx:TrackPointExtension>
    </extensions>
   </trkpt>
   <trkpt lat="37.2535510" lon="-79.9493060">
    <ele>283.5</ele>
    <time>2026-04-08T10:08:55Z</time>
    <extensions>
     <power>148</power>
     <gpxtpx:TrackPointExtension>
      <gpxtpx:hr>109</gpxtpx:hr>
      <gpxtpx:cad>57</gpxtpx:cad>
     </gpxtpx:TrackPointExtension>
    </extensions>
   </trkpt>
   <trkpt lat="37.2535570" lon="-79.9493140">
    <ele>283.5</ele>
    <time>2026-04-08T10:08:56Z</time>
    <extensions>
     <power>134</power>
     <gpxtpx:TrackPointExtension>
      <gpxtpx:hr>110</gpxtpx:hr>
      <gpxtpx:cad>57</gpxtpx:cad>
     </gpxtpx:TrackPointExtension>
    </extensions>
   </trkpt>
   <trkpt lat="37.2535630" lon="-79.9493200">
    <ele>283.6</ele>
    <time>2026-04-08T10:08:57Z</time>
    <extensions>
     <power>127</power>
     <gpxtpx:TrackPointExtension>
      <gpxtpx:hr>110</gpxtpx:hr>
      <gpxtpx:cad>57</gpxtpx:cad>
     </gpxtpx:TrackPointExtension>
    </extensions>
   </trkpt>
   <trkpt lat="37.2535710" lon="-79.9493270">
    <ele>283.6</ele>
    <time>2026-04-08T10:08:58Z</time>
    <extensions>
     <power>117</power>
     <gpxtpx:TrackPointExtension>
      <gpxtpx:hr>110</gpxtpx:hr>
      <gpxtpx:cad>54</gpxtpx:cad>
     </gpxtpx:TrackPointExtension>
    </extensions>
   </trkpt>
   <trkpt lat="37.2535810" lon="-79.9493360">
    <ele>283.6</ele>
    <time>2026-04-08T10:08:59Z</time>
    <extensions>
     <power>95</power>
     <gpxtpx:TrackPointExtension>
      <gpxtpx:hr>110</gpxtpx:hr>
      <gpxtpx:cad>52</gpxtpx:cad>
     </gpxtpx:TrackPointExtension>
    </extensions>
   </trkpt>
   <trkpt lat="37.2535910" lon="-79.9493490">
    <ele>283.6</ele>
    <time>2026-04-08T10:09:00Z</time>
    <extensions>
     <power>93</power>
     <gpxtpx:TrackPointExtension>
      <gpxtpx:hr>111</gpxtpx:hr>
      <gpxtpx:cad>52</gpxtpx:cad>
     </gpxtpx:TrackPointExtension>
    </extensions>
   </trkpt>
   <trkpt lat="37.2536020" lon="-79.9493590">
    <ele>283.7</ele>
    <time>2026-04-08T10:09:01Z</time>
    <extensions>
     <power>112</power>
     <gpxtpx:TrackPointExtension>
      <gpxtpx:hr>110</gpxtpx:hr>
      <gpxtpx:cad>52</gpxtpx:cad>
     </gpxtpx:TrackPointExtension>
    </extensions>
   </trkpt>
   <trkpt lat="37.2536140" lon="-79.9493700">
    <ele>283.7</ele>
    <time>2026-04-08T10:09:02Z</time>
    <extensions>
     <power>139</power>
     <gpxtpx:TrackPointExtension>
      <gpxtpx:hr>110</gpxtpx:hr>
      <gpxtpx:cad>51</gpxtpx:cad>
     </gpxtpx:TrackPointExtension>
    </extensions>
   </trkpt>
   <trkpt lat="37.2536260" lon="-79.9493780">
    <ele>283.7</ele>
    <time>2026-04-08T10:09:03Z</time>
    <extensions>
     <power>156</power>
     <gpxtpx:TrackPointExtension>
      <gpxtpx:hr>110</gpxtpx:hr>
      <gpxtpx:cad>52</gpxtpx:cad>
     </gpxtpx:TrackPointExtension>
    </extensions>
   </trkpt>
   <trkpt lat="37.2536380" lon="-79.9493860">
    <ele>283.8</ele>
    <time>2026-04-08T10:09:04Z</time>
    <extensions>
     <power>166</power>
     <gpxtpx:TrackPointExtension>
      <gpxtpx:hr>110</gpxtpx:hr>
      <gpxtpx:cad>52</gpxtpx:cad>
     </gpxtpx:TrackPointExtension>
    </extensions>
   </trkpt>
   <trkpt lat="37.2536490" lon="-79.9493950">
    <ele>283.8</ele>
    <time>2026-04-08T10:09:05Z</time>
    <extensions>
     <power>164</power>
     <gpxtpx:TrackPointExtension>
      <gpxtpx:hr>110</gpxtpx:hr>
      <gpxtpx:cad>53</gpxtpx:cad>
     </gpxtpx:TrackPointExtension>
    </extensions>
   </trkpt>
   <trkpt lat="37.2536600" lon="-79.9494020">
    <ele>283.8</ele>
    <time>2026-04-08T10:09:06Z</time>
    <extensions>
     <power>162</power>
     <gpxtpx:TrackPointExtension>
      <gpxtpx:hr>110</gpxtpx:hr>
      <gpxtpx:cad>53</gpxtpx:cad>
     </gpxtpx:TrackPointExtension>
    </extensions>
   </trkpt>
   <trkpt lat="37.2536690" lon="-79.9494040">
    <ele>283.8</ele>
    <time>2026-04-08T10:09:07Z</time>
    <extensions>
     <power>166</power>
     <gpxtpx:TrackPointExtension>
      <gpxtpx:hr>110</gpxtpx:hr>
      <gpxtpx:cad>53</gpxtpx:cad>
     </gpxtpx:TrackPointExtension>
    </extensions>
   </trkpt>
   <trkpt lat="37.2536750" lon="-79.9494040">
    <ele>283.8</ele>
    <time>2026-04-08T10:09:08Z</time>
    <extensions>
     <power>163</power>
     <gpxtpx:TrackPointExtension>
      <gpxtpx:hr>110</gpxtpx:hr>
      <gpxtpx:cad>53</gpxtpx:cad>
     </gpxtpx:TrackPointExtension>
    </extensions>
   </trkpt>
   <trkpt lat="37.2536750" lon="-79.9494030">
    <ele>283.8</ele>
    <time>2026-04-08T10:09:09Z</time>
    <extensions>
     <power>139</power>
     <gpxtpx:TrackPointExtension>
      <gpxtpx:hr>110</gpxtpx:hr>
      <gpxtpx:cad>53</gpxtpx:cad>
     </gpxtpx:TrackPointExtension>
    </extensions>
   </trkpt>
   <trkpt lat="37.2536760" lon="-79.9494000">
    <ele>283.9</ele>
    <time>2026-04-08T10:09:10Z</time>
    <extensions>
     <power>123</power>
     <gpxtpx:TrackPointExtension>
      <gpxtpx:hr>109</gpxtpx:hr>
      <gpxtpx:cad>53</gpxtpx:cad>
     </gpxtpx:TrackPointExtension>
    </extensions>
   </trkpt>
   <trkpt lat="37.2536740" lon="-79.9494000">
    <ele>283.9</ele>
    <time>2026-04-08T10:09:11Z</time>
    <extensions>
     <power>117</power>
     <gpxtpx:TrackPointExtension>
      <gpxtpx:hr>108</gpxtpx:hr>
      <gpxtpx:cad>53</gpxtpx:cad>
     </gpxtpx:TrackPointExtension>
    </extensions>
   </trkpt>
   <trkpt lat="37.2536710" lon="-79.9493970">
    <ele>283.9</ele>
    <time>2026-04-08T10:09:12Z</time>
    <extensions>
     <power>122</power>
     <gpxtpx:TrackPointExtension>
      <gpxtpx:hr>108</gpxtpx:hr>
      <gpxtpx:cad>53</gpxtpx:cad>
     </gpxtpx:TrackPointExtension>
    </extensions>
   </trkpt>
   <trkpt lat="37.2536720" lon="-79.9493940">
    <ele>283.9</ele>
    <time>2026-04-08T10:09:13Z</time>
    <extensions>
     <power>125</power>
     <gpxtpx:TrackPointExtension>
      <gpxtpx:hr>108</gpxtpx:hr>
      <gpxtpx:cad>0</gpxtpx:cad>
     </gpxtpx:TrackPointExtension>
    </extensions>
   </trkpt>
   <trkpt lat="37.2536690" lon="-79.9494000">
    <ele>283.9</ele>
    <time>2026-04-08T10:09:14Z</time>
    <extensions>
     <power>0</power>
     <gpxtpx:TrackPointExtension>
      <gpxtpx:hr>108</gpxtpx:hr>
      <gpxtpx:cad>0</gpxtpx:cad>
     </gpxtpx:TrackPointExtension>
    </extensions>
   </trkpt>
   <trkpt lat="37.2536770" lon="-79.9493740">
    <ele>283.9</ele>
    <time>2026-04-08T10:10:56Z</time>
    <extensions>
     <gpxtpx:TrackPointExtension>
      <gpxtpx:hr>105</gpxtpx:hr>
      <gpxtpx:cad>79</gpxtpx:cad>
     </gpxtpx:TrackPointExtension>
    </extensions>
   </trkpt>
   <trkpt lat="37.2536810" lon="-79.9493740">
    <ele>283.9</ele>
    <time>2026-04-08T10:10:57Z</time>
    <extensions>
     <power>187</power>
     <gpxtpx:TrackPointExtension>
      <gpxtpx:hr>105</gpxtpx:hr>
      <gpxtpx:cad>79</gpxtpx:cad>
     </gpxtpx:TrackPointExtension>
    </extensions>
   </trkpt>
   <trkpt lat="37.2536830" lon="-79.9493730">
    <ele>283.9</ele>
    <time>2026-04-08T10:10:58Z</time>
    <extensions>
     <power>157</power>
     <gpxtpx:TrackPointExtension>
      <gpxtpx:hr>104</gpxtpx:hr>
      <gpxtpx:cad>79</gpxtpx:cad>
     </gpxtpx:TrackPointExtension>
    </extensions>
   </trkpt>
   <trkpt lat="37.2536790" lon="-79.9493730">
    <ele>284.0</ele>
    <time>2026-04-08T10:10:59Z</time>
    <extensions>
     <power>149</power>
     <gpxtpx:TrackPointExtension>
      <gpxtpx:hr>105</gpxtpx:hr>
      <gpxtpx:cad>79</gpxtpx:cad>
     </gpxtpx:TrackPointExtension>
    </extensions>
   </trkpt>
   <trkpt lat="37.2536800" lon="-79.9493740">
    <ele>284.0</ele>
    <time>2026-04-08T10:11:00Z</time>
    <extensions>
     <power>137</power>
     <gpxtpx:TrackPointExtension>
      <gpxtpx:hr>105</gpxtpx:hr>
      <gpxtpx:cad>79</gpxtpx:cad>
     </gpxtpx:TrackPointExtension>
    </extensions>
   </trkpt>
   <trkpt lat="37.2536790" lon="-79.9493740">
    <ele>284.0</ele>
    <time>2026-04-08T10:11:01Z</time>
    <extensions>
     <power>139</power>
     <gpxtpx:TrackPointExtension>
      <gpxtpx:hr>105</gpxtpx:hr>
      <gpxtpx:cad>79</gpxtpx:cad>
     </gpxtpx:TrackPointExtension>
    </extensions>
   </trkpt>
   <trkpt lat="37.2536780" lon="-79.9493730">
    <ele>284.0</ele>
    <time>2026-04-08T10:11:02Z</time>
    <extensions>
     <power>138</power>
     <gpxtpx:TrackPointExtension>
      <gpxtpx:hr>105</gpxtpx:hr>
      <gpxtpx:cad>79</gpxtpx:cad>
     </gpxtpx:TrackPointExtension>
    </extensions>
   </trkpt>
   <trkpt lat="37.2536000" lon="-79.9493010">
    <ele>284.2</ele>
    <time>2026-04-08T10:13:36Z</time>
    <extensions>
     <gpxtpx:TrackPointExtension>
      <gpxtpx:hr>99</gpxtpx:hr>
      <gpxtpx:cad>53</gpxtpx:cad>
     </gpxtpx:TrackPointExtension>
    </extensions>
   </trkpt>
   <trkpt lat="37.2535960" lon="-79.9492980">
    <ele>284.2</ele>
    <time>2026-04-08T10:13:37Z</time>
    <extensions>
     <power>158</power>
     <gpxtpx:TrackPointExtension>
      <gpxtpx:hr>99</gpxtpx:hr>
      <gpxtpx:cad>54</gpxtpx:cad>
     </gpxtpx:TrackPointExtension>
    </extensions>
   </trkpt>
   <trkpt lat="37.2535900" lon="-79.9492930">
    <ele>284.2</ele>
    <time>2026-04-08T10:13:38Z</time>
    <extensions>
     <power>123</power>
     <gpxtpx:TrackPointExtension>
      <gpxtpx:hr>99</gpxtpx:hr>
      <gpxtpx:cad>54</gpxtpx:cad>
     </gpxtpx:TrackPointExtension>
    </extensions>
   </trkpt>
   <trkpt lat="37.2535820" lon="-79.9492810">
    <ele>284.2</ele>
    <time>2026-04-08T10:13:39Z</time>
    <extensions>
     <power>121</power>
     <gpxtpx:TrackPointExtension>
      <gpxtpx:hr>99</gpxtpx:hr>
      <gpxtpx:cad>54</gpxtpx:cad>
     </gpxtpx:TrackPointExtension>
    </extensions>
   </trkpt>
   <trkpt lat="37.2535730" lon="-79.9492690">
    <ele>284.2</ele>
    <time>2026-04-08T10:13:40Z</time>
    <extensions>
     <power>133</power>
     <gpxtpx:TrackPointExtension>
      <gpxtpx:hr>98</gpxtpx:hr>
      <gpxtpx:cad>57</gpxtpx:cad>
     </gpxtpx:TrackPointExtension>
    </extensions>
   </trkpt>
   <trkpt lat="37.2535580" lon="-79.9492650">
    <ele>284.3</ele>
    <time>2026-04-08T10:13:41Z</time>
    <extensions>
     <power>137</power>
     <gpxtpx:TrackPointExtension>
      <gpxtpx:hr>98</gpxtpx:hr>
      <gpxtpx:cad>57</gpxtpx:cad>
     </gpxtpx:TrackPointExtension>
    </extensions>
   </trkpt>
   <trkpt lat="37.2535400" lon="-79.9492650">
    <ele>284.3</ele>
    <time>2026-04-08T10:13:42Z</time>
    <extensions>
     <power>148</power>
     <gpxtpx:TrackPointExtension>
      <gpxtpx:hr>98</gpxtpx:hr>
      <gpxtpx:cad>57</gpxtpx:cad>
     </gpxtpx:TrackPointExtension>
    </extensions>
   </trkpt>
   <trkpt lat="37.2535250" lon="-79.9492690">
    <ele>284.3</ele>
    <time>2026-04-08T10:13:43Z</time>
    <extensions>
     <power>155</power>
     <gpxtpx:TrackPointExtension>
      <gpxtpx:hr>98</gpxtpx:hr>
      <gpxtpx:cad>59</gpxtpx:cad>
     </gpxtpx:TrackPointExtension>
    </extensions>
   </trkpt>
   <trkpt lat="37.2535110" lon="-79.9492750">
    <ele>284.4</ele>
    <time>2026-04-08T10:13:44Z</time>
    <extensions>
     <power>159</power>
     <gpxtpx:TrackPointExtension>
      <gpxtpx:hr>98</gpxtpx:hr>
      <gpxtpx:cad>59</gpxtpx:cad>
     </gpxtpx:TrackPointExtension>
    </extensions>
   </trkpt>
   <trkpt lat="37.2534980" lon="-79.9492830">
    <ele>284.4</ele>
    <time>2026-04-08T10:13:45Z</time>
    <extensions>
     <power>165</power>
     <gpxtpx:TrackPointExtension>
      <gpxtpx:hr>98</gpxtpx:hr>
      <gpxtpx:cad>59</gpxtpx:cad>
     </gpxtpx:TrackPointExtension>
    </extensions>
   </trkpt>
   <trkpt lat="37.2534850" lon="-79.9492930">
    <ele>284.4</ele>
    <time>2026-04-08T10:13:46Z</time>
    <extensions>
     <power>167</power>
     <gpxtpx:TrackPointExtension>
      <gpxtpx:hr>98</gpxtpx:hr>
      <gpxtpx:cad>61</gpxtpx:cad>
     </gpxtpx:TrackPointExtension>
    </extensions>
   </trkpt>
   <trkpt lat="37.2534710" lon="-79.9493030">
    <ele>284.5</ele>
    <time>2026-04-08T10:13:47Z</time>
    <extensions>
     <power>168</power>
     <gpxtpx:TrackPointExtension>
      <gpxtpx:hr>99</gpxtpx:hr>
      <gpxtpx:cad>61</gpxtpx:cad>
     </gpxtpx:TrackPointExtension>
    </extensions>
   </trkpt>
   <trkpt lat="37.2534540" lon="-79.9493140">
    <ele>284.5</ele>
    <time>2026-04-08T10:13:48Z</time>
    <extensions>
     <power>162</power>
     <gpxtpx:TrackPointExtension>
      <gpxtpx:hr>99</gpxtpx:hr>
      <gpxtpx:cad>60</gpxtpx:cad>
     </gpxtpx:TrackPointExtension>
    </extensions>
   </trkpt>
   <trkpt lat="37.2534390" lon="-79.9493230">
    <ele>284.6</ele>
    <time>2026-04-08T10:13:49Z</time>
    <extensions>
     <power>159</power>
     <gpxtpx:TrackPointExtension>
      <gpxtpx:hr>99</gpxtpx:hr>
      <gpxtpx:cad>60</gpxtpx:cad>
     </gpxtpx:TrackPointExtension>
    </extensions>
   </trkpt>
   <trkpt lat="37.2534240" lon="-79.9493300">
    <ele>284.6</ele>
    <time>2026-04-08T10:13:50Z</time>
    <extensions>
     <power>162</power>
     <gpxtpx:TrackPointExtension>
      <gpxtpx:hr>100</gpxtpx:hr>
      <gpxtpx:cad>60</gpxtpx:cad>
     </gpxtpx:TrackPointExtension>
    </extensions>
   </trkpt>
   <trkpt lat="37.2534120" lon="-79.9493360">
    <ele>284.6</ele>
    <time>2026-04-08T10:13:51Z</time>
    <extensions>
     <power>161</power>
     <gpxtpx:TrackPointExtension>
      <gpxtpx:hr>100</gpxtpx:hr>
      <gpxtpx:cad>60</gpxtpx:cad>
     </gpxtpx:TrackPointExtension>
    </extensions>
   </trkpt>
   <trkpt lat="37.2534000" lon="-79.9493420">
    <ele>284.6</ele>
    <time>2026-04-08T10:13:52Z</time>
    <extensions>
     <power>157</power>
     <gpxtpx:TrackPointExtension>
      <gpxtpx:hr>101</gpxtpx:hr>
      <gpxtpx:cad>60</gpxtpx:cad>
     </gpxtpx:TrackPointExtension>
    </extensions>
   </trkpt>
   <trkpt lat="37.2533870" lon="-79.9493470">
    <ele>284.7</ele>
    <time>2026-04-08T10:13:53Z</time>
    <extensions>
     <power>152</power>
     <gpxtpx:TrackPointExtension>
      <gpxtpx:hr>101</gpxtpx:hr>
      <gpxtpx:cad>59</gpxtpx:cad>
     </gpxtpx:TrackPointExtension>
    </extensions>
   </trkpt>
   <trkpt lat="37.2533760" lon="-79.9493550">
    <ele>284.7</ele>
    <time>2026-04-08T10:13:54Z</time>
    <extensions>
     <power>142</power>
     <gpxtpx:TrackPointExtension>
      <gpxtpx:hr>102</gpxtpx:hr>
      <gpxtpx:cad>59</gpxtpx:cad>
     </gpxtpx:TrackPointExtension>
    </extensions>
   </trkpt>
   <trkpt lat="37.2533630" lon="-79.9493620">
    <ele>284.7</ele>
    <time>2026-04-08T10:13:55Z</time>
    <extensions>
     <power>137</power>
     <gpxtpx:TrackPointExtension>
      <gpxtpx:hr>102</gpxtpx:hr>
      <gpxtpx:cad>59</gpxtpx:cad>
     </gpxtpx:TrackPointExtension>
    </extensions>
   </trkpt>
   <trkpt lat="37.2533520" lon="-79.9493680">
    <ele>284.7</ele>
    <time>2026-04-08T10:13:56Z</time>
    <extensions>
     <power>132</power>
     <gpxtpx:TrackPointExtension>
      <gpxtpx:hr>103</gpxtpx:hr>
      <gpxtpx:cad>59</gpxtpx:cad>
     </gpxtpx:TrackPointExtension>
    </extensions>
   </trkpt>
   <trkpt lat="37.2533410" lon="-79.9493760">
    <ele>284.7</ele>
    <time>2026-04-08T10:13:57Z</time>
    <extensions>
     <power>129</power>
     <gpxtpx:TrackPointExtension>
      <gpxtpx:hr>103</gpxtpx:hr>
      <gpxtpx:cad>59</gpxtpx:cad>
     </gpxtpx:TrackPointExtension>
    </extensions>
   </trkpt>
   <trkpt lat="37.2533330" lon="-79.9493840">
    <ele>284.7</ele>
    <time>2026-04-08T10:13:58Z</time>
    <extensions>
     <power>127</power>
     <gpxtpx:TrackPointExtension>
      <gpxtpx:hr>104</gpxtpx:hr>
      <gpxtpx:cad>58</gpxtpx:cad>
     </gpxtpx:TrackPointExtension>
    </extensions>
   </trkpt>
   <trkpt lat="37.2533250" lon="-79.9493920">
    <ele>284.8</ele>
    <time>2026-04-08T10:13:59Z</time>
    <extensions>
     <power>123</power>
     <gpxtpx:TrackPointExtension>
      <gpxtpx:hr>104</gpxtpx:hr>
      <gpxtpx:cad>58</gpxtpx:cad>
     </gpxtpx:TrackPointExtension>
    </extensions>
   </trkpt>
   <trkpt lat="37.2533140" lon="-79.9493990">
    <ele>284.8</ele>
    <time>2026-04-08T10:14:00Z</time>
    <extensions>
     <power>122</power>
     <gpxtpx:TrackPointExtension>
      <gpxtpx:hr>105</gpxtpx:hr>
      <gpxtpx:cad>57</gpxtpx:cad>
     </gpxtpx:TrackPointExtension>
    </extensions>
   </trkpt>
   <trkpt lat="37.2533040" lon="-79.9494090">
    <ele>284.8</ele>
    <time>2026-04-08T10:14:01Z</time>
    <extensions>
     <power>121</power>
     <gpxtpx:TrackPointExtension>
      <gpxtpx:hr>105</gpxtpx:hr>
      <gpxtpx:cad>0</gpxtpx:cad>
     </gpxtpx:TrackPointExtension>
    </extensions>
   </trkpt>
   <trkpt lat="37.2533010" lon="-79.9494120">
    <ele>284.8</ele>
    <time>2026-04-08T10:14:02Z</time>
    <extensions>
     <power>0</power>
     <gpxtpx:TrackPointExtension>
      <gpxtpx:hr>105</gpxtpx:hr>
      <gpxtpx:cad>0</gpxtpx:cad>
     </gpxtpx:TrackPointExtension>
    </extensions>
   </trkpt>
   <trkpt lat="37.2533050" lon="-79.9494080">
    <ele>284.8</ele>
    <time>2026-04-08T10:14:03Z</time>
    <extensions>
     <power>0</power>
     <gpxtpx:TrackPointExtension>
      <gpxtpx:hr>105</gpxtpx:hr>
      <gpxtpx:cad>0</gpxtpx:cad>
     </gpxtpx:TrackPointExtension>
    </extensions>
   </trkpt>
   <trkpt lat="37.2533060" lon="-79.9494030">
    <ele>284.8</ele>
    <time>2026-04-08T10:14:04Z</time>
    <extensions>
     <power>0</power>
     <gpxtpx:TrackPointExtension>
      <gpxtpx:hr>105</gpxtpx:hr>
      <gpxtpx:cad>0</gpxtpx:cad>
     </gpxtpx:TrackPointExtension>
    </extensions>
   </trkpt>
   <trkpt lat="37.2532990" lon="-79.9494030">
    <ele>284.8</ele>
    <time>2026-04-08T10:14:05Z</time>
    <extensions>
     <power>0</power>
     <gpxtpx:TrackPointExtension>
      <gpxtpx:hr>105</gpxtpx:hr>
      <gpxtpx:cad>0</gpxtpx:cad>
     </gpxtpx:TrackPointExtension>
    </extensions>
   </trkpt>
  </trkseg>
 </trk>
</gpx>
