<?xml version="1.0" encoding="UTF-8"?>
<gpx creator="StravaGPX" version="1.1" xmlns="http://www.topografix.com/GPX/1/1" xmlns:xsi="http://www.w3.org/2001/XMLSchema-instance" xsi:schemaLocation="http://www.topografix.com/GPX/1/1 http://www.topografix.com/GPX/1/1/gpx.xsd http://www.garmin.com/xmlschemas/GpxExtensions/v3 http://www.garmin.com/xmlschemas/GpxExtensionsv3.xsd http://www.garmin.com/xmlschemas/TrackPointExtension/v1 http://www.garmin.com/xmlschemas/TrackPointExtensionv1.xsd" xmlns:gpxtpx="http://www.garmin.com/xmlschemas/TrackPointExtension/v1" xmlns:gpxx="http://www.garmin.com/xmlschemas/GpxExtensions/v3">
 <metadata>
  <time>2026-02-18T10:30:52Z</time>
 </metadata>
 <trk>
  <name>Morning Run</name>
  <type>running</type>
  <trkseg>
   <trkpt lat="37.2534290" lon="-79.9494430">
    <ele>276.8</ele>
    <time>2026-02-18T10:30:52Z</time>
    <extensions>
     <power>0</power>
     <gpxtpx:TrackPointExtension>
      <gpxtpx:hr>78</gpxtpx:hr>
      <gpxtpx:cad>0</gpxtpx:cad>
     </gpxtpx:TrackPointExtension>
    </extensions>
   </trkpt>
   <trkpt lat="37.2534200" lon="-79.9494730">
    <ele>276.8</ele>
    <time>2026-02-18T10:30:53Z</time>
    <extensions>
     <power>0</power>
     <gpxtpx:TrackPointExtension>
      <gpxtpx:hr>79</gpxtpx:hr>
      <gpxtpx:cad>0</gpxtpx:cad>
     </gpxtpx:TrackPointExtension>
    </extensions>
   </trkpt>
   <trkpt lat="37.2534310" lon="-79.9494850">
    <ele>276.8</ele>
    <time>2026-02-18T10:30:54Z</time>
    <extensions>
     <power>0</power>
     <gpxtpx:TrackPointExtension>
      <gpxtpx:hr>80</gpxtpx:hr>
      <gpxtpx:cad>0</gpxtpx:cad>
     </gpxtpx:TrackPointExtension>
    </extensions>
   </trkpt>
   <trkpt lat="37.2534460" lon="-79.9495070">
    <ele>276.8</ele>
    <time>2026-02-18T10:30:55Z</time>
    <extensions>
     <power>0</power>
     <gpxtpx:TrackPointExtension>
      <gpxtpx:hr>81</gpxtpx:hr>
      <gpxtpx:cad>0</gpxtpx:cad>
     </gpxtpx:TrackPointExtension>
    </extensions>
   </trkpt>
   <trkpt lat="37.2534690" lon="-79.9495190">
    <ele>276.8</ele>
    <time>2026-02-18T10:30:56Z</time>
    <extensions>
     <power>0</power>
     <gpxtpx:TrackPointExtension>
      <gpxtpx:hr>82</gpxtpx:hr>
      <gpxtpx:cad>0</gpxtpx:cad>
     </gpxtpx:TrackPointExtension>
    </extensions>
   </trkpt>
   <trkpt lat="37.2534800" lon="-79.9495480">
    <ele>276.8</ele>
    <time>2026-02-18T10:30:57Z</time>
    <extensions>
     <power>261</power>
     <gpxtpx:TrackPointExtension>
      <gpxtpx:hr>82</gpxtpx:hr>
      <gpxtpx:cad>85</gpxtpx:cad>
     </gpxtpx:TrackPointExtension>
    </extensions>
   </trkpt>
   <trkpt lat="37.2534960" lon="-79.9495700">
    <ele>276.8</ele>
    <time>2026-02-18T10:30:58Z</time>
    <extensions>
     <power>302</power>
     <gpxtpx:TrackPointExtension>
      <gpxtpx:hr>82</gpxtpx:hr>
      <gpxtpx:cad>87</gpxtpx:cad>
     </gpxtpx:TrackPointExtension>
    </extensions>
   </trkpt>
   <trkpt lat="37.2535140" lon="-79.9495930">
    <ele>276.8</ele>
    <time>2026-02-18T10:30:59Z</time>
    <extensions>
     <power>324</power>
     <gpxtpx:TrackPointExtension>
      <gpxtpx:hr>83</gpxtpx:hr>
      <gpxtpx:cad>88</gpxtpx:cad>
     </gpxtpx:TrackPointExtension>
    </extensions>
   </trkpt>
   <trkpt lat="37.2535340" lon="-79.9496130">
    <ele>276.8</ele>
    <time>2026-02-18T10:31:00Z</time>
    <extensions>
     <power>327</power>
     <gpxtpx:TrackPointExtension>
      <gpxtpx:hr>84</gpxtpx:hr>
      <gpxtpx:cad>88</gpxtpx:cad>
     </gpxtpx:TrackPointExtension>
    </extensions>
   </trkpt>
   <trkpt lat="37.2535410" lon="-79.9496400">
    <ele>276.8</ele>
    <time>2026-02-18T10:31:01Z</time>
    <extensions>
     <power>335</power>
     <gpxtpx:TrackPointExtension>
      <gpxtpx:hr>84</gpxtpx:hr>
      <gpxtpx:cad>89</gpxtpx:cad>
     </gpxtpx:TrackPointExtension>
    </extensions>
   </trkpt>
   <trkpt lat="37.2535530" lon="-79.9496690">
    <ele>276.8</ele>
    <time>2026-02-18T10:31:02Z</time>
    <extensions>
     <power>325</power>
     <gpxtpx:TrackPointExtension>
      <gpxtpx:hr>85</gpxtpx:hr>
      <gpxtpx:cad>89</gpxtpx:cad>
     </gpxtpx:TrackPointExtension>
    </extensions>
   </trkpt>
   <trkpt lat="37.2535590" lon="-79.9496950">
    <ele>276.8</ele>
    <time>2026-02-18T10:31:03Z</time>
    <extensions>
     <power>303</power>
     <gpxtpx:TrackPointExtension>
      <gpxtpx:hr>86</gpxtpx:hr>
      <gpxtpx:cad>87</gpxtpx:cad>
     </gpxtpx:TrackPointExtension>
    </extensions>
   </trkpt>
   <trkpt lat="37.2535770" lon="-79.9497230">
    <ele>277.0</ele>
    <time>2026-02-18T10:31:04Z</time>
    <extensions>
     <power>301</power>
     <gpxtpx:TrackPointExtension>
      <gpxtpx:hr>87</gpxtpx:hr>
      <gpxtpx:cad>87</gpxtpx:cad>
     </gpxtpx:TrackPointExtension>
    </extensions>
   </trkpt>
   <trkpt lat="37.2535850" lon="-79.9497460">
    <ele>277.0</ele>
    <time>2026-02-18T10:31:05Z</time>
    <extensions>
     <power>302</power>
     <gpxtpx:TrackPointExtension>
      <gpxtpx:hr>88</gpxtpx:hr>
      <gpxtpx:cad>87</gpxtpx:cad>
     </gpxtpx:TrackPointExtension>
    </extensions>
   </trkpt>
   <trkpt lat="37.2536030" lon="-79.9497740">
    <ele>277.0</ele>
    <time>2026-02-18T10:31:06Z</time>
    <extensions>
     <power>307</power>
     <gpxtpx:TrackPointExtension>
      <gpxtpx:hr>90</gpxtpx:hr>
      <gpxtpx:cad>87</gpxtpx:cad>
     </gpxtpx:TrackPointExtension>
    </extensions>
   </trkpt>
   <trkpt lat="37.2536170" lon="-79.9497960">
    <ele>277.0</ele>
    <time>2026-02-18T10:31:07Z</time>
    <extensions>
     <power>315</power>
     <gpxtpx:TrackPointExtension>
      <gpxtpx:hr>91</gpxtpx:hr>
      <gpxtpx:cad>87</gpxtpx:cad>
     </gpxtpx:TrackPointExtension>
    </extensions>
   </trkpt>
   <trkpt lat="37.2536400" lon="-79.9498230">
    <ele>277.0</ele>
    <time>2026-02-18T10:31:08Z</time>
    <extensions>
     <power>316</power>
     <gpxtpx:TrackPointExtension>
      <gpxtpx:hr>92</gpxtpx:hr>
      <gpxtpx:cad>87</gpxtpx:cad>
     </gpxtpx:TrackPointExtension>
    </extensions>
   </trkpt>
   <trkpt lat="37.2536550" lon="-79.9498410">
    <ele>277.0</ele>
    <time>2026-02-18T10:31:09Z</time>
    <extensions>
     <power>318</power>
     <gpxtpx:TrackPointExtension>
      <gpxtpx:hr>94</gpxtpx:hr>
      <gpxtpx:cad>87</gpxtpx:cad>
     </gpxtpx:TrackPointExtension>
    </extensions>
   </trkpt>
   <trkpt lat="37.2536720" lon="-79.9498680">
    <ele>277.0</ele>
    <time>2026-02-18T10:31:10Z</time>
    <extensions>
     <power>322</power>
     <gpxtpx:TrackPointExtension>
      <gpxtpx:hr>96</gpxtpx:hr>
      <gpxtpx:cad>88</gpxtpx:cad>
     </gpxtpx:TrackPointExtension>
    </extensions>
   </trkpt>
   <trkpt lat="37.2536880" lon="-79.9498920">
    <ele>277.0</ele>
    <time>2026-02-18T10:31:11Z</time>
    <extensions>
     <power>320</power>
     <gpxtpx:TrackPointExtension>
      <gpxtpx:hr>98</gpxtpx:hr>
      <gpxtpx:cad>89</gpxtpx:cad>
     </gpxtpx:TrackPointExtension>
    </extensions>
   </trkpt>
   <trkpt lat="37.2537040" lon="-79.9499170">
    <ele>277.2</ele>
    <time>2026-02-18T10:31:12Z</time>
    <extensions>
     <power>319</power>
     <gpxtpx:TrackPointExtension>
      <gpxtpx:hr>100</gpxtpx:hr>
      <gpxtpx:cad>89</gpxtpx:cad>
     </gpxtpx:TrackPointExtension>
    </extensions>
   </trkpt>
   <trkpt lat="37.2537180" lon="-79.9499430">
    <ele>277.2</ele>
    <time>2026-02-18T10:31:13Z</time>
    <extensions>
     <power>319</power>
     <gpxtpx:TrackPointExtension>
      <gpxtpx:hr>101</gpxtpx:hr>
      <gpxtpx:cad>89</gpxtpx:cad>
     </gpxtpx:TrackPointExtension>
    </extensions>
   </trkpt>
   <trkpt lat="37.2537300" lon="-79.9499710">
    <ele>277.2</ele>
    <time>2026-02-18T10:31:14Z</time>
    <extensions>
     <power>317</power>
     <gpxtpx:TrackPointExtension>
      <gpxtpx:hr>103</gpxtpx:hr>
      <gpxtpx:cad>87</gpxtpx:cad>
     </gpxtpx:TrackPointExtension>
    </extensions>
   </trkpt>
   <trkpt lat="37.2537440" lon="-79.9499960">
    <ele>277.2</ele>
    <time>2026-02-18T10:31:15Z</time>
    <extensions>
     <power>318</power>
     <gpxtpx:TrackPointExtension>
      <gpxtpx:hr>104</gpxtpx:hr>
      <gpxtpx:cad>87</gpxtpx:cad>
     </gpxtpx:TrackPointExtension>
    </extensions>
   </trkpt>
   <trkpt lat="37.2537550" lon="-79.9500240">
    <ele>277.2</ele>
    <time>2026-02-18T10:31:16Z</time>
    <extensions>
     <power>319</power>
     <gpxtpx:TrackPointExtension>
      <gpxtpx:hr>105</gpxtpx:hr>
      <gpxtpx:cad>88</gpxtpx:cad>
     </gpxtpx:TrackPointExtension>
    </extensions>
   </trkpt>
   <trkpt lat="37.2537710" lon="-79.9500530">
    <ele>277.2</ele>
    <time>2026-02-18T10:31:17Z</time>
    <extensions>
     <power>320</power>
     <gpxtpx:TrackPointExtension>
      <gpxtpx:hr>107</gpxtpx:hr>
      <gpxtpx:cad>90</gpxtpx:cad>
     </gpxtpx:TrackPointExtension>
    </extensions>
   </trkpt>
   <trkpt lat="37.2537810" lon="-79.9500780">
    <ele>277.4</ele>
    <time>2026-02-18T10:31:18Z</time>
    <extensions>
     <power>319</power>
     <gpxtpx:TrackPointExtension>
      <gpxtpx:hr>108</gpxtpx:hr>
      <gpxtpx:cad>90</gpxtpx:cad>
     </gpxtpx:TrackPointExtension>
    </extensions>
   </trkpt>
   <trkpt lat="37.2537950" lon="-79.9501030">
    <ele>277.4</ele>
    <time>2026-02-18T10:31:19Z</time>
    <extensions>
     <power>325</power>
     <gpxtpx:TrackPointExtension>
      <gpxtpx:hr>109</gpxtpx:hr>
      <gpxtpx:cad>90</gpxtpx:cad>
     </gpxtpx:TrackPointExtension>
    </extensions>
   </trkpt>
   <trkpt lat="37.2538030" lon="-79.9501270">
    <ele>277.4</ele>
    <time>2026-02-18T10:31:20Z</time>
    <extensions>
     <power>327</power>
     <gpxtpx:TrackPointExtension>
      <gpxtpx:hr>110</gpxtpx:hr>
      <gpxtpx:cad>90</gpxtpx:cad>
     </gpxtpx:TrackPointExtension>
    </extensions>
   </trkpt>
   <trkpt lat="37.2538170" lon="-79.9501590">
    <ele>277.6</ele>
    <time>2026-02-18T10:31:21Z</time>
    <extensions>
     <power>320</power>
     <gpxtpx:TrackPointExtension>
      <gpxtpx:hr>111</gpxtpx:hr>
      <gpxtpx:cad>88</gpxtpx:cad>
     </gpxtpx:TrackPointExtension>
    </extensions>
   </trkpt>
   <trkpt lat="37.2538280" lon="-79.9501840">
    <ele>277.6</ele>
    <time>2026-02-18T10:31:22Z</time>
    <extensions>
     <power>319</power>
     <gpxtpx:TrackPointExtension>
      <gpxtpx:hr>112</gpxtpx:hr>
      <gpxtpx:cad>89</gpxtpx:cad>
     </gpxtpx:TrackPointExtension>
    </extensions>
   </trkpt>
   <trkpt lat="37.2538440" lon="-79.9502150">
    <ele>277.6</ele>
    <time>2026-02-18T10:31:23Z</time>
    <extensions>
     <power>320</power>
     <gpxtpx:TrackPointExtension>
      <gpxtpx:hr>113</gpxtpx:hr>
      <gpxtpx:cad>89</gpxtpx:cad>
     </gpxtpx:TrackPointExtension>
    </extensions>
   </trkpt>
   <trkpt lat="37.2538510" lon="-79.9502390">
    <ele>277.8</ele>
    <time>2026-02-18T10:31:24Z</time>
    <extensions>
     <power>322</power>
     <gpxtpx:TrackPointExtension>
      <gpxtpx:hr>114</gpxtpx:hr>
      <gpxtpx:cad>89</gpxtpx:cad>
     </gpxtpx:TrackPointExtension>
    </extensions>
   </trkpt>
   <trkpt lat="37.2538690" lon="-79.9502730">
    <ele>277.8</ele>
    <time>2026-02-18T10:31:25Z</time>
    <extensions>
     <power>326</power>
     <gpxtpx:TrackPointExtension>
      <gpxtpx:hr>115</gpxtpx:hr>
      <gpxtpx:cad>88</gpxtpx:cad>
     </gpxtpx:TrackPointExtension>
    </extensions>
   </trkpt>
   <trkpt lat="37.2538810" lon="-79.9502920">
    <ele>277.8</ele>
    <time>2026-02-18T10:31:26Z</time>
    <extensions>
     <power>331</power>
     <gpxtpx:TrackPointExtension>
      <gpxtpx:hr>115</gpxtpx:hr>
      <gpxtpx:cad>87</gpxtpx:cad>
     </gpxtpx:TrackPointExtension>
    </extensions>
   </trkpt>
   <trkpt lat="37.2538980" lon="-79.9503200">
    <ele>277.8</ele>
    <time>2026-02-18T10:31:27Z</time>
    <extensions>
     <power>338</power>
     <gpxtpx:TrackPointExtension>
      <gpxtpx:hr>116</gpxtpx:hr>
      <gpxtpx:cad>87</gpxtpx:cad>
     </gpxtpx:TrackPointExtension>
    </extensions>
   </trkpt>
   <trkpt lat="37.2539010" lon="-79.9503460">
    <ele>278.0</ele>
    <time>2026-02-18T10:31:28Z</time>
    <extensions>
     <power>339</power>
     <gpxtpx:TrackPointExtension>
      <gpxtpx:hr>117</gpxtpx:hr>
      <gpxtpx:cad>88</gpxtpx:cad>
     </gpxtpx:TrackPointExtension>
    </extensions>
   </trkpt>
   <trkpt lat="37.2539160" lon="-79.9503780">
    <ele>278.0</ele>
    <time>2026-02-18T10:31:29Z</time>
    <extensions>
     <power>340</power>
     <gpxtpx:TrackPointExtension>
      <gpxtpx:hr>118</gpxtpx:hr>
      <gpxtpx:cad>89</gpxtpx:cad>
     </gpxtpx:TrackPointExtension>
    </extensions>
   </trkpt>
   <trkpt lat="37.2539250" lon="-79.9503990">
    <ele>278.2</ele>
    <time>2026-02-18T10:31:30Z</time>
    <extensions>
     <power>341</power>
     <gpxtpx:TrackPointExtension>
      <gpxtpx:hr>119</gpxtpx:hr>
      <gpxtpx:cad>89</gpxtpx:cad>
     </gpxtpx:TrackPointExtension>
    </extensions>
   </trkpt>
   <trkpt lat="37.2539410" lon="-79.9504270">
    <ele>278.2</ele>
    <time>2026-02-18T10:31:31Z</time>
    <extensions>
     <power>339</power>
     <gpxtpx:TrackPointExtension>
      <gpxtpx:hr>119</gpxtpx:hr>
      <gpxtpx:cad>90</gpxtpx:cad>
     </gpxtpx:TrackPointExtension>
    </extensions>
   </trkpt>
   <trkpt lat="37.2539520" lon="-79.9504470">
    <ele>278.2</ele>
    <time>2026-02-18T10:31:32Z</time>
    <extensions>
     <power>341</power>
     <gpxtpx:TrackPointExtension>
      <gpxtpx:hr>120</gpxtpx:hr>
      <gpxtpx:cad>90</gpxtpx:cad>
     </gpxtpx:TrackPointExtension>
    </extensions>
   </trkpt>
   <trkpt lat="37.2539660" lon="-79.9504740">
    <ele>278.2</ele>
    <time>2026-02-18T10:31:33Z</time>
    <extensions>
     <power>342</power>
     <gpxtpx:TrackPointExtension>
      <gpxtpx:hr>121</gpxtpx:hr>
      <gpxtpx:cad>89</gpxtpx:cad>
     </gpxtpx:TrackPointExtension>
    </extensions>
   </trkpt>
   <trkpt lat="37.2539780" lon="-79.9504980">
    <ele>278.2</ele>
    <time>2026-02-18T10:31:34Z</time>
    <extensions>
     <power>343</power>
     <gpxtpx:TrackPointExtension>
      <gpxtpx:hr>122</gpxtpx:hr>
      <gpxtpx:cad>89</gpxtpx:cad>
     </gpxtpx:TrackPointExtension>
    </extensions>
   </trkpt>
   <trkpt lat="37.2539900" lon="-79.9505240">
    <ele>278.2</ele>
    <time>2026-02-18T10:31:35Z</time>
    <extensions>
     <power>343</power>
     <gpxtpx:TrackPointExtension>
      <gpxtpx:hr>123</gpxtpx:hr>
      <gpxtpx:cad>89</gpxtpx:cad>
     </gpxtpx:TrackPointExtension>
    </extensions>
   </trkpt>
   <trkpt lat="37.2540030" lon="-79.9505530">
    <ele>278.4</ele>
    <time>2026-02-18T10:31:36Z</time>
    <extensions>
     <power>344</power>
     <gpxtpx:TrackPointExtension>
      <gpxtpx:hr>123</gpxtpx:hr>
      <gpxtpx:cad>89</gpxtpx:cad>
     </gpxtpx:TrackPointExtension>
    </extensions>
   </trkpt>
   <trkpt lat="37.2540170" lon="-79.9505790">
    <ele>278.4</ele>
    <time>2026-02-18T10:31:37Z</time>
    <extensions>
     <power>349</power>
     <gpxtpx:TrackPointExtension>
      <gpxtpx:hr>124</gpxtpx:hr>
      <gpxtpx:cad>89</gpxtpx:cad>
     </gpxtpx:TrackPointExtension>
    </extensions>
   </trkpt>
   <trkpt lat="37.2540350" lon="-79.9505990">
    <ele>278.6</ele>
    <time>2026-02-18T10:31:38Z</time>
    <extensions>
     <power>354</power>
     <gpxtpx:TrackPointExtension>
      <gpxtpx:hr>125</gpxtpx:hr>
      <gpxtpx:cad>88</gpxtpx:cad>
     </gpxtpx:TrackPointExtension>
    </extensions>
   </trkpt>
   <trkpt lat="37.2540540" lon="-79.9506150">
    <ele>278.6</ele>
    <time>2026-02-18T10:31:39Z</time>
    <extensions>
     <power>357</power>
     <gpxtpx:TrackPointExtension>
      <gpxtpx:hr>126</gpxtpx:hr>
      <gpxtpx:cad>88</gpxtpx:cad>
     </gpxtpx:TrackPointExtension>
    </extensions>
   </trkpt>
   <trkpt lat="37.2540760" lon="-79.9506190">
    <ele>278.6</ele>
    <time>2026-02-18T10:31:40Z</time>
    <extensions>
     <power>361</power>
     <gpxtpx:TrackPointExtension>
      <gpxtpx:hr>126</gpxtpx:hr>
      <gpxtpx:cad>87</gpxtpx:cad>
     </gpxtpx:TrackPointExtension>
    </extensions>
   </trkpt>
   <trkpt lat="37.2540950" lon="-79.9506210">
    <ele>278.8</ele>
    <time>2026-02-18T10:31:41Z</time>
    <extensions>
     <power>362</power>
     <gpxtpx:TrackPointExtension>
      <gpxtpx:hr>127</gpxtpx:hr>
      <gpxtpx:cad>87</gpxtpx:cad>
     </gpxtpx:TrackPointExtension>
    </extensions>
   </trkpt>
   <trkpt lat="37.2541130" lon="-79.9506030">
    <ele>278.8</ele>
    <time>2026-02-18T10:31:42Z</time>
    <extensions>
     <power>362</power>
     <gpxtpx:TrackPointExtension>
      <gpxtpx:hr>128</gpxtpx:hr>
      <gpxtpx:cad>87</gpxtpx:cad>
     </gpxtpx:TrackPointExtension>
    </extensions>
   </trkpt>
   <trkpt lat="37.2541300" lon="-79.9505930">
    <ele>278.8</ele>
    <time>2026-02-18T10:31:43Z</time>
    <extensions>
     <power>360</power>
     <gpxtpx:TrackPointExtension>
      <gpxtpx:hr>128</gpxtpx:hr>
      <gpxtpx:cad>87</gpxtpx:cad>
     </gpxtpx:TrackPointExtension>
    </extensions>
   </trkpt>
   <trkpt lat="37.2541480" lon="-79.9505720">
    <ele>278.8</ele>
    <time>2026-02-18T10:31:44Z</time>
    <extensions>
     <power>357</power>
     <gpxtpx:TrackPointExtension>
      <gpxtpx:hr>129</gpxtpx:hr>
      <gpxtpx:cad>87</gpxtpx:cad>
     </gpxtpx:TrackPointExtension>
    </extensions>
   </trkpt>
   <trkpt lat="37.2541650" lon="-79.9505590">
    <ele>278.8</ele>
    <time>2026-02-18T10:31:45Z</time>
    <extensions>
     <power>354</power>
     <gpxtpx:TrackPointExtension>
      <gpxtpx:hr>130</gpxtpx:hr>
      <gpxtpx:cad>87</gpxtpx:cad>
     </gpxtpx:TrackPointExtension>
    </extensions>
   </trkpt>
   <trkpt lat="37.2541850" lon="-79.9505410">
    <ele>278.8</ele>
    <time>2026-02-18T10:31:46Z</time>
    <extensions>
     <power>355</power>
     <gpxtpx:TrackPointExtension>
      <gpxtpx:hr>130</gpxtpx:hr>
      <gpxtpx:cad>87</gpxtpx:cad>
     </gpxtpx:TrackPointExtension>
    </extensions>
   </trkpt>
   <trkpt lat="37.2542030" lon="-79.9505300">
    <ele>279.0</ele>
    <time>2026-02-18T10:31:47Z</time>
    <extensions>
     <power>355</power>
     <gpxtpx:TrackPointExtension>
      <gpxtpx:hr>131</gpxtpx:hr>
      <gpxtpx:cad>89</gpxtpx:cad>
     </gpxtpx:TrackPointExtension>
    </extensions>
   </trkpt>
   <trkpt lat="37.2542250" lon="-79.9505080">
    <ele>279.0</ele>
    <time>2026-02-18T10:31:48Z</time>
    <extensions>
     <power>354</power>
     <gpxtpx:TrackPointExtension>
      <gpxtpx:hr>132</gpxtpx:hr>
      <gpxtpx:cad>89</gpxtpx:cad>
     </gpxtpx:TrackPointExtension>
    </extensions>
   </trkpt>
   <trkpt lat="37.2542410" lon="-79.9504950">
    <ele>279.2</ele>
    <time>2026-02-18T10:31:49Z</time>
    <extensions>
     <power>351</power>
     <gpxtpx:TrackPointExtension>
      <gpxtpx:hr>132</gpxtpx:hr>
      <gpxtpx:cad>90</gpxtpx:cad>
     </gpxtpx:TrackPointExtension>
    </extensions>
   </trkpt>
   <trkpt lat="37.2542630" lon="-79.9504750">
    <ele>279.2</ele>
    <time>2026-02-18T10:31:50Z</time>
    <extensions>
     <power>350</power>
     <gpxtpx:TrackPointExtension>
      <gpxtpx:hr>133</gpxtpx:hr>
      <gpxtpx:cad>90</gpxtpx:cad>
     </gpxtpx:TrackPointExtension>
    </extensions>
   </trkpt>
   <trkpt lat="37.2542780" lon="-79.9504610">
    <ele>279.4</ele>
    <time>2026-02-18T10:31:51Z</time>
    <extensions>
     <power>349</power>
     <gpxtpx:TrackPointExtension>
      <gpxtpx:hr>134</gpxtpx:hr>
      <gpxtpx:cad>89</gpxtpx:cad>
     </gpxtpx:TrackPointExtension>
    </extensions>
   </trkpt>
   <trkpt lat="37.2542980" lon="-79.9504430">
    <ele>279.4</ele>
    <time>2026-02-18T10:31:52Z</time>
    <extensions>
     <power>350</power>
     <gpxtpx:TrackPointExtension>
      <gpxtpx:hr>135</gpxtpx:hr>
      <gpxtpx:cad>88</gpxtpx:cad>
     </gpxtpx:TrackPointExtension>
    </extensions>
   </trkpt>
   <trkpt lat="37.2543150" lon="-79.9504240">
    <ele>279.6</ele>
    <time>2026-02-18T10:31:53Z</time>
    <extensions>
     <power>350</power>
     <gpxtpx:TrackPointExtension>
      <gpxtpx:hr>135</gpxtpx:hr>
      <gpxtpx:cad>89</gpxtpx:cad>
     </gpxtpx:TrackPointExtension>
    </extensions>
   </trkpt>
   <trkpt lat="37.2543310" lon="-79.9504100">
    <ele>279.6</ele>
    <time>2026-02-18T10:31:54Z</time>
    <extensions>
     <power>350</power>
     <gpxtpx:TrackPointExtension>
      <gpxtpx:hr>136</gpxtpx:hr>
      <gpxtpx:cad>89</gpxtpx:cad>
     </gpxtpx:TrackPointExtension>
    </extensions>
   </trkpt>
   <trkpt lat="37.2543450" lon="-79.9503870">
    <ele>279.8</ele>
    <time>2026-02-18T10:31:55Z</time>
    <extensions>
     <power>351</power>
     <gpxtpx:TrackPointExtension>
      <gpxtpx:hr>136</gpxtpx:hr>
      <gpxtpx:cad>89</gpxtpx:cad>
     </gpxtpx:TrackPointExtension>
    </extensions>
   </trkpt>
   <trkpt lat="37.2543610" lon="-79.9503750">
    <ele>279.8</ele>
    <time>2026-02-18T10:31:56Z</time>
    <extensions>
     <power>353</power>
     <gpxtpx:TrackPointExtension>
      <gpxtpx:hr>137</gpxtpx:hr>
      <gpxtpx:cad>89</gpxtpx:cad>
     </gpxtpx:TrackPointExtension>
    </extensions>
   </trkpt>
   <trkpt lat="37.2543750" lon="-79.9503500">
    <ele>280.0</ele>
    <time>2026-02-18T10:31:57Z</time>
    <extensions>
     <power>356</power>
     <gpxtpx:TrackPointExtension>
      <gpxtpx:hr>137</gpxtpx:hr>
      <gpxtpx:cad>86</gpxtpx:cad>
     </gpxtpx:TrackPointExtension>
    </extensions>
   </trkpt>
   <trkpt lat="37.2543860" lon="-79.9503350">
    <ele>280.0</ele>
    <time>2026-02-18T10:31:58Z</time>
    <extensions>
     <power>353</power>
     <gpxtpx:TrackPointExtension>
      <gpxtpx:hr>138</gpxtpx:hr>
      <gpxtpx:cad>87</gpxtpx:cad>
     </gpxtpx:TrackPointExtension>
    </extensions>
   </trkpt>
   <trkpt lat="37.2544050" lon="-79.9503100">
    <ele>280.0</ele>
    <time>2026-02-18T10:31:59Z</time>
    <extensions>
     <power>352</power>
     <gpxtpx:TrackPointExtension>
      <gpxtpx:hr>138</gpxtpx:hr>
      <gpxtpx:cad>87</gpxtpx:cad>
     </gpxtpx:TrackPointExtension>
    </extensions>
   </trkpt>
   <trkpt lat="37.2544220" lon="-79.9502890">
    <ele>280.2</ele>
    <time>2026-02-18T10:32:00Z</time>
    <extensions>
     <power>345</power>
     <gpxtpx:TrackPointExtension>
      <gpxtpx:hr>139</gpxtpx:hr>
      <gpxtpx:cad>87</gpxtpx:cad>
     </gpxtpx:TrackPointExtension>
    </extensions>
   </trkpt>
   <trkpt lat="37.2544400" lon="-79.9502650">
    <ele>280.2</ele>
    <time>2026-02-18T10:32:01Z</time>
    <extensions>
     <power>344</power>
     <gpxtpx:TrackPointExtension>
      <gpxtpx:hr>139</gpxtpx:hr>
      <gpxtpx:cad>88</gpxtpx:cad>
     </gpxtpx:TrackPointExtension>
    </extensions>
   </trkpt>
   <trkpt lat="37.2544560" lon="-79.9502470">
    <ele>280.2</ele>
    <time>2026-02-18T10:32:02Z</time>
    <extensions>
     <power>346</power>
     <gpxtpx:TrackPointExtension>
      <gpxtpx:hr>139</gpxtpx:hr>
      <gpxtpx:cad>88</gpxtpx:cad>
     </gpxtpx:TrackPointExtension>
    </extensions>
   </trkpt>
   <trkpt lat="37.2544750" lon="-79.9502280">
    <ele>280.2</ele>
    <time>2026-02-18T10:32:03Z</time>
    <extensions>
     <power>347</power>
     <gpxtpx:TrackPointExtension>
      <gpxtpx:hr>140</gpxtpx:hr>
      <gpxtpx:cad>87</gpxtpx:cad>
     </gpxtpx:TrackPointExtension>
    </extensions>
   </trkpt>
   <trkpt lat="37.2544910" lon="-79.9502090">
    <ele>280.4</ele>
    <time>2026-02-18T10:32:04Z</time>
    <extensions>
     <power>349</power>
     <gpxtpx:TrackPointExtension>
      <gpxtpx:hr>140</gpxtpx:hr>
      <gpxtpx:cad>87</gpxtpx:cad>
     </gpxtpx:TrackPointExtension>
    </extensions>
   </trkpt>
   <trkpt lat="37.2545090" lon="-79.9501950">
    <ele>280.4</ele>
    <time>2026-02-18T10:32:05Z</time>
    <extensions>
     <power>348</power>
     <gpxtpx:TrackPointExtension>
      <gpxtpx:hr>141</gpxtpx:hr>
      <gpxtpx:cad>88</gpxtpx:cad>
     </gpxtpx:TrackPointExtension>
    </extensions>
   </trkpt>
   <trkpt lat="37.2545260" lon="-79.9501770">
    <ele>280.4</ele>
    <time>2026-02-18T10:32:06Z</time>
    <extensions>
     <power>346</power>
     <gpxtpx:TrackPointExtension>
      <gpxtpx:hr>141</gpxtpx:hr>
      <gpxtpx:cad>88</gpxtpx:cad>
     </gpxtpx:TrackPointExtension>
    </extensions>
   </trkpt>
   <trkpt lat="37.2545420" lon="-79.9501610">
    <ele>280.6</ele>
    <time>2026-02-18T10:32:07Z</time>
    <extensions>
     <power>342</power>
     <gpxtpx:TrackPointExtension>
      <gpxtpx:hr>141</gpxtpx:hr>
      <gpxtpx:cad>88</gpxtpx:cad>
     </gpxtpx:TrackPointExtension>
    </extensions>
   </trkpt>
   <trkpt lat="37.2545670" lon="-79.9501390">
    <ele>280.6</ele>
    <time>2026-02-18T10:32:08Z</time>
    <extensions>
     <power>339</power>
     <gpxtpx:TrackPointExtension>
      <gpxtpx:hr>142</gpxtpx:hr>
      <gpxtpx:cad>88</gpxtpx:cad>
     </gpxtpx:TrackPointExtension>
    </extensions>
   </trkpt>
   <trkpt lat="37.2545860" lon="-79.9501270">
    <ele>280.6</ele>
    <time>2026-02-18T10:32:09Z</time>
    <extensions>
     <power>339</power>
     <gpxtpx:TrackPointExtension>
      <gpxtpx:hr>142</gpxtpx:hr>
      <gpxtpx:cad>87</gpxtpx:cad>
     </gpxtpx:TrackPointExtension>
    </extensions>
   </trkpt>
   <trkpt lat="37.2546080" lon="-79.9501060">
    <ele>280.8</ele>
    <time>2026-02-18T10:32:10Z</time>
    <extensions>
     <power>342</power>
     <gpxtpx:TrackPointExtension>
      <gpxtpx:hr>142</gpxtpx:hr>
      <gpxtpx:cad>87</gpxtpx:cad>
     </gpxtpx:TrackPointExtension>
    </extensions>
   </trkpt>
   <trkpt lat="37.2546230" lon="-79.9500930">
    <ele>280.8</ele>
    <time>2026-02-18T10:32:11Z</time>
    <extensions>
     <power>345</power>
     <gpxtpx:TrackPointExtension>
      <gpxtpx:hr>143</gpxtpx:hr>
      <gpxtpx:cad>87</gpxtpx:cad>
     </gpxtpx:TrackPointExtension>
    </extensions>
   </trkpt>
   <trkpt lat="37.2546450" lon="-79.9500730">
    <ele>281.0</ele>
    <time>2026-02-18T10:32:12Z</time>
    <extensions>
     <power>345</power>
     <gpxtpx:TrackPointExtension>
      <gpxtpx:hr>143</gpxtpx:hr>
      <gpxtpx:cad>88</gpxtpx:cad>
     </gpxtpx:TrackPointExtension>
    </extensions>
   </trkpt>
   <trkpt lat="37.2546610" lon="-79.9500620">
    <ele>281.0</ele>
    <time>2026-02-18T10:32:13Z</time>
    <extensions>
     <power>344</power>
     <gpxtpx:TrackPointExtension>
      <gpxtpx:hr>143</gpxtpx:hr>
      <gpxtpx:cad>88</gpxtpx:cad>
     </gpxtpx:TrackPointExtension>
    </extensions>
   </trkpt>
   <trkpt lat="37.2546850" lon="-79.9500470">
    <ele>281.0</ele>
    <time>2026-02-18T10:32:14Z</time>
    <extensions>
     <power>341</power>
     <gpxtpx:TrackPointExtension>
      <gpxtpx:hr>144</gpxtpx:hr>
      <gpxtpx:cad>88</gpxtpx:cad>
     </gpxtpx:TrackPointExtension>
    </extensions>
   </trkpt>
   <trkpt lat="37.2547020" lon="-79.9500340">
    <ele>281.0</ele>
    <time>2026-02-18T10:32:15Z</time>
    <extensions>
     <power>339</power>
     <gpxtpx:TrackPointExtension>
      <gpxtpx:hr>144</gpxtpx:hr>
      <gpxtpx:cad>87</gpxtpx:cad>
     </gpxtpx:TrackPointExtension>
    </extensions>
   </trkpt>
   <trkpt lat="37.2547200" lon="-79.9500180">
    <ele>281.2</ele>
    <time>2026-02-18T10:32:16Z</time>
    <extensions>
     <power>337</power>
     <gpxtpx:TrackPointExtension>
      <gpxtpx:hr>144</gpxtpx:hr>
      <gpxtpx:cad>87</gpxtpx:cad>
     </gpxtpx:TrackPointExtension>
    </extensions>
   </trkpt>
   <trkpt lat="37.2547340" lon="-79.9499990">
    <ele>281.2</ele>
    <time>2026-02-18T10:32:17Z</time>
    <extensions>
     <power>337</power>
     <gpxtpx:TrackPointExtension>
      <gpxtpx:hr>144</gpxtpx:hr>
      <gpxtpx:cad>87</gpxtpx:cad>
     </gpxtpx:TrackPointExtension>
    </extensions>
   </trkpt>
   <trkpt lat="37.2547510" lon="-79.9499860">
    <ele>281.2</ele>
    <time>2026-02-18T10:32:18Z</time>
    <extensions>
     <power>338</power>
     <gpxtpx:TrackPointExtension>
      <gpxtpx:hr>145</gpxtpx:hr>
      <gpxtpx:cad>88</gpxtpx:cad>
     </gpxtpx:TrackPointExtension>
    </extensions>
   </trkpt>
   <trkpt lat="37.2547650" lon="-79.9499660">
    <ele>281.4</ele>
    <time>2026-02-18T10:32:19Z</time>
    <extensions>
     <power>339</power>
     <gpxtpx:TrackPointExtension>
      <gpxtpx:hr>145</gpxtpx:hr>
      <gpxtpx:cad>88</gpxtpx:cad>
     </gpxtpx:TrackPointExtension>
    </extensions>
   </trkpt>
   <trkpt lat="37.2547770" lon="-79.9499540">
    <ele>281.4</ele>
    <time>2026-02-18T10:32:20Z</time>
    <extensions>
     <power>339</power>
     <gpxtpx:TrackPointExtension>
      <gpxtpx:hr>145</gpxtpx:hr>
      <gpxtpx:cad>88</gpxtpx:cad>
     </gpxtpx:TrackPointExtension>
    </extensions>
   </trkpt>
   <trkpt lat="37.2547800" lon="-79.9499240">
    <ele>281.6</ele>
    <time>2026-02-18T10:32:21Z</time>
    <extensions>
     <power>339</power>
     <gpxtpx:TrackPointExtension>
      <gpxtpx:hr>145</gpxtpx:hr>
      <gpxtpx:cad>86</gpxtpx:cad>
     </gpxtpx:TrackPointExtension>
    </extensions>
   </trkpt>
   <trkpt lat="37.2547870" lon="-79.9499010">
    <ele>281.6</ele>
    <time>2026-02-18T10:32:22Z</time>
    <extensions>
     <power>335</power>
     <gpxtpx:TrackPointExtension>
      <gpxtpx:hr>145</gpxtpx:hr>
      <gpxtpx:cad>86</gpxtpx:cad>
     </gpxtpx:TrackPointExtension>
    </extensions>
   </trkpt>
   <trkpt lat="37.2548070" lon="-79.9498770">
    <ele>281.6</ele>
    <time>2026-02-18T10:32:23Z</time>
    <extensions>
     <power>331</power>
     <gpxtpx:TrackPointExtension>
      <gpxtpx:hr>145</gpxtpx:hr>
      <gpxtpx:cad>88</gpxtpx:cad>
     </gpxtpx:TrackPointExtension>
    </extensions>
   </trkpt>
   <trkpt lat="37.2548270" lon="-79.9498680">
    <ele>281.6</ele>
    <time>2026-02-18T10:32:24Z</time>
    <extensions>
     <power>326</power>
     <gpxtpx:TrackPointExtension>
      <gpxtpx:hr>145</gpxtpx:hr>
      <gpxtpx:cad>88</gpxtpx:cad>
     </gpxtpx:TrackPointExtension>
    </extensions>
   </trkpt>
   <trkpt lat="37.2548470" lon="-79.9498720">
    <ele>281.6</ele>
    <time>2026-02-18T10:32:25Z</time>
    <extensions>
     <power>326</power>
     <gpxtpx:TrackPointExtension>
      <gpxtpx:hr>145</gpxtpx:hr>
      <gpxtpx:cad>88</gpxtpx:cad>
     </gpxtpx:TrackPointExtension>
    </extensions>
   </trkpt>
   <trkpt lat="37.2548720" lon="-79.9498710">
    <ele>281.8</ele>
    <time>2026-02-18T10:32:26Z</time>
    <extensions>
     <power>327</power>
     <gpxtpx:TrackPointExtension>
      <gpxtpx:hr>145</gpxtpx:hr>
      <gpxtpx:cad>87</gpxtpx:cad>
     </gpxtpx:TrackPointExtension>
    </extensions>
   </trkpt>
   <trkpt lat="37.2548900" lon="-79.9498790">
    <ele>281.8</ele>
    <time>2026-02-18T10:32:27Z</time>
    <extensions>
     <power>328</power>
     <gpxtpx:TrackPointExtension>
      <gpxtpx:hr>146</gpxtpx:hr>
      <gpxtpx:cad>86</gpxtpx:cad>
     </gpxtpx:TrackPointExtension>
    </extensions>
   </trkpt>
   <trkpt lat="37.2549140" lon="-79.9498840">
    <ele>281.8</ele>
    <time>2026-02-18T10:32:28Z</time>
    <extensions>
     <power>330</power>
     <gpxtpx:TrackPointExtension>
      <gpxtpx:hr>146</gpxtpx:hr>
      <gpxtpx:cad>86</gpxtpx:cad>
     </gpxtpx:TrackPointExtension>
    </extensions>
   </trkpt>
   <trkpt lat="37.2549350" lon="-79.9498920">
    <ele>282.0</ele>
    <time>2026-02-18T10:32:29Z</time>
    <extensions>
     <power>331</power>
     <gpxtpx:TrackPointExtension>
      <gpxtpx:hr>146</gpxtpx:hr>
      <gpxtpx:cad>88</gpxtpx:cad>
     </gpxtpx:TrackPointExtension>
    </extensions>
   </trkpt>
   <trkpt lat="37.2549560" lon="-79.9498870">
    <ele>282.0</ele>
    <time>2026-02-18T10:32:30Z</time>
    <extensions>
     <power>331</power>
     <gpxtpx:TrackPointExtension>
      <gpxtpx:hr>146</gpxtpx:hr>
      <gpxtpx:cad>88</gpxtpx:cad>
     </gpxtpx:TrackPointExtension>
    </extensions>
   </trkpt>
   <trkpt lat="37.2549740" lon="-79.9498860">
    <ele>282.0</ele>
    <time>2026-02-18T10:32:31Z</time>
    <extensions>
     <power>332</power>
     <gpxtpx:TrackPointExtension>
      <gpxtpx:hr>146</gpxtpx:hr>
      <gpxtpx:cad>88</gpxtpx:cad>
     </gpxtpx:TrackPointExtension>
    </extensions>
   </trkpt>
   <trkpt lat="37.2549900" lon="-79.9498700">
    <ele>282.2</ele>
    <time>2026-02-18T10:32:32Z</time>
    <extensions>
     <power>332</power>
     <gpxtpx:TrackPointExtension>
      <gpxtpx:hr>145</gpxtpx:hr>
      <gpxtpx:cad>88</gpxtpx:cad>
     </gpxtpx:TrackPointExtension>
    </extensions>
   </trkpt>
   <trkpt lat="37.2550040" lon="-79.9498610">
    <ele>282.4</ele>
    <time>2026-02-18T10:32:33Z</time>
    <extensions>
     <power>332</power>
     <gpxtpx:TrackPointExtension>
      <gpxtpx:hr>146</gpxtpx:hr>
      <gpxtpx:cad>87</gpxtpx:cad>
     </gpxtpx:TrackPointExtension>
    </extensions>
   </trkpt>
   <trkpt lat="37.2550240" lon="-79.9498480">
    <ele>282.4</ele>
    <time>2026-02-18T10:32:34Z</time>
    <extensions>
     <power>332</power>
     <gpxtpx:TrackPointExtension>
      <gpxtpx:hr>146</gpxtpx:hr>
      <gpxtpx:cad>87</gpxtpx:cad>
     </gpxtpx:TrackPointExtension>
    </extensions>
   </trkpt>
   <trkpt lat="37.2550390" lon="-79.9498350">
    <ele>282.6</ele>
    <time>2026-02-18T10:32:35Z</time>
    <extensions>
     <power>330</power>
     <gpxtpx:TrackPointExtension>
      <gpxtpx:hr>146</gpxtpx:hr>
      <gpxtpx:cad>89</gpxtpx:cad>
     </gpxtpx:TrackPointExtension>
    </extensions>
   </trkpt>
   <trkpt lat="37.2550570" lon="-79.9498140">
    <ele>282.6</ele>
    <time>2026-02-18T10:32:36Z</time>
    <extensions>
     <power>327</power>
     <gpxtpx:TrackPointExtension>
      <gpxtpx:hr>146</gpxtpx:hr>
      <gpxtpx:cad>90</gpxtpx:cad>
     </gpxtpx:TrackPointExtension>
    </extensions>
   </trkpt>
   <trkpt lat="37.2550720" lon="-79.9498040">
    <ele>282.6</ele>
    <time>2026-02-18T10:32:37Z</time>
    <extensions>
     <power>327</power>
     <gpxtpx:TrackPointExtension>
      <gpxtpx:hr>146</gpxtpx:hr>
      <gpxtpx:cad>90</gpxtpx:cad>
     </gpxtpx:TrackPointExtension>
    </extensions>
   </trkpt>
   <trkpt lat="37.2550930" lon="-79.9497850">
    <ele>282.8</ele>
    <time>2026-02-18T10:32:38Z</time>
    <extensions>
     <power>326</power>
     <gpxtpx:TrackPointExtension>
      <gpxtpx:hr>147</gpxtpx:hr>
      <gpxtpx:cad>90</gpxtpx:cad>
     </gpxtpx:TrackPointExtension>
    </extensions>
   </trkpt>
   <trkpt lat="37.2551070" lon="-79.9497690">
    <ele>282.8</ele>
    <time>2026-02-18T10:32:39Z</time>
    <extensions>
     <power>322</power>
     <gpxtpx:TrackPointExtension>
      <gpxtpx:hr>147</gpxtpx:hr>
      <gpxtpx:cad>89</gpxtpx:cad>
     </gpxtpx:TrackPointExtension>
    </extensions>
   </trkpt>
   <trkpt lat="37.2551250" lon="-79.9497480">
    <ele>282.8</ele>
    <time>2026-02-18T10:32:40Z</time>
    <extensions>
     <power>317</power>
     <gpxtpx:TrackPointExtension>
      <gpxtpx:hr>147</gpxtpx:hr>
      <gpxtpx:cad>88</gpxtpx:cad>
     </gpxtpx:TrackPointExtension>
    </extensions>
   </trkpt>
   <trkpt lat="37.2551360" lon="-79.9497330">
    <ele>283.0</ele>
    <time>2026-02-18T10:32:41Z</time>
    <extensions>
     <power>316</power>
     <gpxtpx:TrackPointExtension>
      <gpxtpx:hr>147</gpxtpx:hr>
      <gpxtpx:cad>88</gpxtpx:cad>
     </gpxtpx:TrackPointExtension>
    </extensions>
   </trkpt>
   <trkpt lat="37.2551550" lon="-79.9497140">
    <ele>283.0</ele>
    <time>2026-02-18T10:32:42Z</time>
    <extensions>
     <power>316</power>
     <gpxtpx:TrackPointExtension>
      <gpxtpx:hr>147</gpxtpx:hr>
      <gpxtpx:cad>88</gpxtpx:cad>
     </gpxtpx:TrackPointExtension>
    </extensions>
   </trkpt>
   <trkpt lat="37.2551710" lon="-79.9497010">
    <ele>283.2</ele>
    <time>2026-02-18T10:32:43Z</time>
    <extensions>
     <power>315</power>
     <gpxtpx:TrackPointExtension>
      <gpxtpx:hr>147</gpxtpx:hr>
      <gpxtpx:cad>88</gpxtpx:cad>
     </gpxtpx:TrackPointExtension>
    </extensions>
   </trkpt>
   <trkpt lat="37.2551900" lon="-79.9496860">
    <ele>283.2</ele>
    <time>2026-02-18T10:32:44Z</time>
    <extensions>
     <power>316</power>
     <gpxtpx:TrackPointExtension>
      <gpxtpx:hr>147</gpxtpx:hr>
      <gpxtpx:cad>89</gpxtpx:cad>
     </gpxtpx:TrackPointExtension>
    </extensions>
   </trkpt>
   <trkpt lat="37.2552040" lon="-79.9496720">
    <ele>283.4</ele>
    <time>2026-02-18T10:32:45Z</time>
    <extensions>
     <power>318</power>
     <gpxtpx:TrackPointExtension>
      <gpxtpx:hr>147</gpxtpx:hr>
      <gpxtpx:cad>89</gpxtpx:cad>
     </gpxtpx:TrackPointExtension>
    </extensions>
   </trkpt>
   <trkpt lat="37.2552220" lon="-79.9496570">
    <ele>283.4</ele>
    <time>2026-02-18T10:32:46Z</time>
    <extensions>
     <power>318</power>
     <gpxtpx:TrackPointExtension>
      <gpxtpx:hr>147</gpxtpx:hr>
      <gpxtpx:cad>89</gpxtpx:cad>
     </gpxtpx:TrackPointExtension>
    </extensions>
   </trkpt>
   <trkpt lat="37.2552350" lon="-79.9496400">
    <ele>283.4</ele>
    <time>2026-02-18T10:32:47Z</time>
    <extensions>
     <power>318</power>
     <gpxtpx:TrackPointExtension>
      <gpxtpx:hr>147</gpxtpx:hr>
      <gpxtpx:cad>89</gpxtpx:cad>
     </gpxtpx:TrackPointExtension>
    </extensions>
   </trkpt>
   <trkpt lat="37.2552510" lon="-79.9496250">
    <ele>283.6</ele>
    <time>2026-02-18T10:32:48Z</time>
    <extensions>
     <power>319</power>
     <gpxtpx:TrackPointExtension>
      <gpxtpx:hr>148</gpxtpx:hr>
      <gpxtpx:cad>88</gpxtpx:cad>
     </gpxtpx:TrackPointExtension>
    </extensions>
   </trkpt>
   <trkpt lat="37.2552680" lon="-79.9496080">
    <ele>283.6</ele>
    <time>2026-02-18T10:32:49Z</time>
    <extensions>
     <power>318</power>
     <gpxtpx:TrackPointExtension>
      <gpxtpx:hr>148</gpxtpx:hr>
      <gpxtpx:cad>88</gpxtpx:cad>
     </gpxtpx:TrackPointExtension>
    </extensions>
   </trkpt>
   <trkpt lat="37.2552840" lon="-79.9495990">
    <ele>283.6</ele>
    <time>2026-02-18T10:32:50Z</time>
    <extensions>
     <power>320</power>
     <gpxtpx:TrackPointExtension>
      <gpxtpx:hr>148</gpxtpx:hr>
      <gpxtpx:cad>88</gpxtpx:cad>
     </gpxtpx:TrackPointExtension>
    </extensions>
   </trkpt>
   <trkpt lat="37.2553050" lon="-79.9495830">
    <ele>283.6</ele>
    <time>2026-02-18T10:32:51Z</time>
    <extensions>
     <power>319</power>
     <gpxtpx:TrackPointExtension>
      <gpxtpx:hr>148</gpxtpx:hr>
      <gpxtpx:cad>88</gpxtpx:cad>
     </gpxtpx:TrackPointExtension>
    </extensions>
   </trkpt>
   <trkpt lat="37.2553210" lon="-79.9495700">
    <ele>283.6</ele>
    <time>2026-02-18T10:32:52Z</time>
    <extensions>
     <power>315</power>
     <gpxtpx:TrackPointExtension>
      <gpxtpx:hr>148</gpxtpx:hr>
      <gpxtpx:cad>87</gpxtpx:cad>
     </gpxtpx:TrackPointExtension>
    </extensions>
   </trkpt>
   <trkpt lat="37.2553420" lon="-79.9495530">
    <ele>283.8</ele>
    <time>2026-02-18T10:32:53Z</time>
    <extensions>
     <power>310</power>
     <gpxtpx:TrackPointExtension>
      <gpxtpx:hr>148</gpxtpx:hr>
      <gpxtpx:cad>87</gpxtpx:cad>
     </gpxtpx:TrackPointExtension>
    </extensions>
   </trkpt>
   <trkpt lat="37.2553550" lon="-79.9495360">
    <ele>283.8</ele>
    <time>2026-02-18T10:32:54Z</time>
    <extensions>
     <power>307</power>
     <gpxtpx:TrackPointExtension>
      <gpxtpx:hr>148</gpxtpx:hr>
      <gpxtpx:cad>87</gpxtpx:cad>
     </gpxtpx:TrackPointExtension>
    </extensions>
   </trkpt>
   <trkpt lat="37.2553750" lon="-79.9495190">
    <ele>283.8</ele>
    <time>2026-02-18T10:32:55Z</time>
    <extensions>
     <power>307</power>
     <gpxtpx:TrackPointExtension>
      <gpxtpx:hr>148</gpxtpx:hr>
      <gpxtpx:cad>87</gpxtpx:cad>
     </gpxtpx:TrackPointExtension>
    </extensions>
   </trkpt>
   <trkpt lat="37.2553920" lon="-79.9495000">
    <ele>283.8</ele>
    <time>2026-02-18T10:32:56Z</time>
    <extensions>
     <power>306</power>
     <gpxtpx:TrackPointExtension>
      <gpxtpx:hr>148</gpxtpx:hr>
      <gpxtpx:cad>87</gpxtpx:cad>
     </gpxtpx:TrackPointExtension>
    </extensions>
   </trkpt>
   <trkpt lat="37.2554090" lon="-79.9494850">
    <ele>283.8</ele>
    <time>2026-02-18T10:32:57Z</time>
    <extensions>
     <power>307</power>
     <gpxtpx:TrackPointExtension>
      <gpxtpx:hr>147</gpxtpx:hr>
      <gpxtpx:cad>87</gpxtpx:cad>
     </gpxtpx:TrackPointExtension>
    </extensions>
   </trkpt>
   <trkpt lat="37.2554280" lon="-79.9494650">
    <ele>283.8</ele>
    <time>2026-02-18T10:32:58Z</time>
    <extensions>
     <power>306</power>
     <gpxtpx:TrackPointExtension>
      <gpxtpx:hr>148</gpxtpx:hr>
      <gpxtpx:cad>86</gpxtpx:cad>
     </gpxtpx:TrackPointExtension>
    </extensions>
   </trkpt>
   <trkpt lat="37.2554470" lon="-79.9494530">
    <ele>284.0</ele>
    <time>2026-02-18T10:32:59Z</time>
    <extensions>
     <power>307</power>
     <gpxtpx:TrackPointExtension>
      <gpxtpx:hr>148</gpxtpx:hr>
      <gpxtpx:cad>86</gpxtpx:cad>
     </gpxtpx:TrackPointExtension>
    </extensions>
   </trkpt>
   <trkpt lat="37.2554690" lon="-79.9494320">
    <ele>284.0</ele>
    <time>2026-02-18T10:33:00Z</time>
    <extensions>
     <power>307</power>
     <gpxtpx:TrackPointExtension>
      <gpxtpx:hr>148</gpxtpx:hr>
      <gpxtpx:cad>86</gpxtpx:cad>
     </gpxtpx:TrackPointExtension>
    </extensions>
   </trkpt>
   <trkpt lat="37.2554840" lon="-79.9494180">
    <ele>284.0</ele>
    <time>2026-02-18T10:33:01Z</time>
    <extensions>
     <power>305</power>
     <gpxtpx:TrackPointExtension>
      <gpxtpx:hr>148</gpxtpx:hr>
      <gpxtpx:cad>88</gpxtpx:cad>
     </gpxtpx:TrackPointExtension>
    </extensions>
   </trkpt>
   <trkpt lat="37.2555040" lon="-79.9493960">
    <ele>284.0</ele>
    <time>2026-02-18T10:33:02Z</time>
    <extensions>
     <power>306</power>
     <gpxtpx:TrackPointExtension>
      <gpxtpx:hr>147</gpxtpx:hr>
      <gpxtpx:cad>88</gpxtpx:cad>
     </gpxtpx:TrackPointExtension>
    </extensions>
   </trkpt>
   <trkpt lat="37.2555150" lon="-79.9493820">
    <ele>284.0</ele>
    <time>2026-02-18T10:33:03Z</time>
    <extensions>
     <power>303</power>
     <gpxtpx:TrackPointExtension>
      <gpxtpx:hr>148</gpxtpx:hr>
      <gpxtpx:cad>88</gpxtpx:cad>
     </gpxtpx:TrackPointExtension>
    </extensions>
   </trkpt>
   <trkpt lat="37.2555320" lon="-79.9493610">
    <ele>284.0</ele>
    <time>2026-02-18T10:33:04Z</time>
    <extensions>
     <power>301</power>
     <gpxtpx:TrackPointExtension>
      <gpxtpx:hr>148</gpxtpx:hr>
      <gpxtpx:cad>88</gpxtpx:cad>
     </gpxtpx:TrackPointExtension>
    </extensions>
   </trkpt>
   <trkpt lat="37.2555430" lon="-79.9493510">
    <ele>284.0</ele>
    <time>2026-02-18T10:33:05Z</time>
    <extensions>
     <power>302</power>
     <gpxtpx:TrackPointExtension>
      <gpxtpx:hr>147</gpxtpx:hr>
      <gpxtpx:cad>87</gpxtpx:cad>
     </gpxtpx:TrackPointExtension>
    </extensions>
   </trkpt>
   <trkpt lat="37.2555640" lon="-79.9493300">
    <ele>284.2</ele>
    <time>2026-02-18T10:33:06Z</time>
    <extensions>
     <power>299</power>
     <gpxtpx:TrackPointExtension>
      <gpxtpx:hr>147</gpxtpx:hr>
      <gpxtpx:cad>87</gpxtpx:cad>
     </gpxtpx:TrackPointExtension>
    </extensions>
   </trkpt>
   <trkpt lat="37.2555830" lon="-79.9493120">
    <ele>284.2</ele>
    <time>2026-02-18T10:33:07Z</time>
    <extensions>
     <power>297</power>
     <gpxtpx:TrackPointExtension>
      <gpxtpx:hr>147</gpxtpx:hr>
      <gpxtpx:cad>88</gpxtpx:cad>
     </gpxtpx:TrackPointExtension>
    </extensions>
   </trkpt>
   <trkpt lat="37.2556020" lon="-79.9492970">
    <ele>284.2</ele>
    <time>2026-02-18T10:33:08Z</time>
    <extensions>
     <power>293</power>
     <gpxtpx:TrackPointExtension>
      <gpxtpx:hr>147</gpxtpx:hr>
      <gpxtpx:cad>88</gpxtpx:cad>
     </gpxtpx:TrackPointExtension>
    </extensions>
   </trkpt>
   <trkpt lat="37.2556210" lon="-79.9492780">
    <ele>284.2</ele>
    <time>2026-02-18T10:33:09Z</time>
    <extensions>
     <power>291</power>
     <gpxtpx:TrackPointExtension>
      <gpxtpx:hr>147</gpxtpx:hr>
      <gpxtpx:cad>88</gpxtpx:cad>
     </gpxtpx:TrackPointExtension>
    </extensions>
   </trkpt>
   <trkpt lat="37.2556410" lon="-79.9492680">
    <ele>284.2</ele>
    <time>2026-02-18T10:33:10Z</time>
    <extensions>
     <power>290</power>
     <gpxtpx:TrackPointExtension>
      <gpxtpx:hr>148</gpxtpx:hr>
      <gpxtpx:cad>88</gpxtpx:cad>
     </gpxtpx:TrackPointExtension>
    </extensions>
   </trkpt>
   <trkpt lat="37.2556630" lon="-79.9492490">
    <ele>284.0</ele>
    <time>2026-02-18T10:33:11Z</time>
    <extensions>
     <power>289</power>
     <gpxtpx:TrackPointExtension>
      <gpxtpx:hr>147</gpxtpx:hr>
      <gpxtpx:cad>87</gpxtpx:cad>
     </gpxtpx:TrackPointExtension>
    </extensions>
   </trkpt>
   <trkpt lat="37.2556810" lon="-79.9492360">
    <ele>284.0</ele>
    <time>2026-02-18T10:33:12Z</time>
    <extensions>
     <power>286</power>
     <gpxtpx:TrackPointExtension>
      <gpxtpx:hr>147</gpxtpx:hr>
      <gpxtpx:cad>87</gpxtpx:cad>
     </gpxtpx:TrackPointExtension>
    </extensions>
   </trkpt>
   <trkpt lat="37.2557020" lon="-79.9492150">
    <ele>284.0</ele>
    <time>2026-02-18T10:33:13Z</time>
    <extensions>
     <power>284</power>
     <gpxtpx:TrackPointExtension>
      <gpxtpx:hr>147</gpxtpx:hr>
      <gpxtpx:cad>87</gpxtpx:cad>
     </gpxtpx:TrackPointExtension>
    </extensions>
   </trkpt>
   <trkpt lat="37.2557160" lon="-79.9491990">
    <ele>284.0</ele>
    <time>2026-02-18T10:33:14Z</time>
    <extensions>
     <power>285</power>
     <gpxtpx:TrackPointExtension>
      <gpxtpx:hr>147</gpxtpx:hr>
      <gpxtpx:cad>87</gpxtpx:cad>
     </gpxtpx:TrackPointExtension>
    </extensions>
   </trkpt>
   <trkpt lat="37.2557360" lon="-79.9491830">
    <ele>284.0</ele>
    <time>2026-02-18T10:33:15Z</time>
    <extensions>
     <power>284</power>
     <gpxtpx:TrackPointExtension>
      <gpxtpx:hr>147</gpxtpx:hr>
      <gpxtpx:cad>87</gpxtpx:cad>
     </gpxtpx:TrackPointExtension>
    </extensions>
   </trkpt>
   <trkpt lat="37.2557500" lon="-79.9491650">
    <ele>284.0</ele>
    <time>2026-02-18T10:33:16Z</time>
    <extensions>
     <power>285</power>
     <gpxtpx:TrackPointExtension>
      <gpxtpx:hr>146</gpxtpx:hr>
      <gpxtpx:cad>86</gpxtpx:cad>
     </gpxtpx:TrackPointExtension>
    </extensions>
   </trkpt>
   <trkpt lat="37.2557670" lon="-79.9491480">
    <ele>284.2</ele>
    <time>2026-02-18T10:33:17Z</time>
    <extensions>
     <power>285</power>
     <gpxtpx:TrackPointExtension>
      <gpxtpx:hr>146</gpxtpx:hr>
      <gpxtpx:cad>85</gpxtpx:cad>
     </gpxtpx:TrackPointExtension>
    </extensions>
   </trkpt>
   <trkpt lat="37.2557860" lon="-79.9491260">
    <ele>284.2</ele>
    <time>2026-02-18T10:33:18Z</time>
    <extensions>
     <power>285</power>
     <gpxtpx:TrackPointExtension>
      <gpxtpx:hr>146</gpxtpx:hr>
      <gpxtpx:cad>85</gpxtpx:cad>
     </gpxtpx:TrackPointExtension>
    </extensions>
   </trkpt>
   <trkpt lat="37.2558030" lon="-79.9491120">
    <ele>284.2</ele>
    <time>2026-02-18T10:33:19Z</time>
    <extensions>
     <power>284</power>
     <gpxtpx:TrackPointExtension>
      <gpxtpx:hr>146</gpxtpx:hr>
      <gpxtpx:cad>87</gpxtpx:cad>
     </gpxtpx:TrackPointExtension>
    </extensions>
   </trkpt>
   <trkpt lat="37.2558210" lon="-79.9490950">
    <ele>284.2</ele>
    <time>2026-02-18T10:33:20Z</time>
    <extensions>
     <power>302</power>
     <gpxtpx:TrackPointExtension>
      <gpxtpx:hr>146</gpxtpx:hr>
      <gpxtpx:cad>88</gpxtpx:cad>
     </gpxtpx:TrackPointExtension>
    </extensions>
   </trkpt>
   <trkpt lat="37.2558390" lon="-79.9490860">
    <ele>284.4</ele>
    <time>2026-02-18T10:33:21Z</time>
    <extensions>
     <power>293</power>
     <gpxtpx:TrackPointExtension>
      <gpxtpx:hr>146</gpxtpx:hr>
      <gpxtpx:cad>88</gpxtpx:cad>
     </gpxtpx:TrackPointExtension>
    </extensions>
   </trkpt>
   <trkpt lat="37.2558570" lon="-79.9490700">
    <ele>284.4</ele>
    <time>2026-02-18T10:33:22Z</time>
    <extensions>
     <power>285</power>
     <gpxtpx:TrackPointExtension>
      <gpxtpx:hr>145</gpxtpx:hr>
      <gpxtpx:cad>88</gpxtpx:cad>
     </gpxtpx:TrackPointExtension>
    </extensions>
   </trkpt>
   <trkpt lat="37.2558720" lon="-79.9490560">
    <ele>284.4</ele>
    <time>2026-02-18T10:33:23Z</time>
    <extensions>
     <power>279</power>
     <gpxtpx:TrackPointExtension>
      <gpxtpx:hr>146</gpxtpx:hr>
      <gpxtpx:cad>88</gpxtpx:cad>
     </gpxtpx:TrackPointExtension>
    </extensions>
   </trkpt>
   <trkpt lat="37.2558900" lon="-79.9490350">
    <ele>284.4</ele>
    <time>2026-02-18T10:33:24Z</time>
    <extensions>
     <power>281</power>
     <gpxtpx:TrackPointExtension>
      <gpxtpx:hr>146</gpxtpx:hr>
      <gpxtpx:cad>87</gpxtpx:cad>
     </gpxtpx:TrackPointExtension>
    </extensions>
   </trkpt>
   <trkpt lat="37.2558990" lon="-79.9490110">
    <ele>284.4</ele>
    <time>2026-02-18T10:33:25Z</time>
    <extensions>
     <power>281</power>
     <gpxtpx:TrackPointExtension>
      <gpxtpx:hr>146</gpxtpx:hr>
      <gpxtpx:cad>87</gpxtpx:cad>
     </gpxtpx:TrackPointExtension>
    </extensions>
   </trkpt>
   <trkpt lat="37.2559070" lon="-79.9489850">
    <ele>284.6</ele>
    <time>2026-02-18T10:33:26Z</time>
    <extensions>
     <power>292</power>
     <gpxtpx:TrackPointExtension>
      <gpxtpx:hr>146</gpxtpx:hr>
      <gpxtpx:cad>88</gpxtpx:cad>
     </gpxtpx:TrackPointExtension>
    </extensions>
   </trkpt>
   <trkpt lat="37.2559140" lon="-79.9489600">
    <ele>284.6</ele>
    <time>2026-02-18T10:33:27Z</time>
    <extensions>
     <power>295</power>
     <gpxtpx:TrackPointExtension>
      <gpxtpx:hr>146</gpxtpx:hr>
      <gpxtpx:cad>88</gpxtpx:cad>
     </gpxtpx:TrackPointExtension>
    </extensions>
   </trkpt>
   <trkpt lat="37.2559250" lon="-79.9489440">
    <ele>284.8</ele>
    <time>2026-02-18T10:33:28Z</time>
    <extensions>
     <power>282</power>
     <gpxtpx:TrackPointExtension>
      <gpxtpx:hr>145</gpxtpx:hr>
      <gpxtpx:cad>88</gpxtpx:cad>
     </gpxtpx:TrackPointExtension>
    </extensions>
   </trkpt>
   <trkpt lat="37.2559320" lon="-79.9489290">
    <ele>284.8</ele>
    <time>2026-02-18T10:33:29Z</time>
    <extensions>
     <power>279</power>
     <gpxtpx:TrackPointExtension>
      <gpxtpx:hr>145</gpxtpx:hr>
      <gpxtpx:cad>88</gpxtpx:cad>
     </gpxtpx:TrackPointExtension>
    </extensions>
   </trkpt>
   <trkpt lat="37.2559360" lon="-79.9489190">
    <ele>285.0</ele>
    <time>2026-02-18T10:33:30Z</time>
    <extensions>
     <power>261</power>
     <gpxtpx:TrackPointExtension>
      <gpxtpx:hr>145</gpxtpx:hr>
      <gpxtpx:cad>88</gpxtpx:cad>
     </gpxtpx:TrackPointExtension>
    </extensions>
   </trkpt>
   <trkpt lat="37.2559360" lon="-79.9489130">
    <ele>285.0</ele>
    <time>2026-02-18T10:33:31Z</time>
    <extensions>
     <power>231</power>
     <gpxtpx:TrackPointExtension>
      <gpxtpx:hr>145</gpxtpx:hr>
      <gpxtpx:cad>88</gpxtpx:cad>
     </gpxtpx:TrackPointExtension>
    </extensions>
   </trkpt>
   <trkpt lat="37.2559420" lon="-79.9489040">
    <ele>285.0</ele>
    <time>2026-02-18T10:33:32Z</time>
    <extensions>
     <power>47</power>
     <gpxtpx:TrackPointExtension>
      <gpxtpx:hr>145</gpxtpx:hr>
      <gpxtpx:cad>0</gpxtpx:cad>
     </gpxtpx:TrackPointExtension>
    </extensions>
   </trkpt>
   <trkpt lat="37.2559520" lon="-79.9489020">
    <ele>285.0</ele>
    <time>2026-02-18T10:33:33Z</time>
    <extensions>
     <power>47</power>
     <gpxtpx:TrackPointExtension>
      <gpxtpx:hr>144</gpxtpx:hr>
      <gpxtpx:cad>71</gpxtpx:cad>
     </gpxtpx:TrackPointExtension>
    </extensions>
   </trkpt>
   <trkpt lat="37.2559710" lon="-79.9488880">
    <ele>285.0</ele>
    <time>2026-02-18T10:33:34Z</time>
    <extensions>
     <power>47</power>
     <gpxtpx:TrackPointExtension>
      <gpxtpx:hr>144</gpxtpx:hr>
      <gpxtpx:cad>71</gpxtpx:cad>
     </gpxtpx:TrackPointExtension>
    </extensions>
   </trkpt>
   <trkpt lat="37.2559870" lon="-79.9488760">
    <ele>285.0</ele>
    <time>2026-02-18T10:33:35Z</time>
    <extensions>
     <power>153</power>
     <gpxtpx:TrackPointExtension>
      <gpxtpx:hr>143</gpxtpx:hr>
      <gpxtpx:cad>71</gpxtpx:cad>
     </gpxtpx:TrackPointExtension>
    </extensions>
   </trkpt>
   <trkpt lat="37.2560130" lon="-79.9488540">
    <ele>285.2</ele>
    <time>2026-02-18T10:33:36Z</time>
    <extensions>
     <power>110</power>
     <gpxtpx:TrackPointExtension>
      <gpxtpx:hr>143</gpxtpx:hr>
      <gpxtpx:cad>0</gpxtpx:cad>
     </gpxtpx:TrackPointExtension>
    </extensions>
   </trkpt>
   <trkpt lat="37.2560320" lon="-79.9488420">
    <ele>285.2</ele>
    <time>2026-02-18T10:33:37Z</time>
    <extensions>
     <power>110</power>
     <gpxtpx:TrackPointExtension>
      <gpxtpx:hr>142</gpxtpx:hr>
      <gpxtpx:cad>0</gpxtpx:cad>
     </gpxtpx:TrackPointExtension>
    </extensions>
   </trkpt>
   <trkpt lat="37.2560570" lon="-79.9488150">
    <ele>285.4</ele>
    <time>2026-02-18T10:33:38Z</time>
    <extensions>
     <power>110</power>
     <gpxtpx:TrackPointExtension>
      <gpxtpx:hr>142</gpxtpx:hr>
      <gpxtpx:cad>89</gpxtpx:cad>
     </gpxtpx:TrackPointExtension>
    </extensions>
   </trkpt>
   <trkpt lat="37.2560750" lon="-79.9488050">
    <ele>285.6</ele>
    <time>2026-02-18T10:33:39Z</time>
    <extensions>
     <power>388</power>
     <gpxtpx:TrackPointExtension>
      <gpxtpx:hr>141</gpxtpx:hr>
      <gpxtpx:cad>89</gpxtpx:cad>
     </gpxtpx:TrackPointExtension>
    </extensions>
   </trkpt>
   <trkpt lat="37.2560960" lon="-79.9487790">
    <ele>285.8</ele>
    <time>2026-02-18T10:33:40Z</time>
    <extensions>
     <power>350</power>
     <gpxtpx:TrackPointExtension>
      <gpxtpx:hr>141</gpxtpx:hr>
      <gpxtpx:cad>89</gpxtpx:cad>
     </gpxtpx:TrackPointExtension>
    </extensions>
   </trkpt>
   <trkpt lat="37.2561110" lon="-79.9487660">
    <ele>286.0</ele>
    <time>2026-02-18T10:33:41Z</time>
    <extensions>
     <power>376</power>
     <gpxtpx:TrackPointExtension>
      <gpxtpx:hr>140</gpxtpx:hr>
      <gpxtpx:cad>89</gpxtpx:cad>
     </gpxtpx:TrackPointExtension>
    </extensions>
   </trkpt>
   <trkpt lat="37.2561320" lon="-79.9487420">
    <ele>286.2</ele>
    <time>2026-02-18T10:33:42Z</time>
    <extensions>
     <power>338</power>
     <gpxtpx:TrackPointExtension>
      <gpxtpx:hr>141</gpxtpx:hr>
      <gpxtpx:cad>89</gpxtpx:cad>
     </gpxtpx:TrackPointExtension>
    </extensions>
   </trkpt>
   <trkpt lat="37.2561500" lon="-79.9487300">
    <ele>286.4</ele>
    <time>2026-02-18T10:33:43Z</time>
    <extensions>
     <power>351</power>
     <gpxtpx:TrackPointExtension>
      <gpxtpx:hr>142</gpxtpx:hr>
      <gpxtpx:cad>89</gpxtpx:cad>
     </gpxtpx:TrackPointExtension>
    </extensions>
   </trkpt>
   <trkpt lat="37.2561720" lon="-79.9487200">
    <ele>286.8</ele>
    <time>2026-02-18T10:33:44Z</time>
    <extensions>
     <power>348</power>
     <gpxtpx:TrackPointExtension>
      <gpxtpx:hr>143</gpxtpx:hr>
      <gpxtpx:cad>89</gpxtpx:cad>
     </gpxtpx:TrackPointExtension>
    </extensions>
   </trkpt>
   <trkpt lat="37.2561910" lon="-79.9487130">
    <ele>287.0</ele>
    <time>2026-02-18T10:33:45Z</time>
    <extensions>
     <power>364</power>
     <gpxtpx:TrackPointExtension>
      <gpxtpx:hr>144</gpxtpx:hr>
      <gpxtpx:cad>89</gpxtpx:cad>
     </gpxtpx:TrackPointExtension>
    </extensions>
   </trkpt>
   <trkpt lat="37.2562080" lon="-79.9487130">
    <ele>287.2</ele>
    <time>2026-02-18T10:33:46Z</time>
    <extensions>
     <power>381</power>
     <gpxtpx:TrackPointExtension>
      <gpxtpx:hr>144</gpxtpx:hr>
      <gpxtpx:cad>89</gpxtpx:cad>
     </gpxtpx:TrackPointExtension>
    </extensions>
   </trkpt>
   <trkpt lat="37.2562240" lon="-79.9487040">
    <ele>287.6</ele>
    <time>2026-02-18T10:33:47Z</time>
    <extensions>
     <power>390</power>
     <gpxtpx:TrackPointExtension>
      <gpxtpx:hr>145</gpxtpx:hr>
      <gpxtpx:cad>89</gpxtpx:cad>
     </gpxtpx:TrackPointExtension>
    </extensions>
   </trkpt>
   <trkpt lat="37.2562420" lon="-79.9487020">
    <ele>287.8</ele>
    <time>2026-02-18T10:33:48Z</time>
    <extensions>
     <power>382</power>
     <gpxtpx:TrackPointExtension>
      <gpxtpx:hr>146</gpxtpx:hr>
      <gpxtpx:cad>89</gpxtpx:cad>
     </gpxtpx:TrackPointExtension>
    </extensions>
   </trkpt>
   <trkpt lat="37.2562640" lon="-79.9486870">
    <ele>288.2</ele>
    <time>2026-02-18T10:33:49Z</time>
    <extensions>
     <power>390</power>
     <gpxtpx:TrackPointExtension>
      <gpxtpx:hr>146</gpxtpx:hr>
      <gpxtpx:cad>86</gpxtpx:cad>
     </gpxtpx:TrackPointExtension>
    </extensions>
   </trkpt>
   <trkpt lat="37.2562740" lon="-79.9486820">
    <ele>288.6</ele>
    <time>2026-02-18T10:33:50Z</time>
    <extensions>
     <power>406</power>
     <gpxtpx:TrackPointExtension>
      <gpxtpx:hr>147</gpxtpx:hr>
      <gpxtpx:cad>86</gpxtpx:cad>
     </gpxtpx:TrackPointExtension>
    </extensions>
   </trkpt>
   <trkpt lat="37.2562930" lon="-79.9486610">
    <ele>289.0</ele>
    <time>2026-02-18T10:33:51Z</time>
    <extensions>
     <power>401</power>
     <gpxtpx:TrackPointExtension>
      <gpxtpx:hr>147</gpxtpx:hr>
      <gpxtpx:cad>84</gpxtpx:cad>
     </gpxtpx:TrackPointExtension>
    </extensions>
   </trkpt>
   <trkpt lat="37.2563070" lon="-79.9486510">
    <ele>289.2</ele>
    <time>2026-02-18T10:33:52Z</time>
    <extensions>
     <power>398</power>
     <gpxtpx:TrackPointExtension>
      <gpxtpx:hr>148</gpxtpx:hr>
      <gpxtpx:cad>84</gpxtpx:cad>
     </gpxtpx:TrackPointExtension>
    </extensions>
   </trkpt>
   <trkpt lat="37.2563300" lon="-79.9486310">
    <ele>289.4</ele>
    <time>2026-02-18T10:33:53Z</time>
    <extensions>
     <power>397</power>
     <gpxtpx:TrackPointExtension>
      <gpxtpx:hr>149</gpxtpx:hr>
      <gpxtpx:cad>84</gpxtpx:cad>
     </gpxtpx:TrackPointExtension>
    </extensions>
   </trkpt>
   <trkpt lat="37.2563460" lon="-79.9486210">
    <ele>289.6</ele>
    <time>2026-02-18T10:33:54Z</time>
    <extensions>
     <power>397</power>
     <gpxtpx:TrackPointExtension>
      <gpxtpx:hr>149</gpxtpx:hr>
      <gpxtpx:cad>84</gpxtpx:cad>
     </gpxtpx:TrackPointExtension>
    </extensions>
   </trkpt>
   <trkpt lat="37.2563630" lon="-79.9486010">
    <ele>289.8</ele>
    <time>2026-02-18T10:33:55Z</time>
    <extensions>
     <power>419</power>
     <gpxtpx:TrackPointExtension>
      <gpxtpx:hr>150</gpxtpx:hr>
      <gpxtpx:cad>87</gpxtpx:cad>
     </gpxtpx:TrackPointExtension>
    </extensions>
   </trkpt>
   <trkpt lat="37.2563810" lon="-79.9485860">
    <ele>290.0</ele>
    <time>2026-02-18T10:33:56Z</time>
    <extensions>
     <power>420</power>
     <gpxtpx:TrackPointExtension>
      <gpxtpx:hr>150</gpxtpx:hr>
      <gpxtpx:cad>87</gpxtpx:cad>
     </gpxtpx:TrackPointExtension>
    </extensions>
   </trkpt>
   <trkpt lat="37.2564040" lon="-79.9485680">
    <ele>290.4</ele>
    <time>2026-02-18T10:33:57Z</time>
    <extensions>
     <power>421</power>
     <gpxtpx:TrackPointExtension>
      <gpxtpx:hr>151</gpxtpx:hr>
      <gpxtpx:cad>87</gpxtpx:cad>
     </gpxtpx:TrackPointExtension>
    </extensions>
   </trkpt>
   <trkpt lat="37.2564230" lon="-79.9485550">
    <ele>290.6</ele>
    <time>2026-02-18T10:33:58Z</time>
    <extensions>
     <power>421</power>
     <gpxtpx:TrackPointExtension>
      <gpxtpx:hr>152</gpxtpx:hr>
      <gpxtpx:cad>88</gpxtpx:cad>
     </gpxtpx:TrackPointExtension>
    </extensions>
   </trkpt>
   <trkpt lat="37.2564400" lon="-79.9485350">
    <ele>290.6</ele>
    <time>2026-02-18T10:33:59Z</time>
    <extensions>
     <power>438</power>
     <gpxtpx:TrackPointExtension>
      <gpxtpx:hr>152</gpxtpx:hr>
      <gpxtpx:cad>89</gpxtpx:cad>
     </gpxtpx:TrackPointExtension>
    </extensions>
   </trkpt>
   <trkpt lat="37.2564560" lon="-79.9485170">
    <ele>290.8</ele>
    <time>2026-02-18T10:34:00Z</time>
    <extensions>
     <power>450</power>
     <gpxtpx:TrackPointExtension>
      <gpxtpx:hr>153</gpxtpx:hr>
      <gpxtpx:cad>89</gpxtpx:cad>
     </gpxtpx:TrackPointExtension>
    </extensions>
   </trkpt>
   <trkpt lat="37.2564750" lon="-79.9485010">
    <ele>291.0</ele>
    <time>2026-02-18T10:34:01Z</time>
    <extensions>
     <power>466</power>
     <gpxtpx:TrackPointExtension>
      <gpxtpx:hr>153</gpxtpx:hr>
      <gpxtpx:cad>89</gpxtpx:cad>
     </gpxtpx:TrackPointExtension>
    </extensions>
   </trkpt>
   <trkpt lat="37.2564940" lon="-79.9484850">
    <ele>291.2</ele>
    <time>2026-02-18T10:34:02Z</time>
    <extensions>
     <power>463</power>
     <gpxtpx:TrackPointExtension>
      <gpxtpx:hr>154</gpxtpx:hr>
      <gpxtpx:cad>89</gpxtpx:cad>
     </gpxtpx:TrackPointExtension>
    </extensions>
   </trkpt>
   <trkpt lat="37.2565150" lon="-79.9484670">
    <ele>291.6</ele>
    <time>2026-02-18T10:34:03Z</time>
    <extensions>
     <power>458</power>
     <gpxtpx:TrackPointExtension>
      <gpxtpx:hr>154</gpxtpx:hr>
      <gpxtpx:cad>88</gpxtpx:cad>
     </gpxtpx:TrackPointExtension>
    </extensions>
   </trkpt>
   <trkpt lat="37.2565310" lon="-79.9484490">
    <ele>291.8</ele>
    <time>2026-02-18T10:34:04Z</time>
    <extensions>
     <power>467</power>
     <gpxtpx:TrackPointExtension>
      <gpxtpx:hr>155</gpxtpx:hr>
      <gpxtpx:cad>89</gpxtpx:cad>
     </gpxtpx:TrackPointExtension>
    </extensions>
   </trkpt>
   <trkpt lat="37.2565490" lon="-79.9484360">
    <ele>291.8</ele>
    <time>2026-02-18T10:34:05Z</time>
    <extensions>
     <power>482</power>
     <gpxtpx:TrackPointExtension>
      <gpxtpx:hr>156</gpxtpx:hr>
      <gpxtpx:cad>89</gpxtpx:cad>
     </gpxtpx:TrackPointExtension>
    </extensions>
   </trkpt>
   <trkpt lat="37.2565680" lon="-79.9484140">
    <ele>292.0</ele>
    <time>2026-02-18T10:34:06Z</time>
    <extensions>
     <power>476</power>
     <gpxtpx:TrackPointExtension>
      <gpxtpx:hr>156</gpxtpx:hr>
      <gpxtpx:cad>89</gpxtpx:cad>
     </gpxtpx:TrackPointExtension>
    </extensions>
   </trkpt>
   <trkpt lat="37.2565890" lon="-79.9484030">
    <ele>292.2</ele>
    <time>2026-02-18T10:34:07Z</time>
    <extensions>
     <power>477</power>
     <gpxtpx:TrackPointExtension>
      <gpxtpx:hr>157</gpxtpx:hr>
      <gpxtpx:cad>89</gpxtpx:cad>
     </gpxtpx:TrackPointExtension>
    </extensions>
   </trkpt>
   <trkpt lat="37.2566080" lon="-79.9483810">
    <ele>292.2</ele>
    <time>2026-02-18T10:34:08Z</time>
    <extensions>
     <power>470</power>
     <gpxtpx:TrackPointExtension>
      <gpxtpx:hr>157</gpxtpx:hr>
      <gpxtpx:cad>89</gpxtpx:cad>
     </gpxtpx:TrackPointExtension>
    </extensions>
   </trkpt>
   <trkpt lat="37.2566230" lon="-79.9483670">
    <ele>292.4</ele>
    <time>2026-02-18T10:34:09Z</time>
    <extensions>
     <power>464</power>
     <gpxtpx:TrackPointExtension>
      <gpxtpx:hr>158</gpxtpx:hr>
      <gpxtpx:cad>87</gpxtpx:cad>
     </gpxtpx:TrackPointExtension>
    </extensions>
   </trkpt>
   <trkpt lat="37.2566390" lon="-79.9483450">
    <ele>292.6</ele>
    <time>2026-02-18T10:34:10Z</time>
    <extensions>
     <power>462</power>
     <gpxtpx:TrackPointExtension>
      <gpxtpx:hr>159</gpxtpx:hr>
      <gpxtpx:cad>87</gpxtpx:cad>
     </gpxtpx:TrackPointExtension>
    </extensions>
   </trkpt>
   <trkpt lat="37.2566540" lon="-79.9483320">
    <ele>292.6</ele>
    <time>2026-02-18T10:34:11Z</time>
    <extensions>
     <power>459</power>
     <gpxtpx:TrackPointExtension>
      <gpxtpx:hr>159</gpxtpx:hr>
      <gpxtpx:cad>87</gpxtpx:cad>
     </gpxtpx:TrackPointExtension>
    </extensions>
   </trkpt>
   <trkpt lat="37.2566750" lon="-79.9483100">
    <ele>292.8</ele>
    <time>2026-02-18T10:34:12Z</time>
    <extensions>
     <power>456</power>
     <gpxtpx:TrackPointExtension>
      <gpxtpx:hr>160</gpxtpx:hr>
      <gpxtpx:cad>87</gpxtpx:cad>
     </gpxtpx:TrackPointExtension>
    </extensions>
   </trkpt>
   <trkpt lat="37.2566900" lon="-79.9482990">
    <ele>293.0</ele>
    <time>2026-02-18T10:34:13Z</time>
    <extensions>
     <power>449</power>
     <gpxtpx:TrackPointExtension>
      <gpxtpx:hr>161</gpxtpx:hr>
      <gpxtpx:cad>87</gpxtpx:cad>
     </gpxtpx:TrackPointExtension>
    </extensions>
   </trkpt>
   <trkpt lat="37.2567070" lon="-79.9482780">
    <ele>293.0</ele>
    <time>2026-02-18T10:34:14Z</time>
    <extensions>
     <power>439</power>
     <gpxtpx:TrackPointExtension>
      <gpxtpx:hr>161</gpxtpx:hr>
      <gpxtpx:cad>88</gpxtpx:cad>
     </gpxtpx:TrackPointExtension>
    </extensions>
   </trkpt>
   <trkpt lat="37.2567190" lon="-79.9482640">
    <ele>293.2</ele>
    <time>2026-02-18T10:34:15Z</time>
    <extensions>
     <power>433</power>
     <gpxtpx:TrackPointExtension>
      <gpxtpx:hr>161</gpxtpx:hr>
      <gpxtpx:cad>88</gpxtpx:cad>
     </gpxtpx:TrackPointExtension>
    </extensions>
   </trkpt>
   <trkpt lat="37.2567360" lon="-79.9482430">
    <ele>293.2</ele>
    <time>2026-02-18T10:34:16Z</time>
    <extensions>
     <power>427</power>
     <gpxtpx:TrackPointExtension>
      <gpxtpx:hr>162</gpxtpx:hr>
      <gpxtpx:cad>88</gpxtpx:cad>
     </gpxtpx:TrackPointExtension>
    </extensions>
   </trkpt>
   <trkpt lat="37.2567510" lon="-79.9482310">
    <ele>293.4</ele>
    <time>2026-02-18T10:34:17Z</time>
    <extensions>
     <power>423</power>
     <gpxtpx:TrackPointExtension>
      <gpxtpx:hr>162</gpxtpx:hr>
      <gpxtpx:cad>88</gpxtpx:cad>
     </gpxtpx:TrackPointExtension>
    </extensions>
   </trkpt>
   <trkpt lat="37.2567710" lon="-79.9482080">
    <ele>293.6</ele>
    <time>2026-02-18T10:34:18Z</time>
    <extensions>
     <power>419</power>
     <gpxtpx:TrackPointExtension>
      <gpxtpx:hr>163</gpxtpx:hr>
      <gpxtpx:cad>89</gpxtpx:cad>
     </gpxtpx:TrackPointExtension>
    </extensions>
   </trkpt>
   <trkpt lat="37.2567830" lon="-79.9481940">
    <ele>293.8</ele>
    <time>2026-02-18T10:34:19Z</time>
    <extensions>
     <power>415</power>
     <gpxtpx:TrackPointExtension>
      <gpxtpx:hr>163</gpxtpx:hr>
      <gpxtpx:cad>90</gpxtpx:cad>
     </gpxtpx:TrackPointExtension>
    </extensions>
   </trkpt>
   <trkpt lat="37.2568060" lon="-79.9481720">
    <ele>294.0</ele>
    <time>2026-02-18T10:34:20Z</time>
    <extensions>
     <power>409</power>
     <gpxtpx:TrackPointExtension>
      <gpxtpx:hr>163</gpxtpx:hr>
      <gpxtpx:cad>90</gpxtpx:cad>
     </gpxtpx:TrackPointExtension>
    </extensions>
   </trkpt>
   <trkpt lat="37.2568220" lon="-79.9481580">
    <ele>294.0</ele>
    <time>2026-02-18T10:34:21Z</time>
    <extensions>
     <power>405</power>
     <gpxtpx:TrackPointExtension>
      <gpxtpx:hr>163</gpxtpx:hr>
      <gpxtpx:cad>91</gpxtpx:cad>
     </gpxtpx:TrackPointExtension>
    </extensions>
   </trkpt>
   <trkpt lat="37.2568410" lon="-79.9481360">
    <ele>294.2</ele>
    <time>2026-02-18T10:34:22Z</time>
    <extensions>
     <power>402</power>
     <gpxtpx:TrackPointExtension>
      <gpxtpx:hr>164</gpxtpx:hr>
      <gpxtpx:cad>91</gpxtpx:cad>
     </gpxtpx:TrackPointExtension>
    </extensions>
   </trkpt>
   <trkpt lat="37.2568550" lon="-79.9481260">
    <ele>294.2</ele>
    <time>2026-02-18T10:34:23Z</time>
    <extensions>
     <power>401</power>
     <gpxtpx:TrackPointExtension>
      <gpxtpx:hr>164</gpxtpx:hr>
      <gpxtpx:cad>90</gpxtpx:cad>
     </gpxtpx:TrackPointExtension>
    </extensions>
   </trkpt>
   <trkpt lat="37.2568740" lon="-79.9481060">
    <ele>294.4</ele>
    <time>2026-02-18T10:34:24Z</time>
    <extensions>
     <power>400</power>
     <gpxtpx:TrackPointExtension>
      <gpxtpx:hr>165</gpxtpx:hr>
      <gpxtpx:cad>90</gpxtpx:cad>
     </gpxtpx:TrackPointExtension>
    </extensions>
   </trkpt>
   <trkpt lat="37.2568890" lon="-79.9480920">
    <ele>294.6</ele>
    <time>2026-02-18T10:34:25Z</time>
    <extensions>
     <power>398</power>
     <gpxtpx:TrackPointExtension>
      <gpxtpx:hr>165</gpxtpx:hr>
      <gpxtpx:cad>90</gpxtpx:cad>
     </gpxtpx:TrackPointExtension>
    </extensions>
   </trkpt>
   <trkpt lat="37.2569100" lon="-79.9480720">
    <ele>294.8</ele>
    <time>2026-02-18T10:34:26Z</time>
    <extensions>
     <power>397</power>
     <gpxtpx:TrackPointExtension>
      <gpxtpx:hr>165</gpxtpx:hr>
      <gpxtpx:cad>90</gpxtpx:cad>
     </gpxtpx:TrackPointExtension>
    </extensions>
   </trkpt>
   <trkpt lat="37.2569250" lon="-79.9480590">
    <ele>295.0</ele>
    <time>2026-02-18T10:34:27Z</time>
    <extensions>
     <power>399</power>
     <gpxtpx:TrackPointExtension>
      <gpxtpx:hr>165</gpxtpx:hr>
      <gpxtpx:cad>90</gpxtpx:cad>
     </gpxtpx:TrackPointExtension>
    </extensions>
   </trkpt>
   <trkpt lat="37.2569460" lon="-79.9480370">
    <ele>295.2</ele>
    <time>2026-02-18T10:34:28Z</time>
    <extensions>
     <power>397</power>
     <gpxtpx:TrackPointExtension>
      <gpxtpx:hr>166</gpxtpx:hr>
      <gpxtpx:cad>90</gpxtpx:cad>
     </gpxtpx:TrackPointExtension>
    </extensions>
   </trkpt>
   <trkpt lat="37.2569610" lon="-79.9480230">
    <ele>295.2</ele>
    <time>2026-02-18T10:34:29Z</time>
    <extensions>
     <power>397</power>
     <gpxtpx:TrackPointExtension>
      <gpxtpx:hr>165</gpxtpx:hr>
      <gpxtpx:cad>89</gpxtpx:cad>
     </gpxtpx:TrackPointExtension>
    </extensions>
   </trkpt>
   <trkpt lat="37.2569780" lon="-79.9480000">
    <ele>295.4</ele>
    <time>2026-02-18T10:34:30Z</time>
    <extensions>
     <power>397</power>
     <gpxtpx:TrackPointExtension>
      <gpxtpx:hr>165</gpxtpx:hr>
      <gpxtpx:cad>89</gpxtpx:cad>
     </gpxtpx:TrackPointExtension>
    </extensions>
   </trkpt>
   <trkpt lat="37.2569900" lon="-79.9479860">
    <ele>295.6</ele>
    <time>2026-02-18T10:34:31Z</time>
    <extensions>
     <power>397</power>
     <gpxtpx:TrackPointExtension>
      <gpxtpx:hr>165</gpxtpx:hr>
      <gpxtpx:cad>89</gpxtpx:cad>
     </gpxtpx:TrackPointExtension>
    </extensions>
   </trkpt>
   <trkpt lat="37.2570100" lon="-79.9479630">
    <ele>295.8</ele>
    <time>2026-02-18T10:34:32Z</time>
    <extensions>
     <power>395</power>
     <gpxtpx:TrackPointExtension>
      <gpxtpx:hr>166</gpxtpx:hr>
      <gpxtpx:cad>90</gpxtpx:cad>
     </gpxtpx:TrackPointExtension>
    </extensions>
   </trkpt>
   <trkpt lat="37.2570240" lon="-79.9479510">
    <ele>295.8</ele>
    <time>2026-02-18T10:34:33Z</time>
    <extensions>
     <power>393</power>
     <gpxtpx:TrackPointExtension>
      <gpxtpx:hr>165</gpxtpx:hr>
      <gpxtpx:cad>90</gpxtpx:cad>
     </gpxtpx:TrackPointExtension>
    </extensions>
   </trkpt>
   <trkpt lat="37.2570460" lon="-79.9479270">
    <ele>296.0</ele>
    <time>2026-02-18T10:34:34Z</time>
    <extensions>
     <power>390</power>
     <gpxtpx:TrackPointExtension>
      <gpxtpx:hr>165</gpxtpx:hr>
      <gpxtpx:cad>90</gpxtpx:cad>
     </gpxtpx:TrackPointExtension>
    </extensions>
   </trkpt>
   <trkpt lat="37.2570640" lon="-79.9479180">
    <ele>296.2</ele>
    <time>2026-02-18T10:34:35Z</time>
    <extensions>
     <power>390</power>
     <gpxtpx:TrackPointExtension>
      <gpxtpx:hr>166</gpxtpx:hr>
      <gpxtpx:cad>90</gpxtpx:cad>
     </gpxtpx:TrackPointExtension>
    </extensions>
   </trkpt>
   <trkpt lat="37.2570880" lon="-79.9478980">
    <ele>296.2</ele>
    <time>2026-02-18T10:34:36Z</time>
    <extensions>
     <power>389</power>
     <gpxtpx:TrackPointExtension>
      <gpxtpx:hr>165</gpxtpx:hr>
      <gpxtpx:cad>90</gpxtpx:cad>
     </gpxtpx:TrackPointExtension>
    </extensions>
   </trkpt>
   <trkpt lat="37.2571050" lon="-79.9478840">
    <ele>296.4</ele>
    <time>2026-02-18T10:34:37Z</time>
    <extensions>
     <power>383</power>
     <gpxtpx:TrackPointExtension>
      <gpxtpx:hr>165</gpxtpx:hr>
      <gpxtpx:cad>90</gpxtpx:cad>
     </gpxtpx:TrackPointExtension>
    </extensions>
   </trkpt>
   <trkpt lat="37.2571280" lon="-79.9478620">
    <ele>296.4</ele>
    <time>2026-02-18T10:34:38Z</time>
    <extensions>
     <power>380</power>
     <gpxtpx:TrackPointExtension>
      <gpxtpx:hr>165</gpxtpx:hr>
      <gpxtpx:cad>90</gpxtpx:cad>
     </gpxtpx:TrackPointExtension>
    </extensions>
   </trkpt>
   <trkpt lat="37.2571430" lon="-79.9478470">
    <ele>296.6</ele>
    <time>2026-02-18T10:34:39Z</time>
    <extensions>
     <power>378</power>
     <gpxtpx:TrackPointExtension>
      <gpxtpx:hr>166</gpxtpx:hr>
      <gpxtpx:cad>90</gpxtpx:cad>
     </gpxtpx:TrackPointExtension>
    </extensions>
   </trkpt>
   <trkpt lat="37.2571620" lon="-79.9478270">
    <ele>296.6</ele>
    <time>2026-02-18T10:34:40Z</time>
    <extensions>
     <power>377</power>
     <gpxtpx:TrackPointExtension>
      <gpxtpx:hr>165</gpxtpx:hr>
      <gpxtpx:cad>90</gpxtpx:cad>
     </gpxtpx:TrackPointExtension>
    </extensions>
   </trkpt>
   <trkpt lat="37.2571770" lon="-79.9478160">
    <ele>296.8</ele>
    <time>2026-02-18T10:34:41Z</time>
    <extensions>
     <power>375</power>
     <gpxtpx:TrackPointExtension>
      <gpxtpx:hr>165</gpxtpx:hr>
      <gpxtpx:cad>90</gpxtpx:cad>
     </gpxtpx:TrackPointExtension>
    </extensions>
   </trkpt>
   <trkpt lat="37.2571970" lon="-79.9477930">
    <ele>296.8</ele>
    <time>2026-02-18T10:34:42Z</time>
    <extensions>
     <power>372</power>
     <gpxtpx:TrackPointExtension>
      <gpxtpx:hr>166</gpxtpx:hr>
      <gpxtpx:cad>90</gpxtpx:cad>
     </gpxtpx:TrackPointExtension>
    </extensions>
   </trkpt>
   <trkpt lat="37.2572160" lon="-79.9477740">
    <ele>297.0</ele>
    <time>2026-02-18T10:34:43Z</time>
    <extensions>
     <power>368</power>
     <gpxtpx:TrackPointExtension>
      <gpxtpx:hr>165</gpxtpx:hr>
      <gpxtpx:cad>89</gpxtpx:cad>
     </gpxtpx:TrackPointExtension>
    </extensions>
   </trkpt>
   <trkpt lat="37.2572330" lon="-79.9477580">
    <ele>297.0</ele>
    <time>2026-02-18T10:34:44Z</time>
    <extensions>
     <power>367</power>
     <gpxtpx:TrackPointExtension>
      <gpxtpx:hr>165</gpxtpx:hr>
      <gpxtpx:cad>89</gpxtpx:cad>
     </gpxtpx:TrackPointExtension>
    </extensions>
   </trkpt>
   <trkpt lat="37.2572510" lon="-79.9477430">
    <ele>297.0</ele>
    <time>2026-02-18T10:34:45Z</time>
    <extensions>
     <power>367</power>
     <gpxtpx:TrackPointExtension>
      <gpxtpx:hr>166</gpxtpx:hr>
      <gpxtpx:cad>89</gpxtpx:cad>
     </gpxtpx:TrackPointExtension>
    </extensions>
   </trkpt>
   <trkpt lat="37.2572690" lon="-79.9477260">
    <ele>297.0</ele>
    <time>2026-02-18T10:34:46Z</time>
    <extensions>
     <power>365</power>
     <gpxtpx:TrackPointExtension>
      <gpxtpx:hr>165</gpxtpx:hr>
      <gpxtpx:cad>89</gpxtpx:cad>
     </gpxtpx:TrackPointExtension>
    </extensions>
   </trkpt>
   <trkpt lat="37.2572890" lon="-79.9477050">
    <ele>297.0</ele>
    <time>2026-02-18T10:34:47Z</time>
    <extensions>
     <power>361</power>
     <gpxtpx:TrackPointExtension>
      <gpxtpx:hr>165</gpxtpx:hr>
      <gpxtpx:cad>89</gpxtpx:cad>
     </gpxtpx:TrackPointExtension>
    </extensions>
   </trkpt>
   <trkpt lat="37.2573040" lon="-79.9476900">
    <ele>297.0</ele>
    <time>2026-02-18T10:34:48Z</time>
    <extensions>
     <power>357</power>
     <gpxtpx:TrackPointExtension>
      <gpxtpx:hr>165</gpxtpx:hr>
      <gpxtpx:cad>88</gpxtpx:cad>
     </gpxtpx:TrackPointExtension>
    </extensions>
   </trkpt>
   <trkpt lat="37.2573260" lon="-79.9476690">
    <ele>297.0</ele>
    <time>2026-02-18T10:34:49Z</time>
    <extensions>
     <power>351</power>
     <gpxtpx:TrackPointExtension>
      <gpxtpx:hr>165</gpxtpx:hr>
      <gpxtpx:cad>88</gpxtpx:cad>
     </gpxtpx:TrackPointExtension>
    </extensions>
   </trkpt>
   <trkpt lat="37.2573420" lon="-79.9476590">
    <ele>297.0</ele>
    <time>2026-02-18T10:34:50Z</time>
    <extensions>
     <power>344</power>
     <gpxtpx:TrackPointExtension>
      <gpxtpx:hr>165</gpxtpx:hr>
      <gpxtpx:cad>87</gpxtpx:cad>
     </gpxtpx:TrackPointExtension>
    </extensions>
   </trkpt>
   <trkpt lat="37.2573610" lon="-79.9476380">
    <ele>297.0</ele>
    <time>2026-02-18T10:34:51Z</time>
    <extensions>
     <power>338</power>
     <gpxtpx:TrackPointExtension>
      <gpxtpx:hr>165</gpxtpx:hr>
      <gpxtpx:cad>88</gpxtpx:cad>
     </gpxtpx:TrackPointExtension>
    </extensions>
   </trkpt>
   <trkpt lat="37.2573780" lon="-79.9476210">
    <ele>297.2</ele>
    <time>2026-02-18T10:34:52Z</time>
    <extensions>
     <power>333</power>
     <gpxtpx:TrackPointExtension>
      <gpxtpx:hr>165</gpxtpx:hr>
      <gpxtpx:cad>88</gpxtpx:cad>
     </gpxtpx:TrackPointExtension>
    </extensions>
   </trkpt>
   <trkpt lat="37.2574010" lon="-79.9475970">
    <ele>297.0</ele>
    <time>2026-02-18T10:34:53Z</time>
    <extensions>
     <power>326</power>
     <gpxtpx:TrackPointExtension>
      <gpxtpx:hr>164</gpxtpx:hr>
      <gpxtpx:cad>88</gpxtpx:cad>
     </gpxtpx:TrackPointExtension>
    </extensions>
   </trkpt>
   <trkpt lat="37.2574210" lon="-79.9475840">
    <ele>297.0</ele>
    <time>2026-02-18T10:34:54Z</time>
    <extensions>
     <power>319</power>
     <gpxtpx:TrackPointExtension>
      <gpxtpx:hr>164</gpxtpx:hr>
      <gpxtpx:cad>88</gpxtpx:cad>
     </gpxtpx:TrackPointExtension>
    </extensions>
   </trkpt>
   <trkpt lat="37.2574420" lon="-79.9475620">
    <ele>297.0</ele>
    <time>2026-02-18T10:34:55Z</time>
    <extensions>
     <power>317</power>
     <gpxtpx:TrackPointExtension>
      <gpxtpx:hr>164</gpxtpx:hr>
      <gpxtpx:cad>88</gpxtpx:cad>
     </gpxtpx:TrackPointExtension>
    </extensions>
   </trkpt>
   <trkpt lat="37.2574580" lon="-79.9475440">
    <ele>297.0</ele>
    <time>2026-02-18T10:34:56Z</time>
    <extensions>
     <power>315</power>
     <gpxtpx:TrackPointExtension>
      <gpxtpx:hr>164</gpxtpx:hr>
      <gpxtpx:cad>86</gpxtpx:cad>
     </gpxtpx:TrackPointExtension>
    </extensions>
   </trkpt>
   <trkpt lat="37.2574780" lon="-79.9475220">
    <ele>296.8</ele>
    <time>2026-02-18T10:34:57Z</time>
    <extensions>
     <power>312</power>
     <gpxtpx:TrackPointExtension>
      <gpxtpx:hr>164</gpxtpx:hr>
      <gpxtpx:cad>86</gpxtpx:cad>
     </gpxtpx:TrackPointExtension>
    </extensions>
   </trkpt>
   <trkpt lat="37.2574970" lon="-79.9475070">
    <ele>296.8</ele>
    <time>2026-02-18T10:34:58Z</time>
    <extensions>
     <power>305</power>
     <gpxtpx:TrackPointExtension>
      <gpxtpx:hr>164</gpxtpx:hr>
      <gpxtpx:cad>88</gpxtpx:cad>
     </gpxtpx:TrackPointExtension>
    </extensions>
   </trkpt>
   <trkpt lat="37.2575160" lon="-79.9474890">
    <ele>296.8</ele>
    <time>2026-02-18T10:34:59Z</time>
    <extensions>
     <power>301</power>
     <gpxtpx:TrackPointExtension>
      <gpxtpx:hr>163</gpxtpx:hr>
      <gpxtpx:cad>88</gpxtpx:cad>
     </gpxtpx:TrackPointExtension>
    </extensions>
   </trkpt>
   <trkpt lat="37.2575340" lon="-79.9474710">
    <ele>296.6</ele>
    <time>2026-02-18T10:35:00Z</time>
    <extensions>
     <power>295</power>
     <gpxtpx:TrackPointExtension>
      <gpxtpx:hr>163</gpxtpx:hr>
      <gpxtpx:cad>88</gpxtpx:cad>
     </gpxtpx:TrackPointExtension>
    </extensions>
   </trkpt>
   <trkpt lat="37.2575530" lon="-79.9474570">
    <ele>296.4</ele>
    <time>2026-02-18T10:35:01Z</time>
    <extensions>
     <power>290</power>
     <gpxtpx:TrackPointExtension>
      <gpxtpx:hr>163</gpxtpx:hr>
      <gpxtpx:cad>88</gpxtpx:cad>
     </gpxtpx:TrackPointExtension>
    </extensions>
   </trkpt>
   <trkpt lat="37.2575710" lon="-79.9474360">
    <ele>296.2</ele>
    <time>2026-02-18T10:35:02Z</time>
    <extensions>
     <power>289</power>
     <gpxtpx:TrackPointExtension>
      <gpxtpx:hr>163</gpxtpx:hr>
      <gpxtpx:cad>87</gpxtpx:cad>
     </gpxtpx:TrackPointExtension>
    </extensions>
   </trkpt>
   <trkpt lat="37.2575880" lon="-79.9474240">
    <ele>296.2</ele>
    <time>2026-02-18T10:35:03Z</time>
    <extensions>
     <power>287</power>
     <gpxtpx:TrackPointExtension>
      <gpxtpx:hr>162</gpxtpx:hr>
      <gpxtpx:cad>87</gpxtpx:cad>
     </gpxtpx:TrackPointExtension>
    </extensions>
   </trkpt>
   <trkpt lat="37.2576080" lon="-79.9474020">
    <ele>296.0</ele>
    <time>2026-02-18T10:35:04Z</time>
    <extensions>
     <power>286</power>
     <gpxtpx:TrackPointExtension>
      <gpxtpx:hr>162</gpxtpx:hr>
      <gpxtpx:cad>88</gpxtpx:cad>
     </gpxtpx:TrackPointExtension>
    </extensions>
   </trkpt>
   <trkpt lat="37.2576260" lon="-79.9473900">
    <ele>295.8</ele>
    <time>2026-02-18T10:35:05Z</time>
    <extensions>
     <power>285</power>
     <gpxtpx:TrackPointExtension>
      <gpxtpx:hr>162</gpxtpx:hr>
      <gpxtpx:cad>88</gpxtpx:cad>
     </gpxtpx:TrackPointExtension>
    </extensions>
   </trkpt>
   <trkpt lat="37.2576490" lon="-79.9473680">
    <ele>295.8</ele>
    <time>2026-02-18T10:35:06Z</time>
    <extensions>
     <power>282</power>
     <gpxtpx:TrackPointExtension>
      <gpxtpx:hr>161</gpxtpx:hr>
      <gpxtpx:cad>87</gpxtpx:cad>
     </gpxtpx:TrackPointExtension>
    </extensions>
   </trkpt>
   <trkpt lat="37.2576670" lon="-79.9473510">
    <ele>295.6</ele>
    <time>2026-02-18T10:35:07Z</time>
    <extensions>
     <power>282</power>
     <gpxtpx:TrackPointExtension>
      <gpxtpx:hr>161</gpxtpx:hr>
      <gpxtpx:cad>87</gpxtpx:cad>
     </gpxtpx:TrackPointExtension>
    </extensions>
   </trkpt>
   <trkpt lat="37.2576870" lon="-79.9473320">
    <ele>295.6</ele>
    <time>2026-02-18T10:35:08Z</time>
    <extensions>
     <power>282</power>
     <gpxtpx:TrackPointExtension>
      <gpxtpx:hr>161</gpxtpx:hr>
      <gpxtpx:cad>87</gpxtpx:cad>
     </gpxtpx:TrackPointExtension>
    </extensions>
   </trkpt>
   <trkpt lat="37.2577040" lon="-79.9473110">
    <ele>295.4</ele>
    <time>2026-02-18T10:35:09Z</time>
    <extensions>
     <power>280</power>
     <gpxtpx:TrackPointExtension>
      <gpxtpx:hr>161</gpxtpx:hr>
      <gpxtpx:cad>87</gpxtpx:cad>
     </gpxtpx:TrackPointExtension>
    </extensions>
   </trkpt>
   <trkpt lat="37.2577230" lon="-79.9472970">
    <ele>295.2</ele>
    <time>2026-02-18T10:35:10Z</time>
    <extensions>
     <power>280</power>
     <gpxtpx:TrackPointExtension>
      <gpxtpx:hr>160</gpxtpx:hr>
      <gpxtpx:cad>87</gpxtpx:cad>
     </gpxtpx:TrackPointExtension>
    </extensions>
   </trkpt>
   <trkpt lat="37.2577400" lon="-79.9472730">
    <ele>295.0</ele>
    <time>2026-02-18T10:35:11Z</time>
    <extensions>
     <power>272</power>
     <gpxtpx:TrackPointExtension>
      <gpxtpx:hr>160</gpxtpx:hr>
      <gpxtpx:cad>88</gpxtpx:cad>
     </gpxtpx:TrackPointExtension>
    </extensions>
   </trkpt>
   <trkpt lat="37.2577600" lon="-79.9472630">
    <ele>294.8</ele>
    <time>2026-02-18T10:35:12Z</time>
    <extensions>
     <power>268</power>
     <gpxtpx:TrackPointExtension>
      <gpxtpx:hr>160</gpxtpx:hr>
      <gpxtpx:cad>88</gpxtpx:cad>
     </gpxtpx:TrackPointExtension>
    </extensions>
   </trkpt>
   <trkpt lat="37.2577790" lon="-79.9472400">
    <ele>294.6</ele>
    <time>2026-02-18T10:35:13Z</time>
    <extensions>
     <power>263</power>
     <gpxtpx:TrackPointExtension>
      <gpxtpx:hr>160</gpxtpx:hr>
      <gpxtpx:cad>88</gpxtpx:cad>
     </gpxtpx:TrackPointExtension>
    </extensions>
   </trkpt>
   <trkpt lat="37.2577960" lon="-79.9472280">
    <ele>294.4</ele>
    <time>2026-02-18T10:35:14Z</time>
    <extensions>
     <power>259</power>
     <gpxtpx:TrackPointExtension>
      <gpxtpx:hr>159</gpxtpx:hr>
      <gpxtpx:cad>88</gpxtpx:cad>
     </gpxtpx:TrackPointExtension>
    </extensions>
   </trkpt>
   <trkpt lat="37.2578180" lon="-79.9472070">
    <ele>294.2</ele>
    <time>2026-02-18T10:35:15Z</time>
    <extensions>
     <power>256</power>
     <gpxtpx:TrackPointExtension>
      <gpxtpx:hr>159</gpxtpx:hr>
      <gpxtpx:cad>86</gpxtpx:cad>
     </gpxtpx:TrackPointExtension>
    </extensions>
   </trkpt>
   <trkpt lat="37.2578370" lon="-79.9471940">
    <ele>294.2</ele>
    <time>2026-02-18T10:35:16Z</time>
    <extensions>
     <power>252</power>
     <gpxtpx:TrackPointExtension>
      <gpxtpx:hr>158</gpxtpx:hr>
      <gpxtpx:cad>86</gpxtpx:cad>
     </gpxtpx:TrackPointExtension>
    </extensions>
   </trkpt>
   <trkpt lat="37.2578610" lon="-79.9471730">
    <ele>294.0</ele>
    <time>2026-02-18T10:35:17Z</time>
    <extensions>
     <power>250</power>
     <gpxtpx:TrackPointExtension>
      <gpxtpx:hr>158</gpxtpx:hr>
      <gpxtpx:cad>86</gpxtpx:cad>
     </gpxtpx:TrackPointExtension>
    </extensions>
   </trkpt>
   <trkpt lat="37.2578810" lon="-79.9471550">
    <ele>293.8</ele>
    <time>2026-02-18T10:35:18Z</time>
    <extensions>
     <power>247</power>
     <gpxtpx:TrackPointExtension>
      <gpxtpx:hr>158</gpxtpx:hr>
      <gpxtpx:cad>88</gpxtpx:cad>
     </gpxtpx:TrackPointExtension>
    </extensions>
   </trkpt>
   <trkpt lat="37.2579010" lon="-79.9471390">
    <ele>293.6</ele>
    <time>2026-02-18T10:35:19Z</time>
    <extensions>
     <power>246</power>
     <gpxtpx:TrackPointExtension>
      <gpxtpx:hr>157</gpxtpx:hr>
      <gpxtpx:cad>88</gpxtpx:cad>
     </gpxtpx:TrackPointExtension>
    </extensions>
   </trkpt>
   <trkpt lat="37.2579200" lon="-79.9471180">
    <ele>293.4</ele>
    <time>2026-02-18T10:35:20Z</time>
    <extensions>
     <power>246</power>
     <gpxtpx:TrackPointExtension>
      <gpxtpx:hr>157</gpxtpx:hr>
      <gpxtpx:cad>88</gpxtpx:cad>
     </gpxtpx:TrackPointExtension>
    </extensions>
   </trkpt>
   <trkpt lat="37.2579390" lon="-79.9471030">
    <ele>293.2</ele>
    <time>2026-02-18T10:35:21Z</time>
    <extensions>
     <power>243</power>
     <gpxtpx:TrackPointExtension>
      <gpxtpx:hr>157</gpxtpx:hr>
      <gpxtpx:cad>88</gpxtpx:cad>
     </gpxtpx:TrackPointExtension>
    </extensions>
   </trkpt>
   <trkpt lat="37.2579590" lon="-79.9470780">
    <ele>292.8</ele>
    <time>2026-02-18T10:35:22Z</time>
    <extensions>
     <power>242</power>
     <gpxtpx:TrackPointExtension>
      <gpxtpx:hr>157</gpxtpx:hr>
      <gpxtpx:cad>87</gpxtpx:cad>
     </gpxtpx:TrackPointExtension>
    </extensions>
   </trkpt>
   <trkpt lat="37.2579780" lon="-79.9470650">
    <ele>292.6</ele>
    <time>2026-02-18T10:35:23Z</time>
    <extensions>
     <power>241</power>
     <gpxtpx:TrackPointExtension>
      <gpxtpx:hr>157</gpxtpx:hr>
      <gpxtpx:cad>86</gpxtpx:cad>
     </gpxtpx:TrackPointExtension>
    </extensions>
   </trkpt>
   <trkpt lat="37.2580020" lon="-79.9470370">
    <ele>292.4</ele>
    <time>2026-02-18T10:35:24Z</time>
    <extensions>
     <power>242</power>
     <gpxtpx:TrackPointExtension>
      <gpxtpx:hr>156</gpxtpx:hr>
      <gpxtpx:cad>86</gpxtpx:cad>
     </gpxtpx:TrackPointExtension>
    </extensions>
   </trkpt>
   <trkpt lat="37.2580200" lon="-79.9470210">
    <ele>292.2</ele>
    <time>2026-02-18T10:35:25Z</time>
    <extensions>
     <power>241</power>
     <gpxtpx:TrackPointExtension>
      <gpxtpx:hr>156</gpxtpx:hr>
      <gpxtpx:cad>87</gpxtpx:cad>
     </gpxtpx:TrackPointExtension>
    </extensions>
   </trkpt>
   <trkpt lat="37.2580430" lon="-79.9469980">
    <ele>292.0</ele>
    <time>2026-02-18T10:35:26Z</time>
    <extensions>
     <power>242</power>
     <gpxtpx:TrackPointExtension>
      <gpxtpx:hr>156</gpxtpx:hr>
      <gpxtpx:cad>87</gpxtpx:cad>
     </gpxtpx:TrackPointExtension>
    </extensions>
   </trkpt>
   <trkpt lat="37.2580630" lon="-79.9469790">
    <ele>291.8</ele>
    <time>2026-02-18T10:35:27Z</time>
    <extensions>
     <power>241</power>
     <gpxtpx:TrackPointExtension>
      <gpxtpx:hr>156</gpxtpx:hr>
      <gpxtpx:cad>87</gpxtpx:cad>
     </gpxtpx:TrackPointExtension>
    </extensions>
   </trkpt>
   <trkpt lat="37.2580900" lon="-79.9469600">
    <ele>291.6</ele>
    <time>2026-02-18T10:35:28Z</time>
    <extensions>
     <power>241</power>
     <gpxtpx:TrackPointExtension>
      <gpxtpx:hr>156</gpxtpx:hr>
      <gpxtpx:cad>87</gpxtpx:cad>
     </gpxtpx:TrackPointExtension>
    </extensions>
   </trkpt>
   <trkpt lat="37.2581140" lon="-79.9469520">
    <ele>291.4</ele>
    <time>2026-02-18T10:35:29Z</time>
    <extensions>
     <power>242</power>
     <gpxtpx:TrackPointExtension>
      <gpxtpx:hr>156</gpxtpx:hr>
      <gpxtpx:cad>87</gpxtpx:cad>
     </gpxtpx:TrackPointExtension>
    </extensions>
   </trkpt>
   <trkpt lat="37.2581400" lon="-79.9469340">
    <ele>291.2</ele>
    <time>2026-02-18T10:35:30Z</time>
    <extensions>
     <power>242</power>
     <gpxtpx:TrackPointExtension>
      <gpxtpx:hr>156</gpxtpx:hr>
      <gpxtpx:cad>87</gpxtpx:cad>
     </gpxtpx:TrackPointExtension>
    </extensions>
   </trkpt>
   <trkpt lat="37.2581620" lon="-79.9469150">
    <ele>291.2</ele>
    <time>2026-02-18T10:35:31Z</time>
    <extensions>
     <power>242</power>
     <gpxtpx:TrackPointExtension>
      <gpxtpx:hr>155</gpxtpx:hr>
      <gpxtpx:cad>88</gpxtpx:cad>
     </gpxtpx:TrackPointExtension>
    </extensions>
   </trkpt>
   <trkpt lat="37.2581840" lon="-79.9468990">
    <ele>291.0</ele>
    <time>2026-02-18T10:35:32Z</time>
    <extensions>
     <power>244</power>
     <gpxtpx:TrackPointExtension>
      <gpxtpx:hr>155</gpxtpx:hr>
      <gpxtpx:cad>89</gpxtpx:cad>
     </gpxtpx:TrackPointExtension>
    </extensions>
   </trkpt>
   <trkpt lat="37.2582050" lon="-79.9468820">
    <ele>290.8</ele>
    <time>2026-02-18T10:35:33Z</time>
    <extensions>
     <power>242</power>
     <gpxtpx:TrackPointExtension>
      <gpxtpx:hr>155</gpxtpx:hr>
      <gpxtpx:cad>89</gpxtpx:cad>
     </gpxtpx:TrackPointExtension>
    </extensions>
   </trkpt>
   <trkpt lat="37.2582240" lon="-79.9468710">
    <ele>290.8</ele>
    <time>2026-02-18T10:35:34Z</time>
    <extensions>
     <power>242</power>
     <gpxtpx:TrackPointExtension>
      <gpxtpx:hr>155</gpxtpx:hr>
      <gpxtpx:cad>89</gpxtpx:cad>
     </gpxtpx:TrackPointExtension>
    </extensions>
   </trkpt>
   <trkpt lat="37.2582430" lon="-79.9468550">
    <ele>290.6</ele>
    <time>2026-02-18T10:35:35Z</time>
    <extensions>
     <power>244</power>
     <gpxtpx:TrackPointExtension>
      <gpxtpx:hr>154</gpxtpx:hr>
      <gpxtpx:cad>89</gpxtpx:cad>
     </gpxtpx:TrackPointExtension>
    </extensions>
   </trkpt>
   <trkpt lat="37.2582630" lon="-79.9468430">
    <ele>290.6</ele>
    <time>2026-02-18T10:35:36Z</time>
    <extensions>
     <power>245</power>
     <gpxtpx:TrackPointExtension>
      <gpxtpx:hr>154</gpxtpx:hr>
      <gpxtpx:cad>88</gpxtpx:cad>
     </gpxtpx:TrackPointExtension>
    </extensions>
   </trkpt>
   <trkpt lat="37.2582820" lon="-79.9468270">
    <ele>290.4</ele>
    <time>2026-02-18T10:35:37Z</time>
    <extensions>
     <power>245</power>
     <gpxtpx:TrackPointExtension>
      <gpxtpx:hr>153</gpxtpx:hr>
      <gpxtpx:cad>88</gpxtpx:cad>
     </gpxtpx:TrackPointExtension>
    </extensions>
   </trkpt>
   <trkpt lat="37.2582990" lon="-79.9468120">
    <ele>290.4</ele>
    <time>2026-02-18T10:35:38Z</time>
    <extensions>
     <power>247</power>
     <gpxtpx:TrackPointExtension>
      <gpxtpx:hr>153</gpxtpx:hr>
      <gpxtpx:cad>88</gpxtpx:cad>
     </gpxtpx:TrackPointExtension>
    </extensions>
   </trkpt>
   <trkpt lat="37.2583170" lon="-79.9467970">
    <ele>290.2</ele>
    <time>2026-02-18T10:35:39Z</time>
    <extensions>
     <power>249</power>
     <gpxtpx:TrackPointExtension>
      <gpxtpx:hr>153</gpxtpx:hr>
      <gpxtpx:cad>88</gpxtpx:cad>
     </gpxtpx:TrackPointExtension>
    </extensions>
   </trkpt>
   <trkpt lat="37.2583370" lon="-79.9467860">
    <ele>290.2</ele>
    <time>2026-02-18T10:35:40Z</time>
    <extensions>
     <power>253</power>
     <gpxtpx:TrackPointExtension>
      <gpxtpx:hr>153</gpxtpx:hr>
      <gpxtpx:cad>88</gpxtpx:cad>
     </gpxtpx:TrackPointExtension>
    </extensions>
   </trkpt>
   <trkpt lat="37.2583530" lon="-79.9467830">
    <ele>290.0</ele>
    <time>2026-02-18T10:35:41Z</time>
    <extensions>
     <power>257</power>
     <gpxtpx:TrackPointExtension>
      <gpxtpx:hr>153</gpxtpx:hr>
      <gpxtpx:cad>88</gpxtpx:cad>
     </gpxtpx:TrackPointExtension>
    </extensions>
   </trkpt>
   <trkpt lat="37.2583750" lon="-79.9467940">
    <ele>290.0</ele>
    <time>2026-02-18T10:35:42Z</time>
    <extensions>
     <power>258</power>
     <gpxtpx:TrackPointExtension>
      <gpxtpx:hr>152</gpxtpx:hr>
      <gpxtpx:cad>88</gpxtpx:cad>
     </gpxtpx:TrackPointExtension>
    </extensions>
   </trkpt>
   <trkpt lat="37.2584010" lon="-79.9467860">
    <ele>289.8</ele>
    <time>2026-02-18T10:35:43Z</time>
    <extensions>
     <power>261</power>
     <gpxtpx:TrackPointExtension>
      <gpxtpx:hr>152</gpxtpx:hr>
      <gpxtpx:cad>86</gpxtpx:cad>
     </gpxtpx:TrackPointExtension>
    </extensions>
   </trkpt>
   <trkpt lat="37.2584340" lon="-79.9467790">
    <ele>289.8</ele>
    <time>2026-02-18T10:35:44Z</time>
    <extensions>
     <power>263</power>
     <gpxtpx:TrackPointExtension>
      <gpxtpx:hr>152</gpxtpx:hr>
      <gpxtpx:cad>86</gpxtpx:cad>
     </gpxtpx:TrackPointExtension>
    </extensions>
   </trkpt>
   <trkpt lat="37.2584580" lon="-79.9467720">
    <ele>289.8</ele>
    <time>2026-02-18T10:35:45Z</time>
    <extensions>
     <power>266</power>
     <gpxtpx:TrackPointExtension>
      <gpxtpx:hr>152</gpxtpx:hr>
      <gpxtpx:cad>88</gpxtpx:cad>
     </gpxtpx:TrackPointExtension>
    </extensions>
   </trkpt>
   <trkpt lat="37.2584900" lon="-79.9467650">
    <ele>289.8</ele>
    <time>2026-02-18T10:35:46Z</time>
    <extensions>
     <power>270</power>
     <gpxtpx:TrackPointExtension>
      <gpxtpx:hr>151</gpxtpx:hr>
      <gpxtpx:cad>88</gpxtpx:cad>
     </gpxtpx:TrackPointExtension>
    </extensions>
   </trkpt>
   <trkpt lat="37.2585120" lon="-79.9467640">
    <ele>289.8</ele>
    <time>2026-02-18T10:35:47Z</time>
    <extensions>
     <power>273</power>
     <gpxtpx:TrackPointExtension>
      <gpxtpx:hr>151</gpxtpx:hr>
      <gpxtpx:cad>88</gpxtpx:cad>
     </gpxtpx:TrackPointExtension>
    </extensions>
   </trkpt>
   <trkpt lat="37.2585380" lon="-79.9467520">
    <ele>289.8</ele>
    <time>2026-02-18T10:35:48Z</time>
    <extensions>
     <power>279</power>
     <gpxtpx:TrackPointExtension>
      <gpxtpx:hr>151</gpxtpx:hr>
      <gpxtpx:cad>88</gpxtpx:cad>
     </gpxtpx:TrackPointExtension>
    </extensions>
   </trkpt>
   <trkpt lat="37.2585610" lon="-79.9467540">
    <ele>289.6</ele>
    <time>2026-02-18T10:35:49Z</time>
    <extensions>
     <power>281</power>
     <gpxtpx:TrackPointExtension>
      <gpxtpx:hr>151</gpxtpx:hr>
      <gpxtpx:cad>87</gpxtpx:cad>
     </gpxtpx:TrackPointExtension>
    </extensions>
   </trkpt>
   <trkpt lat="37.2585880" lon="-79.9467430">
    <ele>289.6</ele>
    <time>2026-02-18T10:35:50Z</time>
    <extensions>
     <power>283</power>
     <gpxtpx:TrackPointExtension>
      <gpxtpx:hr>151</gpxtpx:hr>
      <gpxtpx:cad>87</gpxtpx:cad>
     </gpxtpx:TrackPointExtension>
    </extensions>
   </trkpt>
   <trkpt lat="37.2586100" lon="-79.9467370">
    <ele>289.6</ele>
    <time>2026-02-18T10:35:51Z</time>
    <extensions>
     <power>285</power>
     <gpxtpx:TrackPointExtension>
      <gpxtpx:hr>151</gpxtpx:hr>
      <gpxtpx:cad>87</gpxtpx:cad>
     </gpxtpx:TrackPointExtension>
    </extensions>
   </trkpt>
   <trkpt lat="37.2586310" lon="-79.9467200">
    <ele>289.6</ele>
    <time>2026-02-18T10:35:52Z</time>
    <extensions>
     <power>288</power>
     <gpxtpx:TrackPointExtension>
      <gpxtpx:hr>151</gpxtpx:hr>
      <gpxtpx:cad>88</gpxtpx:cad>
     </gpxtpx:TrackPointExtension>
    </extensions>
   </trkpt>
   <trkpt lat="37.2586520" lon="-79.9467200">
    <ele>289.6</ele>
    <time>2026-02-18T10:35:53Z</time>
    <extensions>
     <power>291</power>
     <gpxtpx:TrackPointExtension>
      <gpxtpx:hr>151</gpxtpx:hr>
      <gpxtpx:cad>89</gpxtpx:cad>
     </gpxtpx:TrackPointExtension>
    </extensions>
   </trkpt>
   <trkpt lat="37.2586750" lon="-79.9467100">
    <ele>289.6</ele>
    <time>2026-02-18T10:35:54Z</time>
    <extensions>
     <power>291</power>
     <gpxtpx:TrackPointExtension>
      <gpxtpx:hr>151</gpxtpx:hr>
      <gpxtpx:cad>89</gpxtpx:cad>
     </gpxtpx:TrackPointExtension>
    </extensions>
   </trkpt>
   <trkpt lat="37.2586930" lon="-79.9467050">
    <ele>289.6</ele>
    <time>2026-02-18T10:35:55Z</time>
    <extensions>
     <power>293</power>
     <gpxtpx:TrackPointExtension>
      <gpxtpx:hr>151</gpxtpx:hr>
      <gpxtpx:cad>89</gpxtpx:cad>
     </gpxtpx:TrackPointExtension>
    </extensions>
   </trkpt>
   <trkpt lat="37.2587150" lon="-79.9467030">
    <ele>289.6</ele>
    <time>2026-02-18T10:35:56Z</time>
    <extensions>
     <power>296</power>
     <gpxtpx:TrackPointExtension>
      <gpxtpx:hr>151</gpxtpx:hr>
      <gpxtpx:cad>88</gpxtpx:cad>
     </gpxtpx:TrackPointExtension>
    </extensions>
   </trkpt>
   <trkpt lat="37.2587370" lon="-79.9467000">
    <ele>289.8</ele>
    <time>2026-02-18T10:35:57Z</time>
    <extensions>
     <power>299</power>
     <gpxtpx:TrackPointExtension>
      <gpxtpx:hr>150</gpxtpx:hr>
      <gpxtpx:cad>87</gpxtpx:cad>
     </gpxtpx:TrackPointExtension>
    </extensions>
   </trkpt>
   <trkpt lat="37.2587530" lon="-79.9467080">
    <ele>289.8</ele>
    <time>2026-02-18T10:35:58Z</time>
    <extensions>
     <power>301</power>
     <gpxtpx:TrackPointExtension>
      <gpxtpx:hr>151</gpxtpx:hr>
      <gpxtpx:cad>88</gpxtpx:cad>
     </gpxtpx:TrackPointExtension>
    </extensions>
   </trkpt>
   <trkpt lat="37.2587750" lon="-79.9467040">
    <ele>289.8</ele>
    <time>2026-02-18T10:35:59Z</time>
    <extensions>
     <power>302</power>
     <gpxtpx:TrackPointExtension>
      <gpxtpx:hr>151</gpxtpx:hr>
      <gpxtpx:cad>88</gpxtpx:cad>
     </gpxtpx:TrackPointExtension>
    </extensions>
   </trkpt>
   <trkpt lat="37.2587910" lon="-79.9467090">
    <ele>289.8</ele>
    <time>2026-02-18T10:36:00Z</time>
    <extensions>
     <power>303</power>
     <gpxtpx:TrackPointExtension>
      <gpxtpx:hr>150</gpxtpx:hr>
      <gpxtpx:cad>87</gpxtpx:cad>
     </gpxtpx:TrackPointExtension>
    </extensions>
   </trkpt>
   <trkpt lat="37.2588110" lon="-79.9467080">
    <ele>289.8</ele>
    <time>2026-02-18T10:36:01Z</time>
    <extensions>
     <power>308</power>
     <gpxtpx:TrackPointExtension>
      <gpxtpx:hr>150</gpxtpx:hr>
      <gpxtpx:cad>87</gpxtpx:cad>
     </gpxtpx:TrackPointExtension>
    </extensions>
   </trkpt>
   <trkpt lat="37.2588310" lon="-79.9467080">
    <ele>289.8</ele>
    <time>2026-02-18T10:36:02Z</time>
    <extensions>
     <power>310</power>
     <gpxtpx:TrackPointExtension>
      <gpxtpx:hr>150</gpxtpx:hr>
      <gpxtpx:cad>86</gpxtpx:cad>
     </gpxtpx:TrackPointExtension>
    </extensions>
   </trkpt>
   <trkpt lat="37.2588490" lon="-79.9467130">
    <ele>290.0</ele>
    <time>2026-02-18T10:36:03Z</time>
    <extensions>
     <power>310</power>
     <gpxtpx:TrackPointExtension>
      <gpxtpx:hr>150</gpxtpx:hr>
      <gpxtpx:cad>85</gpxtpx:cad>
     </gpxtpx:TrackPointExtension>
    </extensions>
   </trkpt>
   <trkpt lat="37.2588710" lon="-79.9467080">
    <ele>290.0</ele>
    <time>2026-02-18T10:36:04Z</time>
    <extensions>
     <power>287</power>
     <gpxtpx:TrackPointExtension>
      <gpxtpx:hr>150</gpxtpx:hr>
      <gpxtpx:cad>85</gpxtpx:cad>
     </gpxtpx:TrackPointExtension>
    </extensions>
   </trkpt>
   <trkpt lat="37.2588880" lon="-79.9467160">
    <ele>290.0</ele>
    <time>2026-02-18T10:36:05Z</time>
    <extensions>
     <power>288</power>
     <gpxtpx:TrackPointExtension>
      <gpxtpx:hr>149</gpxtpx:hr>
      <gpxtpx:cad>84</gpxtpx:cad>
     </gpxtpx:TrackPointExtension>
    </extensions>
   </trkpt>
   <trkpt lat="37.2589110" lon="-79.9467170">
    <ele>290.2</ele>
    <time>2026-02-18T10:36:06Z</time>
    <extensions>
     <power>285</power>
     <gpxtpx:TrackPointExtension>
      <gpxtpx:hr>149</gpxtpx:hr>
      <gpxtpx:cad>84</gpxtpx:cad>
     </gpxtpx:TrackPointExtension>
    </extensions>
   </trkpt>
   <trkpt lat="37.2589270" lon="-79.9467220">
    <ele>290.2</ele>
    <time>2026-02-18T10:36:07Z</time>
    <extensions>
     <power>293</power>
     <gpxtpx:TrackPointExtension>
      <gpxtpx:hr>149</gpxtpx:hr>
      <gpxtpx:cad>84</gpxtpx:cad>
     </gpxtpx:TrackPointExtension>
    </extensions>
   </trkpt>
   <trkpt lat="37.2589480" lon="-79.9467240">
    <ele>290.2</ele>
    <time>2026-02-18T10:36:08Z</time>
    <extensions>
     <power>286</power>
     <gpxtpx:TrackPointExtension>
      <gpxtpx:hr>149</gpxtpx:hr>
      <gpxtpx:cad>84</gpxtpx:cad>
     </gpxtpx:TrackPointExtension>
    </extensions>
   </trkpt>
   <trkpt lat="37.2589650" lon="-79.9467290">
    <ele>290.2</ele>
    <time>2026-02-18T10:36:09Z</time>
    <extensions>
     <power>288</power>
     <gpxtpx:TrackPointExtension>
      <gpxtpx:hr>148</gpxtpx:hr>
      <gpxtpx:cad>84</gpxtpx:cad>
     </gpxtpx:TrackPointExtension>
    </extensions>
   </trkpt>
   <trkpt lat="37.2589850" lon="-79.9467330">
    <ele>290.2</ele>
    <time>2026-02-18T10:36:10Z</time>
    <extensions>
     <power>289</power>
     <gpxtpx:TrackPointExtension>
      <gpxtpx:hr>148</gpxtpx:hr>
      <gpxtpx:cad>84</gpxtpx:cad>
     </gpxtpx:TrackPointExtension>
    </extensions>
   </trkpt>
   <trkpt lat="37.2590060" lon="-79.9467340">
    <ele>290.4</ele>
    <time>2026-02-18T10:36:11Z</time>
    <extensions>
     <power>283</power>
     <gpxtpx:TrackPointExtension>
      <gpxtpx:hr>148</gpxtpx:hr>
      <gpxtpx:cad>85</gpxtpx:cad>
     </gpxtpx:TrackPointExtension>
    </extensions>
   </trkpt>
   <trkpt lat="37.2590280" lon="-79.9467330">
    <ele>290.4</ele>
    <time>2026-02-18T10:36:12Z</time>
    <extensions>
     <power>284</power>
     <gpxtpx:TrackPointExtension>
      <gpxtpx:hr>147</gpxtpx:hr>
      <gpxtpx:cad>87</gpxtpx:cad>
     </gpxtpx:TrackPointExtension>
    </extensions>
   </trkpt>
   <trkpt lat="37.2590490" lon="-79.9467290">
    <ele>290.6</ele>
    <time>2026-02-18T10:36:13Z</time>
    <extensions>
     <power>287</power>
     <gpxtpx:TrackPointExtension>
      <gpxtpx:hr>147</gpxtpx:hr>
      <gpxtpx:cad>89</gpxtpx:cad>
     </gpxtpx:TrackPointExtension>
    </extensions>
   </trkpt>
   <trkpt lat="37.2590720" lon="-79.9467320">
    <ele>290.6</ele>
    <time>2026-02-18T10:36:14Z</time>
    <extensions>
     <power>292</power>
     <gpxtpx:TrackPointExtension>
      <gpxtpx:hr>146</gpxtpx:hr>
      <gpxtpx:cad>89</gpxtpx:cad>
     </gpxtpx:TrackPointExtension>
    </extensions>
   </trkpt>
   <trkpt lat="37.2590920" lon="-79.9467250">
    <ele>290.8</ele>
    <time>2026-02-18T10:36:15Z</time>
    <extensions>
     <power>299</power>
     <gpxtpx:TrackPointExtension>
      <gpxtpx:hr>146</gpxtpx:hr>
      <gpxtpx:cad>89</gpxtpx:cad>
     </gpxtpx:TrackPointExtension>
    </extensions>
   </trkpt>
   <trkpt lat="37.2591110" lon="-79.9467310">
    <ele>291.0</ele>
    <time>2026-02-18T10:36:16Z</time>
    <extensions>
     <power>304</power>
     <gpxtpx:TrackPointExtension>
      <gpxtpx:hr>145</gpxtpx:hr>
      <gpxtpx:cad>89</gpxtpx:cad>
     </gpxtpx:TrackPointExtension>
    </extensions>
   </trkpt>
   <trkpt lat="37.2591360" lon="-79.9467210">
    <ele>291.0</ele>
    <time>2026-02-18T10:36:17Z</time>
    <extensions>
     <power>308</power>
     <gpxtpx:TrackPointExtension>
      <gpxtpx:hr>145</gpxtpx:hr>
      <gpxtpx:cad>87</gpxtpx:cad>
     </gpxtpx:TrackPointExtension>
    </extensions>
   </trkpt>
   <trkpt lat="37.2591550" lon="-79.9467230">
    <ele>291.2</ele>
    <time>2026-02-18T10:36:18Z</time>
    <extensions>
     <power>309</power>
     <gpxtpx:TrackPointExtension>
      <gpxtpx:hr>145</gpxtpx:hr>
      <gpxtpx:cad>87</gpxtpx:cad>
     </gpxtpx:TrackPointExtension>
    </extensions>
   </trkpt>
   <trkpt lat="37.2591790" lon="-79.9467210">
    <ele>291.4</ele>
    <time>2026-02-18T10:36:19Z</time>
    <extensions>
     <power>324</power>
     <gpxtpx:TrackPointExtension>
      <gpxtpx:hr>144</gpxtpx:hr>
      <gpxtpx:cad>87</gpxtpx:cad>
     </gpxtpx:TrackPointExtension>
    </extensions>
   </trkpt>
   <trkpt lat="37.2591980" lon="-79.9467290">
    <ele>291.4</ele>
    <time>2026-02-18T10:36:20Z</time>
    <extensions>
     <power>335</power>
     <gpxtpx:TrackPointExtension>
      <gpxtpx:hr>144</gpxtpx:hr>
      <gpxtpx:cad>87</gpxtpx:cad>
     </gpxtpx:TrackPointExtension>
    </extensions>
   </trkpt>
   <trkpt lat="37.2592210" lon="-79.9467300">
    <ele>291.6</ele>
    <time>2026-02-18T10:36:21Z</time>
    <extensions>
     <power>344</power>
     <gpxtpx:TrackPointExtension>
      <gpxtpx:hr>144</gpxtpx:hr>
      <gpxtpx:cad>87</gpxtpx:cad>
     </gpxtpx:TrackPointExtension>
    </extensions>
   </trkpt>
   <trkpt lat="37.2592380" lon="-79.9467320">
    <ele>291.6</ele>
    <time>2026-02-18T10:36:22Z</time>
    <extensions>
     <power>353</power>
     <gpxtpx:TrackPointExtension>
      <gpxtpx:hr>144</gpxtpx:hr>
      <gpxtpx:cad>87</gpxtpx:cad>
     </gpxtpx:TrackPointExtension>
    </extensions>
   </trkpt>
   <trkpt lat="37.2592610" lon="-79.9467390">
    <ele>291.8</ele>
    <time>2026-02-18T10:36:23Z</time>
    <extensions>
     <power>358</power>
     <gpxtpx:TrackPointExtension>
      <gpxtpx:hr>144</gpxtpx:hr>
      <gpxtpx:cad>86</gpxtpx:cad>
     </gpxtpx:TrackPointExtension>
    </extensions>
   </trkpt>
   <trkpt lat="37.2592820" lon="-79.9467360">
    <ele>292.0</ele>
    <time>2026-02-18T10:36:24Z</time>
    <extensions>
     <power>360</power>
     <gpxtpx:TrackPointExtension>
      <gpxtpx:hr>143</gpxtpx:hr>
      <gpxtpx:cad>86</gpxtpx:cad>
     </gpxtpx:TrackPointExtension>
    </extensions>
   </trkpt>
   <trkpt lat="37.2593050" lon="-79.9467390">
    <ele>292.0</ele>
    <time>2026-02-18T10:36:25Z</time>
    <extensions>
     <power>365</power>
     <gpxtpx:TrackPointExtension>
      <gpxtpx:hr>144</gpxtpx:hr>
      <gpxtpx:cad>88</gpxtpx:cad>
     </gpxtpx:TrackPointExtension>
    </extensions>
   </trkpt>
   <trkpt lat="37.2593260" lon="-79.9467380">
    <ele>292.2</ele>
    <time>2026-02-18T10:36:26Z</time>
    <extensions>
     <power>368</power>
     <gpxtpx:TrackPointExtension>
      <gpxtpx:hr>144</gpxtpx:hr>
      <gpxtpx:cad>88</gpxtpx:cad>
     </gpxtpx:TrackPointExtension>
    </extensions>
   </trkpt>
   <trkpt lat="37.2593440" lon="-79.9467420">
    <ele>292.4</ele>
    <time>2026-02-18T10:36:27Z</time>
    <extensions>
     <power>370</power>
     <gpxtpx:TrackPointExtension>
      <gpxtpx:hr>144</gpxtpx:hr>
      <gpxtpx:cad>88</gpxtpx:cad>
     </gpxtpx:TrackPointExtension>
    </extensions>
   </trkpt>
   <trkpt lat="37.2593670" lon="-79.9467410">
    <ele>292.4</ele>
    <time>2026-02-18T10:36:28Z</time>
    <extensions>
     <power>372</power>
     <gpxtpx:TrackPointExtension>
      <gpxtpx:hr>144</gpxtpx:hr>
      <gpxtpx:cad>88</gpxtpx:cad>
     </gpxtpx:TrackPointExtension>
    </extensions>
   </trkpt>
   <trkpt lat="37.2593860" lon="-79.9467480">
    <ele>292.6</ele>
    <time>2026-02-18T10:36:29Z</time>
    <extensions>
     <power>374</power>
     <gpxtpx:TrackPointExtension>
      <gpxtpx:hr>145</gpxtpx:hr>
      <gpxtpx:cad>87</gpxtpx:cad>
     </gpxtpx:TrackPointExtension>
    </extensions>
   </trkpt>
   <trkpt lat="37.2594090" lon="-79.9467530">
    <ele>292.6</ele>
    <time>2026-02-18T10:36:30Z</time>
    <extensions>
     <power>375</power>
     <gpxtpx:TrackPointExtension>
      <gpxtpx:hr>145</gpxtpx:hr>
      <gpxtpx:cad>87</gpxtpx:cad>
     </gpxtpx:TrackPointExtension>
    </extensions>
   </trkpt>
   <trkpt lat="37.2594270" lon="-79.9467580">
    <ele>292.8</ele>
    <time>2026-02-18T10:36:31Z</time>
    <extensions>
     <power>375</power>
     <gpxtpx:TrackPointExtension>
      <gpxtpx:hr>145</gpxtpx:hr>
      <gpxtpx:cad>87</gpxtpx:cad>
     </gpxtpx:TrackPointExtension>
    </extensions>
   </trkpt>
   <trkpt lat="37.2594490" lon="-79.9467630">
    <ele>293.0</ele>
    <time>2026-02-18T10:36:32Z</time>
    <extensions>
     <power>377</power>
     <gpxtpx:TrackPointExtension>
      <gpxtpx:hr>145</gpxtpx:hr>
      <gpxtpx:cad>87</gpxtpx:cad>
     </gpxtpx:TrackPointExtension>
    </extensions>
   </trkpt>
   <trkpt lat="37.2594690" lon="-79.9467660">
    <ele>293.2</ele>
    <time>2026-02-18T10:36:33Z</time>
    <extensions>
     <power>378</power>
     <gpxtpx:TrackPointExtension>
      <gpxtpx:hr>146</gpxtpx:hr>
      <gpxtpx:cad>87</gpxtpx:cad>
     </gpxtpx:TrackPointExtension>
    </extensions>
   </trkpt>
   <trkpt lat="37.2594930" lon="-79.9467760">
    <ele>293.2</ele>
    <time>2026-02-18T10:36:34Z</time>
    <extensions>
     <power>376</power>
     <gpxtpx:TrackPointExtension>
      <gpxtpx:hr>146</gpxtpx:hr>
      <gpxtpx:cad>87</gpxtpx:cad>
     </gpxtpx:TrackPointExtension>
    </extensions>
   </trkpt>
   <trkpt lat="37.2595100" lon="-79.9467800">
    <ele>293.4</ele>
    <time>2026-02-18T10:36:35Z</time>
    <extensions>
     <power>375</power>
     <gpxtpx:TrackPointExtension>
      <gpxtpx:hr>146</gpxtpx:hr>
      <gpxtpx:cad>87</gpxtpx:cad>
     </gpxtpx:TrackPointExtension>
    </extensions>
   </trkpt>
   <trkpt lat="37.2595320" lon="-79.9467870">
    <ele>293.4</ele>
    <time>2026-02-18T10:36:36Z</time>
    <extensions>
     <power>373</power>
     <gpxtpx:TrackPointExtension>
      <gpxtpx:hr>146</gpxtpx:hr>
      <gpxtpx:cad>87</gpxtpx:cad>
     </gpxtpx:TrackPointExtension>
    </extensions>
   </trkpt>
   <trkpt lat="37.2595530" lon="-79.9467890">
    <ele>293.6</ele>
    <time>2026-02-18T10:36:37Z</time>
    <extensions>
     <power>372</power>
     <gpxtpx:TrackPointExtension>
      <gpxtpx:hr>147</gpxtpx:hr>
      <gpxtpx:cad>87</gpxtpx:cad>
     </gpxtpx:TrackPointExtension>
    </extensions>
   </trkpt>
   <trkpt lat="37.2595690" lon="-79.9467980">
    <ele>293.6</ele>
    <time>2026-02-18T10:36:38Z</time>
    <extensions>
     <power>371</power>
     <gpxtpx:TrackPointExtension>
      <gpxtpx:hr>147</gpxtpx:hr>
      <gpxtpx:cad>87</gpxtpx:cad>
     </gpxtpx:TrackPointExtension>
    </extensions>
   </trkpt>
   <trkpt lat="37.2595890" lon="-79.9468050">
    <ele>293.8</ele>
    <time>2026-02-18T10:36:39Z</time>
    <extensions>
     <power>372</power>
     <gpxtpx:TrackPointExtension>
      <gpxtpx:hr>148</gpxtpx:hr>
      <gpxtpx:cad>88</gpxtpx:cad>
     </gpxtpx:TrackPointExtension>
    </extensions>
   </trkpt>
   <trkpt lat="37.2596100" lon="-79.9468100">
    <ele>294.0</ele>
    <time>2026-02-18T10:36:40Z</time>
    <extensions>
     <power>372</power>
     <gpxtpx:TrackPointExtension>
      <gpxtpx:hr>148</gpxtpx:hr>
      <gpxtpx:cad>89</gpxtpx:cad>
     </gpxtpx:TrackPointExtension>
    </extensions>
   </trkpt>
   <trkpt lat="37.2596340" lon="-79.9468140">
    <ele>294.2</ele>
    <time>2026-02-18T10:36:41Z</time>
    <extensions>
     <power>372</power>
     <gpxtpx:TrackPointExtension>
      <gpxtpx:hr>149</gpxtpx:hr>
      <gpxtpx:cad>89</gpxtpx:cad>
     </gpxtpx:TrackPointExtension>
    </extensions>
   </trkpt>
   <trkpt lat="37.2596520" lon="-79.9468270">
    <ele>294.2</ele>
    <time>2026-02-18T10:36:42Z</time>
    <extensions>
     <power>373</power>
     <gpxtpx:TrackPointExtension>
      <gpxtpx:hr>154</gpxtpx:hr>
      <gpxtpx:cad>89</gpxtpx:cad>
     </gpxtpx:TrackPointExtension>
    </extensions>
   </trkpt>
   <trkpt lat="37.2596760" lon="-79.9468370">
    <ele>294.4</ele>
    <time>2026-02-18T10:36:43Z</time>
    <extensions>
     <power>374</power>
     <gpxtpx:TrackPointExtension>
      <gpxtpx:hr>156</gpxtpx:hr>
      <gpxtpx:cad>88</gpxtpx:cad>
     </gpxtpx:TrackPointExtension>
    </extensions>
   </trkpt>
   <trkpt lat="37.2596920" lon="-79.9468460">
    <ele>294.6</ele>
    <time>2026-02-18T10:36:44Z</time>
    <extensions>
     <power>374</power>
     <gpxtpx:TrackPointExtension>
      <gpxtpx:hr>157</gpxtpx:hr>
      <gpxtpx:cad>87</gpxtpx:cad>
     </gpxtpx:TrackPointExtension>
    </extensions>
   </trkpt>
   <trkpt lat="37.2597160" lon="-79.9468590">
    <ele>294.8</ele>
    <time>2026-02-18T10:36:45Z</time>
    <extensions>
     <power>375</power>
     <gpxtpx:TrackPointExtension>
      <gpxtpx:hr>157</gpxtpx:hr>
      <gpxtpx:cad>87</gpxtpx:cad>
     </gpxtpx:TrackPointExtension>
    </extensions>
   </trkpt>
   <trkpt lat="37.2597330" lon="-79.9468680">
    <ele>294.8</ele>
    <time>2026-02-18T10:36:46Z</time>
    <extensions>
     <power>378</power>
     <gpxtpx:TrackPointExtension>
      <gpxtpx:hr>157</gpxtpx:hr>
      <gpxtpx:cad>88</gpxtpx:cad>
     </gpxtpx:TrackPointExtension>
    </extensions>
   </trkpt>
   <trkpt lat="37.2597550" lon="-79.9468780">
    <ele>295.0</ele>
    <time>2026-02-18T10:36:47Z</time>
    <extensions>
     <power>378</power>
     <gpxtpx:TrackPointExtension>
      <gpxtpx:hr>157</gpxtpx:hr>
      <gpxtpx:cad>88</gpxtpx:cad>
     </gpxtpx:TrackPointExtension>
    </extensions>
   </trkpt>
   <trkpt lat="37.2597750" lon="-79.9468850">
    <ele>295.2</ele>
    <time>2026-02-18T10:36:48Z</time>
    <extensions>
     <power>379</power>
     <gpxtpx:TrackPointExtension>
      <gpxtpx:hr>158</gpxtpx:hr>
      <gpxtpx:cad>88</gpxtpx:cad>
     </gpxtpx:TrackPointExtension>
    </extensions>
   </trkpt>
   <trkpt lat="37.2597980" lon="-79.9468920">
    <ele>295.4</ele>
    <time>2026-02-18T10:36:49Z</time>
    <extensions>
     <power>379</power>
     <gpxtpx:TrackPointExtension>
      <gpxtpx:hr>158</gpxtpx:hr>
      <gpxtpx:cad>88</gpxtpx:cad>
     </gpxtpx:TrackPointExtension>
    </extensions>
   </trkpt>
   <trkpt lat="37.2598170" lon="-79.9468970">
    <ele>295.4</ele>
    <time>2026-02-18T10:36:50Z</time>
    <extensions>
     <power>378</power>
     <gpxtpx:TrackPointExtension>
      <gpxtpx:hr>158</gpxtpx:hr>
      <gpxtpx:cad>86</gpxtpx:cad>
     </gpxtpx:TrackPointExtension>
    </extensions>
   </trkpt>
   <trkpt lat="37.2598390" lon="-79.9469050">
    <ele>295.6</ele>
    <time>2026-02-18T10:36:51Z</time>
    <extensions>
     <power>377</power>
     <gpxtpx:TrackPointExtension>
      <gpxtpx:hr>159</gpxtpx:hr>
      <gpxtpx:cad>86</gpxtpx:cad>
     </gpxtpx:TrackPointExtension>
    </extensions>
   </trkpt>
   <trkpt lat="37.2598630" lon="-79.9469050">
    <ele>295.6</ele>
    <time>2026-02-18T10:36:52Z</time>
    <extensions>
     <power>374</power>
     <gpxtpx:TrackPointExtension>
      <gpxtpx:hr>159</gpxtpx:hr>
      <gpxtpx:cad>88</gpxtpx:cad>
     </gpxtpx:TrackPointExtension>
    </extensions>
   </trkpt>
   <trkpt lat="37.2598820" lon="-79.9469120">
    <ele>295.8</ele>
    <time>2026-02-18T10:36:53Z</time>
    <extensions>
     <power>372</power>
     <gpxtpx:TrackPointExtension>
      <gpxtpx:hr>159</gpxtpx:hr>
      <gpxtpx:cad>88</gpxtpx:cad>
     </gpxtpx:TrackPointExtension>
    </extensions>
   </trkpt>
   <trkpt lat="37.2599040" lon="-79.9469150">
    <ele>295.8</ele>
    <time>2026-02-18T10:36:54Z</time>
    <extensions>
     <power>370</power>
     <gpxtpx:TrackPointExtension>
      <gpxtpx:hr>160</gpxtpx:hr>
      <gpxtpx:cad>88</gpxtpx:cad>
     </gpxtpx:TrackPointExtension>
    </extensions>
   </trkpt>
   <trkpt lat="37.2599220" lon="-79.9469220">
    <ele>296.0</ele>
    <time>2026-02-18T10:36:55Z</time>
    <extensions>
     <power>369</power>
     <gpxtpx:TrackPointExtension>
      <gpxtpx:hr>160</gpxtpx:hr>
      <gpxtpx:cad>88</gpxtpx:cad>
     </gpxtpx:TrackPointExtension>
    </extensions>
   </trkpt>
   <trkpt lat="37.2599470" lon="-79.9469270">
    <ele>296.0</ele>
    <time>2026-02-18T10:36:56Z</time>
    <extensions>
     <power>369</power>
     <gpxtpx:TrackPointExtension>
      <gpxtpx:hr>161</gpxtpx:hr>
      <gpxtpx:cad>87</gpxtpx:cad>
     </gpxtpx:TrackPointExtension>
    </extensions>
   </trkpt>
   <trkpt lat="37.2599640" lon="-79.9469340">
    <ele>296.2</ele>
    <time>2026-02-18T10:36:57Z</time>
    <extensions>
     <power>367</power>
     <gpxtpx:TrackPointExtension>
      <gpxtpx:hr>161</gpxtpx:hr>
      <gpxtpx:cad>86</gpxtpx:cad>
     </gpxtpx:TrackPointExtension>
    </extensions>
   </trkpt>
   <trkpt lat="37.2599890" lon="-79.9469410">
    <ele>296.2</ele>
    <time>2026-02-18T10:36:58Z</time>
    <extensions>
     <power>365</power>
     <gpxtpx:TrackPointExtension>
      <gpxtpx:hr>161</gpxtpx:hr>
      <gpxtpx:cad>86</gpxtpx:cad>
     </gpxtpx:TrackPointExtension>
    </extensions>
   </trkpt>
   <trkpt lat="37.2600080" lon="-79.9469460">
    <ele>296.4</ele>
    <time>2026-02-18T10:36:59Z</time>
    <extensions>
     <power>362</power>
     <gpxtpx:TrackPointExtension>
      <gpxtpx:hr>161</gpxtpx:hr>
      <gpxtpx:cad>87</gpxtpx:cad>
     </gpxtpx:TrackPointExtension>
    </extensions>
   </trkpt>
   <trkpt lat="37.2600300" lon="-79.9469540">
    <ele>296.4</ele>
    <time>2026-02-18T10:37:00Z</time>
    <extensions>
     <power>358</power>
     <gpxtpx:TrackPointExtension>
      <gpxtpx:hr>162</gpxtpx:hr>
      <gpxtpx:cad>88</gpxtpx:cad>
     </gpxtpx:TrackPointExtension>
    </extensions>
   </trkpt>
   <trkpt lat="37.2600510" lon="-79.9469560">
    <ele>296.4</ele>
    <time>2026-02-18T10:37:01Z</time>
    <extensions>
     <power>355</power>
     <gpxtpx:TrackPointExtension>
      <gpxtpx:hr>161</gpxtpx:hr>
      <gpxtpx:cad>88</gpxtpx:cad>
     </gpxtpx:TrackPointExtension>
    </extensions>
   </trkpt>
   <trkpt lat="37.2600730" lon="-79.9469630">
    <ele>296.6</ele>
    <time>2026-02-18T10:37:02Z</time>
    <extensions>
     <power>353</power>
     <gpxtpx:TrackPointExtension>
      <gpxtpx:hr>161</gpxtpx:hr>
      <gpxtpx:cad>88</gpxtpx:cad>
     </gpxtpx:TrackPointExtension>
    </extensions>
   </trkpt>
   <trkpt lat="37.2600960" lon="-79.9469590">
    <ele>296.6</ele>
    <time>2026-02-18T10:37:03Z</time>
    <extensions>
     <power>348</power>
     <gpxtpx:TrackPointExtension>
      <gpxtpx:hr>160</gpxtpx:hr>
      <gpxtpx:cad>88</gpxtpx:cad>
     </gpxtpx:TrackPointExtension>
    </extensions>
   </trkpt>
   <trkpt lat="37.2601160" lon="-79.9469660">
    <ele>296.6</ele>
    <time>2026-02-18T10:37:04Z</time>
    <extensions>
     <power>342</power>
     <gpxtpx:TrackPointExtension>
      <gpxtpx:hr>160</gpxtpx:hr>
      <gpxtpx:cad>86</gpxtpx:cad>
     </gpxtpx:TrackPointExtension>
    </extensions>
   </trkpt>
   <trkpt lat="37.2601390" lon="-79.9469600">
    <ele>296.6</ele>
    <time>2026-02-18T10:37:05Z</time>
    <extensions>
     <power>335</power>
     <gpxtpx:TrackPointExtension>
      <gpxtpx:hr>160</gpxtpx:hr>
      <gpxtpx:cad>86</gpxtpx:cad>
     </gpxtpx:TrackPointExtension>
    </extensions>
   </trkpt>
   <trkpt lat="37.2601600" lon="-79.9469620">
    <ele>296.6</ele>
    <time>2026-02-18T10:37:06Z</time>
    <extensions>
     <power>328</power>
     <gpxtpx:TrackPointExtension>
      <gpxtpx:hr>160</gpxtpx:hr>
      <gpxtpx:cad>88</gpxtpx:cad>
     </gpxtpx:TrackPointExtension>
    </extensions>
   </trkpt>
   <trkpt lat="37.2601870" lon="-79.9469590">
    <ele>296.6</ele>
    <time>2026-02-18T10:37:07Z</time>
    <extensions>
     <power>321</power>
     <gpxtpx:TrackPointExtension>
      <gpxtpx:hr>160</gpxtpx:hr>
      <gpxtpx:cad>88</gpxtpx:cad>
     </gpxtpx:TrackPointExtension>
    </extensions>
   </trkpt>
   <trkpt lat="37.2602070" lon="-79.9469650">
    <ele>296.4</ele>
    <time>2026-02-18T10:37:08Z</time>
    <extensions>
     <power>316</power>
     <gpxtpx:TrackPointExtension>
      <gpxtpx:hr>160</gpxtpx:hr>
      <gpxtpx:cad>88</gpxtpx:cad>
     </gpxtpx:TrackPointExtension>
    </extensions>
   </trkpt>
   <trkpt lat="37.2602320" lon="-79.9469690">
    <ele>296.4</ele>
    <time>2026-02-18T10:37:09Z</time>
    <extensions>
     <power>312</power>
     <gpxtpx:TrackPointExtension>
      <gpxtpx:hr>160</gpxtpx:hr>
      <gpxtpx:cad>88</gpxtpx:cad>
     </gpxtpx:TrackPointExtension>
    </extensions>
   </trkpt>
   <trkpt lat="37.2602540" lon="-79.9469670">
    <ele>296.4</ele>
    <time>2026-02-18T10:37:10Z</time>
    <extensions>
     <power>311</power>
     <gpxtpx:TrackPointExtension>
      <gpxtpx:hr>160</gpxtpx:hr>
      <gpxtpx:cad>88</gpxtpx:cad>
     </gpxtpx:TrackPointExtension>
    </extensions>
   </trkpt>
   <trkpt lat="37.2602780" lon="-79.9469690">
    <ele>296.4</ele>
    <time>2026-02-18T10:37:11Z</time>
    <extensions>
     <power>310</power>
     <gpxtpx:TrackPointExtension>
      <gpxtpx:hr>159</gpxtpx:hr>
      <gpxtpx:cad>87</gpxtpx:cad>
     </gpxtpx:TrackPointExtension>
    </extensions>
   </trkpt>
   <trkpt lat="37.2602970" lon="-79.9469730">
    <ele>296.4</ele>
    <time>2026-02-18T10:37:12Z</time>
    <extensions>
     <power>304</power>
     <gpxtpx:TrackPointExtension>
      <gpxtpx:hr>159</gpxtpx:hr>
      <gpxtpx:cad>87</gpxtpx:cad>
     </gpxtpx:TrackPointExtension>
    </extensions>
   </trkpt>
   <trkpt lat="37.2603230" lon="-79.9469720">
    <ele>296.6</ele>
    <time>2026-02-18T10:37:13Z</time>
    <extensions>
     <power>300</power>
     <gpxtpx:TrackPointExtension>
      <gpxtpx:hr>159</gpxtpx:hr>
      <gpxtpx:cad>88</gpxtpx:cad>
     </gpxtpx:TrackPointExtension>
    </extensions>
   </trkpt>
   <trkpt lat="37.2603430" lon="-79.9469700">
    <ele>296.6</ele>
    <time>2026-02-18T10:37:14Z</time>
    <extensions>
     <power>299</power>
     <gpxtpx:TrackPointExtension>
      <gpxtpx:hr>159</gpxtpx:hr>
      <gpxtpx:cad>89</gpxtpx:cad>
     </gpxtpx:TrackPointExtension>
    </extensions>
   </trkpt>
   <trkpt lat="37.2603660" lon="-79.9469720">
    <ele>296.6</ele>
    <time>2026-02-18T10:37:15Z</time>
    <extensions>
     <power>294</power>
     <gpxtpx:TrackPointExtension>
      <gpxtpx:hr>158</gpxtpx:hr>
      <gpxtpx:cad>89</gpxtpx:cad>
     </gpxtpx:TrackPointExtension>
    </extensions>
   </trkpt>
   <trkpt lat="37.2603890" lon="-79.9469670">
    <ele>296.6</ele>
    <time>2026-02-18T10:37:16Z</time>
    <extensions>
     <power>288</power>
     <gpxtpx:TrackPointExtension>
      <gpxtpx:hr>158</gpxtpx:hr>
      <gpxtpx:cad>89</gpxtpx:cad>
     </gpxtpx:TrackPointExtension>
    </extensions>
   </trkpt>
   <trkpt lat="37.2604140" lon="-79.9469670">
    <ele>296.6</ele>
    <time>2026-02-18T10:37:17Z</time>
    <extensions>
     <power>282</power>
     <gpxtpx:TrackPointExtension>
      <gpxtpx:hr>158</gpxtpx:hr>
      <gpxtpx:cad>88</gpxtpx:cad>
     </gpxtpx:TrackPointExtension>
    </extensions>
   </trkpt>
   <trkpt lat="37.2604410" lon="-79.9469620">
    <ele>296.4</ele>
    <time>2026-02-18T10:37:18Z</time>
    <extensions>
     <power>279</power>
     <gpxtpx:TrackPointExtension>
      <gpxtpx:hr>158</gpxtpx:hr>
      <gpxtpx:cad>88</gpxtpx:cad>
     </gpxtpx:TrackPointExtension>
    </extensions>
   </trkpt>
   <trkpt lat="37.2604620" lon="-79.9469630">
    <ele>296.4</ele>
    <time>2026-02-18T10:37:19Z</time>
    <extensions>
     <power>277</power>
     <gpxtpx:TrackPointExtension>
      <gpxtpx:hr>158</gpxtpx:hr>
      <gpxtpx:cad>88</gpxtpx:cad>
     </gpxtpx:TrackPointExtension>
    </extensions>
   </trkpt>
   <trkpt lat="37.2604860" lon="-79.9469570">
    <ele>296.4</ele>
    <time>2026-02-18T10:37:20Z</time>
    <extensions>
     <power>278</power>
     <gpxtpx:TrackPointExtension>
      <gpxtpx:hr>157</gpxtpx:hr>
      <gpxtpx:cad>88</gpxtpx:cad>
     </gpxtpx:TrackPointExtension>
    </extensions>
   </trkpt>
   <trkpt lat="37.2605070" lon="-79.9469610">
    <ele>296.4</ele>
    <time>2026-02-18T10:37:21Z</time>
    <extensions>
     <power>281</power>
     <gpxtpx:TrackPointExtension>
      <gpxtpx:hr>157</gpxtpx:hr>
      <gpxtpx:cad>88</gpxtpx:cad>
     </gpxtpx:TrackPointExtension>
    </extensions>
   </trkpt>
   <trkpt lat="37.2605330" lon="-79.9469550">
    <ele>296.6</ele>
    <time>2026-02-18T10:37:22Z</time>
    <extensions>
     <power>281</power>
     <gpxtpx:TrackPointExtension>
      <gpxtpx:hr>157</gpxtpx:hr>
      <gpxtpx:cad>88</gpxtpx:cad>
     </gpxtpx:TrackPointExtension>
    </extensions>
   </trkpt>
   <trkpt lat="37.2605540" lon="-79.9469550">
    <ele>296.6</ele>
    <time>2026-02-18T10:37:23Z</time>
    <extensions>
     <power>283</power>
     <gpxtpx:TrackPointExtension>
      <gpxtpx:hr>157</gpxtpx:hr>
      <gpxtpx:cad>87</gpxtpx:cad>
     </gpxtpx:TrackPointExtension>
    </extensions>
   </trkpt>
   <trkpt lat="37.2605780" lon="-79.9469510">
    <ele>296.6</ele>
    <time>2026-02-18T10:37:24Z</time>
    <extensions>
     <power>282</power>
     <gpxtpx:TrackPointExtension>
      <gpxtpx:hr>156</gpxtpx:hr>
      <gpxtpx:cad>86</gpxtpx:cad>
     </gpxtpx:TrackPointExtension>
    </extensions>
   </trkpt>
   <trkpt lat="37.2606020" lon="-79.9469500">
    <ele>296.6</ele>
    <time>2026-02-18T10:37:25Z</time>
    <extensions>
     <power>281</power>
     <gpxtpx:TrackPointExtension>
      <gpxtpx:hr>156</gpxtpx:hr>
      <gpxtpx:cad>86</gpxtpx:cad>
     </gpxtpx:TrackPointExtension>
    </extensions>
   </trkpt>
   <trkpt lat="37.2606250" lon="-79.9469510">
    <ele>296.4</ele>
    <time>2026-02-18T10:37:26Z</time>
    <extensions>
     <power>282</power>
     <gpxtpx:TrackPointExtension>
      <gpxtpx:hr>156</gpxtpx:hr>
      <gpxtpx:cad>87</gpxtpx:cad>
     </gpxtpx:TrackPointExtension>
    </extensions>
   </trkpt>
   <trkpt lat="37.2606480" lon="-79.9469460">
    <ele>296.4</ele>
    <time>2026-02-18T10:37:27Z</time>
    <extensions>
     <power>281</power>
     <gpxtpx:TrackPointExtension>
      <gpxtpx:hr>156</gpxtpx:hr>
      <gpxtpx:cad>87</gpxtpx:cad>
     </gpxtpx:TrackPointExtension>
    </extensions>
   </trkpt>
   <trkpt lat="37.2606710" lon="-79.9469500">
    <ele>296.4</ele>
    <time>2026-02-18T10:37:28Z</time>
    <extensions>
     <power>282</power>
     <gpxtpx:TrackPointExtension>
      <gpxtpx:hr>155</gpxtpx:hr>
      <gpxtpx:cad>87</gpxtpx:cad>
     </gpxtpx:TrackPointExtension>
    </extensions>
   </trkpt>
   <trkpt lat="37.2606940" lon="-79.9469380">
    <ele>296.4</ele>
    <time>2026-02-18T10:37:29Z</time>
    <extensions>
     <power>282</power>
     <gpxtpx:TrackPointExtension>
      <gpxtpx:hr>155</gpxtpx:hr>
      <gpxtpx:cad>87</gpxtpx:cad>
     </gpxtpx:TrackPointExtension>
    </extensions>
   </trkpt>
   <trkpt lat="37.2607100" lon="-79.9469400">
    <ele>296.4</ele>
    <time>2026-02-18T10:37:30Z</time>
    <extensions>
     <power>283</power>
     <gpxtpx:TrackPointExtension>
      <gpxtpx:hr>155</gpxtpx:hr>
      <gpxtpx:cad>86</gpxtpx:cad>
     </gpxtpx:TrackPointExtension>
    </extensions>
   </trkpt>
   <trkpt lat="37.2607350" lon="-79.9469300">
    <ele>296.6</ele>
    <time>2026-02-18T10:37:31Z</time>
    <extensions>
     <power>284</power>
     <gpxtpx:TrackPointExtension>
      <gpxtpx:hr>155</gpxtpx:hr>
      <gpxtpx:cad>86</gpxtpx:cad>
     </gpxtpx:TrackPointExtension>
    </extensions>
   </trkpt>
   <trkpt lat="37.2607530" lon="-79.9469330">
    <ele>296.6</ele>
    <time>2026-02-18T10:37:32Z</time>
    <extensions>
     <power>285</power>
     <gpxtpx:TrackPointExtension>
      <gpxtpx:hr>154</gpxtpx:hr>
      <gpxtpx:cad>87</gpxtpx:cad>
     </gpxtpx:TrackPointExtension>
    </extensions>
   </trkpt>
   <trkpt lat="37.2607770" lon="-79.9469270">
    <ele>296.6</ele>
    <time>2026-02-18T10:37:33Z</time>
    <extensions>
     <power>285</power>
     <gpxtpx:TrackPointExtension>
      <gpxtpx:hr>154</gpxtpx:hr>
      <gpxtpx:cad>88</gpxtpx:cad>
     </gpxtpx:TrackPointExtension>
    </extensions>
   </trkpt>
   <trkpt lat="37.2607920" lon="-79.9469180">
    <ele>296.6</ele>
    <time>2026-02-18T10:37:34Z</time>
    <extensions>
     <power>285</power>
     <gpxtpx:TrackPointExtension>
      <gpxtpx:hr>154</gpxtpx:hr>
      <gpxtpx:cad>88</gpxtpx:cad>
     </gpxtpx:TrackPointExtension>
    </extensions>
   </trkpt>
   <trkpt lat="37.2608080" lon="-79.9469220">
    <ele>296.6</ele>
    <time>2026-02-18T10:37:35Z</time>
    <extensions>
     <power>285</power>
     <gpxtpx:TrackPointExtension>
      <gpxtpx:hr>154</gpxtpx:hr>
      <gpxtpx:cad>88</gpxtpx:cad>
     </gpxtpx:TrackPointExtension>
    </extensions>
   </trkpt>
   <trkpt lat="37.2608270" lon="-79.9469100">
    <ele>296.6</ele>
    <time>2026-02-18T10:37:36Z</time>
    <extensions>
     <power>284</power>
     <gpxtpx:TrackPointExtension>
      <gpxtpx:hr>154</gpxtpx:hr>
      <gpxtpx:cad>88</gpxtpx:cad>
     </gpxtpx:TrackPointExtension>
    </extensions>
   </trkpt>
   <trkpt lat="37.2608380" lon="-79.9469000">
    <ele>296.6</ele>
    <time>2026-02-18T10:37:37Z</time>
    <extensions>
     <power>283</power>
     <gpxtpx:TrackPointExtension>
      <gpxtpx:hr>154</gpxtpx:hr>
      <gpxtpx:cad>86</gpxtpx:cad>
     </gpxtpx:TrackPointExtension>
    </extensions>
   </trkpt>
   <trkpt lat="37.2608440" lon="-79.9468900">
    <ele>296.6</ele>
    <time>2026-02-18T10:37:38Z</time>
    <extensions>
     <power>281</power>
     <gpxtpx:TrackPointExtension>
      <gpxtpx:hr>154</gpxtpx:hr>
      <gpxtpx:cad>86</gpxtpx:cad>
     </gpxtpx:TrackPointExtension>
    </extensions>
   </trkpt>
   <trkpt lat="37.2608690" lon="-79.9468710">
    <ele>296.8</ele>
    <time>2026-02-18T10:37:48Z</time>
    <extensions>
     <gpxtpx:TrackPointExtension>
      <gpxtpx:hr>151</gpxtpx:hr>
      <gpxtpx:cad>0</gpxtpx:cad>
     </gpxtpx:TrackPointExtension>
    </extensions>
   </trkpt>
   <trkpt lat="37.2608830" lon="-79.9468680">
    <ele>297.0</ele>
    <time>2026-02-18T10:37:49Z</time>
    <extensions>
     <power>0</power>
     <gpxtpx:TrackPointExtension>
      <gpxtpx:hr>150</gpxtpx:hr>
      <gpxtpx:cad>0</gpxtpx:cad>
     </gpxtpx:TrackPointExtension>
    </extensions>
   </trkpt>
   <trkpt lat="37.2609590" lon="-79.9468670">
    <ele>296.8</ele>
    <time>2026-02-18T10:37:52Z</time>
    <extensions>
     <gpxtpx:TrackPointExtension>
      <gpxtpx:hr>149</gpxtpx:hr>
      <gpxtpx:cad>0</gpxtpx:cad>
     </gpxtpx:TrackPointExtension>
    </extensions>
   </trkpt>
   <trkpt lat="37.2609890" lon="-79.9468560">
    <ele>296.8</ele>
    <time>2026-02-18T10:37:53Z</time>
    <extensions>
     <power>0</power>
     <gpxtpx:TrackPointExtension>
      <gpxtpx:hr>149</gpxtpx:hr>
      <gpxtpx:cad>86</gpxtpx:cad>
     </gpxtpx:TrackPointExtension>
    </extensions>
   </trkpt>
   <trkpt lat="37.2610130" lon="-79.9468530">
    <ele>297.0</ele>
    <time>2026-02-18T10:37:54Z</time>
    <extensions>
     <power>366</power>
     <gpxtpx:TrackPointExtension>
      <gpxtpx:hr>149</gpxtpx:hr>
      <gpxtpx:cad>86</gpxtpx:cad>
     </gpxtpx:TrackPointExtension>
    </extensions>
   </trkpt>
   <trkpt lat="37.2610380" lon="-79.9468480">
    <ele>297.0</ele>
    <time>2026-02-18T10:37:55Z</time>
    <extensions>
     <power>366</power>
     <gpxtpx:TrackPointExtension>
      <gpxtpx:hr>149</gpxtpx:hr>
      <gpxtpx:cad>86</gpxtpx:cad>
     </gpxtpx:TrackPointExtension>
    </extensions>
   </trkpt>
   <trkpt lat="37.2610620" lon="-79.9468420">
    <ele>297.0</ele>
    <time>2026-02-18T10:37:56Z</time>
    <extensions>
     <power>363</power>
     <gpxtpx:TrackPointExtension>
      <gpxtpx:hr>150</gpxtpx:hr>
      <gpxtpx:cad>86</gpxtpx:cad>
     </gpxtpx:TrackPointExtension>
    </extensions>
   </trkpt>
   <trkpt lat="37.2610910" lon="-79.9468290">
    <ele>297.2</ele>
    <time>2026-02-18T10:37:57Z</time>
    <extensions>
     <power>320</power>
     <gpxtpx:TrackPointExtension>
      <gpxtpx:hr>150</gpxtpx:hr>
      <gpxtpx:cad>87</gpxtpx:cad>
     </gpxtpx:TrackPointExtension>
    </extensions>
   </trkpt>
   <trkpt lat="37.2611140" lon="-79.9468300">
    <ele>297.2</ele>
    <time>2026-02-18T10:37:58Z</time>
    <extensions>
     <power>319</power>
     <gpxtpx:TrackPointExtension>
      <gpxtpx:hr>149</gpxtpx:hr>
      <gpxtpx:cad>88</gpxtpx:cad>
     </gpxtpx:TrackPointExtension>
    </extensions>
   </trkpt>
   <trkpt lat="37.2611400" lon="-79.9468280">
    <ele>297.2</ele>
    <time>2026-02-18T10:37:59Z</time>
    <extensions>
     <power>336</power>
     <gpxtpx:TrackPointExtension>
      <gpxtpx:hr>148</gpxtpx:hr>
      <gpxtpx:cad>90</gpxtpx:cad>
     </gpxtpx:TrackPointExtension>
    </extensions>
   </trkpt>
   <trkpt lat="37.2611610" lon="-79.9468270">
    <ele>297.2</ele>
    <time>2026-02-18T10:38:00Z</time>
    <extensions>
     <power>338</power>
     <gpxtpx:TrackPointExtension>
      <gpxtpx:hr>148</gpxtpx:hr>
      <gpxtpx:cad>90</gpxtpx:cad>
     </gpxtpx:TrackPointExtension>
    </extensions>
   </trkpt>
   <trkpt lat="37.2611890" lon="-79.9468150">
    <ele>297.2</ele>
    <time>2026-02-18T10:38:01Z</time>
    <extensions>
     <power>345</power>
     <gpxtpx:TrackPointExtension>
      <gpxtpx:hr>148</gpxtpx:hr>
      <gpxtpx:cad>90</gpxtpx:cad>
     </gpxtpx:TrackPointExtension>
    </extensions>
   </trkpt>
   <trkpt lat="37.2612080" lon="-79.9468150">
    <ele>297.2</ele>
    <time>2026-02-18T10:38:02Z</time>
    <extensions>
     <power>330</power>
     <gpxtpx:TrackPointExtension>
      <gpxtpx:hr>148</gpxtpx:hr>
      <gpxtpx:cad>90</gpxtpx:cad>
     </gpxtpx:TrackPointExtension>
    </extensions>
   </trkpt>
   <trkpt lat="37.2612370" lon="-79.9468060">
    <ele>297.4</ele>
    <time>2026-02-18T10:38:03Z</time>
    <extensions>
     <power>320</power>
     <gpxtpx:TrackPointExtension>
      <gpxtpx:hr>149</gpxtpx:hr>
      <gpxtpx:cad>90</gpxtpx:cad>
     </gpxtpx:TrackPointExtension>
    </extensions>
   </trkpt>
   <trkpt lat="37.2612590" lon="-79.9468000">
    <ele>297.4</ele>
    <time>2026-02-18T10:38:04Z</time>
    <extensions>
     <power>328</power>
     <gpxtpx:TrackPointExtension>
      <gpxtpx:hr>149</gpxtpx:hr>
      <gpxtpx:cad>89</gpxtpx:cad>
     </gpxtpx:TrackPointExtension>
    </extensions>
   </trkpt>
   <trkpt lat="37.2612830" lon="-79.9467940">
    <ele>297.6</ele>
    <time>2026-02-18T10:38:05Z</time>
    <extensions>
     <power>329</power>
     <gpxtpx:TrackPointExtension>
      <gpxtpx:hr>149</gpxtpx:hr>
      <gpxtpx:cad>89</gpxtpx:cad>
     </gpxtpx:TrackPointExtension>
    </extensions>
   </trkpt>
   <trkpt lat="37.2613050" lon="-79.9467850">
    <ele>297.6</ele>
    <time>2026-02-18T10:38:06Z</time>
    <extensions>
     <power>331</power>
     <gpxtpx:TrackPointExtension>
      <gpxtpx:hr>149</gpxtpx:hr>
      <gpxtpx:cad>89</gpxtpx:cad>
     </gpxtpx:TrackPointExtension>
    </extensions>
   </trkpt>
   <trkpt lat="37.2613310" lon="-79.9467780">
    <ele>297.6</ele>
    <time>2026-02-18T10:38:07Z</time>
    <extensions>
     <power>336</power>
     <gpxtpx:TrackPointExtension>
      <gpxtpx:hr>149</gpxtpx:hr>
      <gpxtpx:cad>89</gpxtpx:cad>
     </gpxtpx:TrackPointExtension>
    </extensions>
   </trkpt>
   <trkpt lat="37.2613550" lon="-79.9467780">
    <ele>297.8</ele>
    <time>2026-02-18T10:38:08Z</time>
    <extensions>
     <power>336</power>
     <gpxtpx:TrackPointExtension>
      <gpxtpx:hr>149</gpxtpx:hr>
      <gpxtpx:cad>89</gpxtpx:cad>
     </gpxtpx:TrackPointExtension>
    </extensions>
   </trkpt>
   <trkpt lat="37.2613810" lon="-79.9467750">
    <ele>297.8</ele>
    <time>2026-02-18T10:38:09Z</time>
    <extensions>
     <power>337</power>
     <gpxtpx:TrackPointExtension>
      <gpxtpx:hr>149</gpxtpx:hr>
      <gpxtpx:cad>89</gpxtpx:cad>
     </gpxtpx:TrackPointExtension>
    </extensions>
   </trkpt>
   <trkpt lat="37.2614000" lon="-79.9467700">
    <ele>297.8</ele>
    <time>2026-02-18T10:38:10Z</time>
    <extensions>
     <power>340</power>
     <gpxtpx:TrackPointExtension>
      <gpxtpx:hr>149</gpxtpx:hr>
      <gpxtpx:cad>88</gpxtpx:cad>
     </gpxtpx:TrackPointExtension>
    </extensions>
   </trkpt>
   <trkpt lat="37.2614260" lon="-79.9467560">
    <ele>297.8</ele>
    <time>2026-02-18T10:38:11Z</time>
    <extensions>
     <power>341</power>
     <gpxtpx:TrackPointExtension>
      <gpxtpx:hr>149</gpxtpx:hr>
      <gpxtpx:cad>88</gpxtpx:cad>
     </gpxtpx:TrackPointExtension>
    </extensions>
   </trkpt>
   <trkpt lat="37.2614420" lon="-79.9467480">
    <ele>298.0</ele>
    <time>2026-02-18T10:38:12Z</time>
    <extensions>
     <power>342</power>
     <gpxtpx:TrackPointExtension>
      <gpxtpx:hr>149</gpxtpx:hr>
      <gpxtpx:cad>88</gpxtpx:cad>
     </gpxtpx:TrackPointExtension>
    </extensions>
   </trkpt>
   <trkpt lat="37.2614690" lon="-79.9467380">
    <ele>298.2</ele>
    <time>2026-02-18T10:38:13Z</time>
    <extensions>
     <power>345</power>
     <gpxtpx:TrackPointExtension>
      <gpxtpx:hr>148</gpxtpx:hr>
      <gpxtpx:cad>88</gpxtpx:cad>
     </gpxtpx:TrackPointExtension>
    </extensions>
   </trkpt>
   <trkpt lat="37.2614920" lon="-79.9467290">
    <ele>298.2</ele>
    <time>2026-02-18T10:38:14Z</time>
    <extensions>
     <power>348</power>
     <gpxtpx:TrackPointExtension>
      <gpxtpx:hr>149</gpxtpx:hr>
      <gpxtpx:cad>88</gpxtpx:cad>
     </gpxtpx:TrackPointExtension>
    </extensions>
   </trkpt>
   <trkpt lat="37.2615130" lon="-79.9467230">
    <ele>298.4</ele>
    <time>2026-02-18T10:38:15Z</time>
    <extensions>
     <power>350</power>
     <gpxtpx:TrackPointExtension>
      <gpxtpx:hr>149</gpxtpx:hr>
      <gpxtpx:cad>88</gpxtpx:cad>
     </gpxtpx:TrackPointExtension>
    </extensions>
   </trkpt>
   <trkpt lat="37.2615330" lon="-79.9467120">
    <ele>298.6</ele>
    <time>2026-02-18T10:38:16Z</time>
    <extensions>
     <power>362</power>
     <gpxtpx:TrackPointExtension>
      <gpxtpx:hr>149</gpxtpx:hr>
      <gpxtpx:cad>88</gpxtpx:cad>
     </gpxtpx:TrackPointExtension>
    </extensions>
   </trkpt>
   <trkpt lat="37.2615530" lon="-79.9467060">
    <ele>298.8</ele>
    <time>2026-02-18T10:38:17Z</time>
    <extensions>
     <power>373</power>
     <gpxtpx:TrackPointExtension>
      <gpxtpx:hr>149</gpxtpx:hr>
      <gpxtpx:cad>88</gpxtpx:cad>
     </gpxtpx:TrackPointExtension>
    </extensions>
   </trkpt>
   <trkpt lat="37.2615730" lon="-79.9466960">
    <ele>299.0</ele>
    <time>2026-02-18T10:38:18Z</time>
    <extensions>
     <power>376</power>
     <gpxtpx:TrackPointExtension>
      <gpxtpx:hr>150</gpxtpx:hr>
      <gpxtpx:cad>88</gpxtpx:cad>
     </gpxtpx:TrackPointExtension>
    </extensions>
   </trkpt>
   <trkpt lat="37.2615940" lon="-79.9466950">
    <ele>299.0</ele>
    <time>2026-02-18T10:38:19Z</time>
    <extensions>
     <power>378</power>
     <gpxtpx:TrackPointExtension>
      <gpxtpx:hr>150</gpxtpx:hr>
      <gpxtpx:cad>88</gpxtpx:cad>
     </gpxtpx:TrackPointExtension>
    </extensions>
   </trkpt>
   <trkpt lat="37.2616210" lon="-79.9466860">
    <ele>299.2</ele>
    <time>2026-02-18T10:38:20Z</time>
    <extensions>
     <power>375</power>
     <gpxtpx:TrackPointExtension>
      <gpxtpx:hr>151</gpxtpx:hr>
      <gpxtpx:cad>88</gpxtpx:cad>
     </gpxtpx:TrackPointExtension>
    </extensions>
   </trkpt>
   <trkpt lat="37.2616490" lon="-79.9466820">
    <ele>299.4</ele>
    <time>2026-02-18T10:38:21Z</time>
    <extensions>
     <power>379</power>
     <gpxtpx:TrackPointExtension>
      <gpxtpx:hr>151</gpxtpx:hr>
      <gpxtpx:cad>88</gpxtpx:cad>
     </gpxtpx:TrackPointExtension>
    </extensions>
   </trkpt>
   <trkpt lat="37.2616770" lon="-79.9466710">
    <ele>299.4</ele>
    <time>2026-02-18T10:38:22Z</time>
    <extensions>
     <power>388</power>
     <gpxtpx:TrackPointExtension>
      <gpxtpx:hr>151</gpxtpx:hr>
      <gpxtpx:cad>88</gpxtpx:cad>
     </gpxtpx:TrackPointExtension>
    </extensions>
   </trkpt>
   <trkpt lat="37.2616990" lon="-79.9466650">
    <ele>299.6</ele>
    <time>2026-02-18T10:38:23Z</time>
    <extensions>
     <power>410</power>
     <gpxtpx:TrackPointExtension>
      <gpxtpx:hr>151</gpxtpx:hr>
      <gpxtpx:cad>88</gpxtpx:cad>
     </gpxtpx:TrackPointExtension>
    </extensions>
   </trkpt>
   <trkpt lat="37.2617310" lon="-79.9466530">
    <ele>299.8</ele>
    <time>2026-02-18T10:38:24Z</time>
    <extensions>
     <power>421</power>
     <gpxtpx:TrackPointExtension>
      <gpxtpx:hr>152</gpxtpx:hr>
      <gpxtpx:cad>88</gpxtpx:cad>
     </gpxtpx:TrackPointExtension>
    </extensions>
   </trkpt>
   <trkpt lat="37.2617480" lon="-79.9466440">
    <ele>299.8</ele>
    <time>2026-02-18T10:38:25Z</time>
    <extensions>
     <power>428</power>
     <gpxtpx:TrackPointExtension>
      <gpxtpx:hr>153</gpxtpx:hr>
      <gpxtpx:cad>88</gpxtpx:cad>
     </gpxtpx:TrackPointExtension>
    </extensions>
   </trkpt>
   <trkpt lat="37.2617690" lon="-79.9466400">
    <ele>300.0</ele>
    <time>2026-02-18T10:38:26Z</time>
    <extensions>
     <power>429</power>
     <gpxtpx:TrackPointExtension>
      <gpxtpx:hr>154</gpxtpx:hr>
      <gpxtpx:cad>88</gpxtpx:cad>
     </gpxtpx:TrackPointExtension>
    </extensions>
   </trkpt>
   <trkpt lat="37.2617810" lon="-79.9466420">
    <ele>300.0</ele>
    <time>2026-02-18T10:38:27Z</time>
    <extensions>
     <power>418</power>
     <gpxtpx:TrackPointExtension>
      <gpxtpx:hr>156</gpxtpx:hr>
      <gpxtpx:cad>44</gpxtpx:cad>
     </gpxtpx:TrackPointExtension>
    </extensions>
   </trkpt>
   <trkpt lat="37.2617870" lon="-79.9466360">
    <ele>300.2</ele>
    <time>2026-02-18T10:38:28Z</time>
    <extensions>
     <power>268</power>
     <gpxtpx:TrackPointExtension>
      <gpxtpx:hr>158</gpxtpx:hr>
      <gpxtpx:cad>44</gpxtpx:cad>
     </gpxtpx:TrackPointExtension>
    </extensions>
   </trkpt>
   <trkpt lat="37.2617930" lon="-79.9466260">
    <ele>300.2</ele>
    <time>2026-02-18T10:38:29Z</time>
    <extensions>
     <power>263</power>
     <gpxtpx:TrackPointExtension>
      <gpxtpx:hr>158</gpxtpx:hr>
      <gpxtpx:cad>44</gpxtpx:cad>
     </gpxtpx:TrackPointExtension>
    </extensions>
   </trkpt>
   <trkpt lat="37.2617970" lon="-79.9466270">
    <ele>300.2</ele>
    <time>2026-02-18T10:38:30Z</time>
    <extensions>
     <power>260</power>
     <gpxtpx:TrackPointExtension>
      <gpxtpx:hr>159</gpxtpx:hr>
      <gpxtpx:cad>44</gpxtpx:cad>
     </gpxtpx:TrackPointExtension>
    </extensions>
   </trkpt>
   <trkpt lat="37.2617930" lon="-79.9466270">
    <ele>300.2</ele>
    <time>2026-02-18T10:38:31Z</time>
    <extensions>
     <power>256</power>
     <gpxtpx:TrackPointExtension>
      <gpxtpx:hr>159</gpxtpx:hr>
      <gpxtpx:cad>44</gpxtpx:cad>
     </gpxtpx:TrackPointExtension>
    </extensions>
   </trkpt>
   <trkpt lat="37.2617900" lon="-79.9466210">
    <ele>300.4</ele>
    <time>2026-02-18T10:38:32Z</time>
    <extensions>
     <power>246</power>
     <gpxtpx:TrackPointExtension>
      <gpxtpx:hr>159</gpxtpx:hr>
      <gpxtpx:cad>44</gpxtpx:cad>
     </gpxtpx:TrackPointExtension>
    </extensions>
   </trkpt>
   <trkpt lat="37.2617860" lon="-79.9466120">
    <ele>300.4</ele>
    <time>2026-02-18T10:38:33Z</time>
    <extensions>
     <power>241</power>
     <gpxtpx:TrackPointExtension>
      <gpxtpx:hr>159</gpxtpx:hr>
      <gpxtpx:cad>0</gpxtpx:cad>
     </gpxtpx:TrackPointExtension>
    </extensions>
   </trkpt>
   <trkpt lat="37.2617810" lon="-79.9465940">
    <ele>300.4</ele>
    <time>2026-02-18T10:38:34Z</time>
    <extensions>
     <power>0</power>
     <gpxtpx:TrackPointExtension>
      <gpxtpx:hr>160</gpxtpx:hr>
      <gpxtpx:cad>0</gpxtpx:cad>
     </gpxtpx:TrackPointExtension>
    </extensions>
   </trkpt>
   <trkpt lat="37.2617790" lon="-79.9465950">
    <ele>300.6</ele>
    <time>2026-02-18T10:38:35Z</time>
    <extensions>
     <power>0</power>
     <gpxtpx:TrackPointExtension>
      <gpxtpx:hr>159</gpxtpx:hr>
      <gpxtpx:cad>0</gpxtpx:cad>
     </gpxtpx:TrackPointExtension>
    </extensions>
   </trkpt>
   <trkpt lat="37.2617790" lon="-79.9465950">
    <ele>300.6</ele>
    <time>2026-02-18T10:38:36Z</time>
    <extensions>
     <power>0</power>
     <gpxtpx:TrackPointExtension>
      <gpxtpx:hr>158</gpxtpx:hr>
      <gpxtpx:cad>0</gpxtpx:cad>
     </gpxtpx:TrackPointExtension>
    </extensions>
   </trkpt>
   <trkpt lat="37.2617780" lon="-79.9465890">
    <ele>300.6</ele>
    <time>2026-02-18T10:38:37Z</time>
    <extensions>
     <power>0</power>
     <gpxtpx:TrackPointExtension>
      <gpxtpx:hr>158</gpxtpx:hr>
      <gpxtpx:cad>0</gpxtpx:cad>
     </gpxtpx:TrackPointExtension>
    </extensions>
   </trkpt>
   <trkpt lat="37.2617770" lon="-79.9465910">
    <ele>300.8</ele>
    <time>2026-02-18T10:38:38Z</time>
    <extensions>
     <power>20</power>
     <gpxtpx:TrackPointExtension>
      <gpxtpx:hr>157</gpxtpx:hr>
      <gpxtpx:cad>44</gpxtpx:cad>
     </gpxtpx:TrackPointExtension>
    </extensions>
   </trkpt>
   <trkpt lat="37.2617710" lon="-79.9464570">
    <ele>300.8</ele>
    <time>2026-02-18T10:39:49Z</time>
    <extensions>
     <gpxtpx:TrackPointExtension>
      <gpxtpx:hr>118</gpxtpx:hr>
      <gpxtpx:cad>83</gpxtpx:cad>
     </gpxtpx:TrackPointExtension>
    </extensions>
   </trkpt>
   <trkpt lat="37.2617750" lon="-79.9464430">
    <ele>301.2</ele>
    <time>2026-02-18T10:39:50Z</time>
    <extensions>
     <power>226</power>
     <gpxtpx:TrackPointExtension>
      <gpxtpx:hr>118</gpxtpx:hr>
      <gpxtpx:cad>83</gpxtpx:cad>
     </gpxtpx:TrackPointExtension>
    </extensions>
   </trkpt>
   <trkpt lat="37.2617750" lon="-79.9464220">
    <ele>301.4</ele>
    <time>2026-02-18T10:39:51Z</time>
    <extensions>
     <power>230</power>
     <gpxtpx:TrackPointExtension>
      <gpxtpx:hr>117</gpxtpx:hr>
      <gpxtpx:cad>83</gpxtpx:cad>
     </gpxtpx:TrackPointExtension>
    </extensions>
   </trkpt>
   <trkpt lat="37.2617710" lon="-79.9463990">
    <ele>301.6</ele>
    <time>2026-02-18T10:39:52Z</time>
    <extensions>
     <power>226</power>
     <gpxtpx:TrackPointExtension>
      <gpxtpx:hr>118</gpxtpx:hr>
      <gpxtpx:cad>85</gpxtpx:cad>
     </gpxtpx:TrackPointExtension>
    </extensions>
   </trkpt>
   <trkpt lat="37.2617720" lon="-79.9463790">
    <ele>301.8</ele>
    <time>2026-02-18T10:39:53Z</time>
    <extensions>
     <power>230</power>
     <gpxtpx:TrackPointExtension>
      <gpxtpx:hr>118</gpxtpx:hr>
      <gpxtpx:cad>85</gpxtpx:cad>
     </gpxtpx:TrackPointExtension>
    </extensions>
   </trkpt>
   <trkpt lat="37.2617660" lon="-79.9463500">
    <ele>302.0</ele>
    <time>2026-02-18T10:39:54Z</time>
    <extensions>
     <power>257</power>
     <gpxtpx:TrackPointExtension>
      <gpxtpx:hr>118</gpxtpx:hr>
      <gpxtpx:cad>85</gpxtpx:cad>
     </gpxtpx:TrackPointExtension>
    </extensions>
   </trkpt>
   <trkpt lat="37.2617660" lon="-79.9463250">
    <ele>302.0</ele>
    <time>2026-02-18T10:39:55Z</time>
    <extensions>
     <power>289</power>
     <gpxtpx:TrackPointExtension>
      <gpxtpx:hr>118</gpxtpx:hr>
      <gpxtpx:cad>85</gpxtpx:cad>
     </gpxtpx:TrackPointExtension>
    </extensions>
   </trkpt>
   <trkpt lat="37.2617610" lon="-79.9462960">
    <ele>302.2</ele>
    <time>2026-02-18T10:39:56Z</time>
    <extensions>
     <power>337</power>
     <gpxtpx:TrackPointExtension>
      <gpxtpx:hr>119</gpxtpx:hr>
      <gpxtpx:cad>85</gpxtpx:cad>
     </gpxtpx:TrackPointExtension>
    </extensions>
   </trkpt>
   <trkpt lat="37.2617630" lon="-79.9462690">
    <ele>302.4</ele>
    <time>2026-02-18T10:39:57Z</time>
    <extensions>
     <power>358</power>
     <gpxtpx:TrackPointExtension>
      <gpxtpx:hr>119</gpxtpx:hr>
      <gpxtpx:cad>85</gpxtpx:cad>
     </gpxtpx:TrackPointExtension>
    </extensions>
   </trkpt>
   <trkpt lat="37.2617560" lon="-79.9462390">
    <ele>302.6</ele>
    <time>2026-02-18T10:39:58Z</time>
    <extensions>
     <power>381</power>
     <gpxtpx:TrackPointExtension>
      <gpxtpx:hr>120</gpxtpx:hr>
      <gpxtpx:cad>87</gpxtpx:cad>
     </gpxtpx:TrackPointExtension>
    </extensions>
   </trkpt>
   <trkpt lat="37.2617540" lon="-79.9462110">
    <ele>302.6</ele>
    <time>2026-02-18T10:39:59Z</time>
    <extensions>
     <power>398</power>
     <gpxtpx:TrackPointExtension>
      <gpxtpx:hr>121</gpxtpx:hr>
      <gpxtpx:cad>87</gpxtpx:cad>
     </gpxtpx:TrackPointExtension>
    </extensions>
   </trkpt>
   <trkpt lat="37.2617470" lon="-79.9461790">
    <ele>302.6</ele>
    <time>2026-02-18T10:40:00Z</time>
    <extensions>
     <power>394</power>
     <gpxtpx:TrackPointExtension>
      <gpxtpx:hr>122</gpxtpx:hr>
      <gpxtpx:cad>87</gpxtpx:cad>
     </gpxtpx:TrackPointExtension>
    </extensions>
   </trkpt>
   <trkpt lat="37.2617490" lon="-79.9461510">
    <ele>302.8</ele>
    <time>2026-02-18T10:40:01Z</time>
    <extensions>
     <power>395</power>
     <gpxtpx:TrackPointExtension>
      <gpxtpx:hr>124</gpxtpx:hr>
      <gpxtpx:cad>89</gpxtpx:cad>
     </gpxtpx:TrackPointExtension>
    </extensions>
   </trkpt>
   <trkpt lat="37.2617450" lon="-79.9461140">
    <ele>302.8</ele>
    <time>2026-02-18T10:40:02Z</time>
    <extensions>
     <power>398</power>
     <gpxtpx:TrackPointExtension>
      <gpxtpx:hr>125</gpxtpx:hr>
      <gpxtpx:cad>90</gpxtpx:cad>
     </gpxtpx:TrackPointExtension>
    </extensions>
   </trkpt>
   <trkpt lat="37.2617490" lon="-79.9460800">
    <ele>302.8</ele>
    <time>2026-02-18T10:40:03Z</time>
    <extensions>
     <power>393</power>
     <gpxtpx:TrackPointExtension>
      <gpxtpx:hr>126</gpxtpx:hr>
      <gpxtpx:cad>90</gpxtpx:cad>
     </gpxtpx:TrackPointExtension>
    </extensions>
   </trkpt>
   <trkpt lat="37.2617410" lon="-79.9460450">
    <ele>302.8</ele>
    <time>2026-02-18T10:40:04Z</time>
    <extensions>
     <power>413</power>
     <gpxtpx:TrackPointExtension>
      <gpxtpx:hr>127</gpxtpx:hr>
      <gpxtpx:cad>90</gpxtpx:cad>
     </gpxtpx:TrackPointExtension>
    </extensions>
   </trkpt>
   <trkpt lat="37.2617420" lon="-79.9460180">
    <ele>302.8</ele>
    <time>2026-02-18T10:40:05Z</time>
    <extensions>
     <power>448</power>
     <gpxtpx:TrackPointExtension>
      <gpxtpx:hr>128</gpxtpx:hr>
      <gpxtpx:cad>90</gpxtpx:cad>
     </gpxtpx:TrackPointExtension>
    </extensions>
   </trkpt>
   <trkpt lat="37.2617400" lon="-79.9459750">
    <ele>302.8</ele>
    <time>2026-02-18T10:40:06Z</time>
    <extensions>
     <power>442</power>
     <gpxtpx:TrackPointExtension>
      <gpxtpx:hr>129</gpxtpx:hr>
      <gpxtpx:cad>89</gpxtpx:cad>
     </gpxtpx:TrackPointExtension>
    </extensions>
   </trkpt>
   <trkpt lat="37.2617430" lon="-79.9459470">
    <ele>302.8</ele>
    <time>2026-02-18T10:40:07Z</time>
    <extensions>
     <power>440</power>
     <gpxtpx:TrackPointExtension>
      <gpxtpx:hr>130</gpxtpx:hr>
      <gpxtpx:cad>89</gpxtpx:cad>
     </gpxtpx:TrackPointExtension>
    </extensions>
   </trkpt>
   <trkpt lat="37.2617410" lon="-79.9459080">
    <ele>302.8</ele>
    <time>2026-02-18T10:40:08Z</time>
    <extensions>
     <power>429</power>
     <gpxtpx:TrackPointExtension>
      <gpxtpx:hr>132</gpxtpx:hr>
      <gpxtpx:cad>89</gpxtpx:cad>
     </gpxtpx:TrackPointExtension>
    </extensions>
   </trkpt>
   <trkpt lat="37.2617420" lon="-79.9458810">
    <ele>303.0</ele>
    <time>2026-02-18T10:40:09Z</time>
    <extensions>
     <power>418</power>
     <gpxtpx:TrackPointExtension>
      <gpxtpx:hr>133</gpxtpx:hr>
      <gpxtpx:cad>89</gpxtpx:cad>
     </gpxtpx:TrackPointExtension>
    </extensions>
   </trkpt>
   <trkpt lat="37.2617350" lon="-79.9458460">
    <ele>303.0</ele>
    <time>2026-02-18T10:40:10Z</time>
    <extensions>
     <power>408</power>
     <gpxtpx:TrackPointExtension>
      <gpxtpx:hr>134</gpxtpx:hr>
      <gpxtpx:cad>89</gpxtpx:cad>
     </gpxtpx:TrackPointExtension>
    </extensions>
   </trkpt>
   <trkpt lat="37.2617340" lon="-79.9458220">
    <ele>303.0</ele>
    <time>2026-02-18T10:40:11Z</time>
    <extensions>
     <power>400</power>
     <gpxtpx:TrackPointExtension>
      <gpxtpx:hr>135</gpxtpx:hr>
      <gpxtpx:cad>89</gpxtpx:cad>
     </gpxtpx:TrackPointExtension>
    </extensions>
   </trkpt>
   <trkpt lat="37.2617280" lon="-79.9457860">
    <ele>302.8</ele>
    <time>2026-02-18T10:40:12Z</time>
    <extensions>
     <power>393</power>
     <gpxtpx:TrackPointExtension>
      <gpxtpx:hr>136</gpxtpx:hr>
      <gpxtpx:cad>89</gpxtpx:cad>
     </gpxtpx:TrackPointExtension>
    </extensions>
   </trkpt>
   <trkpt lat="37.2617280" lon="-79.9457600">
    <ele>302.8</ele>
    <time>2026-02-18T10:40:13Z</time>
    <extensions>
     <power>378</power>
     <gpxtpx:TrackPointExtension>
      <gpxtpx:hr>137</gpxtpx:hr>
      <gpxtpx:cad>88</gpxtpx:cad>
     </gpxtpx:TrackPointExtension>
    </extensions>
   </trkpt>
   <trkpt lat="37.2617260" lon="-79.9457210">
    <ele>302.8</ele>
    <time>2026-02-18T10:40:14Z</time>
    <extensions>
     <power>368</power>
     <gpxtpx:TrackPointExtension>
      <gpxtpx:hr>137</gpxtpx:hr>
      <gpxtpx:cad>89</gpxtpx:cad>
     </gpxtpx:TrackPointExtension>
    </extensions>
   </trkpt>
   <trkpt lat="37.2617250" lon="-79.9456920">
    <ele>302.8</ele>
    <time>2026-02-18T10:40:15Z</time>
    <extensions>
     <power>356</power>
     <gpxtpx:TrackPointExtension>
      <gpxtpx:hr>138</gpxtpx:hr>
      <gpxtpx:cad>89</gpxtpx:cad>
     </gpxtpx:TrackPointExtension>
    </extensions>
   </trkpt>
   <trkpt lat="37.2617290" lon="-79.9456550">
    <ele>302.8</ele>
    <time>2026-02-18T10:40:16Z</time>
    <extensions>
     <power>347</power>
     <gpxtpx:TrackPointExtension>
      <gpxtpx:hr>139</gpxtpx:hr>
      <gpxtpx:cad>89</gpxtpx:cad>
     </gpxtpx:TrackPointExtension>
    </extensions>
   </trkpt>
   <trkpt lat="37.2617210" lon="-79.9456250">
    <ele>302.6</ele>
    <time>2026-02-18T10:40:17Z</time>
    <extensions>
     <power>341</power>
     <gpxtpx:TrackPointExtension>
      <gpxtpx:hr>140</gpxtpx:hr>
      <gpxtpx:cad>89</gpxtpx:cad>
     </gpxtpx:TrackPointExtension>
    </extensions>
   </trkpt>
   <trkpt lat="37.2617240" lon="-79.9455890">
    <ele>302.4</ele>
    <time>2026-02-18T10:40:18Z</time>
    <extensions>
     <power>336</power>
     <gpxtpx:TrackPointExtension>
      <gpxtpx:hr>141</gpxtpx:hr>
      <gpxtpx:cad>89</gpxtpx:cad>
     </gpxtpx:TrackPointExtension>
    </extensions>
   </trkpt>
   <trkpt lat="37.2617170" lon="-79.9455530">
    <ele>302.4</ele>
    <time>2026-02-18T10:40:19Z</time>
    <extensions>
     <power>337</power>
     <gpxtpx:TrackPointExtension>
      <gpxtpx:hr>141</gpxtpx:hr>
      <gpxtpx:cad>87</gpxtpx:cad>
     </gpxtpx:TrackPointExtension>
    </extensions>
   </trkpt>
   <trkpt lat="37.2617180" lon="-79.9455230">
    <ele>302.2</ele>
    <time>2026-02-18T10:40:20Z</time>
    <extensions>
     <power>344</power>
     <gpxtpx:TrackPointExtension>
      <gpxtpx:hr>142</gpxtpx:hr>
      <gpxtpx:cad>87</gpxtpx:cad>
     </gpxtpx:TrackPointExtension>
    </extensions>
   </trkpt>
   <trkpt lat="37.2617160" lon="-79.9454850">
    <ele>302.4</ele>
    <time>2026-02-18T10:40:21Z</time>
    <extensions>
     <power>352</power>
     <gpxtpx:TrackPointExtension>
      <gpxtpx:hr>143</gpxtpx:hr>
      <gpxtpx:cad>87</gpxtpx:cad>
     </gpxtpx:TrackPointExtension>
    </extensions>
   </trkpt>
   <trkpt lat="37.2617160" lon="-79.9454630">
    <ele>302.2</ele>
    <time>2026-02-18T10:40:22Z</time>
    <extensions>
     <power>351</power>
     <gpxtpx:TrackPointExtension>
      <gpxtpx:hr>143</gpxtpx:hr>
      <gpxtpx:cad>87</gpxtpx:cad>
     </gpxtpx:TrackPointExtension>
    </extensions>
   </trkpt>
   <trkpt lat="37.2617140" lon="-79.9454330">
    <ele>302.4</ele>
    <time>2026-02-18T10:40:23Z</time>
    <extensions>
     <power>348</power>
     <gpxtpx:TrackPointExtension>
      <gpxtpx:hr>144</gpxtpx:hr>
      <gpxtpx:cad>87</gpxtpx:cad>
     </gpxtpx:TrackPointExtension>
    </extensions>
   </trkpt>
   <trkpt lat="37.2617070" lon="-79.9454070">
    <ele>302.4</ele>
    <time>2026-02-18T10:40:24Z</time>
    <extensions>
     <power>304</power>
     <gpxtpx:TrackPointExtension>
      <gpxtpx:hr>144</gpxtpx:hr>
      <gpxtpx:cad>87</gpxtpx:cad>
     </gpxtpx:TrackPointExtension>
    </extensions>
   </trkpt>
   <trkpt lat="37.2617060" lon="-79.9453810">
    <ele>302.4</ele>
    <time>2026-02-18T10:40:25Z</time>
    <extensions>
     <power>303</power>
     <gpxtpx:TrackPointExtension>
      <gpxtpx:hr>145</gpxtpx:hr>
      <gpxtpx:cad>86</gpxtpx:cad>
     </gpxtpx:TrackPointExtension>
    </extensions>
   </trkpt>
   <trkpt lat="37.2617010" lon="-79.9453530">
    <ele>302.4</ele>
    <time>2026-02-18T10:40:26Z</time>
    <extensions>
     <power>301</power>
     <gpxtpx:TrackPointExtension>
      <gpxtpx:hr>145</gpxtpx:hr>
      <gpxtpx:cad>85</gpxtpx:cad>
     </gpxtpx:TrackPointExtension>
    </extensions>
   </trkpt>
   <trkpt lat="37.2617020" lon="-79.9453240">
    <ele>302.2</ele>
    <time>2026-02-18T10:40:27Z</time>
    <extensions>
     <power>299</power>
     <gpxtpx:TrackPointExtension>
      <gpxtpx:hr>145</gpxtpx:hr>
      <gpxtpx:cad>85</gpxtpx:cad>
     </gpxtpx:TrackPointExtension>
    </extensions>
   </trkpt>
   <trkpt lat="37.2616960" lon="-79.9452950">
    <ele>302.2</ele>
    <time>2026-02-18T10:40:28Z</time>
    <extensions>
     <power>300</power>
     <gpxtpx:TrackPointExtension>
      <gpxtpx:hr>145</gpxtpx:hr>
      <gpxtpx:cad>86</gpxtpx:cad>
     </gpxtpx:TrackPointExtension>
    </extensions>
   </trkpt>
   <trkpt lat="37.2616960" lon="-79.9452670">
    <ele>302.2</ele>
    <time>2026-02-18T10:40:29Z</time>
    <extensions>
     <power>297</power>
     <gpxtpx:TrackPointExtension>
      <gpxtpx:hr>146</gpxtpx:hr>
      <gpxtpx:cad>87</gpxtpx:cad>
     </gpxtpx:TrackPointExtension>
    </extensions>
   </trkpt>
   <trkpt lat="37.2616910" lon="-79.9452290">
    <ele>302.2</ele>
    <time>2026-02-18T10:40:30Z</time>
    <extensions>
     <power>298</power>
     <gpxtpx:TrackPointExtension>
      <gpxtpx:hr>146</gpxtpx:hr>
      <gpxtpx:cad>88</gpxtpx:cad>
     </gpxtpx:TrackPointExtension>
    </extensions>
   </trkpt>
   <trkpt lat="37.2616920" lon="-79.9451990">
    <ele>302.2</ele>
    <time>2026-02-18T10:40:31Z</time>
    <extensions>
     <power>301</power>
     <gpxtpx:TrackPointExtension>
      <gpxtpx:hr>147</gpxtpx:hr>
      <gpxtpx:cad>88</gpxtpx:cad>
     </gpxtpx:TrackPointExtension>
    </extensions>
   </trkpt>
   <trkpt lat="37.2616900" lon="-79.9451620">
    <ele>302.2</ele>
    <time>2026-02-18T10:40:32Z</time>
    <extensions>
     <power>307</power>
     <gpxtpx:TrackPointExtension>
      <gpxtpx:hr>147</gpxtpx:hr>
      <gpxtpx:cad>88</gpxtpx:cad>
     </gpxtpx:TrackPointExtension>
    </extensions>
   </trkpt>
   <trkpt lat="37.2616820" lon="-79.9451310">
    <ele>302.2</ele>
    <time>2026-02-18T10:40:33Z</time>
    <extensions>
     <power>312</power>
     <gpxtpx:TrackPointExtension>
      <gpxtpx:hr>147</gpxtpx:hr>
      <gpxtpx:cad>88</gpxtpx:cad>
     </gpxtpx:TrackPointExtension>
    </extensions>
   </trkpt>
   <trkpt lat="37.2616800" lon="-79.9450970">
    <ele>302.2</ele>
    <time>2026-02-18T10:40:34Z</time>
    <extensions>
     <power>316</power>
     <gpxtpx:TrackPointExtension>
      <gpxtpx:hr>147</gpxtpx:hr>
      <gpxtpx:cad>88</gpxtpx:cad>
     </gpxtpx:TrackPointExtension>
    </extensions>
   </trkpt>
   <trkpt lat="37.2616720" lon="-79.9450620">
    <ele>302.0</ele>
    <time>2026-02-18T10:40:35Z</time>
    <extensions>
     <power>319</power>
     <gpxtpx:TrackPointExtension>
      <gpxtpx:hr>147</gpxtpx:hr>
      <gpxtpx:cad>87</gpxtpx:cad>
     </gpxtpx:TrackPointExtension>
    </extensions>
   </trkpt>
   <trkpt lat="37.2616710" lon="-79.9450280">
    <ele>302.0</ele>
    <time>2026-02-18T10:40:36Z</time>
    <extensions>
     <power>319</power>
     <gpxtpx:TrackPointExtension>
      <gpxtpx:hr>147</gpxtpx:hr>
      <gpxtpx:cad>86</gpxtpx:cad>
     </gpxtpx:TrackPointExtension>
    </extensions>
   </trkpt>
   <trkpt lat="37.2616640" lon="-79.9449870">
    <ele>301.8</ele>
    <time>2026-02-18T10:40:37Z</time>
    <extensions>
     <power>320</power>
     <gpxtpx:TrackPointExtension>
      <gpxtpx:hr>147</gpxtpx:hr>
      <gpxtpx:cad>86</gpxtpx:cad>
     </gpxtpx:TrackPointExtension>
    </extensions>
   </trkpt>
   <trkpt lat="37.2616700" lon="-79.9449580">
    <ele>301.6</ele>
    <time>2026-02-18T10:40:38Z</time>
    <extensions>
     <power>321</power>
     <gpxtpx:TrackPointExtension>
      <gpxtpx:hr>147</gpxtpx:hr>
      <gpxtpx:cad>86</gpxtpx:cad>
     </gpxtpx:TrackPointExtension>
    </extensions>
   </trkpt>
   <trkpt lat="37.2616640" lon="-79.9449160">
    <ele>301.6</ele>
    <time>2026-02-18T10:40:39Z</time>
    <extensions>
     <power>324</power>
     <gpxtpx:TrackPointExtension>
      <gpxtpx:hr>146</gpxtpx:hr>
      <gpxtpx:cad>86</gpxtpx:cad>
     </gpxtpx:TrackPointExtension>
    </extensions>
   </trkpt>
   <trkpt lat="37.2616640" lon="-79.9448860">
    <ele>301.4</ele>
    <time>2026-02-18T10:40:40Z</time>
    <extensions>
     <power>323</power>
     <gpxtpx:TrackPointExtension>
      <gpxtpx:hr>146</gpxtpx:hr>
      <gpxtpx:cad>86</gpxtpx:cad>
     </gpxtpx:TrackPointExtension>
    </extensions>
   </trkpt>
   <trkpt lat="37.2616640" lon="-79.9448490">
    <ele>301.4</ele>
    <time>2026-02-18T10:40:41Z</time>
    <extensions>
     <power>325</power>
     <gpxtpx:TrackPointExtension>
      <gpxtpx:hr>147</gpxtpx:hr>
      <gpxtpx:cad>86</gpxtpx:cad>
     </gpxtpx:TrackPointExtension>
    </extensions>
   </trkpt>
   <trkpt lat="37.2616600" lon="-79.9448160">
    <ele>301.4</ele>
    <time>2026-02-18T10:40:42Z</time>
    <extensions>
     <power>324</power>
     <gpxtpx:TrackPointExtension>
      <gpxtpx:hr>147</gpxtpx:hr>
      <gpxtpx:cad>86</gpxtpx:cad>
     </gpxtpx:TrackPointExtension>
    </extensions>
   </trkpt>
   <trkpt lat="37.2616600" lon="-79.9447820">
    <ele>301.4</ele>
    <time>2026-02-18T10:40:43Z</time>
    <extensions>
     <power>322</power>
     <gpxtpx:TrackPointExtension>
      <gpxtpx:hr>147</gpxtpx:hr>
      <gpxtpx:cad>86</gpxtpx:cad>
     </gpxtpx:TrackPointExtension>
    </extensions>
   </trkpt>
   <trkpt lat="37.2616510" lon="-79.9447490">
    <ele>301.2</ele>
    <time>2026-02-18T10:40:44Z</time>
    <extensions>
     <power>321</power>
     <gpxtpx:TrackPointExtension>
      <gpxtpx:hr>147</gpxtpx:hr>
      <gpxtpx:cad>86</gpxtpx:cad>
     </gpxtpx:TrackPointExtension>
    </extensions>
   </trkpt>
   <trkpt lat="37.2616490" lon="-79.9447220">
    <ele>301.2</ele>
    <time>2026-02-18T10:40:45Z</time>
    <extensions>
     <power>320</power>
     <gpxtpx:TrackPointExtension>
      <gpxtpx:hr>147</gpxtpx:hr>
      <gpxtpx:cad>86</gpxtpx:cad>
     </gpxtpx:TrackPointExtension>
    </extensions>
   </trkpt>
   <trkpt lat="37.2616440" lon="-79.9446830">
    <ele>301.0</ele>
    <time>2026-02-18T10:40:46Z</time>
    <extensions>
     <power>320</power>
     <gpxtpx:TrackPointExtension>
      <gpxtpx:hr>147</gpxtpx:hr>
      <gpxtpx:cad>86</gpxtpx:cad>
     </gpxtpx:TrackPointExtension>
    </extensions>
   </trkpt>
   <trkpt lat="37.2616430" lon="-79.9446520">
    <ele>301.0</ele>
    <time>2026-02-18T10:40:47Z</time>
    <extensions>
     <power>315</power>
     <gpxtpx:TrackPointExtension>
      <gpxtpx:hr>147</gpxtpx:hr>
      <gpxtpx:cad>86</gpxtpx:cad>
     </gpxtpx:TrackPointExtension>
    </extensions>
   </trkpt>
   <trkpt lat="37.2616410" lon="-79.9446140">
    <ele>300.8</ele>
    <time>2026-02-18T10:40:48Z</time>
    <extensions>
     <power>311</power>
     <gpxtpx:TrackPointExtension>
      <gpxtpx:hr>147</gpxtpx:hr>
      <gpxtpx:cad>86</gpxtpx:cad>
     </gpxtpx:TrackPointExtension>
    </extensions>
   </trkpt>
   <trkpt lat="37.2616440" lon="-79.9445840">
    <ele>300.6</ele>
    <time>2026-02-18T10:40:49Z</time>
    <extensions>
     <power>307</power>
     <gpxtpx:TrackPointExtension>
      <gpxtpx:hr>147</gpxtpx:hr>
      <gpxtpx:cad>87</gpxtpx:cad>
     </gpxtpx:TrackPointExtension>
    </extensions>
   </trkpt>
   <trkpt lat="37.2616430" lon="-79.9445510">
    <ele>300.6</ele>
    <time>2026-02-18T10:40:50Z</time>
    <extensions>
     <power>304</power>
     <gpxtpx:TrackPointExtension>
      <gpxtpx:hr>147</gpxtpx:hr>
      <gpxtpx:cad>87</gpxtpx:cad>
     </gpxtpx:TrackPointExtension>
    </extensions>
   </trkpt>
   <trkpt lat="37.2616380" lon="-79.9445180">
    <ele>300.4</ele>
    <time>2026-02-18T10:40:51Z</time>
    <extensions>
     <power>303</power>
     <gpxtpx:TrackPointExtension>
      <gpxtpx:hr>148</gpxtpx:hr>
      <gpxtpx:cad>87</gpxtpx:cad>
     </gpxtpx:TrackPointExtension>
    </extensions>
   </trkpt>
   <trkpt lat="37.2616370" lon="-79.9444920">
    <ele>300.4</ele>
    <time>2026-02-18T10:40:52Z</time>
    <extensions>
     <power>302</power>
     <gpxtpx:TrackPointExtension>
      <gpxtpx:hr>148</gpxtpx:hr>
      <gpxtpx:cad>87</gpxtpx:cad>
     </gpxtpx:TrackPointExtension>
    </extensions>
   </trkpt>
   <trkpt lat="37.2616300" lon="-79.9444590">
    <ele>300.2</ele>
    <time>2026-02-18T10:40:53Z</time>
    <extensions>
     <power>300</power>
     <gpxtpx:TrackPointExtension>
      <gpxtpx:hr>148</gpxtpx:hr>
      <gpxtpx:cad>87</gpxtpx:cad>
     </gpxtpx:TrackPointExtension>
    </extensions>
   </trkpt>
   <trkpt lat="37.2616320" lon="-79.9444310">
    <ele>300.0</ele>
    <time>2026-02-18T10:40:54Z</time>
    <extensions>
     <power>299</power>
     <gpxtpx:TrackPointExtension>
      <gpxtpx:hr>148</gpxtpx:hr>
      <gpxtpx:cad>85</gpxtpx:cad>
     </gpxtpx:TrackPointExtension>
    </extensions>
   </trkpt>
   <trkpt lat="37.2616280" lon="-79.9443890">
    <ele>300.0</ele>
    <time>2026-02-18T10:40:55Z</time>
    <extensions>
     <power>297</power>
     <gpxtpx:TrackPointExtension>
      <gpxtpx:hr>148</gpxtpx:hr>
      <gpxtpx:cad>85</gpxtpx:cad>
     </gpxtpx:TrackPointExtension>
    </extensions>
   </trkpt>
   <trkpt lat="37.2616280" lon="-79.9443570">
    <ele>299.8</ele>
    <time>2026-02-18T10:40:56Z</time>
    <extensions>
     <power>294</power>
     <gpxtpx:TrackPointExtension>
      <gpxtpx:hr>149</gpxtpx:hr>
      <gpxtpx:cad>86</gpxtpx:cad>
     </gpxtpx:TrackPointExtension>
    </extensions>
   </trkpt>
   <trkpt lat="37.2616300" lon="-79.9443230">
    <ele>299.4</ele>
    <time>2026-02-18T10:40:57Z</time>
    <extensions>
     <power>290</power>
     <gpxtpx:TrackPointExtension>
      <gpxtpx:hr>149</gpxtpx:hr>
      <gpxtpx:cad>87</gpxtpx:cad>
     </gpxtpx:TrackPointExtension>
    </extensions>
   </trkpt>
   <trkpt lat="37.2616280" lon="-79.9442900">
    <ele>299.4</ele>
    <time>2026-02-18T10:40:58Z</time>
    <extensions>
     <power>290</power>
     <gpxtpx:TrackPointExtension>
      <gpxtpx:hr>149</gpxtpx:hr>
      <gpxtpx:cad>87</gpxtpx:cad>
     </gpxtpx:TrackPointExtension>
    </extensions>
   </trkpt>
   <trkpt lat="37.2616270" lon="-79.9442620">
    <ele>299.2</ele>
    <time>2026-02-18T10:40:59Z</time>
    <extensions>
     <power>289</power>
     <gpxtpx:TrackPointExtension>
      <gpxtpx:hr>149</gpxtpx:hr>
      <gpxtpx:cad>87</gpxtpx:cad>
     </gpxtpx:TrackPointExtension>
    </extensions>
   </trkpt>
   <trkpt lat="37.2616190" lon="-79.9442270">
    <ele>299.0</ele>
    <time>2026-02-18T10:41:00Z</time>
    <extensions>
     <power>288</power>
     <gpxtpx:TrackPointExtension>
      <gpxtpx:hr>149</gpxtpx:hr>
      <gpxtpx:cad>87</gpxtpx:cad>
     </gpxtpx:TrackPointExtension>
    </extensions>
   </trkpt>
   <trkpt lat="37.2616190" lon="-79.9441970">
    <ele>299.0</ele>
    <time>2026-02-18T10:41:01Z</time>
    <extensions>
     <power>287</power>
     <gpxtpx:TrackPointExtension>
      <gpxtpx:hr>149</gpxtpx:hr>
      <gpxtpx:cad>86</gpxtpx:cad>
     </gpxtpx:TrackPointExtension>
    </extensions>
   </trkpt>
   <trkpt lat="37.2616190" lon="-79.9441580">
    <ele>298.8</ele>
    <time>2026-02-18T10:41:02Z</time>
    <extensions>
     <power>286</power>
     <gpxtpx:TrackPointExtension>
      <gpxtpx:hr>150</gpxtpx:hr>
      <gpxtpx:cad>85</gpxtpx:cad>
     </gpxtpx:TrackPointExtension>
    </extensions>
   </trkpt>
   <trkpt lat="37.2616190" lon="-79.9441240">
    <ele>298.6</ele>
    <time>2026-02-18T10:41:03Z</time>
    <extensions>
     <power>283</power>
     <gpxtpx:TrackPointExtension>
      <gpxtpx:hr>150</gpxtpx:hr>
      <gpxtpx:cad>86</gpxtpx:cad>
     </gpxtpx:TrackPointExtension>
    </extensions>
   </trkpt>
   <trkpt lat="37.2616210" lon="-79.9440850">
    <ele>298.6</ele>
    <time>2026-02-18T10:41:04Z</time>
    <extensions>
     <power>284</power>
     <gpxtpx:TrackPointExtension>
      <gpxtpx:hr>152</gpxtpx:hr>
      <gpxtpx:cad>86</gpxtpx:cad>
     </gpxtpx:TrackPointExtension>
    </extensions>
   </trkpt>
   <trkpt lat="37.2616160" lon="-79.9440460">
    <ele>298.4</ele>
    <time>2026-02-18T10:41:05Z</time>
    <extensions>
     <power>285</power>
     <gpxtpx:TrackPointExtension>
      <gpxtpx:hr>153</gpxtpx:hr>
      <gpxtpx:cad>86</gpxtpx:cad>
     </gpxtpx:TrackPointExtension>
    </extensions>
   </trkpt>
   <trkpt lat="37.2616140" lon="-79.9440140">
    <ele>298.2</ele>
    <time>2026-02-18T10:41:06Z</time>
    <extensions>
     <power>287</power>
     <gpxtpx:TrackPointExtension>
      <gpxtpx:hr>153</gpxtpx:hr>
      <gpxtpx:cad>86</gpxtpx:cad>
     </gpxtpx:TrackPointExtension>
    </extensions>
   </trkpt>
   <trkpt lat="37.2616040" lon="-79.9439800">
    <ele>298.0</ele>
    <time>2026-02-18T10:41:07Z</time>
    <extensions>
     <power>292</power>
     <gpxtpx:TrackPointExtension>
      <gpxtpx:hr>153</gpxtpx:hr>
      <gpxtpx:cad>86</gpxtpx:cad>
     </gpxtpx:TrackPointExtension>
    </extensions>
   </trkpt>
   <trkpt lat="37.2615990" lon="-79.9439530">
    <ele>297.8</ele>
    <time>2026-02-18T10:41:08Z</time>
    <extensions>
     <power>293</power>
     <gpxtpx:TrackPointExtension>
      <gpxtpx:hr>153</gpxtpx:hr>
      <gpxtpx:cad>86</gpxtpx:cad>
     </gpxtpx:TrackPointExtension>
    </extensions>
   </trkpt>
   <trkpt lat="37.2615870" lon="-79.9439180">
    <ele>297.8</ele>
    <time>2026-02-18T10:41:09Z</time>
    <extensions>
     <power>294</power>
     <gpxtpx:TrackPointExtension>
      <gpxtpx:hr>153</gpxtpx:hr>
      <gpxtpx:cad>86</gpxtpx:cad>
     </gpxtpx:TrackPointExtension>
    </extensions>
   </trkpt>
   <trkpt lat="37.2615840" lon="-79.9438890">
    <ele>297.8</ele>
    <time>2026-02-18T10:41:10Z</time>
    <extensions>
     <power>293</power>
     <gpxtpx:TrackPointExtension>
      <gpxtpx:hr>153</gpxtpx:hr>
      <gpxtpx:cad>87</gpxtpx:cad>
     </gpxtpx:TrackPointExtension>
    </extensions>
   </trkpt>
   <trkpt lat="37.2615800" lon="-79.9438510">
    <ele>297.8</ele>
    <time>2026-02-18T10:41:11Z</time>
    <extensions>
     <power>293</power>
     <gpxtpx:TrackPointExtension>
      <gpxtpx:hr>154</gpxtpx:hr>
      <gpxtpx:cad>87</gpxtpx:cad>
     </gpxtpx:TrackPointExtension>
    </extensions>
   </trkpt>
   <trkpt lat="37.2615800" lon="-79.9438200">
    <ele>297.6</ele>
    <time>2026-02-18T10:41:12Z</time>
    <extensions>
     <power>295</power>
     <gpxtpx:TrackPointExtension>
      <gpxtpx:hr>153</gpxtpx:hr>
      <gpxtpx:cad>87</gpxtpx:cad>
     </gpxtpx:TrackPointExtension>
    </extensions>
   </trkpt>
   <trkpt lat="37.2615770" lon="-79.9437890">
    <ele>297.6</ele>
    <time>2026-02-18T10:41:13Z</time>
    <extensions>
     <power>297</power>
     <gpxtpx:TrackPointExtension>
      <gpxtpx:hr>153</gpxtpx:hr>
      <gpxtpx:cad>87</gpxtpx:cad>
     </gpxtpx:TrackPointExtension>
    </extensions>
   </trkpt>
   <trkpt lat="37.2615710" lon="-79.9437540">
    <ele>297.6</ele>
    <time>2026-02-18T10:41:14Z</time>
    <extensions>
     <power>298</power>
     <gpxtpx:TrackPointExtension>
      <gpxtpx:hr>153</gpxtpx:hr>
      <gpxtpx:cad>87</gpxtpx:cad>
     </gpxtpx:TrackPointExtension>
    </extensions>
   </trkpt>
   <trkpt lat="37.2615710" lon="-79.9437290">
    <ele>297.4</ele>
    <time>2026-02-18T10:41:15Z</time>
    <extensions>
     <power>301</power>
     <gpxtpx:TrackPointExtension>
      <gpxtpx:hr>154</gpxtpx:hr>
      <gpxtpx:cad>86</gpxtpx:cad>
     </gpxtpx:TrackPointExtension>
    </extensions>
   </trkpt>
   <trkpt lat="37.2615650" lon="-79.9436970">
    <ele>297.4</ele>
    <time>2026-02-18T10:41:16Z</time>
    <extensions>
     <power>302</power>
     <gpxtpx:TrackPointExtension>
      <gpxtpx:hr>153</gpxtpx:hr>
      <gpxtpx:cad>86</gpxtpx:cad>
     </gpxtpx:TrackPointExtension>
    </extensions>
   </trkpt>
   <trkpt lat="37.2615710" lon="-79.9436670">
    <ele>297.2</ele>
    <time>2026-02-18T10:41:17Z</time>
    <extensions>
     <power>301</power>
     <gpxtpx:TrackPointExtension>
      <gpxtpx:hr>153</gpxtpx:hr>
      <gpxtpx:cad>86</gpxtpx:cad>
     </gpxtpx:TrackPointExtension>
    </extensions>
   </trkpt>
   <trkpt lat="37.2615660" lon="-79.9436280">
    <ele>297.0</ele>
    <time>2026-02-18T10:41:18Z</time>
    <extensions>
     <power>300</power>
     <gpxtpx:TrackPointExtension>
      <gpxtpx:hr>153</gpxtpx:hr>
      <gpxtpx:cad>86</gpxtpx:cad>
     </gpxtpx:TrackPointExtension>
    </extensions>
   </trkpt>
   <trkpt lat="37.2615630" lon="-79.9435970">
    <ele>297.0</ele>
    <time>2026-02-18T10:41:19Z</time>
    <extensions>
     <power>300</power>
     <gpxtpx:TrackPointExtension>
      <gpxtpx:hr>154</gpxtpx:hr>
      <gpxtpx:cad>87</gpxtpx:cad>
     </gpxtpx:TrackPointExtension>
    </extensions>
   </trkpt>
   <trkpt lat="37.2615580" lon="-79.9435630">
    <ele>296.8</ele>
    <time>2026-02-18T10:41:20Z</time>
    <extensions>
     <power>300</power>
     <gpxtpx:TrackPointExtension>
      <gpxtpx:hr>153</gpxtpx:hr>
      <gpxtpx:cad>87</gpxtpx:cad>
     </gpxtpx:TrackPointExtension>
    </extensions>
   </trkpt>
   <trkpt lat="37.2615530" lon="-79.9435290">
    <ele>296.6</ele>
    <time>2026-02-18T10:41:21Z</time>
    <extensions>
     <power>301</power>
     <gpxtpx:TrackPointExtension>
      <gpxtpx:hr>153</gpxtpx:hr>
      <gpxtpx:cad>87</gpxtpx:cad>
     </gpxtpx:TrackPointExtension>
    </extensions>
   </trkpt>
   <trkpt lat="37.2615500" lon="-79.9435000">
    <ele>296.4</ele>
    <time>2026-02-18T10:41:22Z</time>
    <extensions>
     <power>302</power>
     <gpxtpx:TrackPointExtension>
      <gpxtpx:hr>153</gpxtpx:hr>
      <gpxtpx:cad>87</gpxtpx:cad>
     </gpxtpx:TrackPointExtension>
    </extensions>
   </trkpt>
   <trkpt lat="37.2615410" lon="-79.9434660">
    <ele>296.4</ele>
    <time>2026-02-18T10:41:23Z</time>
    <extensions>
     <power>303</power>
     <gpxtpx:TrackPointExtension>
      <gpxtpx:hr>153</gpxtpx:hr>
      <gpxtpx:cad>86</gpxtpx:cad>
     </gpxtpx:TrackPointExtension>
    </extensions>
   </trkpt>
   <trkpt lat="37.2615440" lon="-79.9434400">
    <ele>296.2</ele>
    <time>2026-02-18T10:41:24Z</time>
    <extensions>
     <power>301</power>
     <gpxtpx:TrackPointExtension>
      <gpxtpx:hr>154</gpxtpx:hr>
      <gpxtpx:cad>86</gpxtpx:cad>
     </gpxtpx:TrackPointExtension>
    </extensions>
   </trkpt>
   <trkpt lat="37.2615420" lon="-79.9434000">
    <ele>296.2</ele>
    <time>2026-02-18T10:41:25Z</time>
    <extensions>
     <power>300</power>
     <gpxtpx:TrackPointExtension>
      <gpxtpx:hr>153</gpxtpx:hr>
      <gpxtpx:cad>86</gpxtpx:cad>
     </gpxtpx:TrackPointExtension>
    </extensions>
   </trkpt>
   <trkpt lat="37.2615360" lon="-79.9433640">
    <ele>296.0</ele>
    <time>2026-02-18T10:41:26Z</time>
    <extensions>
     <power>301</power>
     <gpxtpx:TrackPointExtension>
      <gpxtpx:hr>153</gpxtpx:hr>
      <gpxtpx:cad>85</gpxtpx:cad>
     </gpxtpx:TrackPointExtension>
    </extensions>
   </trkpt>
   <trkpt lat="37.2615370" lon="-79.9433320">
    <ele>295.8</ele>
    <time>2026-02-18T10:41:27Z</time>
    <extensions>
     <power>302</power>
     <gpxtpx:TrackPointExtension>
      <gpxtpx:hr>153</gpxtpx:hr>
      <gpxtpx:cad>84</gpxtpx:cad>
     </gpxtpx:TrackPointExtension>
    </extensions>
   </trkpt>
   <trkpt lat="37.2615350" lon="-79.9433000">
    <ele>295.8</ele>
    <time>2026-02-18T10:41:28Z</time>
    <extensions>
     <power>305</power>
     <gpxtpx:TrackPointExtension>
      <gpxtpx:hr>153</gpxtpx:hr>
      <gpxtpx:cad>84</gpxtpx:cad>
     </gpxtpx:TrackPointExtension>
    </extensions>
   </trkpt>
   <trkpt lat="37.2615340" lon="-79.9432730">
    <ele>295.8</ele>
    <time>2026-02-18T10:41:29Z</time>
    <extensions>
     <power>306</power>
     <gpxtpx:TrackPointExtension>
      <gpxtpx:hr>153</gpxtpx:hr>
      <gpxtpx:cad>84</gpxtpx:cad>
     </gpxtpx:TrackPointExtension>
    </extensions>
   </trkpt>
   <trkpt lat="37.2615300" lon="-79.9432410">
    <ele>295.6</ele>
    <time>2026-02-18T10:41:30Z</time>
    <extensions>
     <power>307</power>
     <gpxtpx:TrackPointExtension>
      <gpxtpx:hr>153</gpxtpx:hr>
      <gpxtpx:cad>84</gpxtpx:cad>
     </gpxtpx:TrackPointExtension>
    </extensions>
   </trkpt>
   <trkpt lat="37.2615260" lon="-79.9432130">
    <ele>295.6</ele>
    <time>2026-02-18T10:41:31Z</time>
    <extensions>
     <power>305</power>
     <gpxtpx:TrackPointExtension>
      <gpxtpx:hr>153</gpxtpx:hr>
      <gpxtpx:cad>85</gpxtpx:cad>
     </gpxtpx:TrackPointExtension>
    </extensions>
   </trkpt>
   <trkpt lat="37.2615210" lon="-79.9431760">
    <ele>295.4</ele>
    <time>2026-02-18T10:41:32Z</time>
    <extensions>
     <power>304</power>
     <gpxtpx:TrackPointExtension>
      <gpxtpx:hr>154</gpxtpx:hr>
      <gpxtpx:cad>86</gpxtpx:cad>
     </gpxtpx:TrackPointExtension>
    </extensions>
   </trkpt>
   <trkpt lat="37.2615230" lon="-79.9431490">
    <ele>295.4</ele>
    <time>2026-02-18T10:41:33Z</time>
    <extensions>
     <power>303</power>
     <gpxtpx:TrackPointExtension>
      <gpxtpx:hr>153</gpxtpx:hr>
      <gpxtpx:cad>86</gpxtpx:cad>
     </gpxtpx:TrackPointExtension>
    </extensions>
   </trkpt>
   <trkpt lat="37.2615210" lon="-79.9431160">
    <ele>295.2</ele>
    <time>2026-02-18T10:41:34Z</time>
    <extensions>
     <power>305</power>
     <gpxtpx:TrackPointExtension>
      <gpxtpx:hr>154</gpxtpx:hr>
      <gpxtpx:cad>86</gpxtpx:cad>
     </gpxtpx:TrackPointExtension>
    </extensions>
   </trkpt>
   <trkpt lat="37.2615130" lon="-79.9430860">
    <ele>295.2</ele>
    <time>2026-02-18T10:41:35Z</time>
    <extensions>
     <power>304</power>
     <gpxtpx:TrackPointExtension>
      <gpxtpx:hr>154</gpxtpx:hr>
      <gpxtpx:cad>86</gpxtpx:cad>
     </gpxtpx:TrackPointExtension>
    </extensions>
   </trkpt>
   <trkpt lat="37.2615160" lon="-79.9430600">
    <ele>295.2</ele>
    <time>2026-02-18T10:41:36Z</time>
    <extensions>
     <power>306</power>
     <gpxtpx:TrackPointExtension>
      <gpxtpx:hr>154</gpxtpx:hr>
      <gpxtpx:cad>85</gpxtpx:cad>
     </gpxtpx:TrackPointExtension>
    </extensions>
   </trkpt>
   <trkpt lat="37.2615130" lon="-79.9430270">
    <ele>295.0</ele>
    <time>2026-02-18T10:41:37Z</time>
    <extensions>
     <power>306</power>
     <gpxtpx:TrackPointExtension>
      <gpxtpx:hr>153</gpxtpx:hr>
      <gpxtpx:cad>85</gpxtpx:cad>
     </gpxtpx:TrackPointExtension>
    </extensions>
   </trkpt>
   <trkpt lat="37.2615160" lon="-79.9430020">
    <ele>294.8</ele>
    <time>2026-02-18T10:41:38Z</time>
    <extensions>
     <power>305</power>
     <gpxtpx:TrackPointExtension>
      <gpxtpx:hr>154</gpxtpx:hr>
      <gpxtpx:cad>85</gpxtpx:cad>
     </gpxtpx:TrackPointExtension>
    </extensions>
   </trkpt>
   <trkpt lat="37.2615130" lon="-79.9429660">
    <ele>294.8</ele>
    <time>2026-02-18T10:41:39Z</time>
    <extensions>
     <power>304</power>
     <gpxtpx:TrackPointExtension>
      <gpxtpx:hr>154</gpxtpx:hr>
      <gpxtpx:cad>85</gpxtpx:cad>
     </gpxtpx:TrackPointExtension>
    </extensions>
   </trkpt>
   <trkpt lat="37.2615140" lon="-79.9429410">
    <ele>294.6</ele>
    <time>2026-02-18T10:41:40Z</time>
    <extensions>
     <power>303</power>
     <gpxtpx:TrackPointExtension>
      <gpxtpx:hr>154</gpxtpx:hr>
      <gpxtpx:cad>86</gpxtpx:cad>
     </gpxtpx:TrackPointExtension>
    </extensions>
   </trkpt>
   <trkpt lat="37.2615110" lon="-79.9429140">
    <ele>294.6</ele>
    <time>2026-02-18T10:41:41Z</time>
    <extensions>
     <power>303</power>
     <gpxtpx:TrackPointExtension>
      <gpxtpx:hr>154</gpxtpx:hr>
      <gpxtpx:cad>86</gpxtpx:cad>
     </gpxtpx:TrackPointExtension>
    </extensions>
   </trkpt>
   <trkpt lat="37.2614990" lon="-79.9428930">
    <ele>294.6</ele>
    <time>2026-02-18T10:41:42Z</time>
    <extensions>
     <power>301</power>
     <gpxtpx:TrackPointExtension>
      <gpxtpx:hr>154</gpxtpx:hr>
      <gpxtpx:cad>86</gpxtpx:cad>
     </gpxtpx:TrackPointExtension>
    </extensions>
   </trkpt>
   <trkpt lat="37.2614920" lon="-79.9428730">
    <ele>294.4</ele>
    <time>2026-02-18T10:41:43Z</time>
    <extensions>
     <power>301</power>
     <gpxtpx:TrackPointExtension>
      <gpxtpx:hr>153</gpxtpx:hr>
      <gpxtpx:cad>85</gpxtpx:cad>
     </gpxtpx:TrackPointExtension>
    </extensions>
   </trkpt>
   <trkpt lat="37.2614700" lon="-79.9428570">
    <ele>294.4</ele>
    <time>2026-02-18T10:41:44Z</time>
    <extensions>
     <power>299</power>
     <gpxtpx:TrackPointExtension>
      <gpxtpx:hr>153</gpxtpx:hr>
      <gpxtpx:cad>85</gpxtpx:cad>
     </gpxtpx:TrackPointExtension>
    </extensions>
   </trkpt>
   <trkpt lat="37.2614570" lon="-79.9428450">
    <ele>294.2</ele>
    <time>2026-02-18T10:41:45Z</time>
    <extensions>
     <power>297</power>
     <gpxtpx:TrackPointExtension>
      <gpxtpx:hr>153</gpxtpx:hr>
      <gpxtpx:cad>85</gpxtpx:cad>
     </gpxtpx:TrackPointExtension>
    </extensions>
   </trkpt>
   <trkpt lat="37.2614430" lon="-79.9428270">
    <ele>294.2</ele>
    <time>2026-02-18T10:41:46Z</time>
    <extensions>
     <power>295</power>
     <gpxtpx:TrackPointExtension>
      <gpxtpx:hr>153</gpxtpx:hr>
      <gpxtpx:cad>85</gpxtpx:cad>
     </gpxtpx:TrackPointExtension>
    </extensions>
   </trkpt>
   <trkpt lat="37.2614270" lon="-79.9428100">
    <ele>294.2</ele>
    <time>2026-02-18T10:41:47Z</time>
    <extensions>
     <power>283</power>
     <gpxtpx:TrackPointExtension>
      <gpxtpx:hr>153</gpxtpx:hr>
      <gpxtpx:cad>85</gpxtpx:cad>
     </gpxtpx:TrackPointExtension>
    </extensions>
   </trkpt>
   <trkpt lat="37.2614200" lon="-79.9427860">
    <ele>294.0</ele>
    <time>2026-02-18T10:41:48Z</time>
    <extensions>
     <power>268</power>
     <gpxtpx:TrackPointExtension>
      <gpxtpx:hr>152</gpxtpx:hr>
      <gpxtpx:cad>85</gpxtpx:cad>
     </gpxtpx:TrackPointExtension>
    </extensions>
   </trkpt>
   <trkpt lat="37.2614060" lon="-79.9427630">
    <ele>294.0</ele>
    <time>2026-02-18T10:41:49Z</time>
    <extensions>
     <power>257</power>
     <gpxtpx:TrackPointExtension>
      <gpxtpx:hr>152</gpxtpx:hr>
      <gpxtpx:cad>85</gpxtpx:cad>
     </gpxtpx:TrackPointExtension>
    </extensions>
   </trkpt>
   <trkpt lat="37.2614010" lon="-79.9427360">
    <ele>294.0</ele>
    <time>2026-02-18T10:41:50Z</time>
    <extensions>
     <power>270</power>
     <gpxtpx:TrackPointExtension>
      <gpxtpx:hr>152</gpxtpx:hr>
      <gpxtpx:cad>84</gpxtpx:cad>
     </gpxtpx:TrackPointExtension>
    </extensions>
   </trkpt>
   <trkpt lat="37.2613870" lon="-79.9427050">
    <ele>293.8</ele>
    <time>2026-02-18T10:41:51Z</time>
    <extensions>
     <power>269</power>
     <gpxtpx:TrackPointExtension>
      <gpxtpx:hr>152</gpxtpx:hr>
      <gpxtpx:cad>84</gpxtpx:cad>
     </gpxtpx:TrackPointExtension>
    </extensions>
   </trkpt>
   <trkpt lat="37.2613830" lon="-79.9426820">
    <ele>293.8</ele>
    <time>2026-02-18T10:41:52Z</time>
    <extensions>
     <power>286</power>
     <gpxtpx:TrackPointExtension>
      <gpxtpx:hr>152</gpxtpx:hr>
      <gpxtpx:cad>85</gpxtpx:cad>
     </gpxtpx:TrackPointExtension>
    </extensions>
   </trkpt>
   <trkpt lat="37.2613740" lon="-79.9426510">
    <ele>293.6</ele>
    <time>2026-02-18T10:41:53Z</time>
    <extensions>
     <power>291</power>
     <gpxtpx:TrackPointExtension>
      <gpxtpx:hr>151</gpxtpx:hr>
      <gpxtpx:cad>86</gpxtpx:cad>
     </gpxtpx:TrackPointExtension>
    </extensions>
   </trkpt>
   <trkpt lat="37.2613630" lon="-79.9426250">
    <ele>293.6</ele>
    <time>2026-02-18T10:41:54Z</time>
    <extensions>
     <power>287</power>
     <gpxtpx:TrackPointExtension>
      <gpxtpx:hr>151</gpxtpx:hr>
      <gpxtpx:cad>87</gpxtpx:cad>
     </gpxtpx:TrackPointExtension>
    </extensions>
   </trkpt>
   <trkpt lat="37.2613540" lon="-79.9425950">
    <ele>293.6</ele>
    <time>2026-02-18T10:41:55Z</time>
    <extensions>
     <power>284</power>
     <gpxtpx:TrackPointExtension>
      <gpxtpx:hr>151</gpxtpx:hr>
      <gpxtpx:cad>87</gpxtpx:cad>
     </gpxtpx:TrackPointExtension>
    </extensions>
   </trkpt>
   <trkpt lat="37.2613400" lon="-79.9425690">
    <ele>293.4</ele>
    <time>2026-02-18T10:41:56Z</time>
    <extensions>
     <power>282</power>
     <gpxtpx:TrackPointExtension>
      <gpxtpx:hr>151</gpxtpx:hr>
      <gpxtpx:cad>87</gpxtpx:cad>
     </gpxtpx:TrackPointExtension>
    </extensions>
   </trkpt>
   <trkpt lat="37.2613340" lon="-79.9425400">
    <ele>293.4</ele>
    <time>2026-02-18T10:41:57Z</time>
    <extensions>
     <power>284</power>
     <gpxtpx:TrackPointExtension>
      <gpxtpx:hr>152</gpxtpx:hr>
      <gpxtpx:cad>87</gpxtpx:cad>
     </gpxtpx:TrackPointExtension>
    </extensions>
   </trkpt>
   <trkpt lat="37.2613220" lon="-79.9425080">
    <ele>293.4</ele>
    <time>2026-02-18T10:41:58Z</time>
    <extensions>
     <power>284</power>
     <gpxtpx:TrackPointExtension>
      <gpxtpx:hr>151</gpxtpx:hr>
      <gpxtpx:cad>87</gpxtpx:cad>
     </gpxtpx:TrackPointExtension>
    </extensions>
   </trkpt>
   <trkpt lat="37.2613170" lon="-79.9424780">
    <ele>293.4</ele>
    <time>2026-02-18T10:41:59Z</time>
    <extensions>
     <power>287</power>
     <gpxtpx:TrackPointExtension>
      <gpxtpx:hr>151</gpxtpx:hr>
      <gpxtpx:cad>86</gpxtpx:cad>
     </gpxtpx:TrackPointExtension>
    </extensions>
   </trkpt>
   <trkpt lat="37.2613050" lon="-79.9424480">
    <ele>293.2</ele>
    <time>2026-02-18T10:42:00Z</time>
    <extensions>
     <power>291</power>
     <gpxtpx:TrackPointExtension>
      <gpxtpx:hr>151</gpxtpx:hr>
      <gpxtpx:cad>86</gpxtpx:cad>
     </gpxtpx:TrackPointExtension>
    </extensions>
   </trkpt>
   <trkpt lat="37.2612980" lon="-79.9424220">
    <ele>293.2</ele>
    <time>2026-02-18T10:42:01Z</time>
    <extensions>
     <power>293</power>
     <gpxtpx:TrackPointExtension>
      <gpxtpx:hr>152</gpxtpx:hr>
      <gpxtpx:cad>87</gpxtpx:cad>
     </gpxtpx:TrackPointExtension>
    </extensions>
   </trkpt>
   <trkpt lat="37.2612840" lon="-79.9423880">
    <ele>293.0</ele>
    <time>2026-02-18T10:42:02Z</time>
    <extensions>
     <power>292</power>
     <gpxtpx:TrackPointExtension>
      <gpxtpx:hr>151</gpxtpx:hr>
      <gpxtpx:cad>89</gpxtpx:cad>
     </gpxtpx:TrackPointExtension>
    </extensions>
   </trkpt>
   <trkpt lat="37.2612770" lon="-79.9423620">
    <ele>293.0</ele>
    <time>2026-02-18T10:42:03Z</time>
    <extensions>
     <power>291</power>
     <gpxtpx:TrackPointExtension>
      <gpxtpx:hr>151</gpxtpx:hr>
      <gpxtpx:cad>89</gpxtpx:cad>
     </gpxtpx:TrackPointExtension>
    </extensions>
   </trkpt>
   <trkpt lat="37.2612650" lon="-79.9423270">
    <ele>293.0</ele>
    <time>2026-02-18T10:42:04Z</time>
    <extensions>
     <power>292</power>
     <gpxtpx:TrackPointExtension>
      <gpxtpx:hr>151</gpxtpx:hr>
      <gpxtpx:cad>89</gpxtpx:cad>
     </gpxtpx:TrackPointExtension>
    </extensions>
   </trkpt>
   <trkpt lat="37.2612550" lon="-79.9422980">
    <ele>292.8</ele>
    <time>2026-02-18T10:42:05Z</time>
    <extensions>
     <power>291</power>
     <gpxtpx:TrackPointExtension>
      <gpxtpx:hr>150</gpxtpx:hr>
      <gpxtpx:cad>88</gpxtpx:cad>
     </gpxtpx:TrackPointExtension>
    </extensions>
   </trkpt>
   <trkpt lat="37.2612460" lon="-79.9422630">
    <ele>292.8</ele>
    <time>2026-02-18T10:42:06Z</time>
    <extensions>
     <power>292</power>
     <gpxtpx:TrackPointExtension>
      <gpxtpx:hr>150</gpxtpx:hr>
      <gpxtpx:cad>87</gpxtpx:cad>
     </gpxtpx:TrackPointExtension>
    </extensions>
   </trkpt>
   <trkpt lat="37.2612290" lon="-79.9422330">
    <ele>292.8</ele>
    <time>2026-02-18T10:42:07Z</time>
    <extensions>
     <power>294</power>
     <gpxtpx:TrackPointExtension>
      <gpxtpx:hr>149</gpxtpx:hr>
      <gpxtpx:cad>87</gpxtpx:cad>
     </gpxtpx:TrackPointExtension>
    </extensions>
   </trkpt>
   <trkpt lat="37.2612220" lon="-79.9422050">
    <ele>292.6</ele>
    <time>2026-02-18T10:42:08Z</time>
    <extensions>
     <power>297</power>
     <gpxtpx:TrackPointExtension>
      <gpxtpx:hr>149</gpxtpx:hr>
      <gpxtpx:cad>87</gpxtpx:cad>
     </gpxtpx:TrackPointExtension>
    </extensions>
   </trkpt>
   <trkpt lat="37.2612050" lon="-79.9421740">
    <ele>292.4</ele>
    <time>2026-02-18T10:42:09Z</time>
    <extensions>
     <power>298</power>
     <gpxtpx:TrackPointExtension>
      <gpxtpx:hr>149</gpxtpx:hr>
      <gpxtpx:cad>88</gpxtpx:cad>
     </gpxtpx:TrackPointExtension>
    </extensions>
   </trkpt>
   <trkpt lat="37.2611970" lon="-79.9421480">
    <ele>292.4</ele>
    <time>2026-02-18T10:42:10Z</time>
    <extensions>
     <power>297</power>
     <gpxtpx:TrackPointExtension>
      <gpxtpx:hr>149</gpxtpx:hr>
      <gpxtpx:cad>88</gpxtpx:cad>
     </gpxtpx:TrackPointExtension>
    </extensions>
   </trkpt>
   <trkpt lat="37.2611830" lon="-79.9421190">
    <ele>292.4</ele>
    <time>2026-02-18T10:42:11Z</time>
    <extensions>
     <power>298</power>
     <gpxtpx:TrackPointExtension>
      <gpxtpx:hr>149</gpxtpx:hr>
      <gpxtpx:cad>88</gpxtpx:cad>
     </gpxtpx:TrackPointExtension>
    </extensions>
   </trkpt>
   <trkpt lat="37.2611750" lon="-79.9420900">
    <ele>292.2</ele>
    <time>2026-02-18T10:42:12Z</time>
    <extensions>
     <power>294</power>
     <gpxtpx:TrackPointExtension>
      <gpxtpx:hr>149</gpxtpx:hr>
      <gpxtpx:cad>88</gpxtpx:cad>
     </gpxtpx:TrackPointExtension>
    </extensions>
   </trkpt>
   <trkpt lat="37.2611630" lon="-79.9420570">
    <ele>292.2</ele>
    <time>2026-02-18T10:42:13Z</time>
    <extensions>
     <power>295</power>
     <gpxtpx:TrackPointExtension>
      <gpxtpx:hr>149</gpxtpx:hr>
      <gpxtpx:cad>87</gpxtpx:cad>
     </gpxtpx:TrackPointExtension>
    </extensions>
   </trkpt>
   <trkpt lat="37.2611590" lon="-79.9420300">
    <ele>292.2</ele>
    <time>2026-02-18T10:42:14Z</time>
    <extensions>
     <power>297</power>
     <gpxtpx:TrackPointExtension>
      <gpxtpx:hr>149</gpxtpx:hr>
      <gpxtpx:cad>86</gpxtpx:cad>
     </gpxtpx:TrackPointExtension>
    </extensions>
   </trkpt>
   <trkpt lat="37.2611480" lon="-79.9419990">
    <ele>292.2</ele>
    <time>2026-02-18T10:42:15Z</time>
    <extensions>
     <power>299</power>
     <gpxtpx:TrackPointExtension>
      <gpxtpx:hr>149</gpxtpx:hr>
      <gpxtpx:cad>86</gpxtpx:cad>
     </gpxtpx:TrackPointExtension>
    </extensions>
   </trkpt>
   <trkpt lat="37.2611360" lon="-79.9419700">
    <ele>292.2</ele>
    <time>2026-02-18T10:42:16Z</time>
    <extensions>
     <power>301</power>
     <gpxtpx:TrackPointExtension>
      <gpxtpx:hr>149</gpxtpx:hr>
      <gpxtpx:cad>87</gpxtpx:cad>
     </gpxtpx:TrackPointExtension>
    </extensions>
   </trkpt>
   <trkpt lat="37.2611290" lon="-79.9419400">
    <ele>292.0</ele>
    <time>2026-02-18T10:42:17Z</time>
    <extensions>
     <power>301</power>
     <gpxtpx:TrackPointExtension>
      <gpxtpx:hr>149</gpxtpx:hr>
      <gpxtpx:cad>87</gpxtpx:cad>
     </gpxtpx:TrackPointExtension>
    </extensions>
   </trkpt>
   <trkpt lat="37.2611140" lon="-79.9419120">
    <ele>292.0</ele>
    <time>2026-02-18T10:42:18Z</time>
    <extensions>
     <power>300</power>
     <gpxtpx:TrackPointExtension>
      <gpxtpx:hr>149</gpxtpx:hr>
      <gpxtpx:cad>87</gpxtpx:cad>
     </gpxtpx:TrackPointExtension>
    </extensions>
   </trkpt>
   <trkpt lat="37.2611110" lon="-79.9418850">
    <ele>292.0</ele>
    <time>2026-02-18T10:42:19Z</time>
    <extensions>
     <power>302</power>
     <gpxtpx:TrackPointExtension>
      <gpxtpx:hr>149</gpxtpx:hr>
      <gpxtpx:cad>87</gpxtpx:cad>
     </gpxtpx:TrackPointExtension>
    </extensions>
   </trkpt>
   <trkpt lat="37.2611010" lon="-79.9418520">
    <ele>292.0</ele>
    <time>2026-02-18T10:42:20Z</time>
    <extensions>
     <power>303</power>
     <gpxtpx:TrackPointExtension>
      <gpxtpx:hr>149</gpxtpx:hr>
      <gpxtpx:cad>87</gpxtpx:cad>
     </gpxtpx:TrackPointExtension>
    </extensions>
   </trkpt>
   <trkpt lat="37.2610970" lon="-79.9418250">
    <ele>292.0</ele>
    <time>2026-02-18T10:42:21Z</time>
    <extensions>
     <power>306</power>
     <gpxtpx:TrackPointExtension>
      <gpxtpx:hr>148</gpxtpx:hr>
      <gpxtpx:cad>86</gpxtpx:cad>
     </gpxtpx:TrackPointExtension>
    </extensions>
   </trkpt>
   <trkpt lat="37.2610890" lon="-79.9418000">
    <ele>292.0</ele>
    <time>2026-02-18T10:42:22Z</time>
    <extensions>
     <power>305</power>
     <gpxtpx:TrackPointExtension>
      <gpxtpx:hr>149</gpxtpx:hr>
      <gpxtpx:cad>86</gpxtpx:cad>
     </gpxtpx:TrackPointExtension>
    </extensions>
   </trkpt>
   <trkpt lat="37.2610770" lon="-79.9417710">
    <ele>291.8</ele>
    <time>2026-02-18T10:42:23Z</time>
    <extensions>
     <power>305</power>
     <gpxtpx:TrackPointExtension>
      <gpxtpx:hr>148</gpxtpx:hr>
      <gpxtpx:cad>86</gpxtpx:cad>
     </gpxtpx:TrackPointExtension>
    </extensions>
   </trkpt>
   <trkpt lat="37.2610740" lon="-79.9417480">
    <ele>291.8</ele>
    <time>2026-02-18T10:42:24Z</time>
    <extensions>
     <power>303</power>
     <gpxtpx:TrackPointExtension>
      <gpxtpx:hr>148</gpxtpx:hr>
      <gpxtpx:cad>86</gpxtpx:cad>
     </gpxtpx:TrackPointExtension>
    </extensions>
   </trkpt>
   <trkpt lat="37.2610640" lon="-79.9417180">
    <ele>291.6</ele>
    <time>2026-02-18T10:42:25Z</time>
    <extensions>
     <power>304</power>
     <gpxtpx:TrackPointExtension>
      <gpxtpx:hr>148</gpxtpx:hr>
      <gpxtpx:cad>85</gpxtpx:cad>
     </gpxtpx:TrackPointExtension>
    </extensions>
   </trkpt>
   <trkpt lat="37.2610570" lon="-79.9416950">
    <ele>291.6</ele>
    <time>2026-02-18T10:42:26Z</time>
    <extensions>
     <power>302</power>
     <gpxtpx:TrackPointExtension>
      <gpxtpx:hr>149</gpxtpx:hr>
      <gpxtpx:cad>85</gpxtpx:cad>
     </gpxtpx:TrackPointExtension>
    </extensions>
   </trkpt>
   <trkpt lat="37.2610480" lon="-79.9416740">
    <ele>291.6</ele>
    <time>2026-02-18T10:42:27Z</time>
    <extensions>
     <power>302</power>
     <gpxtpx:TrackPointExtension>
      <gpxtpx:hr>148</gpxtpx:hr>
      <gpxtpx:cad>85</gpxtpx:cad>
     </gpxtpx:TrackPointExtension>
    </extensions>
   </trkpt>
   <trkpt lat="37.2610390" lon="-79.9416630">
    <ele>291.6</ele>
    <time>2026-02-18T10:42:28Z</time>
    <extensions>
     <power>299</power>
     <gpxtpx:TrackPointExtension>
      <gpxtpx:hr>149</gpxtpx:hr>
      <gpxtpx:cad>85</gpxtpx:cad>
     </gpxtpx:TrackPointExtension>
    </extensions>
   </trkpt>
   <trkpt lat="37.2610230" lon="-79.9416580">
    <ele>291.6</ele>
    <time>2026-02-18T10:42:29Z</time>
    <extensions>
     <power>153</power>
     <gpxtpx:TrackPointExtension>
      <gpxtpx:hr>149</gpxtpx:hr>
      <gpxtpx:cad>41</gpxtpx:cad>
     </gpxtpx:TrackPointExtension>
    </extensions>
   </trkpt>
   <trkpt lat="37.2610110" lon="-79.9416570">
    <ele>291.6</ele>
    <time>2026-02-18T10:42:30Z</time>
    <extensions>
     <power>152</power>
     <gpxtpx:TrackPointExtension>
      <gpxtpx:hr>149</gpxtpx:hr>
      <gpxtpx:cad>0</gpxtpx:cad>
     </gpxtpx:TrackPointExtension>
    </extensions>
   </trkpt>
   <trkpt lat="37.2610060" lon="-79.9416570">
    <ele>291.6</ele>
    <time>2026-02-18T10:42:31Z</time>
    <extensions>
     <power>0</power>
     <gpxtpx:TrackPointExtension>
      <gpxtpx:hr>149</gpxtpx:hr>
      <gpxtpx:cad>0</gpxtpx:cad>
     </gpxtpx:TrackPointExtension>
    </extensions>
   </trkpt>
   <trkpt lat="37.2610020" lon="-79.9416570">
    <ele>291.6</ele>
    <time>2026-02-18T10:42:32Z</time>
    <extensions>
     <power>0</power>
     <gpxtpx:TrackPointExtension>
      <gpxtpx:hr>150</gpxtpx:hr>
      <gpxtpx:cad>0</gpxtpx:cad>
     </gpxtpx:TrackPointExtension>
    </extensions>
   </trkpt>
   <trkpt lat="37.2609980" lon="-79.9416590">
    <ele>291.6</ele>
    <time>2026-02-18T10:42:33Z</time>
    <extensions>
     <power>0</power>
     <gpxtpx:TrackPointExtension>
      <gpxtpx:hr>150</gpxtpx:hr>
      <gpxtpx:cad>0</gpxtpx:cad>
     </gpxtpx:TrackPointExtension>
    </extensions>
   </trkpt>
   <trkpt lat="37.2610010" lon="-79.9416690">
    <ele>291.6</ele>
    <time>2026-02-18T10:42:34Z</time>
    <extensions>
     <power>0</power>
     <gpxtpx:TrackPointExtension>
      <gpxtpx:hr>150</gpxtpx:hr>
      <gpxtpx:cad>0</gpxtpx:cad>
     </gpxtpx:TrackPointExtension>
    </extensions>
   </trkpt>
   <trkpt lat="37.2610030" lon="-79.9416770">
    <ele>291.6</ele>
    <time>2026-02-18T10:42:35Z</time>
    <extensions>
     <power>70</power>
     <gpxtpx:TrackPointExtension>
      <gpxtpx:hr>150</gpxtpx:hr>
      <gpxtpx:cad>48</gpxtpx:cad>
     </gpxtpx:TrackPointExtension>
    </extensions>
   </trkpt>
   <trkpt lat="37.2609990" lon="-79.9416730">
    <ele>291.6</ele>
    <time>2026-02-18T10:42:36Z</time>
    <extensions>
     <power>72</power>
     <gpxtpx:TrackPointExtension>
      <gpxtpx:hr>149</gpxtpx:hr>
      <gpxtpx:cad>48</gpxtpx:cad>
     </gpxtpx:TrackPointExtension>
    </extensions>
   </trkpt>
   <trkpt lat="37.2609930" lon="-79.9416680">
    <ele>291.6</ele>
    <time>2026-02-18T10:42:37Z</time>
    <extensions>
     <power>70</power>
     <gpxtpx:TrackPointExtension>
      <gpxtpx:hr>149</gpxtpx:hr>
      <gpxtpx:cad>48</gpxtpx:cad>
     </gpxtpx:TrackPointExtension>
    </extensions>
   </trkpt>
   <trkpt lat="37.2609910" lon="-79.9416680">
    <ele>291.6</ele>
    <time>2026-02-18T10:42:38Z</time>
    <extensions>
     <power>75</power>
     <gpxtpx:TrackPointExtension>
      <gpxtpx:hr>148</gpxtpx:hr>
      <gpxtpx:cad>60</gpxtpx:cad>
     </gpxtpx:TrackPointExtension>
    </extensions>
   </trkpt>
   <trkpt lat="37.2609900" lon="-79.9416690">
    <ele>291.4</ele>
    <time>2026-02-18T10:42:39Z</time>
    <extensions>
     <power>96</power>
     <gpxtpx:TrackPointExtension>
      <gpxtpx:hr>147</gpxtpx:hr>
      <gpxtpx:cad>60</gpxtpx:cad>
     </gpxtpx:TrackPointExtension>
    </extensions>
   </trkpt>
   <trkpt lat="37.2609890" lon="-79.9416700">
    <ele>291.4</ele>
    <time>2026-02-18T10:42:40Z</time>
    <extensions>
     <power>96</power>
     <gpxtpx:TrackPointExtension>
      <gpxtpx:hr>146</gpxtpx:hr>
      <gpxtpx:cad>60</gpxtpx:cad>
     </gpxtpx:TrackPointExtension>
    </extensions>
   </trkpt>
   <trkpt lat="37.2609900" lon="-79.9416670">
    <ele>291.6</ele>
    <time>2026-02-18T10:42:41Z</time>
    <extensions>
     <power>95</power>
     <gpxtpx:TrackPointExtension>
      <gpxtpx:hr>146</gpxtpx:hr>
      <gpxtpx:cad>60</gpxtpx:cad>
     </gpxtpx:TrackPointExtension>
    </extensions>
   </trkpt>
   <trkpt lat="37.2609920" lon="-79.9416650">
    <ele>291.6</ele>
    <time>2026-02-18T10:42:42Z</time>
    <extensions>
     <power>91</power>
     <gpxtpx:TrackPointExtension>
      <gpxtpx:hr>145</gpxtpx:hr>
      <gpxtpx:cad>60</gpxtpx:cad>
     </gpxtpx:TrackPointExtension>
    </extensions>
   </trkpt>
   <trkpt lat="37.2609930" lon="-79.9416660">
    <ele>291.6</ele>
    <time>2026-02-18T10:42:43Z</time>
    <extensions>
     <power>0</power>
     <gpxtpx:TrackPointExtension>
      <gpxtpx:hr>144</gpxtpx:hr>
      <gpxtpx:cad>0</gpxtpx:cad>
     </gpxtpx:TrackPointExtension>
    </extensions>
   </trkpt>
   <trkpt lat="37.2609930" lon="-79.9416670">
    <ele>291.6</ele>
    <time>2026-02-18T10:42:44Z</time>
    <extensions>
     <power>0</power>
     <gpxtpx:TrackPointExtension>
      <gpxtpx:hr>143</gpxtpx:hr>
      <gpxtpx:cad>0</gpxtpx:cad>
     </gpxtpx:TrackPointExtension>
    </extensions>
   </trkpt>
   <trkpt lat="37.2609960" lon="-79.9416680">
    <ele>291.4</ele>
    <time>2026-02-18T10:42:45Z</time>
    <extensions>
     <power>0</power>
     <gpxtpx:TrackPointExtension>
      <gpxtpx:hr>143</gpxtpx:hr>
      <gpxtpx:cad>0</gpxtpx:cad>
     </gpxtpx:TrackPointExtension>
    </extensions>
   </trkpt>
   <trkpt lat="37.2609100" lon="-79.9415740">
    <ele>290.4</ele>
    <time>2026-02-18T10:43:02Z</time>
    <extensions>
     <gpxtpx:TrackPointExtension>
      <gpxtpx:hr>135</gpxtpx:hr>
      <gpxtpx:cad>0</gpxtpx:cad>
     </gpxtpx:TrackPointExtension>
    </extensions>
   </trkpt>
   <trkpt lat="37.2608980" lon="-79.9415670">
    <ele>290.6</ele>
    <time>2026-02-18T10:43:03Z</time>
    <extensions>
     <power>0</power>
     <gpxtpx:TrackPointExtension>
      <gpxtpx:hr>135</gpxtpx:hr>
      <gpxtpx:cad>0</gpxtpx:cad>
     </gpxtpx:TrackPointExtension>
    </extensions>
   </trkpt>
   <trkpt lat="37.2608890" lon="-79.9415610">
    <ele>290.6</ele>
    <time>2026-02-18T10:43:04Z</time>
    <extensions>
     <power>0</power>
     <gpxtpx:TrackPointExtension>
      <gpxtpx:hr>134</gpxtpx:hr>
      <gpxtpx:cad>0</gpxtpx:cad>
     </gpxtpx:TrackPointExtension>
    </extensions>
   </trkpt>
   <trkpt lat="37.2608800" lon="-79.9415610">
    <ele>290.6</ele>
    <time>2026-02-18T10:43:05Z</time>
    <extensions>
     <power>0</power>
     <gpxtpx:TrackPointExtension>
      <gpxtpx:hr>134</gpxtpx:hr>
      <gpxtpx:cad>0</gpxtpx:cad>
     </gpxtpx:TrackPointExtension>
    </extensions>
   </trkpt>
   <trkpt lat="37.2608780" lon="-79.9415550">
    <ele>290.6</ele>
    <time>2026-02-18T10:43:06Z</time>
    <extensions>
     <power>0</power>
     <gpxtpx:TrackPointExtension>
      <gpxtpx:hr>134</gpxtpx:hr>
      <gpxtpx:cad>0</gpxtpx:cad>
     </gpxtpx:TrackPointExtension>
    </extensions>
   </trkpt>
   <trkpt lat="37.2608730" lon="-79.9415490">
    <ele>290.4</ele>
    <time>2026-02-18T10:43:07Z</time>
    <extensions>
     <power>0</power>
     <gpxtpx:TrackPointExtension>
      <gpxtpx:hr>133</gpxtpx:hr>
      <gpxtpx:cad>0</gpxtpx:cad>
     </gpxtpx:TrackPointExtension>
    </extensions>
   </trkpt>
   <trkpt lat="37.2608700" lon="-79.9415530">
    <ele>290.2</ele>
    <time>2026-02-18T10:43:08Z</time>
    <extensions>
     <power>0</power>
     <gpxtpx:TrackPointExtension>
      <gpxtpx:hr>133</gpxtpx:hr>
      <gpxtpx:cad>0</gpxtpx:cad>
     </gpxtpx:TrackPointExtension>
    </extensions>
   </trkpt>
   <trkpt lat="37.2608690" lon="-79.9415650">
    <ele>290.2</ele>
    <time>2026-02-18T10:43:09Z</time>
    <extensions>
     <power>0</power>
     <gpxtpx:TrackPointExtension>
      <gpxtpx:hr>133</gpxtpx:hr>
      <gpxtpx:cad>0</gpxtpx:cad>
     </gpxtpx:TrackPointExtension>
    </extensions>
   </trkpt>
   <trkpt lat="37.2608700" lon="-79.9415730">
    <ele>290.0</ele>
    <time>2026-02-18T10:43:10Z</time>
    <extensions>
     <power>0</power>
     <gpxtpx:TrackPointExtension>
      <gpxtpx:hr>133</gpxtpx:hr>
      <gpxtpx:cad>0</gpxtpx:cad>
     </gpxtpx:TrackPointExtension>
    </extensions>
   </trkpt>
   <trkpt lat="37.2608670" lon="-79.9415730">
    <ele>289.8</ele>
    <time>2026-02-18T10:43:11Z</time>
    <extensions>
     <power>0</power>
     <gpxtpx:TrackPointExtension>
      <gpxtpx:hr>134</gpxtpx:hr>
      <gpxtpx:cad>0</gpxtpx:cad>
     </gpxtpx:TrackPointExtension>
    </extensions>
   </trkpt>
   <trkpt lat="37.2608680" lon="-79.9415720">
    <ele>289.8</ele>
    <time>2026-02-18T10:43:12Z</time>
    <extensions>
     <power>0</power>
     <gpxtpx:TrackPointExtension>
      <gpxtpx:hr>136</gpxtpx:hr>
      <gpxtpx:cad>0</gpxtpx:cad>
     </gpxtpx:TrackPointExtension>
    </extensions>
   </trkpt>
   <trkpt lat="37.2608670" lon="-79.9415720">
    <ele>289.8</ele>
    <time>2026-02-18T10:43:13Z</time>
    <extensions>
     <power>0</power>
     <gpxtpx:TrackPointExtension>
      <gpxtpx:hr>135</gpxtpx:hr>
      <gpxtpx:cad>0</gpxtpx:cad>
     </gpxtpx:TrackPointExtension>
    </extensions>
   </trkpt>
   <trkpt lat="37.2608640" lon="-79.9415760">
    <ele>289.6</ele>
    <time>2026-02-18T10:43:14Z</time>
    <extensions>
     <power>0</power>
     <gpxtpx:TrackPointExtension>
      <gpxtpx:hr>135</gpxtpx:hr>
      <gpxtpx:cad>0</gpxtpx:cad>
     </gpxtpx:TrackPointExtension>
    </extensions>
   </trkpt>
   <trkpt lat="37.2608470" lon="-79.9414700">
    <ele>288.8</ele>
    <time>2026-02-18T10:43:33Z</time>
    <extensions>
     <gpxtpx:TrackPointExtension>
      <gpxtpx:hr>127</gpxtpx:hr>
      <gpxtpx:cad>57</gpxtpx:cad>
     </gpxtpx:TrackPointExtension>
    </extensions>
   </trkpt>
   <trkpt lat="37.2608480" lon="-79.9414370">
    <ele>288.6</ele>
    <time>2026-02-18T10:43:34Z</time>
    <extensions>
     <power>0</power>
     <gpxtpx:TrackPointExtension>
      <gpxtpx:hr>126</gpxtpx:hr>
      <gpxtpx:cad>0</gpxtpx:cad>
     </gpxtpx:TrackPointExtension>
    </extensions>
   </trkpt>
   <trkpt lat="37.2608420" lon="-79.9414000">
    <ele>288.6</ele>
    <time>2026-02-18T10:43:35Z</time>
    <extensions>
     <power>0</power>
     <gpxtpx:TrackPointExtension>
      <gpxtpx:hr>125</gpxtpx:hr>
      <gpxtpx:cad>0</gpxtpx:cad>
     </gpxtpx:TrackPointExtension>
    </extensions>
   </trkpt>
   <trkpt lat="37.2608380" lon="-79.9413750">
    <ele>288.6</ele>
    <time>2026-02-18T10:43:36Z</time>
    <extensions>
     <power>306</power>
     <gpxtpx:TrackPointExtension>
      <gpxtpx:hr>126</gpxtpx:hr>
      <gpxtpx:cad>88</gpxtpx:cad>
     </gpxtpx:TrackPointExtension>
    </extensions>
   </trkpt>
   <trkpt lat="37.2608340" lon="-79.9413480">
    <ele>288.6</ele>
    <time>2026-02-18T10:43:37Z</time>
    <extensions>
     <power>306</power>
     <gpxtpx:TrackPointExtension>
      <gpxtpx:hr>127</gpxtpx:hr>
      <gpxtpx:cad>88</gpxtpx:cad>
     </gpxtpx:TrackPointExtension>
    </extensions>
   </trkpt>
   <trkpt lat="37.2608230" lon="-79.9413230">
    <ele>288.6</ele>
    <time>2026-02-18T10:43:38Z</time>
    <extensions>
     <power>307</power>
     <gpxtpx:TrackPointExtension>
      <gpxtpx:hr>127</gpxtpx:hr>
      <gpxtpx:cad>84</gpxtpx:cad>
     </gpxtpx:TrackPointExtension>
    </extensions>
   </trkpt>
   <trkpt lat="37.2608140" lon="-79.9413020">
    <ele>288.8</ele>
    <time>2026-02-18T10:43:39Z</time>
    <extensions>
     <power>295</power>
     <gpxtpx:TrackPointExtension>
      <gpxtpx:hr>128</gpxtpx:hr>
      <gpxtpx:cad>83</gpxtpx:cad>
     </gpxtpx:TrackPointExtension>
    </extensions>
   </trkpt>
   <trkpt lat="37.2608030" lon="-79.9412860">
    <ele>288.8</ele>
    <time>2026-02-18T10:43:40Z</time>
    <extensions>
     <power>260</power>
     <gpxtpx:TrackPointExtension>
      <gpxtpx:hr>128</gpxtpx:hr>
      <gpxtpx:cad>83</gpxtpx:cad>
     </gpxtpx:TrackPointExtension>
    </extensions>
   </trkpt>
   <trkpt lat="37.2607990" lon="-79.9412720">
    <ele>289.0</ele>
    <time>2026-02-18T10:43:41Z</time>
    <extensions>
     <power>241</power>
     <gpxtpx:TrackPointExtension>
      <gpxtpx:hr>129</gpxtpx:hr>
      <gpxtpx:cad>83</gpxtpx:cad>
     </gpxtpx:TrackPointExtension>
    </extensions>
   </trkpt>
   <trkpt lat="37.2607880" lon="-79.9412560">
    <ele>289.0</ele>
    <time>2026-02-18T10:43:42Z</time>
    <extensions>
     <power>225</power>
     <gpxtpx:TrackPointExtension>
      <gpxtpx:hr>129</gpxtpx:hr>
      <gpxtpx:cad>83</gpxtpx:cad>
     </gpxtpx:TrackPointExtension>
    </extensions>
   </trkpt>
   <trkpt lat="37.2607800" lon="-79.9412370">
    <ele>289.0</ele>
    <time>2026-02-18T10:43:43Z</time>
    <extensions>
     <power>222</power>
     <gpxtpx:TrackPointExtension>
      <gpxtpx:hr>129</gpxtpx:hr>
      <gpxtpx:cad>85</gpxtpx:cad>
     </gpxtpx:TrackPointExtension>
    </extensions>
   </trkpt>
   <trkpt lat="37.2607750" lon="-79.9412200">
    <ele>289.0</ele>
    <time>2026-02-18T10:43:44Z</time>
    <extensions>
     <power>214</power>
     <gpxtpx:TrackPointExtension>
      <gpxtpx:hr>129</gpxtpx:hr>
      <gpxtpx:cad>87</gpxtpx:cad>
     </gpxtpx:TrackPointExtension>
    </extensions>
   </trkpt>
   <trkpt lat="37.2607640" lon="-79.9412000">
    <ele>288.8</ele>
    <time>2026-02-18T10:43:45Z</time>
    <extensions>
     <power>218</power>
     <gpxtpx:TrackPointExtension>
      <gpxtpx:hr>128</gpxtpx:hr>
      <gpxtpx:cad>87</gpxtpx:cad>
     </gpxtpx:TrackPointExtension>
    </extensions>
   </trkpt>
   <trkpt lat="37.2607450" lon="-79.9411780">
    <ele>289.0</ele>
    <time>2026-02-18T10:43:46Z</time>
    <extensions>
     <power>219</power>
     <gpxtpx:TrackPointExtension>
      <gpxtpx:hr>129</gpxtpx:hr>
      <gpxtpx:cad>88</gpxtpx:cad>
     </gpxtpx:TrackPointExtension>
    </extensions>
   </trkpt>
   <trkpt lat="37.2607330" lon="-79.9411440">
    <ele>289.0</ele>
    <time>2026-02-18T10:43:47Z</time>
    <extensions>
     <power>235</power>
     <gpxtpx:TrackPointExtension>
      <gpxtpx:hr>129</gpxtpx:hr>
      <gpxtpx:cad>89</gpxtpx:cad>
     </gpxtpx:TrackPointExtension>
    </extensions>
   </trkpt>
   <trkpt lat="37.2607120" lon="-79.9411070">
    <ele>289.0</ele>
    <time>2026-02-18T10:43:48Z</time>
    <extensions>
     <power>256</power>
     <gpxtpx:TrackPointExtension>
      <gpxtpx:hr>128</gpxtpx:hr>
      <gpxtpx:cad>89</gpxtpx:cad>
     </gpxtpx:TrackPointExtension>
    </extensions>
   </trkpt>
   <trkpt lat="37.2606990" lon="-79.9410780">
    <ele>289.0</ele>
    <time>2026-02-18T10:43:49Z</time>
    <extensions>
     <power>281</power>
     <gpxtpx:TrackPointExtension>
      <gpxtpx:hr>129</gpxtpx:hr>
      <gpxtpx:cad>89</gpxtpx:cad>
     </gpxtpx:TrackPointExtension>
    </extensions>
   </trkpt>
   <trkpt lat="37.2606790" lon="-79.9410470">
    <ele>289.2</ele>
    <time>2026-02-18T10:43:50Z</time>
    <extensions>
     <power>291</power>
     <gpxtpx:TrackPointExtension>
      <gpxtpx:hr>129</gpxtpx:hr>
      <gpxtpx:cad>88</gpxtpx:cad>
     </gpxtpx:TrackPointExtension>
    </extensions>
   </trkpt>
   <trkpt lat="37.2606610" lon="-79.9410220">
    <ele>289.2</ele>
    <time>2026-02-18T10:43:51Z</time>
    <extensions>
     <power>311</power>
     <gpxtpx:TrackPointExtension>
      <gpxtpx:hr>130</gpxtpx:hr>
      <gpxtpx:cad>88</gpxtpx:cad>
     </gpxtpx:TrackPointExtension>
    </extensions>
   </trkpt>
   <trkpt lat="37.2606490" lon="-79.9409950">
    <ele>289.0</ele>
    <time>2026-02-18T10:43:52Z</time>
    <extensions>
     <power>346</power>
     <gpxtpx:TrackPointExtension>
      <gpxtpx:hr>131</gpxtpx:hr>
      <gpxtpx:cad>88</gpxtpx:cad>
     </gpxtpx:TrackPointExtension>
    </extensions>
   </trkpt>
   <trkpt lat="37.2606430" lon="-79.9409710">
    <ele>289.0</ele>
    <time>2026-02-18T10:43:53Z</time>
    <extensions>
     <power>348</power>
     <gpxtpx:TrackPointExtension>
      <gpxtpx:hr>132</gpxtpx:hr>
      <gpxtpx:cad>88</gpxtpx:cad>
     </gpxtpx:TrackPointExtension>
    </extensions>
   </trkpt>
   <trkpt lat="37.2606440" lon="-79.9409490">
    <ele>289.2</ele>
    <time>2026-02-18T10:43:54Z</time>
    <extensions>
     <power>334</power>
     <gpxtpx:TrackPointExtension>
      <gpxtpx:hr>132</gpxtpx:hr>
      <gpxtpx:cad>88</gpxtpx:cad>
     </gpxtpx:TrackPointExtension>
    </extensions>
   </trkpt>
   <trkpt lat="37.2606390" lon="-79.9409220">
    <ele>289.0</ele>
    <time>2026-02-18T10:43:55Z</time>
    <extensions>
     <power>273</power>
     <gpxtpx:TrackPointExtension>
      <gpxtpx:hr>133</gpxtpx:hr>
      <gpxtpx:cad>88</gpxtpx:cad>
     </gpxtpx:TrackPointExtension>
    </extensions>
   </trkpt>
   <trkpt lat="37.2606340" lon="-79.9409030">
    <ele>289.2</ele>
    <time>2026-02-18T10:43:56Z</time>
    <extensions>
     <power>275</power>
     <gpxtpx:TrackPointExtension>
      <gpxtpx:hr>133</gpxtpx:hr>
      <gpxtpx:cad>88</gpxtpx:cad>
     </gpxtpx:TrackPointExtension>
    </extensions>
   </trkpt>
   <trkpt lat="37.2606170" lon="-79.9408810">
    <ele>289.2</ele>
    <time>2026-02-18T10:43:57Z</time>
    <extensions>
     <power>269</power>
     <gpxtpx:TrackPointExtension>
      <gpxtpx:hr>134</gpxtpx:hr>
      <gpxtpx:cad>87</gpxtpx:cad>
     </gpxtpx:TrackPointExtension>
    </extensions>
   </trkpt>
   <trkpt lat="37.2606060" lon="-79.9408630">
    <ele>289.2</ele>
    <time>2026-02-18T10:43:58Z</time>
    <extensions>
     <power>278</power>
     <gpxtpx:TrackPointExtension>
      <gpxtpx:hr>134</gpxtpx:hr>
      <gpxtpx:cad>86</gpxtpx:cad>
     </gpxtpx:TrackPointExtension>
    </extensions>
   </trkpt>
   <trkpt lat="37.2605860" lon="-79.9408350">
    <ele>289.2</ele>
    <time>2026-02-18T10:43:59Z</time>
    <extensions>
     <power>274</power>
     <gpxtpx:TrackPointExtension>
      <gpxtpx:hr>134</gpxtpx:hr>
      <gpxtpx:cad>86</gpxtpx:cad>
     </gpxtpx:TrackPointExtension>
    </extensions>
   </trkpt>
   <trkpt lat="37.2605760" lon="-79.9408140">
    <ele>289.2</ele>
    <time>2026-02-18T10:44:00Z</time>
    <extensions>
     <power>280</power>
     <gpxtpx:TrackPointExtension>
      <gpxtpx:hr>134</gpxtpx:hr>
      <gpxtpx:cad>86</gpxtpx:cad>
     </gpxtpx:TrackPointExtension>
    </extensions>
   </trkpt>
   <trkpt lat="37.2605570" lon="-79.9407860">
    <ele>289.4</ele>
    <time>2026-02-18T10:44:01Z</time>
    <extensions>
     <power>311</power>
     <gpxtpx:TrackPointExtension>
      <gpxtpx:hr>134</gpxtpx:hr>
      <gpxtpx:cad>88</gpxtpx:cad>
     </gpxtpx:TrackPointExtension>
    </extensions>
   </trkpt>
   <trkpt lat="37.2605460" lon="-79.9407620">
    <ele>289.4</ele>
    <time>2026-02-18T10:44:02Z</time>
    <extensions>
     <power>330</power>
     <gpxtpx:TrackPointExtension>
      <gpxtpx:hr>135</gpxtpx:hr>
      <gpxtpx:cad>89</gpxtpx:cad>
     </gpxtpx:TrackPointExtension>
    </extensions>
   </trkpt>
   <trkpt lat="37.2605320" lon="-79.9407350">
    <ele>289.6</ele>
    <time>2026-02-18T10:44:03Z</time>
    <extensions>
     <power>325</power>
     <gpxtpx:TrackPointExtension>
      <gpxtpx:hr>135</gpxtpx:hr>
      <gpxtpx:cad>89</gpxtpx:cad>
     </gpxtpx:TrackPointExtension>
    </extensions>
   </trkpt>
   <trkpt lat="37.2605220" lon="-79.9407110">
    <ele>289.8</ele>
    <time>2026-02-18T10:44:04Z</time>
    <extensions>
     <power>329</power>
     <gpxtpx:TrackPointExtension>
      <gpxtpx:hr>136</gpxtpx:hr>
      <gpxtpx:cad>89</gpxtpx:cad>
     </gpxtpx:TrackPointExtension>
    </extensions>
   </trkpt>
   <trkpt lat="37.2605070" lon="-79.9406850">
    <ele>289.8</ele>
    <time>2026-02-18T10:44:05Z</time>
    <extensions>
     <power>319</power>
     <gpxtpx:TrackPointExtension>
      <gpxtpx:hr>136</gpxtpx:hr>
      <gpxtpx:cad>89</gpxtpx:cad>
     </gpxtpx:TrackPointExtension>
    </extensions>
   </trkpt>
   <trkpt lat="37.2604890" lon="-79.9406640">
    <ele>290.0</ele>
    <time>2026-02-18T10:44:06Z</time>
    <extensions>
     <power>317</power>
     <gpxtpx:TrackPointExtension>
      <gpxtpx:hr>136</gpxtpx:hr>
      <gpxtpx:cad>87</gpxtpx:cad>
     </gpxtpx:TrackPointExtension>
    </extensions>
   </trkpt>
   <trkpt lat="37.2604720" lon="-79.9406400">
    <ele>290.0</ele>
    <time>2026-02-18T10:44:07Z</time>
    <extensions>
     <power>320</power>
     <gpxtpx:TrackPointExtension>
      <gpxtpx:hr>137</gpxtpx:hr>
      <gpxtpx:cad>87</gpxtpx:cad>
     </gpxtpx:TrackPointExtension>
    </extensions>
   </trkpt>
   <trkpt lat="37.2604530" lon="-79.9406190">
    <ele>290.2</ele>
    <time>2026-02-18T10:44:08Z</time>
    <extensions>
     <power>327</power>
     <gpxtpx:TrackPointExtension>
      <gpxtpx:hr>137</gpxtpx:hr>
      <gpxtpx:cad>87</gpxtpx:cad>
     </gpxtpx:TrackPointExtension>
    </extensions>
   </trkpt>
   <trkpt lat="37.2604430" lon="-79.9405960">
    <ele>290.2</ele>
    <time>2026-02-18T10:44:09Z</time>
    <extensions>
     <power>339</power>
     <gpxtpx:TrackPointExtension>
      <gpxtpx:hr>138</gpxtpx:hr>
      <gpxtpx:cad>89</gpxtpx:cad>
     </gpxtpx:TrackPointExtension>
    </extensions>
   </trkpt>
   <trkpt lat="37.2604270" lon="-79.9405760">
    <ele>290.2</ele>
    <time>2026-02-18T10:44:10Z</time>
    <extensions>
     <power>341</power>
     <gpxtpx:TrackPointExtension>
      <gpxtpx:hr>138</gpxtpx:hr>
      <gpxtpx:cad>89</gpxtpx:cad>
     </gpxtpx:TrackPointExtension>
    </extensions>
   </trkpt>
   <trkpt lat="37.2604180" lon="-79.9405510">
    <ele>290.4</ele>
    <time>2026-02-18T10:44:11Z</time>
    <extensions>
     <power>330</power>
     <gpxtpx:TrackPointExtension>
      <gpxtpx:hr>139</gpxtpx:hr>
      <gpxtpx:cad>89</gpxtpx:cad>
     </gpxtpx:TrackPointExtension>
    </extensions>
   </trkpt>
   <trkpt lat="37.2603960" lon="-79.9405320">
    <ele>290.4</ele>
    <time>2026-02-18T10:44:12Z</time>
    <extensions>
     <power>325</power>
     <gpxtpx:TrackPointExtension>
      <gpxtpx:hr>139</gpxtpx:hr>
      <gpxtpx:cad>89</gpxtpx:cad>
     </gpxtpx:TrackPointExtension>
    </extensions>
   </trkpt>
   <trkpt lat="37.2603830" lon="-79.9405130">
    <ele>290.6</ele>
    <time>2026-02-18T10:44:13Z</time>
    <extensions>
     <power>328</power>
     <gpxtpx:TrackPointExtension>
      <gpxtpx:hr>139</gpxtpx:hr>
      <gpxtpx:cad>89</gpxtpx:cad>
     </gpxtpx:TrackPointExtension>
    </extensions>
   </trkpt>
   <trkpt lat="37.2603620" lon="-79.9404920">
    <ele>290.8</ele>
    <time>2026-02-18T10:44:14Z</time>
    <extensions>
     <power>332</power>
     <gpxtpx:TrackPointExtension>
      <gpxtpx:hr>140</gpxtpx:hr>
      <gpxtpx:cad>89</gpxtpx:cad>
     </gpxtpx:TrackPointExtension>
    </extensions>
   </trkpt>
   <trkpt lat="37.2603510" lon="-79.9404710">
    <ele>291.0</ele>
    <time>2026-02-18T10:44:15Z</time>
    <extensions>
     <power>349</power>
     <gpxtpx:TrackPointExtension>
      <gpxtpx:hr>140</gpxtpx:hr>
      <gpxtpx:cad>87</gpxtpx:cad>
     </gpxtpx:TrackPointExtension>
    </extensions>
   </trkpt>
   <trkpt lat="37.2603320" lon="-79.9404460">
    <ele>291.2</ele>
    <time>2026-02-18T10:44:16Z</time>
    <extensions>
     <power>366</power>
     <gpxtpx:TrackPointExtension>
      <gpxtpx:hr>140</gpxtpx:hr>
      <gpxtpx:cad>87</gpxtpx:cad>
     </gpxtpx:TrackPointExtension>
    </extensions>
   </trkpt>
   <trkpt lat="37.2603230" lon="-79.9404270">
    <ele>291.4</ele>
    <time>2026-02-18T10:44:17Z</time>
    <extensions>
     <power>380</power>
     <gpxtpx:TrackPointExtension>
      <gpxtpx:hr>141</gpxtpx:hr>
      <gpxtpx:cad>87</gpxtpx:cad>
     </gpxtpx:TrackPointExtension>
    </extensions>
   </trkpt>
   <trkpt lat="37.2603080" lon="-79.9404000">
    <ele>291.4</ele>
    <time>2026-02-18T10:44:18Z</time>
    <extensions>
     <power>390</power>
     <gpxtpx:TrackPointExtension>
      <gpxtpx:hr>141</gpxtpx:hr>
      <gpxtpx:cad>87</gpxtpx:cad>
     </gpxtpx:TrackPointExtension>
    </extensions>
   </trkpt>
   <trkpt lat="37.2602990" lon="-79.9403800">
    <ele>291.6</ele>
    <time>2026-02-18T10:44:19Z</time>
    <extensions>
     <power>395</power>
     <gpxtpx:TrackPointExtension>
      <gpxtpx:hr>142</gpxtpx:hr>
      <gpxtpx:cad>87</gpxtpx:cad>
     </gpxtpx:TrackPointExtension>
    </extensions>
   </trkpt>
   <trkpt lat="37.2602830" lon="-79.9403540">
    <ele>291.8</ele>
    <time>2026-02-18T10:44:20Z</time>
    <extensions>
     <power>396</power>
     <gpxtpx:TrackPointExtension>
      <gpxtpx:hr>143</gpxtpx:hr>
      <gpxtpx:cad>87</gpxtpx:cad>
     </gpxtpx:TrackPointExtension>
    </extensions>
   </trkpt>
   <trkpt lat="37.2602660" lon="-79.9403320">
    <ele>291.8</ele>
    <time>2026-02-18T10:44:21Z</time>
    <extensions>
     <power>398</power>
     <gpxtpx:TrackPointExtension>
      <gpxtpx:hr>144</gpxtpx:hr>
      <gpxtpx:cad>87</gpxtpx:cad>
     </gpxtpx:TrackPointExtension>
    </extensions>
   </trkpt>
   <trkpt lat="37.2602550" lon="-79.9403090">
    <ele>292.0</ele>
    <time>2026-02-18T10:44:22Z</time>
    <extensions>
     <power>400</power>
     <gpxtpx:TrackPointExtension>
      <gpxtpx:hr>145</gpxtpx:hr>
      <gpxtpx:cad>87</gpxtpx:cad>
     </gpxtpx:TrackPointExtension>
    </extensions>
   </trkpt>
   <trkpt lat="37.2602370" lon="-79.9402860">
    <ele>292.0</ele>
    <time>2026-02-18T10:44:23Z</time>
    <extensions>
     <power>403</power>
     <gpxtpx:TrackPointExtension>
      <gpxtpx:hr>146</gpxtpx:hr>
      <gpxtpx:cad>88</gpxtpx:cad>
     </gpxtpx:TrackPointExtension>
    </extensions>
   </trkpt>
   <trkpt lat="37.2602270" lon="-79.9402650">
    <ele>292.0</ele>
    <time>2026-02-18T10:44:24Z</time>
    <extensions>
     <power>405</power>
     <gpxtpx:TrackPointExtension>
      <gpxtpx:hr>147</gpxtpx:hr>
      <gpxtpx:cad>88</gpxtpx:cad>
     </gpxtpx:TrackPointExtension>
    </extensions>
   </trkpt>
   <trkpt lat="37.2602080" lon="-79.9402370">
    <ele>292.2</ele>
    <time>2026-02-18T10:44:25Z</time>
    <extensions>
     <power>405</power>
     <gpxtpx:TrackPointExtension>
      <gpxtpx:hr>147</gpxtpx:hr>
      <gpxtpx:cad>88</gpxtpx:cad>
     </gpxtpx:TrackPointExtension>
    </extensions>
   </trkpt>
   <trkpt lat="37.2601950" lon="-79.9402110">
    <ele>292.2</ele>
    <time>2026-02-18T10:44:26Z</time>
    <extensions>
     <power>405</power>
     <gpxtpx:TrackPointExtension>
      <gpxtpx:hr>148</gpxtpx:hr>
      <gpxtpx:cad>88</gpxtpx:cad>
     </gpxtpx:TrackPointExtension>
    </extensions>
   </trkpt>
   <trkpt lat="37.2601750" lon="-79.9401860">
    <ele>292.4</ele>
    <time>2026-02-18T10:44:27Z</time>
    <extensions>
     <power>403</power>
     <gpxtpx:TrackPointExtension>
      <gpxtpx:hr>149</gpxtpx:hr>
      <gpxtpx:cad>88</gpxtpx:cad>
     </gpxtpx:TrackPointExtension>
    </extensions>
   </trkpt>
   <trkpt lat="37.2601570" lon="-79.9401630">
    <ele>292.6</ele>
    <time>2026-02-18T10:44:28Z</time>
    <extensions>
     <power>403</power>
     <gpxtpx:TrackPointExtension>
      <gpxtpx:hr>150</gpxtpx:hr>
      <gpxtpx:cad>86</gpxtpx:cad>
     </gpxtpx:TrackPointExtension>
    </extensions>
   </trkpt>
   <trkpt lat="37.2601450" lon="-79.9401400">
    <ele>292.6</ele>
    <time>2026-02-18T10:44:29Z</time>
    <extensions>
     <power>403</power>
     <gpxtpx:TrackPointExtension>
      <gpxtpx:hr>150</gpxtpx:hr>
      <gpxtpx:cad>86</gpxtpx:cad>
     </gpxtpx:TrackPointExtension>
    </extensions>
   </trkpt>
   <trkpt lat="37.2601260" lon="-79.9401180">
    <ele>292.6</ele>
    <time>2026-02-18T10:44:30Z</time>
    <extensions>
     <power>399</power>
     <gpxtpx:TrackPointExtension>
      <gpxtpx:hr>151</gpxtpx:hr>
      <gpxtpx:cad>86</gpxtpx:cad>
     </gpxtpx:TrackPointExtension>
    </extensions>
   </trkpt>
   <trkpt lat="37.2601150" lon="-79.9400920">
    <ele>292.8</ele>
    <time>2026-02-18T10:44:31Z</time>
    <extensions>
     <power>397</power>
     <gpxtpx:TrackPointExtension>
      <gpxtpx:hr>151</gpxtpx:hr>
      <gpxtpx:cad>86</gpxtpx:cad>
     </gpxtpx:TrackPointExtension>
    </extensions>
   </trkpt>
   <trkpt lat="37.2600960" lon="-79.9400690">
    <ele>292.8</ele>
    <time>2026-02-18T10:44:32Z</time>
    <extensions>
     <power>392</power>
     <gpxtpx:TrackPointExtension>
      <gpxtpx:hr>152</gpxtpx:hr>
      <gpxtpx:cad>86</gpxtpx:cad>
     </gpxtpx:TrackPointExtension>
    </extensions>
   </trkpt>
   <trkpt lat="37.2600870" lon="-79.9400400">
    <ele>292.8</ele>
    <time>2026-02-18T10:44:33Z</time>
    <extensions>
     <power>387</power>
     <gpxtpx:TrackPointExtension>
      <gpxtpx:hr>153</gpxtpx:hr>
      <gpxtpx:cad>86</gpxtpx:cad>
     </gpxtpx:TrackPointExtension>
    </extensions>
   </trkpt>
   <trkpt lat="37.2600710" lon="-79.9400120">
    <ele>292.8</ele>
    <time>2026-02-18T10:44:34Z</time>
    <extensions>
     <power>384</power>
     <gpxtpx:TrackPointExtension>
      <gpxtpx:hr>153</gpxtpx:hr>
      <gpxtpx:cad>86</gpxtpx:cad>
     </gpxtpx:TrackPointExtension>
    </extensions>
   </trkpt>
   <trkpt lat="37.2600610" lon="-79.9399920">
    <ele>292.8</ele>
    <time>2026-02-18T10:44:35Z</time>
    <extensions>
     <power>380</power>
     <gpxtpx:TrackPointExtension>
      <gpxtpx:hr>154</gpxtpx:hr>
      <gpxtpx:cad>86</gpxtpx:cad>
     </gpxtpx:TrackPointExtension>
    </extensions>
   </trkpt>
   <trkpt lat="37.2600440" lon="-79.9399660">
    <ele>292.8</ele>
    <time>2026-02-18T10:44:36Z</time>
    <extensions>
     <power>379</power>
     <gpxtpx:TrackPointExtension>
      <gpxtpx:hr>154</gpxtpx:hr>
      <gpxtpx:cad>87</gpxtpx:cad>
     </gpxtpx:TrackPointExtension>
    </extensions>
   </trkpt>
   <trkpt lat="37.2600320" lon="-79.9399460">
    <ele>292.8</ele>
    <time>2026-02-18T10:44:37Z</time>
    <extensions>
     <power>373</power>
     <gpxtpx:TrackPointExtension>
      <gpxtpx:hr>154</gpxtpx:hr>
      <gpxtpx:cad>87</gpxtpx:cad>
     </gpxtpx:TrackPointExtension>
    </extensions>
   </trkpt>
   <trkpt lat="37.2600150" lon="-79.9399220">
    <ele>292.8</ele>
    <time>2026-02-18T10:44:38Z</time>
    <extensions>
     <power>366</power>
     <gpxtpx:TrackPointExtension>
      <gpxtpx:hr>155</gpxtpx:hr>
      <gpxtpx:cad>87</gpxtpx:cad>
     </gpxtpx:TrackPointExtension>
    </extensions>
   </trkpt>
   <trkpt lat="37.2600000" lon="-79.9399020">
    <ele>293.0</ele>
    <time>2026-02-18T10:44:39Z</time>
    <extensions>
     <power>360</power>
     <gpxtpx:TrackPointExtension>
      <gpxtpx:hr>155</gpxtpx:hr>
      <gpxtpx:cad>88</gpxtpx:cad>
     </gpxtpx:TrackPointExtension>
    </extensions>
   </trkpt>
   <trkpt lat="37.2599870" lon="-79.9398770">
    <ele>293.0</ele>
    <time>2026-02-18T10:44:40Z</time>
    <extensions>
     <power>354</power>
     <gpxtpx:TrackPointExtension>
      <gpxtpx:hr>155</gpxtpx:hr>
      <gpxtpx:cad>88</gpxtpx:cad>
     </gpxtpx:TrackPointExtension>
    </extensions>
   </trkpt>
   <trkpt lat="37.2599670" lon="-79.9398570">
    <ele>293.0</ele>
    <time>2026-02-18T10:44:41Z</time>
    <extensions>
     <power>350</power>
     <gpxtpx:TrackPointExtension>
      <gpxtpx:hr>155</gpxtpx:hr>
      <gpxtpx:cad>89</gpxtpx:cad>
     </gpxtpx:TrackPointExtension>
    </extensions>
   </trkpt>
   <trkpt lat="37.2599530" lon="-79.9398320">
    <ele>293.0</ele>
    <time>2026-02-18T10:44:42Z</time>
    <extensions>
     <power>346</power>
     <gpxtpx:TrackPointExtension>
      <gpxtpx:hr>155</gpxtpx:hr>
      <gpxtpx:cad>89</gpxtpx:cad>
     </gpxtpx:TrackPointExtension>
    </extensions>
   </trkpt>
   <trkpt lat="37.2599360" lon="-79.9398100">
    <ele>293.0</ele>
    <time>2026-02-18T10:44:43Z</time>
    <extensions>
     <power>343</power>
     <gpxtpx:TrackPointExtension>
      <gpxtpx:hr>154</gpxtpx:hr>
      <gpxtpx:cad>89</gpxtpx:cad>
     </gpxtpx:TrackPointExtension>
    </extensions>
   </trkpt>
   <trkpt lat="37.2599260" lon="-79.9397840">
    <ele>293.0</ele>
    <time>2026-02-18T10:44:44Z</time>
    <extensions>
     <power>342</power>
     <gpxtpx:TrackPointExtension>
      <gpxtpx:hr>154</gpxtpx:hr>
      <gpxtpx:cad>87</gpxtpx:cad>
     </gpxtpx:TrackPointExtension>
    </extensions>
   </trkpt>
   <trkpt lat="37.2599060" lon="-79.9397610">
    <ele>293.0</ele>
    <time>2026-02-18T10:44:45Z</time>
    <extensions>
     <power>339</power>
     <gpxtpx:TrackPointExtension>
      <gpxtpx:hr>154</gpxtpx:hr>
      <gpxtpx:cad>87</gpxtpx:cad>
     </gpxtpx:TrackPointExtension>
    </extensions>
   </trkpt>
   <trkpt lat="37.2598930" lon="-79.9397380">
    <ele>293.0</ele>
    <time>2026-02-18T10:44:46Z</time>
    <extensions>
     <power>335</power>
     <gpxtpx:TrackPointExtension>
      <gpxtpx:hr>154</gpxtpx:hr>
      <gpxtpx:cad>87</gpxtpx:cad>
     </gpxtpx:TrackPointExtension>
    </extensions>
   </trkpt>
   <trkpt lat="37.2598710" lon="-79.9397160">
    <ele>293.0</ele>
    <time>2026-02-18T10:44:47Z</time>
    <extensions>
     <power>331</power>
     <gpxtpx:TrackPointExtension>
      <gpxtpx:hr>154</gpxtpx:hr>
      <gpxtpx:cad>88</gpxtpx:cad>
     </gpxtpx:TrackPointExtension>
    </extensions>
   </trkpt>
   <trkpt lat="37.2598620" lon="-79.9396950">
    <ele>293.0</ele>
    <time>2026-02-18T10:44:48Z</time>
    <extensions>
     <power>327</power>
     <gpxtpx:TrackPointExtension>
      <gpxtpx:hr>154</gpxtpx:hr>
      <gpxtpx:cad>88</gpxtpx:cad>
     </gpxtpx:TrackPointExtension>
    </extensions>
   </trkpt>
   <trkpt lat="37.2598410" lon="-79.9396730">
    <ele>293.0</ele>
    <time>2026-02-18T10:44:49Z</time>
    <extensions>
     <power>322</power>
     <gpxtpx:TrackPointExtension>
      <gpxtpx:hr>154</gpxtpx:hr>
      <gpxtpx:cad>88</gpxtpx:cad>
     </gpxtpx:TrackPointExtension>
    </extensions>
   </trkpt>
   <trkpt lat="37.2598310" lon="-79.9396510">
    <ele>293.0</ele>
    <time>2026-02-18T10:44:50Z</time>
    <extensions>
     <power>321</power>
     <gpxtpx:TrackPointExtension>
      <gpxtpx:hr>154</gpxtpx:hr>
      <gpxtpx:cad>88</gpxtpx:cad>
     </gpxtpx:TrackPointExtension>
    </extensions>
   </trkpt>
   <trkpt lat="37.2598130" lon="-79.9396250">
    <ele>293.0</ele>
    <time>2026-02-18T10:44:51Z</time>
    <extensions>
     <power>317</power>
     <gpxtpx:TrackPointExtension>
      <gpxtpx:hr>154</gpxtpx:hr>
      <gpxtpx:cad>88</gpxtpx:cad>
     </gpxtpx:TrackPointExtension>
    </extensions>
   </trkpt>
   <trkpt lat="37.2598010" lon="-79.9396030">
    <ele>293.0</ele>
    <time>2026-02-18T10:44:52Z</time>
    <extensions>
     <power>311</power>
     <gpxtpx:TrackPointExtension>
      <gpxtpx:hr>153</gpxtpx:hr>
      <gpxtpx:cad>88</gpxtpx:cad>
     </gpxtpx:TrackPointExtension>
    </extensions>
   </trkpt>
   <trkpt lat="37.2597860" lon="-79.9395770">
    <ele>292.8</ele>
    <time>2026-02-18T10:44:53Z</time>
    <extensions>
     <power>303</power>
     <gpxtpx:TrackPointExtension>
      <gpxtpx:hr>153</gpxtpx:hr>
      <gpxtpx:cad>87</gpxtpx:cad>
     </gpxtpx:TrackPointExtension>
    </extensions>
   </trkpt>
   <trkpt lat="37.2597700" lon="-79.9395540">
    <ele>292.8</ele>
    <time>2026-02-18T10:44:54Z</time>
    <extensions>
     <power>299</power>
     <gpxtpx:TrackPointExtension>
      <gpxtpx:hr>153</gpxtpx:hr>
      <gpxtpx:cad>87</gpxtpx:cad>
     </gpxtpx:TrackPointExtension>
    </extensions>
   </trkpt>
   <trkpt lat="37.2597560" lon="-79.9395290">
    <ele>292.8</ele>
    <time>2026-02-18T10:44:55Z</time>
    <extensions>
     <power>298</power>
     <gpxtpx:TrackPointExtension>
      <gpxtpx:hr>153</gpxtpx:hr>
      <gpxtpx:cad>87</gpxtpx:cad>
     </gpxtpx:TrackPointExtension>
    </extensions>
   </trkpt>
   <trkpt lat="37.2597390" lon="-79.9395090">
    <ele>292.6</ele>
    <time>2026-02-18T10:44:56Z</time>
    <extensions>
     <power>297</power>
     <gpxtpx:TrackPointExtension>
      <gpxtpx:hr>153</gpxtpx:hr>
      <gpxtpx:cad>87</gpxtpx:cad>
     </gpxtpx:TrackPointExtension>
    </extensions>
   </trkpt>
   <trkpt lat="37.2597270" lon="-79.9394900">
    <ele>292.6</ele>
    <time>2026-02-18T10:44:57Z</time>
    <extensions>
     <power>297</power>
     <gpxtpx:TrackPointExtension>
      <gpxtpx:hr>153</gpxtpx:hr>
      <gpxtpx:cad>87</gpxtpx:cad>
     </gpxtpx:TrackPointExtension>
    </extensions>
   </trkpt>
   <trkpt lat="37.2597070" lon="-79.9394670">
    <ele>292.6</ele>
    <time>2026-02-18T10:44:58Z</time>
    <extensions>
     <power>297</power>
     <gpxtpx:TrackPointExtension>
      <gpxtpx:hr>153</gpxtpx:hr>
      <gpxtpx:cad>87</gpxtpx:cad>
     </gpxtpx:TrackPointExtension>
    </extensions>
   </trkpt>
   <trkpt lat="37.2596980" lon="-79.9394450">
    <ele>292.6</ele>
    <time>2026-02-18T10:44:59Z</time>
    <extensions>
     <power>295</power>
     <gpxtpx:TrackPointExtension>
      <gpxtpx:hr>152</gpxtpx:hr>
      <gpxtpx:cad>86</gpxtpx:cad>
     </gpxtpx:TrackPointExtension>
    </extensions>
   </trkpt>
   <trkpt lat="37.2596790" lon="-79.9394180">
    <ele>292.6</ele>
    <time>2026-02-18T10:45:00Z</time>
    <extensions>
     <power>295</power>
     <gpxtpx:TrackPointExtension>
      <gpxtpx:hr>152</gpxtpx:hr>
      <gpxtpx:cad>86</gpxtpx:cad>
     </gpxtpx:TrackPointExtension>
    </extensions>
   </trkpt>
   <trkpt lat="37.2596650" lon="-79.9393950">
    <ele>292.4</ele>
    <time>2026-02-18T10:45:01Z</time>
    <extensions>
     <power>294</power>
     <gpxtpx:TrackPointExtension>
      <gpxtpx:hr>152</gpxtpx:hr>
      <gpxtpx:cad>87</gpxtpx:cad>
     </gpxtpx:TrackPointExtension>
    </extensions>
   </trkpt>
   <trkpt lat="37.2596470" lon="-79.9393680">
    <ele>292.4</ele>
    <time>2026-02-18T10:45:02Z</time>
    <extensions>
     <power>294</power>
     <gpxtpx:TrackPointExtension>
      <gpxtpx:hr>152</gpxtpx:hr>
      <gpxtpx:cad>87</gpxtpx:cad>
     </gpxtpx:TrackPointExtension>
    </extensions>
   </trkpt>
   <trkpt lat="37.2596330" lon="-79.9393460">
    <ele>292.2</ele>
    <time>2026-02-18T10:45:03Z</time>
    <extensions>
     <power>292</power>
     <gpxtpx:TrackPointExtension>
      <gpxtpx:hr>152</gpxtpx:hr>
      <gpxtpx:cad>87</gpxtpx:cad>
     </gpxtpx:TrackPointExtension>
    </extensions>
   </trkpt>
   <trkpt lat="37.2596200" lon="-79.9393210">
    <ele>292.2</ele>
    <time>2026-02-18T10:45:04Z</time>
    <extensions>
     <power>293</power>
     <gpxtpx:TrackPointExtension>
      <gpxtpx:hr>151</gpxtpx:hr>
      <gpxtpx:cad>86</gpxtpx:cad>
     </gpxtpx:TrackPointExtension>
    </extensions>
   </trkpt>
   <trkpt lat="37.2596020" lon="-79.9393020">
    <ele>292.0</ele>
    <time>2026-02-18T10:45:05Z</time>
    <extensions>
     <power>292</power>
     <gpxtpx:TrackPointExtension>
      <gpxtpx:hr>151</gpxtpx:hr>
      <gpxtpx:cad>86</gpxtpx:cad>
     </gpxtpx:TrackPointExtension>
    </extensions>
   </trkpt>
   <trkpt lat="37.2595930" lon="-79.9392740">
    <ele>292.0</ele>
    <time>2026-02-18T10:45:06Z</time>
    <extensions>
     <power>291</power>
     <gpxtpx:TrackPointExtension>
      <gpxtpx:hr>151</gpxtpx:hr>
      <gpxtpx:cad>86</gpxtpx:cad>
     </gpxtpx:TrackPointExtension>
    </extensions>
   </trkpt>
   <trkpt lat="37.2595740" lon="-79.9392520">
    <ele>292.0</ele>
    <time>2026-02-18T10:45:07Z</time>
    <extensions>
     <power>290</power>
     <gpxtpx:TrackPointExtension>
      <gpxtpx:hr>151</gpxtpx:hr>
      <gpxtpx:cad>86</gpxtpx:cad>
     </gpxtpx:TrackPointExtension>
    </extensions>
   </trkpt>
   <trkpt lat="37.2595650" lon="-79.9392300">
    <ele>291.8</ele>
    <time>2026-02-18T10:45:08Z</time>
    <extensions>
     <power>289</power>
     <gpxtpx:TrackPointExtension>
      <gpxtpx:hr>151</gpxtpx:hr>
      <gpxtpx:cad>86</gpxtpx:cad>
     </gpxtpx:TrackPointExtension>
    </extensions>
   </trkpt>
   <trkpt lat="37.2595450" lon="-79.9392010">
    <ele>291.8</ele>
    <time>2026-02-18T10:45:09Z</time>
    <extensions>
     <power>288</power>
     <gpxtpx:TrackPointExtension>
      <gpxtpx:hr>151</gpxtpx:hr>
      <gpxtpx:cad>87</gpxtpx:cad>
     </gpxtpx:TrackPointExtension>
    </extensions>
   </trkpt>
   <trkpt lat="37.2595310" lon="-79.9391780">
    <ele>291.8</ele>
    <time>2026-02-18T10:45:10Z</time>
    <extensions>
     <power>286</power>
     <gpxtpx:TrackPointExtension>
      <gpxtpx:hr>151</gpxtpx:hr>
      <gpxtpx:cad>88</gpxtpx:cad>
     </gpxtpx:TrackPointExtension>
    </extensions>
   </trkpt>
   <trkpt lat="37.2595190" lon="-79.9391530">
    <ele>291.6</ele>
    <time>2026-02-18T10:45:11Z</time>
    <extensions>
     <power>286</power>
     <gpxtpx:TrackPointExtension>
      <gpxtpx:hr>151</gpxtpx:hr>
      <gpxtpx:cad>87</gpxtpx:cad>
     </gpxtpx:TrackPointExtension>
    </extensions>
   </trkpt>
   <trkpt lat="37.2595010" lon="-79.9391310">
    <ele>291.4</ele>
    <time>2026-02-18T10:45:12Z</time>
    <extensions>
     <power>286</power>
     <gpxtpx:TrackPointExtension>
      <gpxtpx:hr>151</gpxtpx:hr>
      <gpxtpx:cad>87</gpxtpx:cad>
     </gpxtpx:TrackPointExtension>
    </extensions>
   </trkpt>
   <trkpt lat="37.2594900" lon="-79.9391040">
    <ele>291.2</ele>
    <time>2026-02-18T10:45:13Z</time>
    <extensions>
     <power>283</power>
     <gpxtpx:TrackPointExtension>
      <gpxtpx:hr>151</gpxtpx:hr>
      <gpxtpx:cad>87</gpxtpx:cad>
     </gpxtpx:TrackPointExtension>
    </extensions>
   </trkpt>
   <trkpt lat="37.2594730" lon="-79.9390840">
    <ele>291.0</ele>
    <time>2026-02-18T10:45:14Z</time>
    <extensions>
     <power>281</power>
     <gpxtpx:TrackPointExtension>
      <gpxtpx:hr>151</gpxtpx:hr>
      <gpxtpx:cad>85</gpxtpx:cad>
     </gpxtpx:TrackPointExtension>
    </extensions>
   </trkpt>
   <trkpt lat="37.2594620" lon="-79.9390630">
    <ele>291.0</ele>
    <time>2026-02-18T10:45:15Z</time>
    <extensions>
     <power>277</power>
     <gpxtpx:TrackPointExtension>
      <gpxtpx:hr>151</gpxtpx:hr>
      <gpxtpx:cad>85</gpxtpx:cad>
     </gpxtpx:TrackPointExtension>
    </extensions>
   </trkpt>
   <trkpt lat="37.2594420" lon="-79.9390390">
    <ele>290.8</ele>
    <time>2026-02-18T10:45:16Z</time>
    <extensions>
     <power>272</power>
     <gpxtpx:TrackPointExtension>
      <gpxtpx:hr>151</gpxtpx:hr>
      <gpxtpx:cad>85</gpxtpx:cad>
     </gpxtpx:TrackPointExtension>
    </extensions>
   </trkpt>
   <trkpt lat="37.2594260" lon="-79.9390170">
    <ele>290.8</ele>
    <time>2026-02-18T10:45:17Z</time>
    <extensions>
     <power>267</power>
     <gpxtpx:TrackPointExtension>
      <gpxtpx:hr>150</gpxtpx:hr>
      <gpxtpx:cad>85</gpxtpx:cad>
     </gpxtpx:TrackPointExtension>
    </extensions>
   </trkpt>
   <trkpt lat="37.2594110" lon="-79.9389910">
    <ele>290.6</ele>
    <time>2026-02-18T10:45:18Z</time>
    <extensions>
     <power>265</power>
     <gpxtpx:TrackPointExtension>
      <gpxtpx:hr>150</gpxtpx:hr>
      <gpxtpx:cad>85</gpxtpx:cad>
     </gpxtpx:TrackPointExtension>
    </extensions>
   </trkpt>
   <trkpt lat="37.2593910" lon="-79.9389690">
    <ele>290.4</ele>
    <time>2026-02-18T10:45:19Z</time>
    <extensions>
     <power>262</power>
     <gpxtpx:TrackPointExtension>
      <gpxtpx:hr>150</gpxtpx:hr>
      <gpxtpx:cad>85</gpxtpx:cad>
     </gpxtpx:TrackPointExtension>
    </extensions>
   </trkpt>
   <trkpt lat="37.2593800" lon="-79.9389490">
    <ele>290.2</ele>
    <time>2026-02-18T10:45:20Z</time>
    <extensions>
     <power>261</power>
     <gpxtpx:TrackPointExtension>
      <gpxtpx:hr>151</gpxtpx:hr>
      <gpxtpx:cad>85</gpxtpx:cad>
     </gpxtpx:TrackPointExtension>
    </extensions>
   </trkpt>
   <trkpt lat="37.2593580" lon="-79.9389210">
    <ele>290.0</ele>
    <time>2026-02-18T10:45:21Z</time>
    <extensions>
     <power>260</power>
     <gpxtpx:TrackPointExtension>
      <gpxtpx:hr>150</gpxtpx:hr>
      <gpxtpx:cad>85</gpxtpx:cad>
     </gpxtpx:TrackPointExtension>
    </extensions>
   </trkpt>
   <trkpt lat="37.2593470" lon="-79.9388980">
    <ele>289.8</ele>
    <time>2026-02-18T10:45:22Z</time>
    <extensions>
     <power>260</power>
     <gpxtpx:TrackPointExtension>
      <gpxtpx:hr>150</gpxtpx:hr>
      <gpxtpx:cad>85</gpxtpx:cad>
     </gpxtpx:TrackPointExtension>
    </extensions>
   </trkpt>
   <trkpt lat="37.2593310" lon="-79.9388700">
    <ele>289.6</ele>
    <time>2026-02-18T10:45:23Z</time>
    <extensions>
     <power>260</power>
     <gpxtpx:TrackPointExtension>
      <gpxtpx:hr>150</gpxtpx:hr>
      <gpxtpx:cad>84</gpxtpx:cad>
     </gpxtpx:TrackPointExtension>
    </extensions>
   </trkpt>
   <trkpt lat="37.2593120" lon="-79.9388470">
    <ele>289.4</ele>
    <time>2026-02-18T10:45:24Z</time>
    <extensions>
     <power>259</power>
     <gpxtpx:TrackPointExtension>
      <gpxtpx:hr>150</gpxtpx:hr>
      <gpxtpx:cad>84</gpxtpx:cad>
     </gpxtpx:TrackPointExtension>
    </extensions>
   </trkpt>
   <trkpt lat="37.2592990" lon="-79.9388270">
    <ele>289.2</ele>
    <time>2026-02-18T10:45:25Z</time>
    <extensions>
     <power>258</power>
     <gpxtpx:TrackPointExtension>
      <gpxtpx:hr>150</gpxtpx:hr>
      <gpxtpx:cad>84</gpxtpx:cad>
     </gpxtpx:TrackPointExtension>
    </extensions>
   </trkpt>
   <trkpt lat="37.2592800" lon="-79.9388020">
    <ele>289.2</ele>
    <time>2026-02-18T10:45:26Z</time>
    <extensions>
     <power>257</power>
     <gpxtpx:TrackPointExtension>
      <gpxtpx:hr>150</gpxtpx:hr>
      <gpxtpx:cad>84</gpxtpx:cad>
     </gpxtpx:TrackPointExtension>
    </extensions>
   </trkpt>
   <trkpt lat="37.2592700" lon="-79.9387790">
    <ele>289.0</ele>
    <time>2026-02-18T10:45:27Z</time>
    <extensions>
     <power>256</power>
     <gpxtpx:TrackPointExtension>
      <gpxtpx:hr>150</gpxtpx:hr>
      <gpxtpx:cad>84</gpxtpx:cad>
     </gpxtpx:TrackPointExtension>
    </extensions>
   </trkpt>
   <trkpt lat="37.2592540" lon="-79.9387510">
    <ele>288.6</ele>
    <time>2026-02-18T10:45:28Z</time>
    <extensions>
     <power>254</power>
     <gpxtpx:TrackPointExtension>
      <gpxtpx:hr>150</gpxtpx:hr>
      <gpxtpx:cad>84</gpxtpx:cad>
     </gpxtpx:TrackPointExtension>
    </extensions>
   </trkpt>
   <trkpt lat="37.2592400" lon="-79.9387290">
    <ele>288.6</ele>
    <time>2026-02-18T10:45:29Z</time>
    <extensions>
     <power>253</power>
     <gpxtpx:TrackPointExtension>
      <gpxtpx:hr>150</gpxtpx:hr>
      <gpxtpx:cad>84</gpxtpx:cad>
     </gpxtpx:TrackPointExtension>
    </extensions>
   </trkpt>
   <trkpt lat="37.2592280" lon="-79.9387060">
    <ele>288.4</ele>
    <time>2026-02-18T10:45:30Z</time>
    <extensions>
     <power>253</power>
     <gpxtpx:TrackPointExtension>
      <gpxtpx:hr>150</gpxtpx:hr>
      <gpxtpx:cad>84</gpxtpx:cad>
     </gpxtpx:TrackPointExtension>
    </extensions>
   </trkpt>
   <trkpt lat="37.2592110" lon="-79.9386820">
    <ele>288.2</ele>
    <time>2026-02-18T10:45:31Z</time>
    <extensions>
     <power>254</power>
     <gpxtpx:TrackPointExtension>
      <gpxtpx:hr>150</gpxtpx:hr>
      <gpxtpx:cad>84</gpxtpx:cad>
     </gpxtpx:TrackPointExtension>
    </extensions>
   </trkpt>
   <trkpt lat="37.2592000" lon="-79.9386610">
    <ele>288.0</ele>
    <time>2026-02-18T10:45:32Z</time>
    <extensions>
     <power>254</power>
     <gpxtpx:TrackPointExtension>
      <gpxtpx:hr>150</gpxtpx:hr>
      <gpxtpx:cad>85</gpxtpx:cad>
     </gpxtpx:TrackPointExtension>
    </extensions>
   </trkpt>
   <trkpt lat="37.2591790" lon="-79.9386380">
    <ele>288.0</ele>
    <time>2026-02-18T10:45:33Z</time>
    <extensions>
     <power>254</power>
     <gpxtpx:TrackPointExtension>
      <gpxtpx:hr>149</gpxtpx:hr>
      <gpxtpx:cad>85</gpxtpx:cad>
     </gpxtpx:TrackPointExtension>
    </extensions>
   </trkpt>
   <trkpt lat="37.2591690" lon="-79.9386140">
    <ele>287.8</ele>
    <time>2026-02-18T10:45:34Z</time>
    <extensions>
     <power>254</power>
     <gpxtpx:TrackPointExtension>
      <gpxtpx:hr>150</gpxtpx:hr>
      <gpxtpx:cad>85</gpxtpx:cad>
     </gpxtpx:TrackPointExtension>
    </extensions>
   </trkpt>
   <trkpt lat="37.2591510" lon="-79.9385840">
    <ele>287.8</ele>
    <time>2026-02-18T10:45:35Z</time>
    <extensions>
     <power>255</power>
     <gpxtpx:TrackPointExtension>
      <gpxtpx:hr>150</gpxtpx:hr>
      <gpxtpx:cad>85</gpxtpx:cad>
     </gpxtpx:TrackPointExtension>
    </extensions>
   </trkpt>
   <trkpt lat="37.2591360" lon="-79.9385640">
    <ele>287.8</ele>
    <time>2026-02-18T10:45:36Z</time>
    <extensions>
     <power>254</power>
     <gpxtpx:TrackPointExtension>
      <gpxtpx:hr>150</gpxtpx:hr>
      <gpxtpx:cad>86</gpxtpx:cad>
     </gpxtpx:TrackPointExtension>
    </extensions>
   </trkpt>
   <trkpt lat="37.2591210" lon="-79.9385410">
    <ele>287.6</ele>
    <time>2026-02-18T10:45:37Z</time>
    <extensions>
     <power>255</power>
     <gpxtpx:TrackPointExtension>
      <gpxtpx:hr>150</gpxtpx:hr>
      <gpxtpx:cad>86</gpxtpx:cad>
     </gpxtpx:TrackPointExtension>
    </extensions>
   </trkpt>
   <trkpt lat="37.2591040" lon="-79.9385190">
    <ele>287.6</ele>
    <time>2026-02-18T10:45:38Z</time>
    <extensions>
     <power>257</power>
     <gpxtpx:TrackPointExtension>
      <gpxtpx:hr>150</gpxtpx:hr>
      <gpxtpx:cad>86</gpxtpx:cad>
     </gpxtpx:TrackPointExtension>
    </extensions>
   </trkpt>
   <trkpt lat="37.2590970" lon="-79.9384940">
    <ele>287.4</ele>
    <time>2026-02-18T10:45:39Z</time>
    <extensions>
     <power>259</power>
     <gpxtpx:TrackPointExtension>
      <gpxtpx:hr>150</gpxtpx:hr>
      <gpxtpx:cad>86</gpxtpx:cad>
     </gpxtpx:TrackPointExtension>
    </extensions>
   </trkpt>
   <trkpt lat="37.2590750" lon="-79.9384730">
    <ele>287.4</ele>
    <time>2026-02-18T10:45:40Z</time>
    <extensions>
     <power>259</power>
     <gpxtpx:TrackPointExtension>
      <gpxtpx:hr>150</gpxtpx:hr>
      <gpxtpx:cad>87</gpxtpx:cad>
     </gpxtpx:TrackPointExtension>
    </extensions>
   </trkpt>
   <trkpt lat="37.2590640" lon="-79.9384500">
    <ele>287.2</ele>
    <time>2026-02-18T10:45:41Z</time>
    <extensions>
     <power>261</power>
     <gpxtpx:TrackPointExtension>
      <gpxtpx:hr>149</gpxtpx:hr>
      <gpxtpx:cad>87</gpxtpx:cad>
     </gpxtpx:TrackPointExtension>
    </extensions>
   </trkpt>
   <trkpt lat="37.2590440" lon="-79.9384230">
    <ele>287.2</ele>
    <time>2026-02-18T10:45:42Z</time>
    <extensions>
     <power>263</power>
     <gpxtpx:TrackPointExtension>
      <gpxtpx:hr>150</gpxtpx:hr>
      <gpxtpx:cad>87</gpxtpx:cad>
     </gpxtpx:TrackPointExtension>
    </extensions>
   </trkpt>
   <trkpt lat="37.2590320" lon="-79.9384000">
    <ele>287.2</ele>
    <time>2026-02-18T10:45:43Z</time>
    <extensions>
     <power>264</power>
     <gpxtpx:TrackPointExtension>
      <gpxtpx:hr>150</gpxtpx:hr>
      <gpxtpx:cad>87</gpxtpx:cad>
     </gpxtpx:TrackPointExtension>
    </extensions>
   </trkpt>
   <trkpt lat="37.2590160" lon="-79.9383760">
    <ele>287.0</ele>
    <time>2026-02-18T10:45:44Z</time>
    <extensions>
     <power>268</power>
     <gpxtpx:TrackPointExtension>
      <gpxtpx:hr>149</gpxtpx:hr>
      <gpxtpx:cad>86</gpxtpx:cad>
     </gpxtpx:TrackPointExtension>
    </extensions>
   </trkpt>
   <trkpt lat="37.2590010" lon="-79.9383530">
    <ele>287.0</ele>
    <time>2026-02-18T10:45:45Z</time>
    <extensions>
     <power>270</power>
     <gpxtpx:TrackPointExtension>
      <gpxtpx:hr>149</gpxtpx:hr>
      <gpxtpx:cad>85</gpxtpx:cad>
     </gpxtpx:TrackPointExtension>
    </extensions>
   </trkpt>
   <trkpt lat="37.2589880" lon="-79.9383290">
    <ele>287.0</ele>
    <time>2026-02-18T10:45:46Z</time>
    <extensions>
     <power>271</power>
     <gpxtpx:TrackPointExtension>
      <gpxtpx:hr>149</gpxtpx:hr>
      <gpxtpx:cad>85</gpxtpx:cad>
     </gpxtpx:TrackPointExtension>
    </extensions>
   </trkpt>
   <trkpt lat="37.2589690" lon="-79.9383090">
    <ele>287.0</ele>
    <time>2026-02-18T10:45:47Z</time>
    <extensions>
     <power>272</power>
     <gpxtpx:TrackPointExtension>
      <gpxtpx:hr>149</gpxtpx:hr>
      <gpxtpx:cad>86</gpxtpx:cad>
     </gpxtpx:TrackPointExtension>
    </extensions>
   </trkpt>
   <trkpt lat="37.2589590" lon="-79.9382890">
    <ele>286.8</ele>
    <time>2026-02-18T10:45:48Z</time>
    <extensions>
     <power>272</power>
     <gpxtpx:TrackPointExtension>
      <gpxtpx:hr>149</gpxtpx:hr>
      <gpxtpx:cad>86</gpxtpx:cad>
     </gpxtpx:TrackPointExtension>
    </extensions>
   </trkpt>
   <trkpt lat="37.2589400" lon="-79.9382650">
    <ele>286.8</ele>
    <time>2026-02-18T10:45:49Z</time>
    <extensions>
     <power>273</power>
     <gpxtpx:TrackPointExtension>
      <gpxtpx:hr>150</gpxtpx:hr>
      <gpxtpx:cad>86</gpxtpx:cad>
     </gpxtpx:TrackPointExtension>
    </extensions>
   </trkpt>
   <trkpt lat="37.2589290" lon="-79.9382430">
    <ele>286.6</ele>
    <time>2026-02-18T10:45:50Z</time>
    <extensions>
     <power>273</power>
     <gpxtpx:TrackPointExtension>
      <gpxtpx:hr>149</gpxtpx:hr>
      <gpxtpx:cad>86</gpxtpx:cad>
     </gpxtpx:TrackPointExtension>
    </extensions>
   </trkpt>
   <trkpt lat="37.2589120" lon="-79.9382190">
    <ele>286.6</ele>
    <time>2026-02-18T10:45:51Z</time>
    <extensions>
     <power>274</power>
     <gpxtpx:TrackPointExtension>
      <gpxtpx:hr>149</gpxtpx:hr>
      <gpxtpx:cad>86</gpxtpx:cad>
     </gpxtpx:TrackPointExtension>
    </extensions>
   </trkpt>
   <trkpt lat="37.2588960" lon="-79.9381990">
    <ele>286.6</ele>
    <time>2026-02-18T10:45:52Z</time>
    <extensions>
     <power>275</power>
     <gpxtpx:TrackPointExtension>
      <gpxtpx:hr>149</gpxtpx:hr>
      <gpxtpx:cad>86</gpxtpx:cad>
     </gpxtpx:TrackPointExtension>
    </extensions>
   </trkpt>
   <trkpt lat="37.2588830" lon="-79.9381750">
    <ele>286.4</ele>
    <time>2026-02-18T10:45:53Z</time>
    <extensions>
     <power>276</power>
     <gpxtpx:TrackPointExtension>
      <gpxtpx:hr>149</gpxtpx:hr>
      <gpxtpx:cad>86</gpxtpx:cad>
     </gpxtpx:TrackPointExtension>
    </extensions>
   </trkpt>
   <trkpt lat="37.2588630" lon="-79.9381520">
    <ele>286.4</ele>
    <time>2026-02-18T10:45:54Z</time>
    <extensions>
     <power>277</power>
     <gpxtpx:TrackPointExtension>
      <gpxtpx:hr>150</gpxtpx:hr>
      <gpxtpx:cad>85</gpxtpx:cad>
     </gpxtpx:TrackPointExtension>
    </extensions>
   </trkpt>
   <trkpt lat="37.2588540" lon="-79.9381320">
    <ele>286.2</ele>
    <time>2026-02-18T10:45:55Z</time>
    <extensions>
     <power>277</power>
     <gpxtpx:TrackPointExtension>
      <gpxtpx:hr>149</gpxtpx:hr>
      <gpxtpx:cad>86</gpxtpx:cad>
     </gpxtpx:TrackPointExtension>
    </extensions>
   </trkpt>
   <trkpt lat="37.2588340" lon="-79.9381090">
    <ele>286.2</ele>
    <time>2026-02-18T10:45:56Z</time>
    <extensions>
     <power>277</power>
     <gpxtpx:TrackPointExtension>
      <gpxtpx:hr>149</gpxtpx:hr>
      <gpxtpx:cad>86</gpxtpx:cad>
     </gpxtpx:TrackPointExtension>
    </extensions>
   </trkpt>
   <trkpt lat="37.2588210" lon="-79.9380900">
    <ele>286.0</ele>
    <time>2026-02-18T10:45:57Z</time>
    <extensions>
     <power>277</power>
     <gpxtpx:TrackPointExtension>
      <gpxtpx:hr>149</gpxtpx:hr>
      <gpxtpx:cad>86</gpxtpx:cad>
     </gpxtpx:TrackPointExtension>
    </extensions>
   </trkpt>
   <trkpt lat="37.2588070" lon="-79.9380740">
    <ele>286.0</ele>
    <time>2026-02-18T10:45:58Z</time>
    <extensions>
     <power>277</power>
     <gpxtpx:TrackPointExtension>
      <gpxtpx:hr>149</gpxtpx:hr>
      <gpxtpx:cad>86</gpxtpx:cad>
     </gpxtpx:TrackPointExtension>
    </extensions>
   </trkpt>
   <trkpt lat="37.2587890" lon="-79.9380640">
    <ele>285.8</ele>
    <time>2026-02-18T10:45:59Z</time>
    <extensions>
     <power>278</power>
     <gpxtpx:TrackPointExtension>
      <gpxtpx:hr>150</gpxtpx:hr>
      <gpxtpx:cad>85</gpxtpx:cad>
     </gpxtpx:TrackPointExtension>
    </extensions>
   </trkpt>
   <trkpt lat="37.2587700" lon="-79.9380620">
    <ele>285.8</ele>
    <time>2026-02-18T10:46:00Z</time>
    <extensions>
     <power>278</power>
     <gpxtpx:TrackPointExtension>
      <gpxtpx:hr>149</gpxtpx:hr>
      <gpxtpx:cad>84</gpxtpx:cad>
     </gpxtpx:TrackPointExtension>
    </extensions>
   </trkpt>
   <trkpt lat="37.2587590" lon="-79.9380570">
    <ele>285.6</ele>
    <time>2026-02-18T10:46:01Z</time>
    <extensions>
     <power>273</power>
     <gpxtpx:TrackPointExtension>
      <gpxtpx:hr>149</gpxtpx:hr>
      <gpxtpx:cad>84</gpxtpx:cad>
     </gpxtpx:TrackPointExtension>
    </extensions>
   </trkpt>
   <trkpt lat="37.2587460" lon="-79.9380550">
    <ele>285.4</ele>
    <time>2026-02-18T10:46:02Z</time>
    <extensions>
     <power>268</power>
     <gpxtpx:TrackPointExtension>
      <gpxtpx:hr>149</gpxtpx:hr>
      <gpxtpx:cad>84</gpxtpx:cad>
     </gpxtpx:TrackPointExtension>
    </extensions>
   </trkpt>
   <trkpt lat="37.2587310" lon="-79.9380610">
    <ele>285.2</ele>
    <time>2026-02-18T10:46:03Z</time>
    <extensions>
     <power>266</power>
     <gpxtpx:TrackPointExtension>
      <gpxtpx:hr>149</gpxtpx:hr>
      <gpxtpx:cad>0</gpxtpx:cad>
     </gpxtpx:TrackPointExtension>
    </extensions>
   </trkpt>
   <trkpt lat="37.2587170" lon="-79.9380660">
    <ele>285.0</ele>
    <time>2026-02-18T10:46:04Z</time>
    <extensions>
     <power>0</power>
     <gpxtpx:TrackPointExtension>
      <gpxtpx:hr>149</gpxtpx:hr>
      <gpxtpx:cad>0</gpxtpx:cad>
     </gpxtpx:TrackPointExtension>
    </extensions>
   </trkpt>
   <trkpt lat="37.2587020" lon="-79.9380700">
    <ele>285.0</ele>
    <time>2026-02-18T10:46:05Z</time>
    <extensions>
     <power>0</power>
     <gpxtpx:TrackPointExtension>
      <gpxtpx:hr>149</gpxtpx:hr>
      <gpxtpx:cad>0</gpxtpx:cad>
     </gpxtpx:TrackPointExtension>
    </extensions>
   </trkpt>
   <trkpt lat="37.2586970" lon="-79.9380660">
    <ele>285.0</ele>
    <time>2026-02-18T10:46:06Z</time>
    <extensions>
     <power>0</power>
     <gpxtpx:TrackPointExtension>
      <gpxtpx:hr>148</gpxtpx:hr>
      <gpxtpx:cad>0</gpxtpx:cad>
     </gpxtpx:TrackPointExtension>
    </extensions>
   </trkpt>
   <trkpt lat="37.2586970" lon="-79.9380650">
    <ele>285.0</ele>
    <time>2026-02-18T10:46:07Z</time>
    <extensions>
     <power>0</power>
     <gpxtpx:TrackPointExtension>
      <gpxtpx:hr>148</gpxtpx:hr>
      <gpxtpx:cad>0</gpxtpx:cad>
     </gpxtpx:TrackPointExtension>
    </extensions>
   </trkpt>
   <trkpt lat="37.2586970" lon="-79.9380650">
    <ele>285.0</ele>
    <time>2026-02-18T10:46:08Z</time>
    <extensions>
     <power>0</power>
     <gpxtpx:TrackPointExtension>
      <gpxtpx:hr>148</gpxtpx:hr>
      <gpxtpx:cad>0</gpxtpx:cad>
     </gpxtpx:TrackPointExtension>
    </extensions>
   </trkpt>
   <trkpt lat="37.2586970" lon="-79.9380650">
    <ele>285.0</ele>
    <time>2026-02-18T10:46:09Z</time>
    <extensions>
     <power>0</power>
     <gpxtpx:TrackPointExtension>
      <gpxtpx:hr>148</gpxtpx:hr>
      <gpxtpx:cad>0</gpxtpx:cad>
     </gpxtpx:TrackPointExtension>
    </extensions>
   </trkpt>
   <trkpt lat="37.2586950" lon="-79.9380640">
    <ele>284.8</ele>
    <time>2026-02-18T10:46:10Z</time>
    <extensions>
     <power>0</power>
     <gpxtpx:TrackPointExtension>
      <gpxtpx:hr>147</gpxtpx:hr>
      <gpxtpx:cad>0</gpxtpx:cad>
     </gpxtpx:TrackPointExtension>
    </extensions>
   </trkpt>
   <trkpt lat="37.2586770" lon="-79.9379550">
    <ele>284.6</ele>
    <time>2026-02-18T10:46:30Z</time>
    <extensions>
     <gpxtpx:TrackPointExtension>
      <gpxtpx:hr>138</gpxtpx:hr>
      <gpxtpx:cad>0</gpxtpx:cad>
     </gpxtpx:TrackPointExtension>
    </extensions>
   </trkpt>
   <trkpt lat="37.2586690" lon="-79.9379400">
    <ele>284.6</ele>
    <time>2026-02-18T10:46:31Z</time>
    <extensions>
     <power>0</power>
     <gpxtpx:TrackPointExtension>
      <gpxtpx:hr>137</gpxtpx:hr>
      <gpxtpx:cad>0</gpxtpx:cad>
     </gpxtpx:TrackPointExtension>
    </extensions>
   </trkpt>
   <trkpt lat="37.2586590" lon="-79.9379200">
    <ele>284.6</ele>
    <time>2026-02-18T10:46:32Z</time>
    <extensions>
     <power>220</power>
     <gpxtpx:TrackPointExtension>
      <gpxtpx:hr>136</gpxtpx:hr>
      <gpxtpx:cad>83</gpxtpx:cad>
     </gpxtpx:TrackPointExtension>
    </extensions>
   </trkpt>
   <trkpt lat="37.2586460" lon="-79.9379010">
    <ele>284.6</ele>
    <time>2026-02-18T10:46:33Z</time>
    <extensions>
     <power>212</power>
     <gpxtpx:TrackPointExtension>
      <gpxtpx:hr>136</gpxtpx:hr>
      <gpxtpx:cad>84</gpxtpx:cad>
     </gpxtpx:TrackPointExtension>
    </extensions>
   </trkpt>
   <trkpt lat="37.2586430" lon="-79.9378840">
    <ele>284.6</ele>
    <time>2026-02-18T10:46:34Z</time>
    <extensions>
     <power>218</power>
     <gpxtpx:TrackPointExtension>
      <gpxtpx:hr>135</gpxtpx:hr>
      <gpxtpx:cad>84</gpxtpx:cad>
     </gpxtpx:TrackPointExtension>
    </extensions>
   </trkpt>
   <trkpt lat="37.2586360" lon="-79.9378670">
    <ele>284.6</ele>
    <time>2026-02-18T10:46:35Z</time>
    <extensions>
     <power>217</power>
     <gpxtpx:TrackPointExtension>
      <gpxtpx:hr>135</gpxtpx:hr>
      <gpxtpx:cad>84</gpxtpx:cad>
     </gpxtpx:TrackPointExtension>
    </extensions>
   </trkpt>
   <trkpt lat="37.2586280" lon="-79.9378550">
    <ele>284.6</ele>
    <time>2026-02-18T10:46:36Z</time>
    <extensions>
     <power>194</power>
     <gpxtpx:TrackPointExtension>
      <gpxtpx:hr>135</gpxtpx:hr>
      <gpxtpx:cad>84</gpxtpx:cad>
     </gpxtpx:TrackPointExtension>
    </extensions>
   </trkpt>
   <trkpt lat="37.2586230" lon="-79.9378430">
    <ele>284.6</ele>
    <time>2026-02-18T10:46:37Z</time>
    <extensions>
     <power>185</power>
     <gpxtpx:TrackPointExtension>
      <gpxtpx:hr>135</gpxtpx:hr>
      <gpxtpx:cad>84</gpxtpx:cad>
     </gpxtpx:TrackPointExtension>
    </extensions>
   </trkpt>
   <trkpt lat="37.2586260" lon="-79.9378290">
    <ele>284.6</ele>
    <time>2026-02-18T10:46:38Z</time>
    <extensions>
     <power>173</power>
     <gpxtpx:TrackPointExtension>
      <gpxtpx:hr>135</gpxtpx:hr>
      <gpxtpx:cad>80</gpxtpx:cad>
     </gpxtpx:TrackPointExtension>
    </extensions>
   </trkpt>
   <trkpt lat="37.2586370" lon="-79.9378210">
    <ele>284.4</ele>
    <time>2026-02-18T10:46:39Z</time>
    <extensions>
     <power>162</power>
     <gpxtpx:TrackPointExtension>
      <gpxtpx:hr>134</gpxtpx:hr>
      <gpxtpx:cad>80</gpxtpx:cad>
     </gpxtpx:TrackPointExtension>
    </extensions>
   </trkpt>
   <trkpt lat="37.2586570" lon="-79.9378020">
    <ele>284.4</ele>
    <time>2026-02-18T10:46:40Z</time>
    <extensions>
     <power>148</power>
     <gpxtpx:TrackPointExtension>
      <gpxtpx:hr>134</gpxtpx:hr>
      <gpxtpx:cad>80</gpxtpx:cad>
     </gpxtpx:TrackPointExtension>
    </extensions>
   </trkpt>
   <trkpt lat="37.2586690" lon="-79.9377920">
    <ele>284.4</ele>
    <time>2026-02-18T10:46:41Z</time>
    <extensions>
     <power>149</power>
     <gpxtpx:TrackPointExtension>
      <gpxtpx:hr>134</gpxtpx:hr>
      <gpxtpx:cad>0</gpxtpx:cad>
     </gpxtpx:TrackPointExtension>
    </extensions>
   </trkpt>
   <trkpt lat="37.2586880" lon="-79.9377710">
    <ele>284.4</ele>
    <time>2026-02-18T10:46:42Z</time>
    <extensions>
     <power>89</power>
     <gpxtpx:TrackPointExtension>
      <gpxtpx:hr>133</gpxtpx:hr>
      <gpxtpx:cad>0</gpxtpx:cad>
     </gpxtpx:TrackPointExtension>
    </extensions>
   </trkpt>
   <trkpt lat="37.2587040" lon="-79.9377550">
    <ele>284.6</ele>
    <time>2026-02-18T10:46:43Z</time>
    <extensions>
     <power>89</power>
     <gpxtpx:TrackPointExtension>
      <gpxtpx:hr>133</gpxtpx:hr>
      <gpxtpx:cad>0</gpxtpx:cad>
     </gpxtpx:TrackPointExtension>
    </extensions>
   </trkpt>
   <trkpt lat="37.2587210" lon="-79.9377460">
    <ele>284.6</ele>
    <time>2026-02-18T10:46:44Z</time>
    <extensions>
     <power>89</power>
     <gpxtpx:TrackPointExtension>
      <gpxtpx:hr>133</gpxtpx:hr>
      <gpxtpx:cad>85</gpxtpx:cad>
     </gpxtpx:TrackPointExtension>
    </extensions>
   </trkpt>
   <trkpt lat="37.2587370" lon="-79.9377320">
    <ele>284.6</ele>
    <time>2026-02-18T10:46:45Z</time>
    <extensions>
     <power>275</power>
     <gpxtpx:TrackPointExtension>
      <gpxtpx:hr>133</gpxtpx:hr>
      <gpxtpx:cad>85</gpxtpx:cad>
     </gpxtpx:TrackPointExtension>
    </extensions>
   </trkpt>
   <trkpt lat="37.2587490" lon="-79.9377210">
    <ele>284.6</ele>
    <time>2026-02-18T10:46:46Z</time>
    <extensions>
     <power>270</power>
     <gpxtpx:TrackPointExtension>
      <gpxtpx:hr>133</gpxtpx:hr>
      <gpxtpx:cad>84</gpxtpx:cad>
     </gpxtpx:TrackPointExtension>
    </extensions>
   </trkpt>
   <trkpt lat="37.2587550" lon="-79.9377070">
    <ele>284.6</ele>
    <time>2026-02-18T10:46:47Z</time>
    <extensions>
     <power>244</power>
     <gpxtpx:TrackPointExtension>
      <gpxtpx:hr>134</gpxtpx:hr>
      <gpxtpx:cad>84</gpxtpx:cad>
     </gpxtpx:TrackPointExtension>
    </extensions>
   </trkpt>
   <trkpt lat="37.2587620" lon="-79.9376960">
    <ele>284.6</ele>
    <time>2026-02-18T10:46:48Z</time>
    <extensions>
     <power>218</power>
     <gpxtpx:TrackPointExtension>
      <gpxtpx:hr>133</gpxtpx:hr>
      <gpxtpx:cad>84</gpxtpx:cad>
     </gpxtpx:TrackPointExtension>
    </extensions>
   </trkpt>
   <trkpt lat="37.2587660" lon="-79.9376850">
    <ele>284.6</ele>
    <time>2026-02-18T10:46:49Z</time>
    <extensions>
     <power>192</power>
     <gpxtpx:TrackPointExtension>
      <gpxtpx:hr>133</gpxtpx:hr>
      <gpxtpx:cad>84</gpxtpx:cad>
     </gpxtpx:TrackPointExtension>
    </extensions>
   </trkpt>
   <trkpt lat="37.2587740" lon="-79.9376730">
    <ele>284.6</ele>
    <time>2026-02-18T10:46:50Z</time>
    <extensions>
     <power>177</power>
     <gpxtpx:TrackPointExtension>
      <gpxtpx:hr>133</gpxtpx:hr>
      <gpxtpx:cad>84</gpxtpx:cad>
     </gpxtpx:TrackPointExtension>
    </extensions>
   </trkpt>
   <trkpt lat="37.2587820" lon="-79.9376640">
    <ele>284.6</ele>
    <time>2026-02-18T10:46:51Z</time>
    <extensions>
     <power>164</power>
     <gpxtpx:TrackPointExtension>
      <gpxtpx:hr>133</gpxtpx:hr>
      <gpxtpx:cad>84</gpxtpx:cad>
     </gpxtpx:TrackPointExtension>
    </extensions>
   </trkpt>
   <trkpt lat="37.2587930" lon="-79.9376540">
    <ele>284.6</ele>
    <time>2026-02-18T10:46:52Z</time>
    <extensions>
     <power>109</power>
     <gpxtpx:TrackPointExtension>
      <gpxtpx:hr>133</gpxtpx:hr>
      <gpxtpx:cad>57</gpxtpx:cad>
     </gpxtpx:TrackPointExtension>
    </extensions>
   </trkpt>
   <trkpt lat="37.2588010" lon="-79.9376390">
    <ele>284.6</ele>
    <time>2026-02-18T10:46:53Z</time>
    <extensions>
     <power>110</power>
     <gpxtpx:TrackPointExtension>
      <gpxtpx:hr>133</gpxtpx:hr>
      <gpxtpx:cad>57</gpxtpx:cad>
     </gpxtpx:TrackPointExtension>
    </extensions>
   </trkpt>
   <trkpt lat="37.2588110" lon="-79.9376290">
    <ele>284.6</ele>
    <time>2026-02-18T10:46:54Z</time>
    <extensions>
     <power>113</power>
     <gpxtpx:TrackPointExtension>
      <gpxtpx:hr>132</gpxtpx:hr>
      <gpxtpx:cad>57</gpxtpx:cad>
     </gpxtpx:TrackPointExtension>
    </extensions>
   </trkpt>
   <trkpt lat="37.2588230" lon="-79.9376160">
    <ele>284.6</ele>
    <time>2026-02-18T10:46:55Z</time>
    <extensions>
     <power>118</power>
     <gpxtpx:TrackPointExtension>
      <gpxtpx:hr>132</gpxtpx:hr>
      <gpxtpx:cad>57</gpxtpx:cad>
     </gpxtpx:TrackPointExtension>
    </extensions>
   </trkpt>
   <trkpt lat="37.2588310" lon="-79.9376000">
    <ele>284.6</ele>
    <time>2026-02-18T10:46:56Z</time>
    <extensions>
     <power>119</power>
     <gpxtpx:TrackPointExtension>
      <gpxtpx:hr>131</gpxtpx:hr>
      <gpxtpx:cad>79</gpxtpx:cad>
     </gpxtpx:TrackPointExtension>
    </extensions>
   </trkpt>
   <trkpt lat="37.2588420" lon="-79.9375930">
    <ele>284.6</ele>
    <time>2026-02-18T10:46:57Z</time>
    <extensions>
     <power>181</power>
     <gpxtpx:TrackPointExtension>
      <gpxtpx:hr>130</gpxtpx:hr>
      <gpxtpx:cad>80</gpxtpx:cad>
     </gpxtpx:TrackPointExtension>
    </extensions>
   </trkpt>
   <trkpt lat="37.2588530" lon="-79.9375820">
    <ele>284.6</ele>
    <time>2026-02-18T10:46:58Z</time>
    <extensions>
     <power>184</power>
     <gpxtpx:TrackPointExtension>
      <gpxtpx:hr>130</gpxtpx:hr>
      <gpxtpx:cad>80</gpxtpx:cad>
     </gpxtpx:TrackPointExtension>
    </extensions>
   </trkpt>
   <trkpt lat="37.2588620" lon="-79.9375660">
    <ele>284.6</ele>
    <time>2026-02-18T10:46:59Z</time>
    <extensions>
     <power>184</power>
     <gpxtpx:TrackPointExtension>
      <gpxtpx:hr>130</gpxtpx:hr>
      <gpxtpx:cad>80</gpxtpx:cad>
     </gpxtpx:TrackPointExtension>
    </extensions>
   </trkpt>
   <trkpt lat="37.2588710" lon="-79.9375620">
    <ele>284.6</ele>
    <time>2026-02-18T10:47:00Z</time>
    <extensions>
     <power>184</power>
     <gpxtpx:TrackPointExtension>
      <gpxtpx:hr>129</gpxtpx:hr>
      <gpxtpx:cad>80</gpxtpx:cad>
     </gpxtpx:TrackPointExtension>
    </extensions>
   </trkpt>
   <trkpt lat="37.2588830" lon="-79.9375430">
    <ele>284.8</ele>
    <time>2026-02-18T10:47:01Z</time>
    <extensions>
     <power>183</power>
     <gpxtpx:TrackPointExtension>
      <gpxtpx:hr>129</gpxtpx:hr>
      <gpxtpx:cad>80</gpxtpx:cad>
     </gpxtpx:TrackPointExtension>
    </extensions>
   </trkpt>
   <trkpt lat="37.2588980" lon="-79.9375220">
    <ele>284.8</ele>
    <time>2026-02-18T10:47:02Z</time>
    <extensions>
     <power>184</power>
     <gpxtpx:TrackPointExtension>
      <gpxtpx:hr>129</gpxtpx:hr>
      <gpxtpx:cad>80</gpxtpx:cad>
     </gpxtpx:TrackPointExtension>
    </extensions>
   </trkpt>
   <trkpt lat="37.2589120" lon="-79.9375070">
    <ele>284.8</ele>
    <time>2026-02-18T10:47:03Z</time>
    <extensions>
     <power>187</power>
     <gpxtpx:TrackPointExtension>
      <gpxtpx:hr>129</gpxtpx:hr>
      <gpxtpx:cad>80</gpxtpx:cad>
     </gpxtpx:TrackPointExtension>
    </extensions>
   </trkpt>
   <trkpt lat="37.2589310" lon="-79.9374860">
    <ele>284.8</ele>
    <time>2026-02-18T10:47:04Z</time>
    <extensions>
     <power>193</power>
     <gpxtpx:TrackPointExtension>
      <gpxtpx:hr>129</gpxtpx:hr>
      <gpxtpx:cad>79</gpxtpx:cad>
     </gpxtpx:TrackPointExtension>
    </extensions>
   </trkpt>
   <trkpt lat="37.2589500" lon="-79.9374740">
    <ele>284.8</ele>
    <time>2026-02-18T10:47:05Z</time>
    <extensions>
     <power>200</power>
     <gpxtpx:TrackPointExtension>
      <gpxtpx:hr>129</gpxtpx:hr>
      <gpxtpx:cad>83</gpxtpx:cad>
     </gpxtpx:TrackPointExtension>
    </extensions>
   </trkpt>
   <trkpt lat="37.2589720" lon="-79.9374510">
    <ele>284.8</ele>
    <time>2026-02-18T10:47:06Z</time>
    <extensions>
     <power>202</power>
     <gpxtpx:TrackPointExtension>
      <gpxtpx:hr>130</gpxtpx:hr>
      <gpxtpx:cad>83</gpxtpx:cad>
     </gpxtpx:TrackPointExtension>
    </extensions>
   </trkpt>
   <trkpt lat="37.2589880" lon="-79.9374360">
    <ele>284.8</ele>
    <time>2026-02-18T10:47:07Z</time>
    <extensions>
     <power>283</power>
     <gpxtpx:TrackPointExtension>
      <gpxtpx:hr>129</gpxtpx:hr>
      <gpxtpx:cad>83</gpxtpx:cad>
     </gpxtpx:TrackPointExtension>
    </extensions>
   </trkpt>
   <trkpt lat="37.2590070" lon="-79.9374210">
    <ele>284.8</ele>
    <time>2026-02-18T10:47:08Z</time>
    <extensions>
     <power>291</power>
     <gpxtpx:TrackPointExtension>
      <gpxtpx:hr>130</gpxtpx:hr>
      <gpxtpx:cad>83</gpxtpx:cad>
     </gpxtpx:TrackPointExtension>
    </extensions>
   </trkpt>
   <trkpt lat="37.2590250" lon="-79.9374040">
    <ele>284.8</ele>
    <time>2026-02-18T10:47:09Z</time>
    <extensions>
     <power>304</power>
     <gpxtpx:TrackPointExtension>
      <gpxtpx:hr>130</gpxtpx:hr>
      <gpxtpx:cad>83</gpxtpx:cad>
     </gpxtpx:TrackPointExtension>
    </extensions>
   </trkpt>
   <trkpt lat="37.2590410" lon="-79.9373920">
    <ele>284.8</ele>
    <time>2026-02-18T10:47:10Z</time>
    <extensions>
     <power>294</power>
     <gpxtpx:TrackPointExtension>
      <gpxtpx:hr>131</gpxtpx:hr>
      <gpxtpx:cad>85</gpxtpx:cad>
     </gpxtpx:TrackPointExtension>
    </extensions>
   </trkpt>
   <trkpt lat="37.2590600" lon="-79.9373670">
    <ele>285.0</ele>
    <time>2026-02-18T10:47:11Z</time>
    <extensions>
     <power>273</power>
     <gpxtpx:TrackPointExtension>
      <gpxtpx:hr>131</gpxtpx:hr>
      <gpxtpx:cad>84</gpxtpx:cad>
     </gpxtpx:TrackPointExtension>
    </extensions>
   </trkpt>
   <trkpt lat="37.2590750" lon="-79.9373530">
    <ele>285.0</ele>
    <time>2026-02-18T10:47:12Z</time>
    <extensions>
     <power>274</power>
     <gpxtpx:TrackPointExtension>
      <gpxtpx:hr>132</gpxtpx:hr>
      <gpxtpx:cad>84</gpxtpx:cad>
     </gpxtpx:TrackPointExtension>
    </extensions>
   </trkpt>
   <trkpt lat="37.2590960" lon="-79.9373300">
    <ele>285.0</ele>
    <time>2026-02-18T10:47:13Z</time>
    <extensions>
     <power>286</power>
     <gpxtpx:TrackPointExtension>
      <gpxtpx:hr>132</gpxtpx:hr>
      <gpxtpx:cad>85</gpxtpx:cad>
     </gpxtpx:TrackPointExtension>
    </extensions>
   </trkpt>
   <trkpt lat="37.2591120" lon="-79.9373130">
    <ele>285.0</ele>
    <time>2026-02-18T10:47:14Z</time>
    <extensions>
     <power>305</power>
     <gpxtpx:TrackPointExtension>
      <gpxtpx:hr>132</gpxtpx:hr>
      <gpxtpx:cad>85</gpxtpx:cad>
     </gpxtpx:TrackPointExtension>
    </extensions>
   </trkpt>
   <trkpt lat="37.2591300" lon="-79.9372930">
    <ele>285.0</ele>
    <time>2026-02-18T10:47:15Z</time>
    <extensions>
     <power>295</power>
     <gpxtpx:TrackPointExtension>
      <gpxtpx:hr>133</gpxtpx:hr>
      <gpxtpx:cad>85</gpxtpx:cad>
     </gpxtpx:TrackPointExtension>
    </extensions>
   </trkpt>
   <trkpt lat="37.2591450" lon="-79.9372700">
    <ele>285.2</ele>
    <time>2026-02-18T10:47:16Z</time>
    <extensions>
     <power>302</power>
     <gpxtpx:TrackPointExtension>
      <gpxtpx:hr>133</gpxtpx:hr>
      <gpxtpx:cad>85</gpxtpx:cad>
     </gpxtpx:TrackPointExtension>
    </extensions>
   </trkpt>
   <trkpt lat="37.2591650" lon="-79.9372540">
    <ele>285.2</ele>
    <time>2026-02-18T10:47:17Z</time>
    <extensions>
     <power>299</power>
     <gpxtpx:TrackPointExtension>
      <gpxtpx:hr>133</gpxtpx:hr>
      <gpxtpx:cad>85</gpxtpx:cad>
     </gpxtpx:TrackPointExtension>
    </extensions>
   </trkpt>
   <trkpt lat="37.2591830" lon="-79.9372280">
    <ele>285.4</ele>
    <time>2026-02-18T10:47:18Z</time>
    <extensions>
     <power>298</power>
     <gpxtpx:TrackPointExtension>
      <gpxtpx:hr>134</gpxtpx:hr>
      <gpxtpx:cad>85</gpxtpx:cad>
     </gpxtpx:TrackPointExtension>
    </extensions>
   </trkpt>
   <trkpt lat="37.2592000" lon="-79.9372170">
    <ele>285.4</ele>
    <time>2026-02-18T10:47:19Z</time>
    <extensions>
     <power>309</power>
     <gpxtpx:TrackPointExtension>
      <gpxtpx:hr>134</gpxtpx:hr>
      <gpxtpx:cad>87</gpxtpx:cad>
     </gpxtpx:TrackPointExtension>
    </extensions>
   </trkpt>
   <trkpt lat="37.2592210" lon="-79.9371900">
    <ele>285.6</ele>
    <time>2026-02-18T10:47:20Z</time>
    <extensions>
     <power>314</power>
     <gpxtpx:TrackPointExtension>
      <gpxtpx:hr>135</gpxtpx:hr>
      <gpxtpx:cad>87</gpxtpx:cad>
     </gpxtpx:TrackPointExtension>
    </extensions>
   </trkpt>
   <trkpt lat="37.2592360" lon="-79.9371780">
    <ele>285.8</ele>
    <time>2026-02-18T10:47:21Z</time>
    <extensions>
     <power>322</power>
     <gpxtpx:TrackPointExtension>
      <gpxtpx:hr>135</gpxtpx:hr>
      <gpxtpx:cad>87</gpxtpx:cad>
     </gpxtpx:TrackPointExtension>
    </extensions>
   </trkpt>
   <trkpt lat="37.2592570" lon="-79.9371560">
    <ele>286.0</ele>
    <time>2026-02-18T10:47:22Z</time>
    <extensions>
     <power>325</power>
     <gpxtpx:TrackPointExtension>
      <gpxtpx:hr>135</gpxtpx:hr>
      <gpxtpx:cad>87</gpxtpx:cad>
     </gpxtpx:TrackPointExtension>
    </extensions>
   </trkpt>
   <trkpt lat="37.2592760" lon="-79.9371380">
    <ele>286.2</ele>
    <time>2026-02-18T10:47:23Z</time>
    <extensions>
     <power>328</power>
     <gpxtpx:TrackPointExtension>
      <gpxtpx:hr>136</gpxtpx:hr>
      <gpxtpx:cad>86</gpxtpx:cad>
     </gpxtpx:TrackPointExtension>
    </extensions>
   </trkpt>
   <trkpt lat="37.2592980" lon="-79.9371180">
    <ele>286.2</ele>
    <time>2026-02-18T10:47:24Z</time>
    <extensions>
     <power>330</power>
     <gpxtpx:TrackPointExtension>
      <gpxtpx:hr>136</gpxtpx:hr>
      <gpxtpx:cad>86</gpxtpx:cad>
     </gpxtpx:TrackPointExtension>
    </extensions>
   </trkpt>
   <trkpt lat="37.2593160" lon="-79.9370970">
    <ele>286.4</ele>
    <time>2026-02-18T10:47:25Z</time>
    <extensions>
     <power>335</power>
     <gpxtpx:TrackPointExtension>
      <gpxtpx:hr>137</gpxtpx:hr>
      <gpxtpx:cad>86</gpxtpx:cad>
     </gpxtpx:TrackPointExtension>
    </extensions>
   </trkpt>
   <trkpt lat="37.2593360" lon="-79.9370820">
    <ele>286.6</ele>
    <time>2026-02-18T10:47:26Z</time>
    <extensions>
     <power>354</power>
     <gpxtpx:TrackPointExtension>
      <gpxtpx:hr>137</gpxtpx:hr>
      <gpxtpx:cad>86</gpxtpx:cad>
     </gpxtpx:TrackPointExtension>
    </extensions>
   </trkpt>
   <trkpt lat="37.2593540" lon="-79.9370570">
    <ele>286.6</ele>
    <time>2026-02-18T10:47:27Z</time>
    <extensions>
     <power>363</power>
     <gpxtpx:TrackPointExtension>
      <gpxtpx:hr>138</gpxtpx:hr>
      <gpxtpx:cad>88</gpxtpx:cad>
     </gpxtpx:TrackPointExtension>
    </extensions>
   </trkpt>
   <trkpt lat="37.2593700" lon="-79.9370430">
    <ele>286.8</ele>
    <time>2026-02-18T10:47:28Z</time>
    <extensions>
     <power>372</power>
     <gpxtpx:TrackPointExtension>
      <gpxtpx:hr>138</gpxtpx:hr>
      <gpxtpx:cad>88</gpxtpx:cad>
     </gpxtpx:TrackPointExtension>
    </extensions>
   </trkpt>
   <trkpt lat="37.2593860" lon="-79.9370160">
    <ele>287.0</ele>
    <time>2026-02-18T10:47:29Z</time>
    <extensions>
     <power>378</power>
     <gpxtpx:TrackPointExtension>
      <gpxtpx:hr>139</gpxtpx:hr>
      <gpxtpx:cad>88</gpxtpx:cad>
     </gpxtpx:TrackPointExtension>
    </extensions>
   </trkpt>
   <trkpt lat="37.2594010" lon="-79.9370030">
    <ele>287.0</ele>
    <time>2026-02-18T10:47:30Z</time>
    <extensions>
     <power>384</power>
     <gpxtpx:TrackPointExtension>
      <gpxtpx:hr>140</gpxtpx:hr>
      <gpxtpx:cad>88</gpxtpx:cad>
     </gpxtpx:TrackPointExtension>
    </extensions>
   </trkpt>
   <trkpt lat="37.2594230" lon="-79.9369790">
    <ele>287.0</ele>
    <time>2026-02-18T10:47:31Z</time>
    <extensions>
     <power>391</power>
     <gpxtpx:TrackPointExtension>
      <gpxtpx:hr>141</gpxtpx:hr>
      <gpxtpx:cad>87</gpxtpx:cad>
     </gpxtpx:TrackPointExtension>
    </extensions>
   </trkpt>
   <trkpt lat="37.2594370" lon="-79.9369600">
    <ele>287.2</ele>
    <time>2026-02-18T10:47:32Z</time>
    <extensions>
     <power>394</power>
     <gpxtpx:TrackPointExtension>
      <gpxtpx:hr>141</gpxtpx:hr>
      <gpxtpx:cad>86</gpxtpx:cad>
     </gpxtpx:TrackPointExtension>
    </extensions>
   </trkpt>
   <trkpt lat="37.2594520" lon="-79.9369430">
    <ele>287.2</ele>
    <time>2026-02-18T10:47:33Z</time>
    <extensions>
     <power>391</power>
     <gpxtpx:TrackPointExtension>
      <gpxtpx:hr>142</gpxtpx:hr>
      <gpxtpx:cad>86</gpxtpx:cad>
     </gpxtpx:TrackPointExtension>
    </extensions>
   </trkpt>
   <trkpt lat="37.2594690" lon="-79.9369210">
    <ele>287.2</ele>
    <time>2026-02-18T10:47:34Z</time>
    <extensions>
     <power>388</power>
     <gpxtpx:TrackPointExtension>
      <gpxtpx:hr>143</gpxtpx:hr>
      <gpxtpx:cad>87</gpxtpx:cad>
     </gpxtpx:TrackPointExtension>
    </extensions>
   </trkpt>
   <trkpt lat="37.2594860" lon="-79.9369100">
    <ele>287.4</ele>
    <time>2026-02-18T10:47:35Z</time>
    <extensions>
     <power>380</power>
     <gpxtpx:TrackPointExtension>
      <gpxtpx:hr>144</gpxtpx:hr>
      <gpxtpx:cad>86</gpxtpx:cad>
     </gpxtpx:TrackPointExtension>
    </extensions>
   </trkpt>
   <trkpt lat="37.2595050" lon="-79.9368890">
    <ele>287.4</ele>
    <time>2026-02-18T10:47:36Z</time>
    <extensions>
     <power>378</power>
     <gpxtpx:TrackPointExtension>
      <gpxtpx:hr>144</gpxtpx:hr>
      <gpxtpx:cad>86</gpxtpx:cad>
     </gpxtpx:TrackPointExtension>
    </extensions>
   </trkpt>
   <trkpt lat="37.2595190" lon="-79.9368730">
    <ele>287.2</ele>
    <time>2026-02-18T10:47:37Z</time>
    <extensions>
     <power>375</power>
     <gpxtpx:TrackPointExtension>
      <gpxtpx:hr>145</gpxtpx:hr>
      <gpxtpx:cad>86</gpxtpx:cad>
     </gpxtpx:TrackPointExtension>
    </extensions>
   </trkpt>
   <trkpt lat="37.2595360" lon="-79.9368570">
    <ele>287.2</ele>
    <time>2026-02-18T10:47:38Z</time>
    <extensions>
     <power>366</power>
     <gpxtpx:TrackPointExtension>
      <gpxtpx:hr>145</gpxtpx:hr>
      <gpxtpx:cad>84</gpxtpx:cad>
     </gpxtpx:TrackPointExtension>
    </extensions>
   </trkpt>
   <trkpt lat="37.2595550" lon="-79.9368340">
    <ele>287.0</ele>
    <time>2026-02-18T10:47:39Z</time>
    <extensions>
     <power>355</power>
     <gpxtpx:TrackPointExtension>
      <gpxtpx:hr>146</gpxtpx:hr>
      <gpxtpx:cad>84</gpxtpx:cad>
     </gpxtpx:TrackPointExtension>
    </extensions>
   </trkpt>
   <trkpt lat="37.2595700" lon="-79.9368210">
    <ele>286.8</ele>
    <time>2026-02-18T10:47:40Z</time>
    <extensions>
     <power>343</power>
     <gpxtpx:TrackPointExtension>
      <gpxtpx:hr>146</gpxtpx:hr>
      <gpxtpx:cad>84</gpxtpx:cad>
     </gpxtpx:TrackPointExtension>
    </extensions>
   </trkpt>
   <trkpt lat="37.2595860" lon="-79.9367990">
    <ele>286.6</ele>
    <time>2026-02-18T10:47:41Z</time>
    <extensions>
     <power>331</power>
     <gpxtpx:TrackPointExtension>
      <gpxtpx:hr>147</gpxtpx:hr>
      <gpxtpx:cad>82</gpxtpx:cad>
     </gpxtpx:TrackPointExtension>
    </extensions>
   </trkpt>
   <trkpt lat="37.2596010" lon="-79.9367800">
    <ele>286.4</ele>
    <time>2026-02-18T10:47:42Z</time>
    <extensions>
     <power>320</power>
     <gpxtpx:TrackPointExtension>
      <gpxtpx:hr>147</gpxtpx:hr>
      <gpxtpx:cad>83</gpxtpx:cad>
     </gpxtpx:TrackPointExtension>
    </extensions>
   </trkpt>
   <trkpt lat="37.2596160" lon="-79.9367650">
    <ele>286.2</ele>
    <time>2026-02-18T10:47:43Z</time>
    <extensions>
     <power>306</power>
     <gpxtpx:TrackPointExtension>
      <gpxtpx:hr>147</gpxtpx:hr>
      <gpxtpx:cad>83</gpxtpx:cad>
     </gpxtpx:TrackPointExtension>
    </extensions>
   </trkpt>
   <trkpt lat="37.2596360" lon="-79.9367410">
    <ele>286.0</ele>
    <time>2026-02-18T10:47:44Z</time>
    <extensions>
     <power>300</power>
     <gpxtpx:TrackPointExtension>
      <gpxtpx:hr>147</gpxtpx:hr>
      <gpxtpx:cad>83</gpxtpx:cad>
     </gpxtpx:TrackPointExtension>
    </extensions>
   </trkpt>
   <trkpt lat="37.2596550" lon="-79.9367290">
    <ele>285.8</ele>
    <time>2026-02-18T10:47:45Z</time>
    <extensions>
     <power>293</power>
     <gpxtpx:TrackPointExtension>
      <gpxtpx:hr>147</gpxtpx:hr>
      <gpxtpx:cad>83</gpxtpx:cad>
     </gpxtpx:TrackPointExtension>
    </extensions>
   </trkpt>
   <trkpt lat="37.2596750" lon="-79.9367050">
    <ele>285.6</ele>
    <time>2026-02-18T10:47:46Z</time>
    <extensions>
     <power>288</power>
     <gpxtpx:TrackPointExtension>
      <gpxtpx:hr>147</gpxtpx:hr>
      <gpxtpx:cad>83</gpxtpx:cad>
     </gpxtpx:TrackPointExtension>
    </extensions>
   </trkpt>
   <trkpt lat="37.2596900" lon="-79.9366850">
    <ele>285.4</ele>
    <time>2026-02-18T10:47:47Z</time>
    <extensions>
     <power>286</power>
     <gpxtpx:TrackPointExtension>
      <gpxtpx:hr>147</gpxtpx:hr>
      <gpxtpx:cad>83</gpxtpx:cad>
     </gpxtpx:TrackPointExtension>
    </extensions>
   </trkpt>
   <trkpt lat="37.2597110" lon="-79.9366730">
    <ele>285.2</ele>
    <time>2026-02-18T10:47:48Z</time>
    <extensions>
     <power>286</power>
     <gpxtpx:TrackPointExtension>
      <gpxtpx:hr>147</gpxtpx:hr>
      <gpxtpx:cad>83</gpxtpx:cad>
     </gpxtpx:TrackPointExtension>
    </extensions>
   </trkpt>
   <trkpt lat="37.2597330" lon="-79.9366500">
    <ele>285.0</ele>
    <time>2026-02-18T10:47:49Z</time>
    <extensions>
     <power>284</power>
     <gpxtpx:TrackPointExtension>
      <gpxtpx:hr>146</gpxtpx:hr>
      <gpxtpx:cad>83</gpxtpx:cad>
     </gpxtpx:TrackPointExtension>
    </extensions>
   </trkpt>
   <trkpt lat="37.2597490" lon="-79.9366390">
    <ele>285.0</ele>
    <time>2026-02-18T10:47:50Z</time>
    <extensions>
     <power>283</power>
     <gpxtpx:TrackPointExtension>
      <gpxtpx:hr>147</gpxtpx:hr>
      <gpxtpx:cad>84</gpxtpx:cad>
     </gpxtpx:TrackPointExtension>
    </extensions>
   </trkpt>
   <trkpt lat="37.2597660" lon="-79.9366160">
    <ele>284.8</ele>
    <time>2026-02-18T10:47:51Z</time>
    <extensions>
     <power>282</power>
     <gpxtpx:TrackPointExtension>
      <gpxtpx:hr>146</gpxtpx:hr>
      <gpxtpx:cad>84</gpxtpx:cad>
     </gpxtpx:TrackPointExtension>
    </extensions>
   </trkpt>
   <trkpt lat="37.2597820" lon="-79.9365970">
    <ele>284.6</ele>
    <time>2026-02-18T10:47:52Z</time>
    <extensions>
     <power>279</power>
     <gpxtpx:TrackPointExtension>
      <gpxtpx:hr>146</gpxtpx:hr>
      <gpxtpx:cad>84</gpxtpx:cad>
     </gpxtpx:TrackPointExtension>
    </extensions>
   </trkpt>
   <trkpt lat="37.2597980" lon="-79.9365840">
    <ele>284.6</ele>
    <time>2026-02-18T10:47:53Z</time>
    <extensions>
     <power>272</power>
     <gpxtpx:TrackPointExtension>
      <gpxtpx:hr>146</gpxtpx:hr>
      <gpxtpx:cad>84</gpxtpx:cad>
     </gpxtpx:TrackPointExtension>
    </extensions>
   </trkpt>
   <trkpt lat="37.2598140" lon="-79.9365620">
    <ele>284.4</ele>
    <time>2026-02-18T10:47:54Z</time>
    <extensions>
     <power>267</power>
     <gpxtpx:TrackPointExtension>
      <gpxtpx:hr>147</gpxtpx:hr>
      <gpxtpx:cad>83</gpxtpx:cad>
     </gpxtpx:TrackPointExtension>
    </extensions>
   </trkpt>
   <trkpt lat="37.2598280" lon="-79.9365490">
    <ele>284.4</ele>
    <time>2026-02-18T10:47:55Z</time>
    <extensions>
     <power>262</power>
     <gpxtpx:TrackPointExtension>
      <gpxtpx:hr>146</gpxtpx:hr>
      <gpxtpx:cad>83</gpxtpx:cad>
     </gpxtpx:TrackPointExtension>
    </extensions>
   </trkpt>
   <trkpt lat="37.2598490" lon="-79.9365250">
    <ele>284.2</ele>
    <time>2026-02-18T10:47:56Z</time>
    <extensions>
     <power>258</power>
     <gpxtpx:TrackPointExtension>
      <gpxtpx:hr>146</gpxtpx:hr>
      <gpxtpx:cad>83</gpxtpx:cad>
     </gpxtpx:TrackPointExtension>
    </extensions>
   </trkpt>
   <trkpt lat="37.2598650" lon="-79.9365100">
    <ele>284.0</ele>
    <time>2026-02-18T10:47:57Z</time>
    <extensions>
     <power>252</power>
     <gpxtpx:TrackPointExtension>
      <gpxtpx:hr>146</gpxtpx:hr>
      <gpxtpx:cad>84</gpxtpx:cad>
     </gpxtpx:TrackPointExtension>
    </extensions>
   </trkpt>
   <trkpt lat="37.2598810" lon="-79.9364910">
    <ele>283.8</ele>
    <time>2026-02-18T10:47:58Z</time>
    <extensions>
     <power>248</power>
     <gpxtpx:TrackPointExtension>
      <gpxtpx:hr>146</gpxtpx:hr>
      <gpxtpx:cad>85</gpxtpx:cad>
     </gpxtpx:TrackPointExtension>
    </extensions>
   </trkpt>
   <trkpt lat="37.2598970" lon="-79.9364650">
    <ele>283.8</ele>
    <time>2026-02-18T10:47:59Z</time>
    <extensions>
     <power>246</power>
     <gpxtpx:TrackPointExtension>
      <gpxtpx:hr>146</gpxtpx:hr>
      <gpxtpx:cad>85</gpxtpx:cad>
     </gpxtpx:TrackPointExtension>
    </extensions>
   </trkpt>
   <trkpt lat="37.2599120" lon="-79.9364490">
    <ele>283.8</ele>
    <time>2026-02-18T10:48:00Z</time>
    <extensions>
     <power>244</power>
     <gpxtpx:TrackPointExtension>
      <gpxtpx:hr>146</gpxtpx:hr>
      <gpxtpx:cad>85</gpxtpx:cad>
     </gpxtpx:TrackPointExtension>
    </extensions>
   </trkpt>
   <trkpt lat="37.2599320" lon="-79.9364230">
    <ele>283.6</ele>
    <time>2026-02-18T10:48:01Z</time>
    <extensions>
     <power>243</power>
     <gpxtpx:TrackPointExtension>
      <gpxtpx:hr>146</gpxtpx:hr>
      <gpxtpx:cad>85</gpxtpx:cad>
     </gpxtpx:TrackPointExtension>
    </extensions>
   </trkpt>
   <trkpt lat="37.2599480" lon="-79.9364050">
    <ele>283.6</ele>
    <time>2026-02-18T10:48:02Z</time>
    <extensions>
     <power>245</power>
     <gpxtpx:TrackPointExtension>
      <gpxtpx:hr>146</gpxtpx:hr>
      <gpxtpx:cad>84</gpxtpx:cad>
     </gpxtpx:TrackPointExtension>
    </extensions>
   </trkpt>
   <trkpt lat="37.2599660" lon="-79.9363830">
    <ele>283.4</ele>
    <time>2026-02-18T10:48:03Z</time>
    <extensions>
     <power>246</power>
     <gpxtpx:TrackPointExtension>
      <gpxtpx:hr>146</gpxtpx:hr>
      <gpxtpx:cad>84</gpxtpx:cad>
     </gpxtpx:TrackPointExtension>
    </extensions>
   </trkpt>
   <trkpt lat="37.2599810" lon="-79.9363630">
    <ele>283.4</ele>
    <time>2026-02-18T10:48:04Z</time>
    <extensions>
     <power>247</power>
     <gpxtpx:TrackPointExtension>
      <gpxtpx:hr>146</gpxtpx:hr>
      <gpxtpx:cad>84</gpxtpx:cad>
     </gpxtpx:TrackPointExtension>
    </extensions>
   </trkpt>
   <trkpt lat="37.2599980" lon="-79.9363500">
    <ele>283.2</ele>
    <time>2026-02-18T10:48:05Z</time>
    <extensions>
     <power>248</power>
     <gpxtpx:TrackPointExtension>
      <gpxtpx:hr>146</gpxtpx:hr>
      <gpxtpx:cad>85</gpxtpx:cad>
     </gpxtpx:TrackPointExtension>
    </extensions>
   </trkpt>
   <trkpt lat="37.2600160" lon="-79.9363260">
    <ele>283.0</ele>
    <time>2026-02-18T10:48:06Z</time>
    <extensions>
     <power>247</power>
     <gpxtpx:TrackPointExtension>
      <gpxtpx:hr>145</gpxtpx:hr>
      <gpxtpx:cad>85</gpxtpx:cad>
     </gpxtpx:TrackPointExtension>
    </extensions>
   </trkpt>
   <trkpt lat="37.2600320" lon="-79.9363130">
    <ele>283.0</ele>
    <time>2026-02-18T10:48:07Z</time>
    <extensions>
     <power>246</power>
     <gpxtpx:TrackPointExtension>
      <gpxtpx:hr>145</gpxtpx:hr>
      <gpxtpx:cad>85</gpxtpx:cad>
     </gpxtpx:TrackPointExtension>
    </extensions>
   </trkpt>
   <trkpt lat="37.2600530" lon="-79.9362890">
    <ele>283.0</ele>
    <time>2026-02-18T10:48:08Z</time>
    <extensions>
     <power>247</power>
     <gpxtpx:TrackPointExtension>
      <gpxtpx:hr>145</gpxtpx:hr>
      <gpxtpx:cad>85</gpxtpx:cad>
     </gpxtpx:TrackPointExtension>
    </extensions>
   </trkpt>
   <trkpt lat="37.2600710" lon="-79.9362720">
    <ele>282.8</ele>
    <time>2026-02-18T10:48:09Z</time>
    <extensions>
     <power>250</power>
     <gpxtpx:TrackPointExtension>
      <gpxtpx:hr>145</gpxtpx:hr>
      <gpxtpx:cad>84</gpxtpx:cad>
     </gpxtpx:TrackPointExtension>
    </extensions>
   </trkpt>
   <trkpt lat="37.2600890" lon="-79.9362530">
    <ele>282.8</ele>
    <time>2026-02-18T10:48:10Z</time>
    <extensions>
     <power>252</power>
     <gpxtpx:TrackPointExtension>
      <gpxtpx:hr>145</gpxtpx:hr>
      <gpxtpx:cad>84</gpxtpx:cad>
     </gpxtpx:TrackPointExtension>
    </extensions>
   </trkpt>
   <trkpt lat="37.2601060" lon="-79.9362330">
    <ele>282.8</ele>
    <time>2026-02-18T10:48:11Z</time>
    <extensions>
     <power>254</power>
     <gpxtpx:TrackPointExtension>
      <gpxtpx:hr>145</gpxtpx:hr>
      <gpxtpx:cad>84</gpxtpx:cad>
     </gpxtpx:TrackPointExtension>
    </extensions>
   </trkpt>
   <trkpt lat="37.2601180" lon="-79.9362180">
    <ele>282.8</ele>
    <time>2026-02-18T10:48:12Z</time>
    <extensions>
     <power>257</power>
     <gpxtpx:TrackPointExtension>
      <gpxtpx:hr>145</gpxtpx:hr>
      <gpxtpx:cad>84</gpxtpx:cad>
     </gpxtpx:TrackPointExtension>
    </extensions>
   </trkpt>
   <trkpt lat="37.2601280" lon="-79.9361890">
    <ele>282.6</ele>
    <time>2026-02-18T10:48:13Z</time>
    <extensions>
     <power>258</power>
     <gpxtpx:TrackPointExtension>
      <gpxtpx:hr>145</gpxtpx:hr>
      <gpxtpx:cad>85</gpxtpx:cad>
     </gpxtpx:TrackPointExtension>
    </extensions>
   </trkpt>
   <trkpt lat="37.2601310" lon="-79.9361690">
    <ele>282.4</ele>
    <time>2026-02-18T10:48:14Z</time>
    <extensions>
     <power>256</power>
     <gpxtpx:TrackPointExtension>
      <gpxtpx:hr>145</gpxtpx:hr>
      <gpxtpx:cad>85</gpxtpx:cad>
     </gpxtpx:TrackPointExtension>
    </extensions>
   </trkpt>
   <trkpt lat="37.2601420" lon="-79.9361450">
    <ele>282.4</ele>
    <time>2026-02-18T10:48:15Z</time>
    <extensions>
     <power>256</power>
     <gpxtpx:TrackPointExtension>
      <gpxtpx:hr>145</gpxtpx:hr>
      <gpxtpx:cad>84</gpxtpx:cad>
     </gpxtpx:TrackPointExtension>
    </extensions>
   </trkpt>
   <trkpt lat="37.2601530" lon="-79.9361230">
    <ele>282.2</ele>
    <time>2026-02-18T10:48:16Z</time>
    <extensions>
     <power>257</power>
     <gpxtpx:TrackPointExtension>
      <gpxtpx:hr>145</gpxtpx:hr>
      <gpxtpx:cad>84</gpxtpx:cad>
     </gpxtpx:TrackPointExtension>
    </extensions>
   </trkpt>
   <trkpt lat="37.2601690" lon="-79.9361100">
    <ele>282.2</ele>
    <time>2026-02-18T10:48:17Z</time>
    <extensions>
     <power>258</power>
     <gpxtpx:TrackPointExtension>
      <gpxtpx:hr>145</gpxtpx:hr>
      <gpxtpx:cad>84</gpxtpx:cad>
     </gpxtpx:TrackPointExtension>
    </extensions>
   </trkpt>
   <trkpt lat="37.2601850" lon="-79.9360840">
    <ele>282.2</ele>
    <time>2026-02-18T10:48:18Z</time>
    <extensions>
     <power>258</power>
     <gpxtpx:TrackPointExtension>
      <gpxtpx:hr>145</gpxtpx:hr>
      <gpxtpx:cad>84</gpxtpx:cad>
     </gpxtpx:TrackPointExtension>
    </extensions>
   </trkpt>
   <trkpt lat="37.2601990" lon="-79.9360720">
    <ele>282.2</ele>
    <time>2026-02-18T10:48:19Z</time>
    <extensions>
     <power>259</power>
     <gpxtpx:TrackPointExtension>
      <gpxtpx:hr>145</gpxtpx:hr>
      <gpxtpx:cad>85</gpxtpx:cad>
     </gpxtpx:TrackPointExtension>
    </extensions>
   </trkpt>
   <trkpt lat="37.2602190" lon="-79.9360470">
    <ele>282.0</ele>
    <time>2026-02-18T10:48:20Z</time>
    <extensions>
     <power>260</power>
     <gpxtpx:TrackPointExtension>
      <gpxtpx:hr>145</gpxtpx:hr>
      <gpxtpx:cad>85</gpxtpx:cad>
     </gpxtpx:TrackPointExtension>
    </extensions>
   </trkpt>
   <trkpt lat="37.2602350" lon="-79.9360250">
    <ele>282.0</ele>
    <time>2026-02-18T10:48:21Z</time>
    <extensions>
     <power>261</power>
     <gpxtpx:TrackPointExtension>
      <gpxtpx:hr>145</gpxtpx:hr>
      <gpxtpx:cad>86</gpxtpx:cad>
     </gpxtpx:TrackPointExtension>
    </extensions>
   </trkpt>
   <trkpt lat="37.2602530" lon="-79.9360050">
    <ele>282.0</ele>
    <time>2026-02-18T10:48:22Z</time>
    <extensions>
     <power>262</power>
     <gpxtpx:TrackPointExtension>
      <gpxtpx:hr>145</gpxtpx:hr>
      <gpxtpx:cad>86</gpxtpx:cad>
     </gpxtpx:TrackPointExtension>
    </extensions>
   </trkpt>
   <trkpt lat="37.2602700" lon="-79.9359810">
    <ele>282.0</ele>
    <time>2026-02-18T10:48:23Z</time>
    <extensions>
     <power>264</power>
     <gpxtpx:TrackPointExtension>
      <gpxtpx:hr>145</gpxtpx:hr>
      <gpxtpx:cad>86</gpxtpx:cad>
     </gpxtpx:TrackPointExtension>
    </extensions>
   </trkpt>
   <trkpt lat="37.2602880" lon="-79.9359650">
    <ele>281.8</ele>
    <time>2026-02-18T10:48:24Z</time>
    <extensions>
     <power>265</power>
     <gpxtpx:TrackPointExtension>
      <gpxtpx:hr>145</gpxtpx:hr>
      <gpxtpx:cad>86</gpxtpx:cad>
     </gpxtpx:TrackPointExtension>
    </extensions>
   </trkpt>
   <trkpt lat="37.2603090" lon="-79.9359430">
    <ele>281.8</ele>
    <time>2026-02-18T10:48:25Z</time>
    <extensions>
     <power>269</power>
     <gpxtpx:TrackPointExtension>
      <gpxtpx:hr>145</gpxtpx:hr>
      <gpxtpx:cad>85</gpxtpx:cad>
     </gpxtpx:TrackPointExtension>
    </extensions>
   </trkpt>
   <trkpt lat="37.2603280" lon="-79.9359300">
    <ele>281.6</ele>
    <time>2026-02-18T10:48:26Z</time>
    <extensions>
     <power>271</power>
     <gpxtpx:TrackPointExtension>
      <gpxtpx:hr>145</gpxtpx:hr>
      <gpxtpx:cad>85</gpxtpx:cad>
     </gpxtpx:TrackPointExtension>
    </extensions>
   </trkpt>
   <trkpt lat="37.2603490" lon="-79.9359050">
    <ele>281.6</ele>
    <time>2026-02-18T10:48:27Z</time>
    <extensions>
     <power>271</power>
     <gpxtpx:TrackPointExtension>
      <gpxtpx:hr>145</gpxtpx:hr>
      <gpxtpx:cad>86</gpxtpx:cad>
     </gpxtpx:TrackPointExtension>
    </extensions>
   </trkpt>
   <trkpt lat="37.2603670" lon="-79.9358860">
    <ele>281.6</ele>
    <time>2026-02-18T10:48:28Z</time>
    <extensions>
     <power>272</power>
     <gpxtpx:TrackPointExtension>
      <gpxtpx:hr>145</gpxtpx:hr>
      <gpxtpx:cad>86</gpxtpx:cad>
     </gpxtpx:TrackPointExtension>
    </extensions>
   </trkpt>
   <trkpt lat="37.2603900" lon="-79.9358680">
    <ele>281.4</ele>
    <time>2026-02-18T10:48:29Z</time>
    <extensions>
     <power>273</power>
     <gpxtpx:TrackPointExtension>
      <gpxtpx:hr>145</gpxtpx:hr>
      <gpxtpx:cad>86</gpxtpx:cad>
     </gpxtpx:TrackPointExtension>
    </extensions>
   </trkpt>
   <trkpt lat="37.2604090" lon="-79.9358450">
    <ele>281.4</ele>
    <time>2026-02-18T10:48:30Z</time>
    <extensions>
     <power>275</power>
     <gpxtpx:TrackPointExtension>
      <gpxtpx:hr>144</gpxtpx:hr>
      <gpxtpx:cad>86</gpxtpx:cad>
     </gpxtpx:TrackPointExtension>
    </extensions>
   </trkpt>
   <trkpt lat="37.2604270" lon="-79.9358320">
    <ele>281.2</ele>
    <time>2026-02-18T10:48:31Z</time>
    <extensions>
     <power>277</power>
     <gpxtpx:TrackPointExtension>
      <gpxtpx:hr>145</gpxtpx:hr>
      <gpxtpx:cad>86</gpxtpx:cad>
     </gpxtpx:TrackPointExtension>
    </extensions>
   </trkpt>
   <trkpt lat="37.2604490" lon="-79.9358100">
    <ele>281.2</ele>
    <time>2026-02-18T10:48:32Z</time>
    <extensions>
     <power>279</power>
     <gpxtpx:TrackPointExtension>
      <gpxtpx:hr>145</gpxtpx:hr>
      <gpxtpx:cad>85</gpxtpx:cad>
     </gpxtpx:TrackPointExtension>
    </extensions>
   </trkpt>
   <trkpt lat="37.2604640" lon="-79.9357950">
    <ele>281.2</ele>
    <time>2026-02-18T10:48:33Z</time>
    <extensions>
     <power>282</power>
     <gpxtpx:TrackPointExtension>
      <gpxtpx:hr>145</gpxtpx:hr>
      <gpxtpx:cad>85</gpxtpx:cad>
     </gpxtpx:TrackPointExtension>
    </extensions>
   </trkpt>
   <trkpt lat="37.2604840" lon="-79.9357670">
    <ele>281.2</ele>
    <time>2026-02-18T10:48:34Z</time>
    <extensions>
     <power>285</power>
     <gpxtpx:TrackPointExtension>
      <gpxtpx:hr>144</gpxtpx:hr>
      <gpxtpx:cad>84</gpxtpx:cad>
     </gpxtpx:TrackPointExtension>
    </extensions>
   </trkpt>
   <trkpt lat="37.2605000" lon="-79.9357500">
    <ele>281.2</ele>
    <time>2026-02-18T10:48:35Z</time>
    <extensions>
     <power>286</power>
     <gpxtpx:TrackPointExtension>
      <gpxtpx:hr>145</gpxtpx:hr>
      <gpxtpx:cad>84</gpxtpx:cad>
     </gpxtpx:TrackPointExtension>
    </extensions>
   </trkpt>
   <trkpt lat="37.2605180" lon="-79.9357300">
    <ele>281.0</ele>
    <time>2026-02-18T10:48:36Z</time>
    <extensions>
     <power>284</power>
     <gpxtpx:TrackPointExtension>
      <gpxtpx:hr>145</gpxtpx:hr>
      <gpxtpx:cad>85</gpxtpx:cad>
     </gpxtpx:TrackPointExtension>
    </extensions>
   </trkpt>
   <trkpt lat="37.2605320" lon="-79.9357070">
    <ele>281.0</ele>
    <time>2026-02-18T10:48:37Z</time>
    <extensions>
     <power>284</power>
     <gpxtpx:TrackPointExtension>
      <gpxtpx:hr>145</gpxtpx:hr>
      <gpxtpx:cad>86</gpxtpx:cad>
     </gpxtpx:TrackPointExtension>
    </extensions>
   </trkpt>
   <trkpt lat="37.2605510" lon="-79.9356940">
    <ele>281.0</ele>
    <time>2026-02-18T10:48:38Z</time>
    <extensions>
     <power>284</power>
     <gpxtpx:TrackPointExtension>
      <gpxtpx:hr>145</gpxtpx:hr>
      <gpxtpx:cad>87</gpxtpx:cad>
     </gpxtpx:TrackPointExtension>
    </extensions>
   </trkpt>
   <trkpt lat="37.2605740" lon="-79.9356700">
    <ele>281.0</ele>
    <time>2026-02-18T10:48:39Z</time>
    <extensions>
     <power>283</power>
     <gpxtpx:TrackPointExtension>
      <gpxtpx:hr>145</gpxtpx:hr>
      <gpxtpx:cad>87</gpxtpx:cad>
     </gpxtpx:TrackPointExtension>
    </extensions>
   </trkpt>
   <trkpt lat="37.2605910" lon="-79.9356570">
    <ele>281.0</ele>
    <time>2026-02-18T10:48:40Z</time>
    <extensions>
     <power>283</power>
     <gpxtpx:TrackPointExtension>
      <gpxtpx:hr>145</gpxtpx:hr>
      <gpxtpx:cad>87</gpxtpx:cad>
     </gpxtpx:TrackPointExtension>
    </extensions>
   </trkpt>
   <trkpt lat="37.2606130" lon="-79.9356290">
    <ele>280.8</ele>
    <time>2026-02-18T10:48:41Z</time>
    <extensions>
     <power>287</power>
     <gpxtpx:TrackPointExtension>
      <gpxtpx:hr>145</gpxtpx:hr>
      <gpxtpx:cad>86</gpxtpx:cad>
     </gpxtpx:TrackPointExtension>
    </extensions>
   </trkpt>
   <trkpt lat="37.2606320" lon="-79.9356110">
    <ele>280.8</ele>
    <time>2026-02-18T10:48:42Z</time>
    <extensions>
     <power>288</power>
     <gpxtpx:TrackPointExtension>
      <gpxtpx:hr>145</gpxtpx:hr>
      <gpxtpx:cad>86</gpxtpx:cad>
     </gpxtpx:TrackPointExtension>
    </extensions>
   </trkpt>
   <trkpt lat="37.2606510" lon="-79.9355890">
    <ele>280.8</ele>
    <time>2026-02-18T10:48:43Z</time>
    <extensions>
     <power>289</power>
     <gpxtpx:TrackPointExtension>
      <gpxtpx:hr>145</gpxtpx:hr>
      <gpxtpx:cad>86</gpxtpx:cad>
     </gpxtpx:TrackPointExtension>
    </extensions>
   </trkpt>
   <trkpt lat="37.2606670" lon="-79.9355680">
    <ele>280.8</ele>
    <time>2026-02-18T10:48:44Z</time>
    <extensions>
     <power>290</power>
     <gpxtpx:TrackPointExtension>
      <gpxtpx:hr>145</gpxtpx:hr>
      <gpxtpx:cad>86</gpxtpx:cad>
     </gpxtpx:TrackPointExtension>
    </extensions>
   </trkpt>
   <trkpt lat="37.2606860" lon="-79.9355490">
    <ele>280.8</ele>
    <time>2026-02-18T10:48:45Z</time>
    <extensions>
     <power>291</power>
     <gpxtpx:TrackPointExtension>
      <gpxtpx:hr>145</gpxtpx:hr>
      <gpxtpx:cad>86</gpxtpx:cad>
     </gpxtpx:TrackPointExtension>
    </extensions>
   </trkpt>
   <trkpt lat="37.2607060" lon="-79.9355240">
    <ele>280.8</ele>
    <time>2026-02-18T10:48:46Z</time>
    <extensions>
     <power>291</power>
     <gpxtpx:TrackPointExtension>
      <gpxtpx:hr>145</gpxtpx:hr>
      <gpxtpx:cad>86</gpxtpx:cad>
     </gpxtpx:TrackPointExtension>
    </extensions>
   </trkpt>
   <trkpt lat="37.2607230" lon="-79.9355090">
    <ele>280.6</ele>
    <time>2026-02-18T10:48:47Z</time>
    <extensions>
     <power>293</power>
     <gpxtpx:TrackPointExtension>
      <gpxtpx:hr>145</gpxtpx:hr>
      <gpxtpx:cad>86</gpxtpx:cad>
     </gpxtpx:TrackPointExtension>
    </extensions>
   </trkpt>
   <trkpt lat="37.2607390" lon="-79.9354790">
    <ele>280.6</ele>
    <time>2026-02-18T10:48:48Z</time>
    <extensions>
     <power>294</power>
     <gpxtpx:TrackPointExtension>
      <gpxtpx:hr>145</gpxtpx:hr>
      <gpxtpx:cad>85</gpxtpx:cad>
     </gpxtpx:TrackPointExtension>
    </extensions>
   </trkpt>
   <trkpt lat="37.2607550" lon="-79.9354650">
    <ele>280.6</ele>
    <time>2026-02-18T10:48:49Z</time>
    <extensions>
     <power>295</power>
     <gpxtpx:TrackPointExtension>
      <gpxtpx:hr>145</gpxtpx:hr>
      <gpxtpx:cad>85</gpxtpx:cad>
     </gpxtpx:TrackPointExtension>
    </extensions>
   </trkpt>
   <trkpt lat="37.2607750" lon="-79.9354440">
    <ele>280.6</ele>
    <time>2026-02-18T10:48:50Z</time>
    <extensions>
     <power>295</power>
     <gpxtpx:TrackPointExtension>
      <gpxtpx:hr>146</gpxtpx:hr>
      <gpxtpx:cad>85</gpxtpx:cad>
     </gpxtpx:TrackPointExtension>
    </extensions>
   </trkpt>
   <trkpt lat="37.2607930" lon="-79.9354250">
    <ele>280.6</ele>
    <time>2026-02-18T10:48:51Z</time>
    <extensions>
     <power>297</power>
     <gpxtpx:TrackPointExtension>
      <gpxtpx:hr>146</gpxtpx:hr>
      <gpxtpx:cad>85</gpxtpx:cad>
     </gpxtpx:TrackPointExtension>
    </extensions>
   </trkpt>
   <trkpt lat="37.2608140" lon="-79.9354070">
    <ele>280.6</ele>
    <time>2026-02-18T10:48:52Z</time>
    <extensions>
     <power>295</power>
     <gpxtpx:TrackPointExtension>
      <gpxtpx:hr>145</gpxtpx:hr>
      <gpxtpx:cad>87</gpxtpx:cad>
     </gpxtpx:TrackPointExtension>
    </extensions>
   </trkpt>
   <trkpt lat="37.2608310" lon="-79.9353840">
    <ele>280.6</ele>
    <time>2026-02-18T10:48:53Z</time>
    <extensions>
     <power>296</power>
     <gpxtpx:TrackPointExtension>
      <gpxtpx:hr>145</gpxtpx:hr>
      <gpxtpx:cad>88</gpxtpx:cad>
     </gpxtpx:TrackPointExtension>
    </extensions>
   </trkpt>
   <trkpt lat="37.2608480" lon="-79.9353700">
    <ele>280.6</ele>
    <time>2026-02-18T10:48:54Z</time>
    <extensions>
     <power>297</power>
     <gpxtpx:TrackPointExtension>
      <gpxtpx:hr>146</gpxtpx:hr>
      <gpxtpx:cad>88</gpxtpx:cad>
     </gpxtpx:TrackPointExtension>
    </extensions>
   </trkpt>
   <trkpt lat="37.2608660" lon="-79.9353440">
    <ele>280.6</ele>
    <time>2026-02-18T10:48:55Z</time>
    <extensions>
     <power>299</power>
     <gpxtpx:TrackPointExtension>
      <gpxtpx:hr>146</gpxtpx:hr>
      <gpxtpx:cad>87</gpxtpx:cad>
     </gpxtpx:TrackPointExtension>
    </extensions>
   </trkpt>
   <trkpt lat="37.2608800" lon="-79.9353270">
    <ele>280.6</ele>
    <time>2026-02-18T10:48:56Z</time>
    <extensions>
     <power>300</power>
     <gpxtpx:TrackPointExtension>
      <gpxtpx:hr>146</gpxtpx:hr>
      <gpxtpx:cad>87</gpxtpx:cad>
     </gpxtpx:TrackPointExtension>
    </extensions>
   </trkpt>
   <trkpt lat="37.2609000" lon="-79.9353010">
    <ele>280.6</ele>
    <time>2026-02-18T10:48:57Z</time>
    <extensions>
     <power>303</power>
     <gpxtpx:TrackPointExtension>
      <gpxtpx:hr>146</gpxtpx:hr>
      <gpxtpx:cad>86</gpxtpx:cad>
     </gpxtpx:TrackPointExtension>
    </extensions>
   </trkpt>
   <trkpt lat="37.2609170" lon="-79.9352810">
    <ele>280.6</ele>
    <time>2026-02-18T10:48:58Z</time>
    <extensions>
     <power>302</power>
     <gpxtpx:TrackPointExtension>
      <gpxtpx:hr>145</gpxtpx:hr>
      <gpxtpx:cad>86</gpxtpx:cad>
     </gpxtpx:TrackPointExtension>
    </extensions>
   </trkpt>
   <trkpt lat="37.2609360" lon="-79.9352590">
    <ele>280.6</ele>
    <time>2026-02-18T10:48:59Z</time>
    <extensions>
     <power>301</power>
     <gpxtpx:TrackPointExtension>
      <gpxtpx:hr>146</gpxtpx:hr>
      <gpxtpx:cad>86</gpxtpx:cad>
     </gpxtpx:TrackPointExtension>
    </extensions>
   </trkpt>
   <trkpt lat="37.2609510" lon="-79.9352360">
    <ele>280.6</ele>
    <time>2026-02-18T10:49:00Z</time>
    <extensions>
     <power>302</power>
     <gpxtpx:TrackPointExtension>
      <gpxtpx:hr>146</gpxtpx:hr>
      <gpxtpx:cad>86</gpxtpx:cad>
     </gpxtpx:TrackPointExtension>
    </extensions>
   </trkpt>
   <trkpt lat="37.2609690" lon="-79.9352200">
    <ele>280.4</ele>
    <time>2026-02-18T10:49:01Z</time>
    <extensions>
     <power>302</power>
     <gpxtpx:TrackPointExtension>
      <gpxtpx:hr>146</gpxtpx:hr>
      <gpxtpx:cad>86</gpxtpx:cad>
     </gpxtpx:TrackPointExtension>
    </extensions>
   </trkpt>
   <trkpt lat="37.2609870" lon="-79.9351940">
    <ele>280.4</ele>
    <time>2026-02-18T10:49:02Z</time>
    <extensions>
     <power>302</power>
     <gpxtpx:TrackPointExtension>
      <gpxtpx:hr>146</gpxtpx:hr>
      <gpxtpx:cad>86</gpxtpx:cad>
     </gpxtpx:TrackPointExtension>
    </extensions>
   </trkpt>
   <trkpt lat="37.2610040" lon="-79.9351820">
    <ele>280.4</ele>
    <time>2026-02-18T10:49:03Z</time>
    <extensions>
     <power>306</power>
     <gpxtpx:TrackPointExtension>
      <gpxtpx:hr>146</gpxtpx:hr>
      <gpxtpx:cad>85</gpxtpx:cad>
     </gpxtpx:TrackPointExtension>
    </extensions>
   </trkpt>
   <trkpt lat="37.2610260" lon="-79.9351550">
    <ele>280.4</ele>
    <time>2026-02-18T10:49:04Z</time>
    <extensions>
     <power>306</power>
     <gpxtpx:TrackPointExtension>
      <gpxtpx:hr>146</gpxtpx:hr>
      <gpxtpx:cad>85</gpxtpx:cad>
     </gpxtpx:TrackPointExtension>
    </extensions>
   </trkpt>
   <trkpt lat="37.2610450" lon="-79.9351340">
    <ele>280.4</ele>
    <time>2026-02-18T10:49:05Z</time>
    <extensions>
     <power>306</power>
     <gpxtpx:TrackPointExtension>
      <gpxtpx:hr>146</gpxtpx:hr>
      <gpxtpx:cad>85</gpxtpx:cad>
     </gpxtpx:TrackPointExtension>
    </extensions>
   </trkpt>
   <trkpt lat="37.2610650" lon="-79.9351160">
    <ele>280.4</ele>
    <time>2026-02-18T10:49:06Z</time>
    <extensions>
     <power>305</power>
     <gpxtpx:TrackPointExtension>
      <gpxtpx:hr>146</gpxtpx:hr>
      <gpxtpx:cad>85</gpxtpx:cad>
     </gpxtpx:TrackPointExtension>
    </extensions>
   </trkpt>
   <trkpt lat="37.2610760" lon="-79.9350890">
    <ele>280.4</ele>
    <time>2026-02-18T10:49:07Z</time>
    <extensions>
     <power>305</power>
     <gpxtpx:TrackPointExtension>
      <gpxtpx:hr>146</gpxtpx:hr>
      <gpxtpx:cad>85</gpxtpx:cad>
     </gpxtpx:TrackPointExtension>
    </extensions>
   </trkpt>
   <trkpt lat="37.2610870" lon="-79.9350730">
    <ele>280.4</ele>
    <time>2026-02-18T10:49:08Z</time>
    <extensions>
     <power>308</power>
     <gpxtpx:TrackPointExtension>
      <gpxtpx:hr>146</gpxtpx:hr>
      <gpxtpx:cad>85</gpxtpx:cad>
     </gpxtpx:TrackPointExtension>
    </extensions>
   </trkpt>
   <trkpt lat="37.2611050" lon="-79.9350460">
    <ele>280.2</ele>
    <time>2026-02-18T10:49:09Z</time>
    <extensions>
     <power>308</power>
     <gpxtpx:TrackPointExtension>
      <gpxtpx:hr>146</gpxtpx:hr>
      <gpxtpx:cad>84</gpxtpx:cad>
     </gpxtpx:TrackPointExtension>
    </extensions>
   </trkpt>
   <trkpt lat="37.2611200" lon="-79.9350300">
    <ele>280.2</ele>
    <time>2026-02-18T10:49:10Z</time>
    <extensions>
     <power>304</power>
     <gpxtpx:TrackPointExtension>
      <gpxtpx:hr>147</gpxtpx:hr>
      <gpxtpx:cad>84</gpxtpx:cad>
     </gpxtpx:TrackPointExtension>
    </extensions>
   </trkpt>
   <trkpt lat="37.2611400" lon="-79.9350080">
    <ele>280.2</ele>
    <time>2026-02-18T10:49:11Z</time>
    <extensions>
     <power>302</power>
     <gpxtpx:TrackPointExtension>
      <gpxtpx:hr>146</gpxtpx:hr>
      <gpxtpx:cad>84</gpxtpx:cad>
     </gpxtpx:TrackPointExtension>
    </extensions>
   </trkpt>
   <trkpt lat="37.2611570" lon="-79.9349860">
    <ele>280.2</ele>
    <time>2026-02-18T10:49:12Z</time>
    <extensions>
     <power>300</power>
     <gpxtpx:TrackPointExtension>
      <gpxtpx:hr>146</gpxtpx:hr>
      <gpxtpx:cad>84</gpxtpx:cad>
     </gpxtpx:TrackPointExtension>
    </extensions>
   </trkpt>
   <trkpt lat="37.2611740" lon="-79.9349650">
    <ele>280.0</ele>
    <time>2026-02-18T10:49:13Z</time>
    <extensions>
     <power>299</power>
     <gpxtpx:TrackPointExtension>
      <gpxtpx:hr>146</gpxtpx:hr>
      <gpxtpx:cad>85</gpxtpx:cad>
     </gpxtpx:TrackPointExtension>
    </extensions>
   </trkpt>
   <trkpt lat="37.2611960" lon="-79.9349420">
    <ele>280.0</ele>
    <time>2026-02-18T10:49:14Z</time>
    <extensions>
     <power>298</power>
     <gpxtpx:TrackPointExtension>
      <gpxtpx:hr>147</gpxtpx:hr>
      <gpxtpx:cad>86</gpxtpx:cad>
     </gpxtpx:TrackPointExtension>
    </extensions>
   </trkpt>
   <trkpt lat="37.2612130" lon="-79.9349310">
    <ele>280.0</ele>
    <time>2026-02-18T10:49:15Z</time>
    <extensions>
     <power>298</power>
     <gpxtpx:TrackPointExtension>
      <gpxtpx:hr>146</gpxtpx:hr>
      <gpxtpx:cad>87</gpxtpx:cad>
     </gpxtpx:TrackPointExtension>
    </extensions>
   </trkpt>
   <trkpt lat="37.2612320" lon="-79.9349030">
    <ele>280.0</ele>
    <time>2026-02-18T10:49:16Z</time>
    <extensions>
     <power>298</power>
     <gpxtpx:TrackPointExtension>
      <gpxtpx:hr>146</gpxtpx:hr>
      <gpxtpx:cad>87</gpxtpx:cad>
     </gpxtpx:TrackPointExtension>
    </extensions>
   </trkpt>
   <trkpt lat="37.2612490" lon="-79.9348860">
    <ele>280.0</ele>
    <time>2026-02-18T10:49:17Z</time>
    <extensions>
     <power>298</power>
     <gpxtpx:TrackPointExtension>
      <gpxtpx:hr>146</gpxtpx:hr>
      <gpxtpx:cad>87</gpxtpx:cad>
     </gpxtpx:TrackPointExtension>
    </extensions>
   </trkpt>
   <trkpt lat="37.2612660" lon="-79.9348720">
    <ele>280.0</ele>
    <time>2026-02-18T10:49:18Z</time>
    <extensions>
     <power>296</power>
     <gpxtpx:TrackPointExtension>
      <gpxtpx:hr>147</gpxtpx:hr>
      <gpxtpx:cad>87</gpxtpx:cad>
     </gpxtpx:TrackPointExtension>
    </extensions>
   </trkpt>
   <trkpt lat="37.2612790" lon="-79.9348540">
    <ele>279.8</ele>
    <time>2026-02-18T10:49:19Z</time>
    <extensions>
     <power>296</power>
     <gpxtpx:TrackPointExtension>
      <gpxtpx:hr>146</gpxtpx:hr>
      <gpxtpx:cad>86</gpxtpx:cad>
     </gpxtpx:TrackPointExtension>
    </extensions>
   </trkpt>
   <trkpt lat="37.2612950" lon="-79.9348350">
    <ele>279.8</ele>
    <time>2026-02-18T10:49:20Z</time>
    <extensions>
     <power>297</power>
     <gpxtpx:TrackPointExtension>
      <gpxtpx:hr>146</gpxtpx:hr>
      <gpxtpx:cad>85</gpxtpx:cad>
     </gpxtpx:TrackPointExtension>
    </extensions>
   </trkpt>
   <trkpt lat="37.2613050" lon="-79.9348120">
    <ele>279.8</ele>
    <time>2026-02-18T10:49:21Z</time>
    <extensions>
     <power>297</power>
     <gpxtpx:TrackPointExtension>
      <gpxtpx:hr>146</gpxtpx:hr>
      <gpxtpx:cad>85</gpxtpx:cad>
     </gpxtpx:TrackPointExtension>
    </extensions>
   </trkpt>
   <trkpt lat="37.2613140" lon="-79.9348000">
    <ele>279.8</ele>
    <time>2026-02-18T10:49:22Z</time>
    <extensions>
     <power>298</power>
     <gpxtpx:TrackPointExtension>
      <gpxtpx:hr>147</gpxtpx:hr>
      <gpxtpx:cad>85</gpxtpx:cad>
     </gpxtpx:TrackPointExtension>
    </extensions>
   </trkpt>
   <trkpt lat="37.2613260" lon="-79.9347840">
    <ele>280.0</ele>
    <time>2026-02-18T10:49:23Z</time>
    <extensions>
     <power>299</power>
     <gpxtpx:TrackPointExtension>
      <gpxtpx:hr>146</gpxtpx:hr>
      <gpxtpx:cad>85</gpxtpx:cad>
     </gpxtpx:TrackPointExtension>
    </extensions>
   </trkpt>
   <trkpt lat="37.2613400" lon="-79.9347710">
    <ele>280.0</ele>
    <time>2026-02-18T10:49:24Z</time>
    <extensions>
     <power>299</power>
     <gpxtpx:TrackPointExtension>
      <gpxtpx:hr>146</gpxtpx:hr>
      <gpxtpx:cad>85</gpxtpx:cad>
     </gpxtpx:TrackPointExtension>
    </extensions>
   </trkpt>
   <trkpt lat="37.2613540" lon="-79.9347550">
    <ele>280.0</ele>
    <time>2026-02-18T10:49:25Z</time>
    <extensions>
     <power>299</power>
     <gpxtpx:TrackPointExtension>
      <gpxtpx:hr>146</gpxtpx:hr>
      <gpxtpx:cad>85</gpxtpx:cad>
     </gpxtpx:TrackPointExtension>
    </extensions>
   </trkpt>
   <trkpt lat="37.2613720" lon="-79.9347350">
    <ele>279.8</ele>
    <time>2026-02-18T10:49:26Z</time>
    <extensions>
     <power>297</power>
     <gpxtpx:TrackPointExtension>
      <gpxtpx:hr>146</gpxtpx:hr>
      <gpxtpx:cad>85</gpxtpx:cad>
     </gpxtpx:TrackPointExtension>
    </extensions>
   </trkpt>
   <trkpt lat="37.2613890" lon="-79.9347280">
    <ele>279.8</ele>
    <time>2026-02-18T10:49:27Z</time>
    <extensions>
     <power>288</power>
     <gpxtpx:TrackPointExtension>
      <gpxtpx:hr>146</gpxtpx:hr>
      <gpxtpx:cad>84</gpxtpx:cad>
     </gpxtpx:TrackPointExtension>
    </extensions>
   </trkpt>
   <trkpt lat="37.2614110" lon="-79.9347250">
    <ele>279.6</ele>
    <time>2026-02-18T10:49:28Z</time>
    <extensions>
     <power>286</power>
     <gpxtpx:TrackPointExtension>
      <gpxtpx:hr>145</gpxtpx:hr>
      <gpxtpx:cad>84</gpxtpx:cad>
     </gpxtpx:TrackPointExtension>
    </extensions>
   </trkpt>
   <trkpt lat="37.2614330" lon="-79.9347270">
    <ele>279.4</ele>
    <time>2026-02-18T10:49:29Z</time>
    <extensions>
     <power>270</power>
     <gpxtpx:TrackPointExtension>
      <gpxtpx:hr>145</gpxtpx:hr>
      <gpxtpx:cad>84</gpxtpx:cad>
     </gpxtpx:TrackPointExtension>
    </extensions>
   </trkpt>
   <trkpt lat="37.2614450" lon="-79.9347440">
    <ele>279.4</ele>
    <time>2026-02-18T10:49:30Z</time>
    <extensions>
     <power>260</power>
     <gpxtpx:TrackPointExtension>
      <gpxtpx:hr>145</gpxtpx:hr>
      <gpxtpx:cad>83</gpxtpx:cad>
     </gpxtpx:TrackPointExtension>
    </extensions>
   </trkpt>
   <trkpt lat="37.2614600" lon="-79.9347710">
    <ele>279.2</ele>
    <time>2026-02-18T10:49:31Z</time>
    <extensions>
     <power>251</power>
     <gpxtpx:TrackPointExtension>
      <gpxtpx:hr>145</gpxtpx:hr>
      <gpxtpx:cad>83</gpxtpx:cad>
     </gpxtpx:TrackPointExtension>
    </extensions>
   </trkpt>
   <trkpt lat="37.2614660" lon="-79.9347900">
    <ele>279.4</ele>
    <time>2026-02-18T10:49:32Z</time>
    <extensions>
     <power>260</power>
     <gpxtpx:TrackPointExtension>
      <gpxtpx:hr>145</gpxtpx:hr>
      <gpxtpx:cad>84</gpxtpx:cad>
     </gpxtpx:TrackPointExtension>
    </extensions>
   </trkpt>
   <trkpt lat="37.2614680" lon="-79.9348150">
    <ele>279.4</ele>
    <time>2026-02-18T10:49:33Z</time>
    <extensions>
     <power>250</power>
     <gpxtpx:TrackPointExtension>
      <gpxtpx:hr>145</gpxtpx:hr>
      <gpxtpx:cad>84</gpxtpx:cad>
     </gpxtpx:TrackPointExtension>
    </extensions>
   </trkpt>
   <trkpt lat="37.2614760" lon="-79.9348440">
    <ele>279.4</ele>
    <time>2026-02-18T10:49:34Z</time>
    <extensions>
     <power>260</power>
     <gpxtpx:TrackPointExtension>
      <gpxtpx:hr>145</gpxtpx:hr>
      <gpxtpx:cad>84</gpxtpx:cad>
     </gpxtpx:TrackPointExtension>
    </extensions>
   </trkpt>
   <trkpt lat="37.2614770" lon="-79.9348680">
    <ele>279.4</ele>
    <time>2026-02-18T10:49:35Z</time>
    <extensions>
     <power>265</power>
     <gpxtpx:TrackPointExtension>
      <gpxtpx:hr>144</gpxtpx:hr>
      <gpxtpx:cad>84</gpxtpx:cad>
     </gpxtpx:TrackPointExtension>
    </extensions>
   </trkpt>
   <trkpt lat="37.2614850" lon="-79.9349000">
    <ele>279.6</ele>
    <time>2026-02-18T10:49:36Z</time>
    <extensions>
     <power>267</power>
     <gpxtpx:TrackPointExtension>
      <gpxtpx:hr>144</gpxtpx:hr>
      <gpxtpx:cad>84</gpxtpx:cad>
     </gpxtpx:TrackPointExtension>
    </extensions>
   </trkpt>
   <trkpt lat="37.2614870" lon="-79.9349260">
    <ele>279.6</ele>
    <time>2026-02-18T10:49:37Z</time>
    <extensions>
     <power>284</power>
     <gpxtpx:TrackPointExtension>
      <gpxtpx:hr>144</gpxtpx:hr>
      <gpxtpx:cad>81</gpxtpx:cad>
     </gpxtpx:TrackPointExtension>
    </extensions>
   </trkpt>
   <trkpt lat="37.2614860" lon="-79.9349520">
    <ele>279.6</ele>
    <time>2026-02-18T10:49:38Z</time>
    <extensions>
     <power>285</power>
     <gpxtpx:TrackPointExtension>
      <gpxtpx:hr>144</gpxtpx:hr>
      <gpxtpx:cad>81</gpxtpx:cad>
     </gpxtpx:TrackPointExtension>
    </extensions>
   </trkpt>
   <trkpt lat="37.2614900" lon="-79.9349840">
    <ele>279.6</ele>
    <time>2026-02-18T10:49:39Z</time>
    <extensions>
     <power>285</power>
     <gpxtpx:TrackPointExtension>
      <gpxtpx:hr>144</gpxtpx:hr>
      <gpxtpx:cad>83</gpxtpx:cad>
     </gpxtpx:TrackPointExtension>
    </extensions>
   </trkpt>
   <trkpt lat="37.2614870" lon="-79.9350060">
    <ele>279.6</ele>
    <time>2026-02-18T10:49:40Z</time>
    <extensions>
     <power>281</power>
     <gpxtpx:TrackPointExtension>
      <gpxtpx:hr>144</gpxtpx:hr>
      <gpxtpx:cad>83</gpxtpx:cad>
     </gpxtpx:TrackPointExtension>
    </extensions>
   </trkpt>
   <trkpt lat="37.2614880" lon="-79.9350360">
    <ele>279.4</ele>
    <time>2026-02-18T10:49:41Z</time>
    <extensions>
     <power>274</power>
     <gpxtpx:TrackPointExtension>
      <gpxtpx:hr>144</gpxtpx:hr>
      <gpxtpx:cad>83</gpxtpx:cad>
     </gpxtpx:TrackPointExtension>
    </extensions>
   </trkpt>
   <trkpt lat="37.2614890" lon="-79.9350580">
    <ele>279.4</ele>
    <time>2026-02-18T10:49:42Z</time>
    <extensions>
     <power>273</power>
     <gpxtpx:TrackPointExtension>
      <gpxtpx:hr>144</gpxtpx:hr>
      <gpxtpx:cad>84</gpxtpx:cad>
     </gpxtpx:TrackPointExtension>
    </extensions>
   </trkpt>
   <trkpt lat="37.2614880" lon="-79.9350900">
    <ele>279.2</ele>
    <time>2026-02-18T10:49:43Z</time>
    <extensions>
     <power>271</power>
     <gpxtpx:TrackPointExtension>
      <gpxtpx:hr>144</gpxtpx:hr>
      <gpxtpx:cad>84</gpxtpx:cad>
     </gpxtpx:TrackPointExtension>
    </extensions>
   </trkpt>
   <trkpt lat="37.2614870" lon="-79.9351210">
    <ele>279.2</ele>
    <time>2026-02-18T10:49:44Z</time>
    <extensions>
     <power>269</power>
     <gpxtpx:TrackPointExtension>
      <gpxtpx:hr>143</gpxtpx:hr>
      <gpxtpx:cad>84</gpxtpx:cad>
     </gpxtpx:TrackPointExtension>
    </extensions>
   </trkpt>
   <trkpt lat="37.2614820" lon="-79.9351470">
    <ele>279.2</ele>
    <time>2026-02-18T10:49:45Z</time>
    <extensions>
     <power>270</power>
     <gpxtpx:TrackPointExtension>
      <gpxtpx:hr>144</gpxtpx:hr>
      <gpxtpx:cad>85</gpxtpx:cad>
     </gpxtpx:TrackPointExtension>
    </extensions>
   </trkpt>
   <trkpt lat="37.2614820" lon="-79.9351790">
    <ele>279.0</ele>
    <time>2026-02-18T10:49:46Z</time>
    <extensions>
     <power>274</power>
     <gpxtpx:TrackPointExtension>
      <gpxtpx:hr>143</gpxtpx:hr>
      <gpxtpx:cad>85</gpxtpx:cad>
     </gpxtpx:TrackPointExtension>
    </extensions>
   </trkpt>
   <trkpt lat="37.2614780" lon="-79.9352030">
    <ele>279.0</ele>
    <time>2026-02-18T10:49:47Z</time>
    <extensions>
     <power>274</power>
     <gpxtpx:TrackPointExtension>
      <gpxtpx:hr>144</gpxtpx:hr>
      <gpxtpx:cad>85</gpxtpx:cad>
     </gpxtpx:TrackPointExtension>
    </extensions>
   </trkpt>
   <trkpt lat="37.2614760" lon="-79.9352350">
    <ele>279.0</ele>
    <time>2026-02-18T10:49:48Z</time>
    <extensions>
     <power>273</power>
     <gpxtpx:TrackPointExtension>
      <gpxtpx:hr>144</gpxtpx:hr>
      <gpxtpx:cad>85</gpxtpx:cad>
     </gpxtpx:TrackPointExtension>
    </extensions>
   </trkpt>
   <trkpt lat="37.2614730" lon="-79.9352610">
    <ele>279.0</ele>
    <time>2026-02-18T10:49:49Z</time>
    <extensions>
     <power>275</power>
     <gpxtpx:TrackPointExtension>
      <gpxtpx:hr>144</gpxtpx:hr>
      <gpxtpx:cad>85</gpxtpx:cad>
     </gpxtpx:TrackPointExtension>
    </extensions>
   </trkpt>
   <trkpt lat="37.2614670" lon="-79.9352880">
    <ele>279.0</ele>
    <time>2026-02-18T10:49:50Z</time>
    <extensions>
     <power>274</power>
     <gpxtpx:TrackPointExtension>
      <gpxtpx:hr>144</gpxtpx:hr>
      <gpxtpx:cad>85</gpxtpx:cad>
     </gpxtpx:TrackPointExtension>
    </extensions>
   </trkpt>
   <trkpt lat="37.2614620" lon="-79.9353130">
    <ele>279.2</ele>
    <time>2026-02-18T10:49:51Z</time>
    <extensions>
     <power>275</power>
     <gpxtpx:TrackPointExtension>
      <gpxtpx:hr>144</gpxtpx:hr>
      <gpxtpx:cad>85</gpxtpx:cad>
     </gpxtpx:TrackPointExtension>
    </extensions>
   </trkpt>
   <trkpt lat="37.2614520" lon="-79.9353360">
    <ele>279.2</ele>
    <time>2026-02-18T10:49:52Z</time>
    <extensions>
     <power>276</power>
     <gpxtpx:TrackPointExtension>
      <gpxtpx:hr>144</gpxtpx:hr>
      <gpxtpx:cad>85</gpxtpx:cad>
     </gpxtpx:TrackPointExtension>
    </extensions>
   </trkpt>
   <trkpt lat="37.2614440" lon="-79.9353650">
    <ele>279.2</ele>
    <time>2026-02-18T10:49:53Z</time>
    <extensions>
     <power>275</power>
     <gpxtpx:TrackPointExtension>
      <gpxtpx:hr>144</gpxtpx:hr>
      <gpxtpx:cad>86</gpxtpx:cad>
     </gpxtpx:TrackPointExtension>
    </extensions>
   </trkpt>
   <trkpt lat="37.2614310" lon="-79.9353880">
    <ele>279.2</ele>
    <time>2026-02-18T10:49:54Z</time>
    <extensions>
     <power>275</power>
     <gpxtpx:TrackPointExtension>
      <gpxtpx:hr>144</gpxtpx:hr>
      <gpxtpx:cad>87</gpxtpx:cad>
     </gpxtpx:TrackPointExtension>
    </extensions>
   </trkpt>
   <trkpt lat="37.2614170" lon="-79.9354180">
    <ele>279.2</ele>
    <time>2026-02-18T10:49:55Z</time>
    <extensions>
     <power>277</power>
     <gpxtpx:TrackPointExtension>
      <gpxtpx:hr>143</gpxtpx:hr>
      <gpxtpx:cad>86</gpxtpx:cad>
     </gpxtpx:TrackPointExtension>
    </extensions>
   </trkpt>
   <trkpt lat="37.2614070" lon="-79.9354460">
    <ele>279.2</ele>
    <time>2026-02-18T10:49:56Z</time>
    <extensions>
     <power>278</power>
     <gpxtpx:TrackPointExtension>
      <gpxtpx:hr>144</gpxtpx:hr>
      <gpxtpx:cad>86</gpxtpx:cad>
     </gpxtpx:TrackPointExtension>
    </extensions>
   </trkpt>
   <trkpt lat="37.2613930" lon="-79.9354750">
    <ele>279.2</ele>
    <time>2026-02-18T10:49:57Z</time>
    <extensions>
     <power>285</power>
     <gpxtpx:TrackPointExtension>
      <gpxtpx:hr>144</gpxtpx:hr>
      <gpxtpx:cad>86</gpxtpx:cad>
     </gpxtpx:TrackPointExtension>
    </extensions>
   </trkpt>
   <trkpt lat="37.2613790" lon="-79.9354990">
    <ele>279.2</ele>
    <time>2026-02-18T10:49:58Z</time>
    <extensions>
     <power>289</power>
     <gpxtpx:TrackPointExtension>
      <gpxtpx:hr>143</gpxtpx:hr>
      <gpxtpx:cad>86</gpxtpx:cad>
     </gpxtpx:TrackPointExtension>
    </extensions>
   </trkpt>
   <trkpt lat="37.2613670" lon="-79.9355190">
    <ele>279.2</ele>
    <time>2026-02-18T10:49:59Z</time>
    <extensions>
     <power>294</power>
     <gpxtpx:TrackPointExtension>
      <gpxtpx:hr>143</gpxtpx:hr>
      <gpxtpx:cad>86</gpxtpx:cad>
     </gpxtpx:TrackPointExtension>
    </extensions>
   </trkpt>
   <trkpt lat="37.2613520" lon="-79.9355410">
    <ele>279.2</ele>
    <time>2026-02-18T10:50:00Z</time>
    <extensions>
     <power>294</power>
     <gpxtpx:TrackPointExtension>
      <gpxtpx:hr>143</gpxtpx:hr>
      <gpxtpx:cad>86</gpxtpx:cad>
     </gpxtpx:TrackPointExtension>
    </extensions>
   </trkpt>
   <trkpt lat="37.2613390" lon="-79.9355560">
    <ele>279.2</ele>
    <time>2026-02-18T10:50:01Z</time>
    <extensions>
     <power>293</power>
     <gpxtpx:TrackPointExtension>
      <gpxtpx:hr>143</gpxtpx:hr>
      <gpxtpx:cad>86</gpxtpx:cad>
     </gpxtpx:TrackPointExtension>
    </extensions>
   </trkpt>
   <trkpt lat="37.2613250" lon="-79.9355820">
    <ele>279.2</ele>
    <time>2026-02-18T10:50:02Z</time>
    <extensions>
     <power>296</power>
     <gpxtpx:TrackPointExtension>
      <gpxtpx:hr>144</gpxtpx:hr>
      <gpxtpx:cad>87</gpxtpx:cad>
     </gpxtpx:TrackPointExtension>
    </extensions>
   </trkpt>
   <trkpt lat="37.2613130" lon="-79.9356010">
    <ele>279.2</ele>
    <time>2026-02-18T10:50:03Z</time>
    <extensions>
     <power>293</power>
     <gpxtpx:TrackPointExtension>
      <gpxtpx:hr>143</gpxtpx:hr>
      <gpxtpx:cad>87</gpxtpx:cad>
     </gpxtpx:TrackPointExtension>
    </extensions>
   </trkpt>
   <trkpt lat="37.2612950" lon="-79.9356210">
    <ele>279.2</ele>
    <time>2026-02-18T10:50:04Z</time>
    <extensions>
     <power>292</power>
     <gpxtpx:TrackPointExtension>
      <gpxtpx:hr>143</gpxtpx:hr>
      <gpxtpx:cad>87</gpxtpx:cad>
     </gpxtpx:TrackPointExtension>
    </extensions>
   </trkpt>
   <trkpt lat="37.2612780" lon="-79.9356460">
    <ele>279.2</ele>
    <time>2026-02-18T10:50:05Z</time>
    <extensions>
     <power>291</power>
     <gpxtpx:TrackPointExtension>
      <gpxtpx:hr>144</gpxtpx:hr>
      <gpxtpx:cad>86</gpxtpx:cad>
     </gpxtpx:TrackPointExtension>
    </extensions>
   </trkpt>
   <trkpt lat="37.2612650" lon="-79.9356630">
    <ele>279.4</ele>
    <time>2026-02-18T10:50:06Z</time>
    <extensions>
     <power>292</power>
     <gpxtpx:TrackPointExtension>
      <gpxtpx:hr>143</gpxtpx:hr>
      <gpxtpx:cad>86</gpxtpx:cad>
     </gpxtpx:TrackPointExtension>
    </extensions>
   </trkpt>
   <trkpt lat="37.2612460" lon="-79.9356880">
    <ele>279.2</ele>
    <time>2026-02-18T10:50:07Z</time>
    <extensions>
     <power>292</power>
     <gpxtpx:TrackPointExtension>
      <gpxtpx:hr>143</gpxtpx:hr>
      <gpxtpx:cad>86</gpxtpx:cad>
     </gpxtpx:TrackPointExtension>
    </extensions>
   </trkpt>
   <trkpt lat="37.2612270" lon="-79.9357020">
    <ele>279.2</ele>
    <time>2026-02-18T10:50:08Z</time>
    <extensions>
     <power>293</power>
     <gpxtpx:TrackPointExtension>
      <gpxtpx:hr>144</gpxtpx:hr>
      <gpxtpx:cad>85</gpxtpx:cad>
     </gpxtpx:TrackPointExtension>
    </extensions>
   </trkpt>
   <trkpt lat="37.2612040" lon="-79.9357200">
    <ele>279.2</ele>
    <time>2026-02-18T10:50:09Z</time>
    <extensions>
     <power>294</power>
     <gpxtpx:TrackPointExtension>
      <gpxtpx:hr>143</gpxtpx:hr>
      <gpxtpx:cad>85</gpxtpx:cad>
     </gpxtpx:TrackPointExtension>
    </extensions>
   </trkpt>
   <trkpt lat="37.2611880" lon="-79.9357330">
    <ele>279.2</ele>
    <time>2026-02-18T10:50:10Z</time>
    <extensions>
     <power>294</power>
     <gpxtpx:TrackPointExtension>
      <gpxtpx:hr>143</gpxtpx:hr>
      <gpxtpx:cad>85</gpxtpx:cad>
     </gpxtpx:TrackPointExtension>
    </extensions>
   </trkpt>
   <trkpt lat="37.2611660" lon="-79.9357490">
    <ele>279.2</ele>
    <time>2026-02-18T10:50:11Z</time>
    <extensions>
     <power>294</power>
     <gpxtpx:TrackPointExtension>
      <gpxtpx:hr>144</gpxtpx:hr>
      <gpxtpx:cad>85</gpxtpx:cad>
     </gpxtpx:TrackPointExtension>
    </extensions>
   </trkpt>
   <trkpt lat="37.2611470" lon="-79.9357700">
    <ele>279.2</ele>
    <time>2026-02-18T10:50:12Z</time>
    <extensions>
     <power>294</power>
     <gpxtpx:TrackPointExtension>
      <gpxtpx:hr>144</gpxtpx:hr>
      <gpxtpx:cad>85</gpxtpx:cad>
     </gpxtpx:TrackPointExtension>
    </extensions>
   </trkpt>
   <trkpt lat="37.2611270" lon="-79.9357820">
    <ele>279.4</ele>
    <time>2026-02-18T10:50:13Z</time>
    <extensions>
     <power>295</power>
     <gpxtpx:TrackPointExtension>
      <gpxtpx:hr>144</gpxtpx:hr>
      <gpxtpx:cad>85</gpxtpx:cad>
     </gpxtpx:TrackPointExtension>
    </extensions>
   </trkpt>
   <trkpt lat="37.2611050" lon="-79.9358030">
    <ele>279.4</ele>
    <time>2026-02-18T10:50:14Z</time>
    <extensions>
     <power>296</power>
     <gpxtpx:TrackPointExtension>
      <gpxtpx:hr>144</gpxtpx:hr>
      <gpxtpx:cad>85</gpxtpx:cad>
     </gpxtpx:TrackPointExtension>
    </extensions>
   </trkpt>
   <trkpt lat="37.2610870" lon="-79.9358160">
    <ele>279.4</ele>
    <time>2026-02-18T10:50:15Z</time>
    <extensions>
     <power>298</power>
     <gpxtpx:TrackPointExtension>
      <gpxtpx:hr>144</gpxtpx:hr>
      <gpxtpx:cad>85</gpxtpx:cad>
     </gpxtpx:TrackPointExtension>
    </extensions>
   </trkpt>
   <trkpt lat="37.2610640" lon="-79.9358330">
    <ele>279.4</ele>
    <time>2026-02-18T10:50:16Z</time>
    <extensions>
     <power>296</power>
     <gpxtpx:TrackPointExtension>
      <gpxtpx:hr>144</gpxtpx:hr>
      <gpxtpx:cad>86</gpxtpx:cad>
     </gpxtpx:TrackPointExtension>
    </extensions>
   </trkpt>
   <trkpt lat="37.2610470" lon="-79.9358520">
    <ele>279.4</ele>
    <time>2026-02-18T10:50:17Z</time>
    <extensions>
     <power>297</power>
     <gpxtpx:TrackPointExtension>
      <gpxtpx:hr>144</gpxtpx:hr>
      <gpxtpx:cad>86</gpxtpx:cad>
     </gpxtpx:TrackPointExtension>
    </extensions>
   </trkpt>
   <trkpt lat="37.2610280" lon="-79.9358720">
    <ele>279.4</ele>
    <time>2026-02-18T10:50:18Z</time>
    <extensions>
     <power>296</power>
     <gpxtpx:TrackPointExtension>
      <gpxtpx:hr>144</gpxtpx:hr>
      <gpxtpx:cad>86</gpxtpx:cad>
     </gpxtpx:TrackPointExtension>
    </extensions>
   </trkpt>
   <trkpt lat="37.2610130" lon="-79.9358980">
    <ele>279.4</ele>
    <time>2026-02-18T10:50:19Z</time>
    <extensions>
     <power>297</power>
     <gpxtpx:TrackPointExtension>
      <gpxtpx:hr>144</gpxtpx:hr>
      <gpxtpx:cad>86</gpxtpx:cad>
     </gpxtpx:TrackPointExtension>
    </extensions>
   </trkpt>
   <trkpt lat="37.2609920" lon="-79.9359120">
    <ele>279.6</ele>
    <time>2026-02-18T10:50:20Z</time>
    <extensions>
     <power>299</power>
     <gpxtpx:TrackPointExtension>
      <gpxtpx:hr>144</gpxtpx:hr>
      <gpxtpx:cad>85</gpxtpx:cad>
     </gpxtpx:TrackPointExtension>
    </extensions>
   </trkpt>
   <trkpt lat="37.2609710" lon="-79.9359380">
    <ele>279.6</ele>
    <time>2026-02-18T10:50:21Z</time>
    <extensions>
     <power>300</power>
     <gpxtpx:TrackPointExtension>
      <gpxtpx:hr>143</gpxtpx:hr>
      <gpxtpx:cad>85</gpxtpx:cad>
     </gpxtpx:TrackPointExtension>
    </extensions>
   </trkpt>
   <trkpt lat="37.2609540" lon="-79.9359520">
    <ele>279.6</ele>
    <time>2026-02-18T10:50:22Z</time>
    <extensions>
     <power>305</power>
     <gpxtpx:TrackPointExtension>
      <gpxtpx:hr>144</gpxtpx:hr>
      <gpxtpx:cad>85</gpxtpx:cad>
     </gpxtpx:TrackPointExtension>
    </extensions>
   </trkpt>
   <trkpt lat="37.2609310" lon="-79.9359790">
    <ele>279.6</ele>
    <time>2026-02-18T10:50:23Z</time>
    <extensions>
     <power>305</power>
     <gpxtpx:TrackPointExtension>
      <gpxtpx:hr>144</gpxtpx:hr>
      <gpxtpx:cad>86</gpxtpx:cad>
     </gpxtpx:TrackPointExtension>
    </extensions>
   </trkpt>
   <trkpt lat="37.2609160" lon="-79.9359930">
    <ele>279.6</ele>
    <time>2026-02-18T10:50:24Z</time>
    <extensions>
     <power>305</power>
     <gpxtpx:TrackPointExtension>
      <gpxtpx:hr>144</gpxtpx:hr>
      <gpxtpx:cad>87</gpxtpx:cad>
     </gpxtpx:TrackPointExtension>
    </extensions>
   </trkpt>
   <trkpt lat="37.2608950" lon="-79.9360170">
    <ele>279.6</ele>
    <time>2026-02-18T10:50:25Z</time>
    <extensions>
     <power>307</power>
     <gpxtpx:TrackPointExtension>
      <gpxtpx:hr>144</gpxtpx:hr>
      <gpxtpx:cad>87</gpxtpx:cad>
     </gpxtpx:TrackPointExtension>
    </extensions>
   </trkpt>
   <trkpt lat="37.2608810" lon="-79.9360400">
    <ele>279.8</ele>
    <time>2026-02-18T10:50:26Z</time>
    <extensions>
     <power>306</power>
     <gpxtpx:TrackPointExtension>
      <gpxtpx:hr>144</gpxtpx:hr>
      <gpxtpx:cad>87</gpxtpx:cad>
     </gpxtpx:TrackPointExtension>
    </extensions>
   </trkpt>
   <trkpt lat="37.2608590" lon="-79.9360560">
    <ele>279.8</ele>
    <time>2026-02-18T10:50:27Z</time>
    <extensions>
     <power>309</power>
     <gpxtpx:TrackPointExtension>
      <gpxtpx:hr>144</gpxtpx:hr>
      <gpxtpx:cad>87</gpxtpx:cad>
     </gpxtpx:TrackPointExtension>
    </extensions>
   </trkpt>
   <trkpt lat="37.2608370" lon="-79.9360810">
    <ele>279.8</ele>
    <time>2026-02-18T10:50:28Z</time>
    <extensions>
     <power>310</power>
     <gpxtpx:TrackPointExtension>
      <gpxtpx:hr>145</gpxtpx:hr>
      <gpxtpx:cad>87</gpxtpx:cad>
     </gpxtpx:TrackPointExtension>
    </extensions>
   </trkpt>
   <trkpt lat="37.2608220" lon="-79.9360960">
    <ele>279.8</ele>
    <time>2026-02-18T10:50:29Z</time>
    <extensions>
     <power>312</power>
     <gpxtpx:TrackPointExtension>
      <gpxtpx:hr>145</gpxtpx:hr>
      <gpxtpx:cad>87</gpxtpx:cad>
     </gpxtpx:TrackPointExtension>
    </extensions>
   </trkpt>
   <trkpt lat="37.2607970" lon="-79.9361230">
    <ele>279.8</ele>
    <time>2026-02-18T10:50:30Z</time>
    <extensions>
     <power>317</power>
     <gpxtpx:TrackPointExtension>
      <gpxtpx:hr>145</gpxtpx:hr>
      <gpxtpx:cad>87</gpxtpx:cad>
     </gpxtpx:TrackPointExtension>
    </extensions>
   </trkpt>
   <trkpt lat="37.2607810" lon="-79.9361360">
    <ele>279.6</ele>
    <time>2026-02-18T10:50:31Z</time>
    <extensions>
     <power>317</power>
     <gpxtpx:TrackPointExtension>
      <gpxtpx:hr>145</gpxtpx:hr>
      <gpxtpx:cad>85</gpxtpx:cad>
     </gpxtpx:TrackPointExtension>
    </extensions>
   </trkpt>
   <trkpt lat="37.2607570" lon="-79.9361540">
    <ele>279.6</ele>
    <time>2026-02-18T10:50:32Z</time>
    <extensions>
     <power>318</power>
     <gpxtpx:TrackPointExtension>
      <gpxtpx:hr>145</gpxtpx:hr>
      <gpxtpx:cad>85</gpxtpx:cad>
     </gpxtpx:TrackPointExtension>
    </extensions>
   </trkpt>
   <trkpt lat="37.2607420" lon="-79.9361740">
    <ele>279.6</ele>
    <time>2026-02-18T10:50:33Z</time>
    <extensions>
     <power>319</power>
     <gpxtpx:TrackPointExtension>
      <gpxtpx:hr>145</gpxtpx:hr>
      <gpxtpx:cad>85</gpxtpx:cad>
     </gpxtpx:TrackPointExtension>
    </extensions>
   </trkpt>
   <trkpt lat="37.2607200" lon="-79.9361880">
    <ele>279.6</ele>
    <time>2026-02-18T10:50:34Z</time>
    <extensions>
     <power>317</power>
     <gpxtpx:TrackPointExtension>
      <gpxtpx:hr>145</gpxtpx:hr>
      <gpxtpx:cad>86</gpxtpx:cad>
     </gpxtpx:TrackPointExtension>
    </extensions>
   </trkpt>
   <trkpt lat="37.2607000" lon="-79.9362100">
    <ele>279.6</ele>
    <time>2026-02-18T10:50:35Z</time>
    <extensions>
     <power>315</power>
     <gpxtpx:TrackPointExtension>
      <gpxtpx:hr>145</gpxtpx:hr>
      <gpxtpx:cad>86</gpxtpx:cad>
     </gpxtpx:TrackPointExtension>
    </extensions>
   </trkpt>
   <trkpt lat="37.2606800" lon="-79.9362200">
    <ele>279.6</ele>
    <time>2026-02-18T10:50:36Z</time>
    <extensions>
     <power>313</power>
     <gpxtpx:TrackPointExtension>
      <gpxtpx:hr>146</gpxtpx:hr>
      <gpxtpx:cad>86</gpxtpx:cad>
     </gpxtpx:TrackPointExtension>
    </extensions>
   </trkpt>
   <trkpt lat="37.2606580" lon="-79.9362420">
    <ele>279.6</ele>
    <time>2026-02-18T10:50:37Z</time>
    <extensions>
     <power>313</power>
     <gpxtpx:TrackPointExtension>
      <gpxtpx:hr>146</gpxtpx:hr>
      <gpxtpx:cad>86</gpxtpx:cad>
     </gpxtpx:TrackPointExtension>
    </extensions>
   </trkpt>
   <trkpt lat="37.2606410" lon="-79.9362540">
    <ele>279.6</ele>
    <time>2026-02-18T10:50:38Z</time>
    <extensions>
     <power>311</power>
     <gpxtpx:TrackPointExtension>
      <gpxtpx:hr>146</gpxtpx:hr>
      <gpxtpx:cad>86</gpxtpx:cad>
     </gpxtpx:TrackPointExtension>
    </extensions>
   </trkpt>
   <trkpt lat="37.2606190" lon="-79.9362670">
    <ele>279.6</ele>
    <time>2026-02-18T10:50:39Z</time>
    <extensions>
     <power>309</power>
     <gpxtpx:TrackPointExtension>
      <gpxtpx:hr>146</gpxtpx:hr>
      <gpxtpx:cad>86</gpxtpx:cad>
     </gpxtpx:TrackPointExtension>
    </extensions>
   </trkpt>
   <trkpt lat="37.2606010" lon="-79.9362830">
    <ele>279.6</ele>
    <time>2026-02-18T10:50:40Z</time>
    <extensions>
     <power>308</power>
     <gpxtpx:TrackPointExtension>
      <gpxtpx:hr>146</gpxtpx:hr>
      <gpxtpx:cad>86</gpxtpx:cad>
     </gpxtpx:TrackPointExtension>
    </extensions>
   </trkpt>
   <trkpt lat="37.2605800" lon="-79.9362950">
    <ele>279.6</ele>
    <time>2026-02-18T10:50:41Z</time>
    <extensions>
     <power>307</power>
     <gpxtpx:TrackPointExtension>
      <gpxtpx:hr>146</gpxtpx:hr>
      <gpxtpx:cad>86</gpxtpx:cad>
     </gpxtpx:TrackPointExtension>
    </extensions>
   </trkpt>
   <trkpt lat="37.2605640" lon="-79.9363180">
    <ele>279.6</ele>
    <time>2026-02-18T10:50:42Z</time>
    <extensions>
     <power>306</power>
     <gpxtpx:TrackPointExtension>
      <gpxtpx:hr>146</gpxtpx:hr>
      <gpxtpx:cad>86</gpxtpx:cad>
     </gpxtpx:TrackPointExtension>
    </extensions>
   </trkpt>
   <trkpt lat="37.2605460" lon="-79.9363270">
    <ele>279.6</ele>
    <time>2026-02-18T10:50:43Z</time>
    <extensions>
     <power>305</power>
     <gpxtpx:TrackPointExtension>
      <gpxtpx:hr>146</gpxtpx:hr>
      <gpxtpx:cad>86</gpxtpx:cad>
     </gpxtpx:TrackPointExtension>
    </extensions>
   </trkpt>
   <trkpt lat="37.2605220" lon="-79.9363480">
    <ele>279.6</ele>
    <time>2026-02-18T10:50:44Z</time>
    <extensions>
     <power>305</power>
     <gpxtpx:TrackPointExtension>
      <gpxtpx:hr>147</gpxtpx:hr>
      <gpxtpx:cad>86</gpxtpx:cad>
     </gpxtpx:TrackPointExtension>
    </extensions>
   </trkpt>
   <trkpt lat="37.2605060" lon="-79.9363540">
    <ele>279.6</ele>
    <time>2026-02-18T10:50:45Z</time>
    <extensions>
     <power>305</power>
     <gpxtpx:TrackPointExtension>
      <gpxtpx:hr>146</gpxtpx:hr>
      <gpxtpx:cad>86</gpxtpx:cad>
     </gpxtpx:TrackPointExtension>
    </extensions>
   </trkpt>
   <trkpt lat="37.2604840" lon="-79.9363690">
    <ele>279.6</ele>
    <time>2026-02-18T10:50:46Z</time>
    <extensions>
     <power>305</power>
     <gpxtpx:TrackPointExtension>
      <gpxtpx:hr>147</gpxtpx:hr>
      <gpxtpx:cad>85</gpxtpx:cad>
     </gpxtpx:TrackPointExtension>
    </extensions>
   </trkpt>
   <trkpt lat="37.2604690" lon="-79.9363890">
    <ele>279.8</ele>
    <time>2026-02-18T10:50:47Z</time>
    <extensions>
     <power>304</power>
     <gpxtpx:TrackPointExtension>
      <gpxtpx:hr>146</gpxtpx:hr>
      <gpxtpx:cad>85</gpxtpx:cad>
     </gpxtpx:TrackPointExtension>
    </extensions>
   </trkpt>
   <trkpt lat="37.2604460" lon="-79.9364010">
    <ele>279.8</ele>
    <time>2026-02-18T10:50:48Z</time>
    <extensions>
     <power>304</power>
     <gpxtpx:TrackPointExtension>
      <gpxtpx:hr>146</gpxtpx:hr>
      <gpxtpx:cad>85</gpxtpx:cad>
     </gpxtpx:TrackPointExtension>
    </extensions>
   </trkpt>
   <trkpt lat="37.2604260" lon="-79.9364220">
    <ele>279.8</ele>
    <time>2026-02-18T10:50:49Z</time>
    <extensions>
     <power>304</power>
     <gpxtpx:TrackPointExtension>
      <gpxtpx:hr>146</gpxtpx:hr>
      <gpxtpx:cad>85</gpxtpx:cad>
     </gpxtpx:TrackPointExtension>
    </extensions>
   </trkpt>
   <trkpt lat="37.2604060" lon="-79.9364380">
    <ele>279.8</ele>
    <time>2026-02-18T10:50:50Z</time>
    <extensions>
     <power>306</power>
     <gpxtpx:TrackPointExtension>
      <gpxtpx:hr>147</gpxtpx:hr>
      <gpxtpx:cad>85</gpxtpx:cad>
     </gpxtpx:TrackPointExtension>
    </extensions>
   </trkpt>
   <trkpt lat="37.2603860" lon="-79.9364590">
    <ele>279.8</ele>
    <time>2026-02-18T10:50:51Z</time>
    <extensions>
     <power>309</power>
     <gpxtpx:TrackPointExtension>
      <gpxtpx:hr>146</gpxtpx:hr>
      <gpxtpx:cad>85</gpxtpx:cad>
     </gpxtpx:TrackPointExtension>
    </extensions>
   </trkpt>
   <trkpt lat="37.2603690" lon="-79.9364720">
    <ele>279.8</ele>
    <time>2026-02-18T10:50:52Z</time>
    <extensions>
     <power>311</power>
     <gpxtpx:TrackPointExtension>
      <gpxtpx:hr>146</gpxtpx:hr>
      <gpxtpx:cad>85</gpxtpx:cad>
     </gpxtpx:TrackPointExtension>
    </extensions>
   </trkpt>
   <trkpt lat="37.2603440" lon="-79.9364930">
    <ele>280.0</ele>
    <time>2026-02-18T10:50:53Z</time>
    <extensions>
     <power>315</power>
     <gpxtpx:TrackPointExtension>
      <gpxtpx:hr>147</gpxtpx:hr>
      <gpxtpx:cad>84</gpxtpx:cad>
     </gpxtpx:TrackPointExtension>
    </extensions>
   </trkpt>
   <trkpt lat="37.2603270" lon="-79.9365070">
    <ele>280.0</ele>
    <time>2026-02-18T10:50:54Z</time>
    <extensions>
     <power>317</power>
     <gpxtpx:TrackPointExtension>
      <gpxtpx:hr>146</gpxtpx:hr>
      <gpxtpx:cad>84</gpxtpx:cad>
     </gpxtpx:TrackPointExtension>
    </extensions>
   </trkpt>
   <trkpt lat="37.2603060" lon="-79.9365220">
    <ele>280.0</ele>
    <time>2026-02-18T10:50:55Z</time>
    <extensions>
     <power>315</power>
     <gpxtpx:TrackPointExtension>
      <gpxtpx:hr>147</gpxtpx:hr>
      <gpxtpx:cad>84</gpxtpx:cad>
     </gpxtpx:TrackPointExtension>
    </extensions>
   </trkpt>
   <trkpt lat="37.2602910" lon="-79.9365440">
    <ele>280.0</ele>
    <time>2026-02-18T10:50:56Z</time>
    <extensions>
     <power>316</power>
     <gpxtpx:TrackPointExtension>
      <gpxtpx:hr>147</gpxtpx:hr>
      <gpxtpx:cad>88</gpxtpx:cad>
     </gpxtpx:TrackPointExtension>
    </extensions>
   </trkpt>
   <trkpt lat="37.2602720" lon="-79.9365550">
    <ele>280.2</ele>
    <time>2026-02-18T10:50:57Z</time>
    <extensions>
     <power>313</power>
     <gpxtpx:TrackPointExtension>
      <gpxtpx:hr>147</gpxtpx:hr>
      <gpxtpx:cad>88</gpxtpx:cad>
     </gpxtpx:TrackPointExtension>
    </extensions>
   </trkpt>
   <trkpt lat="37.2602500" lon="-79.9365810">
    <ele>280.2</ele>
    <time>2026-02-18T10:50:58Z</time>
    <extensions>
     <power>314</power>
     <gpxtpx:TrackPointExtension>
      <gpxtpx:hr>146</gpxtpx:hr>
      <gpxtpx:cad>87</gpxtpx:cad>
     </gpxtpx:TrackPointExtension>
    </extensions>
   </trkpt>
   <trkpt lat="37.2602320" lon="-79.9365930">
    <ele>280.2</ele>
    <time>2026-02-18T10:50:59Z</time>
    <extensions>
     <power>317</power>
     <gpxtpx:TrackPointExtension>
      <gpxtpx:hr>147</gpxtpx:hr>
      <gpxtpx:cad>87</gpxtpx:cad>
     </gpxtpx:TrackPointExtension>
    </extensions>
   </trkpt>
   <trkpt lat="37.2602100" lon="-79.9366180">
    <ele>280.4</ele>
    <time>2026-02-18T10:51:00Z</time>
    <extensions>
     <power>323</power>
     <gpxtpx:TrackPointExtension>
      <gpxtpx:hr>147</gpxtpx:hr>
      <gpxtpx:cad>87</gpxtpx:cad>
     </gpxtpx:TrackPointExtension>
    </extensions>
   </trkpt>
   <trkpt lat="37.2601920" lon="-79.9366300">
    <ele>280.4</ele>
    <time>2026-02-18T10:51:01Z</time>
    <extensions>
     <power>326</power>
     <gpxtpx:TrackPointExtension>
      <gpxtpx:hr>147</gpxtpx:hr>
      <gpxtpx:cad>87</gpxtpx:cad>
     </gpxtpx:TrackPointExtension>
    </extensions>
   </trkpt>
   <trkpt lat="37.2601690" lon="-79.9366500">
    <ele>280.4</ele>
    <time>2026-02-18T10:51:02Z</time>
    <extensions>
     <power>328</power>
     <gpxtpx:TrackPointExtension>
      <gpxtpx:hr>147</gpxtpx:hr>
      <gpxtpx:cad>86</gpxtpx:cad>
     </gpxtpx:TrackPointExtension>
    </extensions>
   </trkpt>
   <trkpt lat="37.2601560" lon="-79.9366660">
    <ele>280.4</ele>
    <time>2026-02-18T10:51:03Z</time>
    <extensions>
     <power>329</power>
     <gpxtpx:TrackPointExtension>
      <gpxtpx:hr>148</gpxtpx:hr>
      <gpxtpx:cad>86</gpxtpx:cad>
     </gpxtpx:TrackPointExtension>
    </extensions>
   </trkpt>
   <trkpt lat="37.2601320" lon="-79.9366850">
    <ele>280.6</ele>
    <time>2026-02-18T10:51:04Z</time>
    <extensions>
     <power>326</power>
     <gpxtpx:TrackPointExtension>
      <gpxtpx:hr>149</gpxtpx:hr>
      <gpxtpx:cad>87</gpxtpx:cad>
     </gpxtpx:TrackPointExtension>
    </extensions>
   </trkpt>
   <trkpt lat="37.2601100" lon="-79.9367030">
    <ele>280.6</ele>
    <time>2026-02-18T10:51:05Z</time>
    <extensions>
     <power>327</power>
     <gpxtpx:TrackPointExtension>
      <gpxtpx:hr>149</gpxtpx:hr>
      <gpxtpx:cad>87</gpxtpx:cad>
     </gpxtpx:TrackPointExtension>
    </extensions>
   </trkpt>
   <trkpt lat="37.2600920" lon="-79.9367110">
    <ele>280.6</ele>
    <time>2026-02-18T10:51:06Z</time>
    <extensions>
     <power>329</power>
     <gpxtpx:TrackPointExtension>
      <gpxtpx:hr>150</gpxtpx:hr>
      <gpxtpx:cad>86</gpxtpx:cad>
     </gpxtpx:TrackPointExtension>
    </extensions>
   </trkpt>
   <trkpt lat="37.2600710" lon="-79.9367360">
    <ele>280.6</ele>
    <time>2026-02-18T10:51:07Z</time>
    <extensions>
     <power>329</power>
     <gpxtpx:TrackPointExtension>
      <gpxtpx:hr>150</gpxtpx:hr>
      <gpxtpx:cad>86</gpxtpx:cad>
     </gpxtpx:TrackPointExtension>
    </extensions>
   </trkpt>
   <trkpt lat="37.2600560" lon="-79.9367450">
    <ele>280.6</ele>
    <time>2026-02-18T10:51:08Z</time>
    <extensions>
     <power>332</power>
     <gpxtpx:TrackPointExtension>
      <gpxtpx:hr>151</gpxtpx:hr>
      <gpxtpx:cad>85</gpxtpx:cad>
     </gpxtpx:TrackPointExtension>
    </extensions>
   </trkpt>
   <trkpt lat="37.2600350" lon="-79.9367650">
    <ele>280.6</ele>
    <time>2026-02-18T10:51:09Z</time>
    <extensions>
     <power>329</power>
     <gpxtpx:TrackPointExtension>
      <gpxtpx:hr>151</gpxtpx:hr>
      <gpxtpx:cad>85</gpxtpx:cad>
     </gpxtpx:TrackPointExtension>
    </extensions>
   </trkpt>
   <trkpt lat="37.2600200" lon="-79.9367850">
    <ele>280.6</ele>
    <time>2026-02-18T10:51:10Z</time>
    <extensions>
     <power>327</power>
     <gpxtpx:TrackPointExtension>
      <gpxtpx:hr>152</gpxtpx:hr>
      <gpxtpx:cad>85</gpxtpx:cad>
     </gpxtpx:TrackPointExtension>
    </extensions>
   </trkpt>
   <trkpt lat="37.2600010" lon="-79.9368000">
    <ele>280.4</ele>
    <time>2026-02-18T10:51:11Z</time>
    <extensions>
     <power>324</power>
     <gpxtpx:TrackPointExtension>
      <gpxtpx:hr>152</gpxtpx:hr>
      <gpxtpx:cad>85</gpxtpx:cad>
     </gpxtpx:TrackPointExtension>
    </extensions>
   </trkpt>
   <trkpt lat="37.2599830" lon="-79.9368190">
    <ele>280.4</ele>
    <time>2026-02-18T10:51:12Z</time>
    <extensions>
     <power>321</power>
     <gpxtpx:TrackPointExtension>
      <gpxtpx:hr>152</gpxtpx:hr>
      <gpxtpx:cad>86</gpxtpx:cad>
     </gpxtpx:TrackPointExtension>
    </extensions>
   </trkpt>
   <trkpt lat="37.2599640" lon="-79.9368300">
    <ele>280.4</ele>
    <time>2026-02-18T10:51:13Z</time>
    <extensions>
     <power>319</power>
     <gpxtpx:TrackPointExtension>
      <gpxtpx:hr>152</gpxtpx:hr>
      <gpxtpx:cad>86</gpxtpx:cad>
     </gpxtpx:TrackPointExtension>
    </extensions>
   </trkpt>
   <trkpt lat="37.2599430" lon="-79.9368540">
    <ele>280.2</ele>
    <time>2026-02-18T10:51:14Z</time>
    <extensions>
     <power>317</power>
     <gpxtpx:TrackPointExtension>
      <gpxtpx:hr>152</gpxtpx:hr>
      <gpxtpx:cad>86</gpxtpx:cad>
     </gpxtpx:TrackPointExtension>
    </extensions>
   </trkpt>
   <trkpt lat="37.2599270" lon="-79.9368690">
    <ele>280.2</ele>
    <time>2026-02-18T10:51:15Z</time>
    <extensions>
     <power>316</power>
     <gpxtpx:TrackPointExtension>
      <gpxtpx:hr>153</gpxtpx:hr>
      <gpxtpx:cad>86</gpxtpx:cad>
     </gpxtpx:TrackPointExtension>
    </extensions>
   </trkpt>
   <trkpt lat="37.2599070" lon="-79.9368900">
    <ele>280.2</ele>
    <time>2026-02-18T10:51:16Z</time>
    <extensions>
     <power>314</power>
     <gpxtpx:TrackPointExtension>
      <gpxtpx:hr>153</gpxtpx:hr>
      <gpxtpx:cad>85</gpxtpx:cad>
     </gpxtpx:TrackPointExtension>
    </extensions>
   </trkpt>
   <trkpt lat="37.2598920" lon="-79.9369140">
    <ele>280.2</ele>
    <time>2026-02-18T10:51:17Z</time>
    <extensions>
     <power>312</power>
     <gpxtpx:TrackPointExtension>
      <gpxtpx:hr>153</gpxtpx:hr>
      <gpxtpx:cad>85</gpxtpx:cad>
     </gpxtpx:TrackPointExtension>
    </extensions>
   </trkpt>
   <trkpt lat="37.2598720" lon="-79.9369330">
    <ele>280.2</ele>
    <time>2026-02-18T10:51:18Z</time>
    <extensions>
     <power>310</power>
     <gpxtpx:TrackPointExtension>
      <gpxtpx:hr>153</gpxtpx:hr>
      <gpxtpx:cad>85</gpxtpx:cad>
     </gpxtpx:TrackPointExtension>
    </extensions>
   </trkpt>
   <trkpt lat="37.2598560" lon="-79.9369600">
    <ele>280.0</ele>
    <time>2026-02-18T10:51:19Z</time>
    <extensions>
     <power>309</power>
     <gpxtpx:TrackPointExtension>
      <gpxtpx:hr>154</gpxtpx:hr>
      <gpxtpx:cad>86</gpxtpx:cad>
     </gpxtpx:TrackPointExtension>
    </extensions>
   </trkpt>
   <trkpt lat="37.2598380" lon="-79.9369740">
    <ele>280.0</ele>
    <time>2026-02-18T10:51:20Z</time>
    <extensions>
     <power>308</power>
     <gpxtpx:TrackPointExtension>
      <gpxtpx:hr>153</gpxtpx:hr>
      <gpxtpx:cad>86</gpxtpx:cad>
     </gpxtpx:TrackPointExtension>
    </extensions>
   </trkpt>
   <trkpt lat="37.2598200" lon="-79.9369990">
    <ele>280.0</ele>
    <time>2026-02-18T10:51:21Z</time>
    <extensions>
     <power>306</power>
     <gpxtpx:TrackPointExtension>
      <gpxtpx:hr>153</gpxtpx:hr>
      <gpxtpx:cad>86</gpxtpx:cad>
     </gpxtpx:TrackPointExtension>
    </extensions>
   </trkpt>
   <trkpt lat="37.2598050" lon="-79.9370160">
    <ele>280.0</ele>
    <time>2026-02-18T10:51:22Z</time>
    <extensions>
     <power>305</power>
     <gpxtpx:TrackPointExtension>
      <gpxtpx:hr>153</gpxtpx:hr>
      <gpxtpx:cad>86</gpxtpx:cad>
     </gpxtpx:TrackPointExtension>
    </extensions>
   </trkpt>
   <trkpt lat="37.2597910" lon="-79.9370410">
    <ele>280.0</ele>
    <time>2026-02-18T10:51:23Z</time>
    <extensions>
     <power>304</power>
     <gpxtpx:TrackPointExtension>
      <gpxtpx:hr>153</gpxtpx:hr>
      <gpxtpx:cad>86</gpxtpx:cad>
     </gpxtpx:TrackPointExtension>
    </extensions>
   </trkpt>
   <trkpt lat="37.2597820" lon="-79.9370640">
    <ele>279.8</ele>
    <time>2026-02-18T10:51:24Z</time>
    <extensions>
     <power>304</power>
     <gpxtpx:TrackPointExtension>
      <gpxtpx:hr>153</gpxtpx:hr>
      <gpxtpx:cad>85</gpxtpx:cad>
     </gpxtpx:TrackPointExtension>
    </extensions>
   </trkpt>
   <trkpt lat="37.2597670" lon="-79.9370800">
    <ele>279.8</ele>
    <time>2026-02-18T10:51:25Z</time>
    <extensions>
     <power>303</power>
     <gpxtpx:TrackPointExtension>
      <gpxtpx:hr>154</gpxtpx:hr>
      <gpxtpx:cad>85</gpxtpx:cad>
     </gpxtpx:TrackPointExtension>
    </extensions>
   </trkpt>
   <trkpt lat="37.2597550" lon="-79.9371060">
    <ele>279.6</ele>
    <time>2026-02-18T10:51:26Z</time>
    <extensions>
     <power>299</power>
     <gpxtpx:TrackPointExtension>
      <gpxtpx:hr>153</gpxtpx:hr>
      <gpxtpx:cad>85</gpxtpx:cad>
     </gpxtpx:TrackPointExtension>
    </extensions>
   </trkpt>
   <trkpt lat="37.2597430" lon="-79.9371220">
    <ele>279.4</ele>
    <time>2026-02-18T10:51:27Z</time>
    <extensions>
     <power>295</power>
     <gpxtpx:TrackPointExtension>
      <gpxtpx:hr>153</gpxtpx:hr>
      <gpxtpx:cad>86</gpxtpx:cad>
     </gpxtpx:TrackPointExtension>
    </extensions>
   </trkpt>
   <trkpt lat="37.2597300" lon="-79.9371450">
    <ele>279.4</ele>
    <time>2026-02-18T10:51:28Z</time>
    <extensions>
     <power>294</power>
     <gpxtpx:TrackPointExtension>
      <gpxtpx:hr>153</gpxtpx:hr>
      <gpxtpx:cad>86</gpxtpx:cad>
     </gpxtpx:TrackPointExtension>
    </extensions>
   </trkpt>
   <trkpt lat="37.2597240" lon="-79.9371660">
    <ele>279.2</ele>
    <time>2026-02-18T10:51:29Z</time>
    <extensions>
     <power>291</power>
     <gpxtpx:TrackPointExtension>
      <gpxtpx:hr>153</gpxtpx:hr>
      <gpxtpx:cad>85</gpxtpx:cad>
     </gpxtpx:TrackPointExtension>
    </extensions>
   </trkpt>
   <trkpt lat="37.2597130" lon="-79.9371890">
    <ele>279.0</ele>
    <time>2026-02-18T10:51:30Z</time>
    <extensions>
     <power>289</power>
     <gpxtpx:TrackPointExtension>
      <gpxtpx:hr>154</gpxtpx:hr>
      <gpxtpx:cad>85</gpxtpx:cad>
     </gpxtpx:TrackPointExtension>
    </extensions>
   </trkpt>
   <trkpt lat="37.2597070" lon="-79.9372200">
    <ele>279.0</ele>
    <time>2026-02-18T10:51:31Z</time>
    <extensions>
     <power>286</power>
     <gpxtpx:TrackPointExtension>
      <gpxtpx:hr>153</gpxtpx:hr>
      <gpxtpx:cad>84</gpxtpx:cad>
     </gpxtpx:TrackPointExtension>
    </extensions>
   </trkpt>
   <trkpt lat="37.2596980" lon="-79.9372380">
    <ele>278.8</ele>
    <time>2026-02-18T10:51:32Z</time>
    <extensions>
     <power>284</power>
     <gpxtpx:TrackPointExtension>
      <gpxtpx:hr>153</gpxtpx:hr>
      <gpxtpx:cad>83</gpxtpx:cad>
     </gpxtpx:TrackPointExtension>
    </extensions>
   </trkpt>
   <trkpt lat="37.2596830" lon="-79.9372650">
    <ele>278.6</ele>
    <time>2026-02-18T10:51:33Z</time>
    <extensions>
     <power>283</power>
     <gpxtpx:TrackPointExtension>
      <gpxtpx:hr>153</gpxtpx:hr>
      <gpxtpx:cad>83</gpxtpx:cad>
     </gpxtpx:TrackPointExtension>
    </extensions>
   </trkpt>
   <trkpt lat="37.2596700" lon="-79.9372870">
    <ele>278.6</ele>
    <time>2026-02-18T10:51:34Z</time>
    <extensions>
     <power>275</power>
     <gpxtpx:TrackPointExtension>
      <gpxtpx:hr>153</gpxtpx:hr>
      <gpxtpx:cad>83</gpxtpx:cad>
     </gpxtpx:TrackPointExtension>
    </extensions>
   </trkpt>
   <trkpt lat="37.2596530" lon="-79.9373070">
    <ele>278.4</ele>
    <time>2026-02-18T10:51:35Z</time>
    <extensions>
     <power>267</power>
     <gpxtpx:TrackPointExtension>
      <gpxtpx:hr>153</gpxtpx:hr>
      <gpxtpx:cad>85</gpxtpx:cad>
     </gpxtpx:TrackPointExtension>
    </extensions>
   </trkpt>
   <trkpt lat="37.2596420" lon="-79.9373300">
    <ele>278.2</ele>
    <time>2026-02-18T10:51:36Z</time>
    <extensions>
     <power>263</power>
     <gpxtpx:TrackPointExtension>
      <gpxtpx:hr>153</gpxtpx:hr>
      <gpxtpx:cad>85</gpxtpx:cad>
     </gpxtpx:TrackPointExtension>
    </extensions>
   </trkpt>
   <trkpt lat="37.2596270" lon="-79.9373420">
    <ele>278.0</ele>
    <time>2026-02-18T10:51:37Z</time>
    <extensions>
     <power>259</power>
     <gpxtpx:TrackPointExtension>
      <gpxtpx:hr>153</gpxtpx:hr>
      <gpxtpx:cad>85</gpxtpx:cad>
     </gpxtpx:TrackPointExtension>
    </extensions>
   </trkpt>
   <trkpt lat="37.2596120" lon="-79.9373660">
    <ele>278.0</ele>
    <time>2026-02-18T10:51:38Z</time>
    <extensions>
     <power>255</power>
     <gpxtpx:TrackPointExtension>
      <gpxtpx:hr>153</gpxtpx:hr>
      <gpxtpx:cad>85</gpxtpx:cad>
     </gpxtpx:TrackPointExtension>
    </extensions>
   </trkpt>
   <trkpt lat="37.2595940" lon="-79.9373840">
    <ele>277.8</ele>
    <time>2026-02-18T10:51:39Z</time>
    <extensions>
     <power>251</power>
     <gpxtpx:TrackPointExtension>
      <gpxtpx:hr>153</gpxtpx:hr>
      <gpxtpx:cad>85</gpxtpx:cad>
     </gpxtpx:TrackPointExtension>
    </extensions>
   </trkpt>
   <trkpt lat="37.2595750" lon="-79.9374050">
    <ele>277.8</ele>
    <time>2026-02-18T10:51:40Z</time>
    <extensions>
     <power>251</power>
     <gpxtpx:TrackPointExtension>
      <gpxtpx:hr>153</gpxtpx:hr>
      <gpxtpx:cad>85</gpxtpx:cad>
     </gpxtpx:TrackPointExtension>
    </extensions>
   </trkpt>
   <trkpt lat="37.2595620" lon="-79.9374270">
    <ele>277.8</ele>
    <time>2026-02-18T10:51:41Z</time>
    <extensions>
     <power>251</power>
     <gpxtpx:TrackPointExtension>
      <gpxtpx:hr>152</gpxtpx:hr>
      <gpxtpx:cad>85</gpxtpx:cad>
     </gpxtpx:TrackPointExtension>
    </extensions>
   </trkpt>
   <trkpt lat="37.2595420" lon="-79.9374460">
    <ele>277.8</ele>
    <time>2026-02-18T10:51:42Z</time>
    <extensions>
     <power>250</power>
     <gpxtpx:TrackPointExtension>
      <gpxtpx:hr>153</gpxtpx:hr>
      <gpxtpx:cad>86</gpxtpx:cad>
     </gpxtpx:TrackPointExtension>
    </extensions>
   </trkpt>
   <trkpt lat="37.2595230" lon="-79.9374670">
    <ele>277.8</ele>
    <time>2026-02-18T10:51:43Z</time>
    <extensions>
     <power>251</power>
     <gpxtpx:TrackPointExtension>
      <gpxtpx:hr>152</gpxtpx:hr>
      <gpxtpx:cad>86</gpxtpx:cad>
     </gpxtpx:TrackPointExtension>
    </extensions>
   </trkpt>
   <trkpt lat="37.2595030" lon="-79.9374810">
    <ele>278.0</ele>
    <time>2026-02-18T10:51:44Z</time>
    <extensions>
     <power>255</power>
     <gpxtpx:TrackPointExtension>
      <gpxtpx:hr>152</gpxtpx:hr>
      <gpxtpx:cad>86</gpxtpx:cad>
     </gpxtpx:TrackPointExtension>
    </extensions>
   </trkpt>
   <trkpt lat="37.2594780" lon="-79.9375030">
    <ele>277.8</ele>
    <time>2026-02-18T10:51:45Z</time>
    <extensions>
     <power>256</power>
     <gpxtpx:TrackPointExtension>
      <gpxtpx:hr>152</gpxtpx:hr>
      <gpxtpx:cad>85</gpxtpx:cad>
     </gpxtpx:TrackPointExtension>
    </extensions>
   </trkpt>
   <trkpt lat="37.2594600" lon="-79.9375180">
    <ele>277.8</ele>
    <time>2026-02-18T10:51:46Z</time>
    <extensions>
     <power>256</power>
     <gpxtpx:TrackPointExtension>
      <gpxtpx:hr>152</gpxtpx:hr>
      <gpxtpx:cad>85</gpxtpx:cad>
     </gpxtpx:TrackPointExtension>
    </extensions>
   </trkpt>
   <trkpt lat="37.2594350" lon="-79.9375390">
    <ele>277.6</ele>
    <time>2026-02-18T10:51:47Z</time>
    <extensions>
     <power>260</power>
     <gpxtpx:TrackPointExtension>
      <gpxtpx:hr>151</gpxtpx:hr>
      <gpxtpx:cad>85</gpxtpx:cad>
     </gpxtpx:TrackPointExtension>
    </extensions>
   </trkpt>
   <trkpt lat="37.2594180" lon="-79.9375630">
    <ele>277.6</ele>
    <time>2026-02-18T10:51:48Z</time>
    <extensions>
     <power>261</power>
     <gpxtpx:TrackPointExtension>
      <gpxtpx:hr>151</gpxtpx:hr>
      <gpxtpx:cad>85</gpxtpx:cad>
     </gpxtpx:TrackPointExtension>
    </extensions>
   </trkpt>
   <trkpt lat="37.2593980" lon="-79.9375730">
    <ele>277.4</ele>
    <time>2026-02-18T10:51:49Z</time>
    <extensions>
     <power>267</power>
     <gpxtpx:TrackPointExtension>
      <gpxtpx:hr>151</gpxtpx:hr>
      <gpxtpx:cad>85</gpxtpx:cad>
     </gpxtpx:TrackPointExtension>
    </extensions>
   </trkpt>
   <trkpt lat="37.2593790" lon="-79.9375920">
    <ele>277.4</ele>
    <time>2026-02-18T10:51:50Z</time>
    <extensions>
     <power>270</power>
     <gpxtpx:TrackPointExtension>
      <gpxtpx:hr>151</gpxtpx:hr>
      <gpxtpx:cad>85</gpxtpx:cad>
     </gpxtpx:TrackPointExtension>
    </extensions>
   </trkpt>
   <trkpt lat="37.2593620" lon="-79.9376000">
    <ele>277.4</ele>
    <time>2026-02-18T10:51:51Z</time>
    <extensions>
     <power>272</power>
     <gpxtpx:TrackPointExtension>
      <gpxtpx:hr>151</gpxtpx:hr>
      <gpxtpx:cad>85</gpxtpx:cad>
     </gpxtpx:TrackPointExtension>
    </extensions>
   </trkpt>
   <trkpt lat="37.2593450" lon="-79.9376190">
    <ele>277.4</ele>
    <time>2026-02-18T10:51:52Z</time>
    <extensions>
     <power>274</power>
     <gpxtpx:TrackPointExtension>
      <gpxtpx:hr>151</gpxtpx:hr>
      <gpxtpx:cad>85</gpxtpx:cad>
     </gpxtpx:TrackPointExtension>
    </extensions>
   </trkpt>
   <trkpt lat="37.2593300" lon="-79.9376260">
    <ele>277.2</ele>
    <time>2026-02-18T10:51:53Z</time>
    <extensions>
     <power>272</power>
     <gpxtpx:TrackPointExtension>
      <gpxtpx:hr>151</gpxtpx:hr>
      <gpxtpx:cad>85</gpxtpx:cad>
     </gpxtpx:TrackPointExtension>
    </extensions>
   </trkpt>
   <trkpt lat="37.2593090" lon="-79.9376410">
    <ele>277.2</ele>
    <time>2026-02-18T10:51:54Z</time>
    <extensions>
     <power>273</power>
     <gpxtpx:TrackPointExtension>
      <gpxtpx:hr>151</gpxtpx:hr>
      <gpxtpx:cad>85</gpxtpx:cad>
     </gpxtpx:TrackPointExtension>
    </extensions>
   </trkpt>
   <trkpt lat="37.2592980" lon="-79.9376610">
    <ele>277.2</ele>
    <time>2026-02-18T10:51:55Z</time>
    <extensions>
     <power>271</power>
     <gpxtpx:TrackPointExtension>
      <gpxtpx:hr>151</gpxtpx:hr>
      <gpxtpx:cad>85</gpxtpx:cad>
     </gpxtpx:TrackPointExtension>
    </extensions>
   </trkpt>
   <trkpt lat="37.2592800" lon="-79.9376790">
    <ele>277.2</ele>
    <time>2026-02-18T10:51:56Z</time>
    <extensions>
     <power>272</power>
     <gpxtpx:TrackPointExtension>
      <gpxtpx:hr>151</gpxtpx:hr>
      <gpxtpx:cad>85</gpxtpx:cad>
     </gpxtpx:TrackPointExtension>
    </extensions>
   </trkpt>
   <trkpt lat="37.2592650" lon="-79.9377060">
    <ele>277.2</ele>
    <time>2026-02-18T10:51:57Z</time>
    <extensions>
     <power>272</power>
     <gpxtpx:TrackPointExtension>
      <gpxtpx:hr>151</gpxtpx:hr>
      <gpxtpx:cad>85</gpxtpx:cad>
     </gpxtpx:TrackPointExtension>
    </extensions>
   </trkpt>
   <trkpt lat="37.2592490" lon="-79.9377180">
    <ele>277.2</ele>
    <time>2026-02-18T10:51:58Z</time>
    <extensions>
     <power>273</power>
     <gpxtpx:TrackPointExtension>
      <gpxtpx:hr>151</gpxtpx:hr>
      <gpxtpx:cad>85</gpxtpx:cad>
     </gpxtpx:TrackPointExtension>
    </extensions>
   </trkpt>
   <trkpt lat="37.2592300" lon="-79.9377410">
    <ele>277.0</ele>
    <time>2026-02-18T10:51:59Z</time>
    <extensions>
     <power>273</power>
     <gpxtpx:TrackPointExtension>
      <gpxtpx:hr>151</gpxtpx:hr>
      <gpxtpx:cad>85</gpxtpx:cad>
     </gpxtpx:TrackPointExtension>
    </extensions>
   </trkpt>
   <trkpt lat="37.2592120" lon="-79.9377510">
    <ele>277.0</ele>
    <time>2026-02-18T10:52:00Z</time>
    <extensions>
     <power>273</power>
     <gpxtpx:TrackPointExtension>
      <gpxtpx:hr>151</gpxtpx:hr>
      <gpxtpx:cad>85</gpxtpx:cad>
     </gpxtpx:TrackPointExtension>
    </extensions>
   </trkpt>
   <trkpt lat="37.2591910" lon="-79.9377760">
    <ele>277.0</ele>
    <time>2026-02-18T10:52:01Z</time>
    <extensions>
     <power>272</power>
     <gpxtpx:TrackPointExtension>
      <gpxtpx:hr>151</gpxtpx:hr>
      <gpxtpx:cad>86</gpxtpx:cad>
     </gpxtpx:TrackPointExtension>
    </extensions>
   </trkpt>
   <trkpt lat="37.2591780" lon="-79.9377950">
    <ele>277.0</ele>
    <time>2026-02-18T10:52:02Z</time>
    <extensions>
     <power>270</power>
     <gpxtpx:TrackPointExtension>
      <gpxtpx:hr>151</gpxtpx:hr>
      <gpxtpx:cad>86</gpxtpx:cad>
     </gpxtpx:TrackPointExtension>
    </extensions>
   </trkpt>
   <trkpt lat="37.2591530" lon="-79.9378190">
    <ele>276.8</ele>
    <time>2026-02-18T10:52:03Z</time>
    <extensions>
     <power>271</power>
     <gpxtpx:TrackPointExtension>
      <gpxtpx:hr>151</gpxtpx:hr>
      <gpxtpx:cad>86</gpxtpx:cad>
     </gpxtpx:TrackPointExtension>
    </extensions>
   </trkpt>
   <trkpt lat="37.2591360" lon="-79.9378360">
    <ele>276.8</ele>
    <time>2026-02-18T10:52:04Z</time>
    <extensions>
     <power>271</power>
     <gpxtpx:TrackPointExtension>
      <gpxtpx:hr>151</gpxtpx:hr>
      <gpxtpx:cad>86</gpxtpx:cad>
     </gpxtpx:TrackPointExtension>
    </extensions>
   </trkpt>
   <trkpt lat="37.2591150" lon="-79.9378540">
    <ele>276.8</ele>
    <time>2026-02-18T10:52:05Z</time>
    <extensions>
     <power>275</power>
     <gpxtpx:TrackPointExtension>
      <gpxtpx:hr>151</gpxtpx:hr>
      <gpxtpx:cad>86</gpxtpx:cad>
     </gpxtpx:TrackPointExtension>
    </extensions>
   </trkpt>
   <trkpt lat="37.2591030" lon="-79.9378790">
    <ele>276.8</ele>
    <time>2026-02-18T10:52:06Z</time>
    <extensions>
     <power>278</power>
     <gpxtpx:TrackPointExtension>
      <gpxtpx:hr>151</gpxtpx:hr>
      <gpxtpx:cad>86</gpxtpx:cad>
     </gpxtpx:TrackPointExtension>
    </extensions>
   </trkpt>
   <trkpt lat="37.2590870" lon="-79.9378940">
    <ele>276.8</ele>
    <time>2026-02-18T10:52:07Z</time>
    <extensions>
     <power>280</power>
     <gpxtpx:TrackPointExtension>
      <gpxtpx:hr>151</gpxtpx:hr>
      <gpxtpx:cad>87</gpxtpx:cad>
     </gpxtpx:TrackPointExtension>
    </extensions>
   </trkpt>
   <trkpt lat="37.2590690" lon="-79.9379160">
    <ele>276.8</ele>
    <time>2026-02-18T10:52:08Z</time>
    <extensions>
     <power>281</power>
     <gpxtpx:TrackPointExtension>
      <gpxtpx:hr>150</gpxtpx:hr>
      <gpxtpx:cad>87</gpxtpx:cad>
     </gpxtpx:TrackPointExtension>
    </extensions>
   </trkpt>
   <trkpt lat="37.2590530" lon="-79.9379280">
    <ele>276.8</ele>
    <time>2026-02-18T10:52:09Z</time>
    <extensions>
     <power>279</power>
     <gpxtpx:TrackPointExtension>
      <gpxtpx:hr>151</gpxtpx:hr>
      <gpxtpx:cad>87</gpxtpx:cad>
     </gpxtpx:TrackPointExtension>
    </extensions>
   </trkpt>
   <trkpt lat="37.2590320" lon="-79.9379530">
    <ele>276.8</ele>
    <time>2026-02-18T10:52:10Z</time>
    <extensions>
     <power>281</power>
     <gpxtpx:TrackPointExtension>
      <gpxtpx:hr>151</gpxtpx:hr>
      <gpxtpx:cad>87</gpxtpx:cad>
     </gpxtpx:TrackPointExtension>
    </extensions>
   </trkpt>
   <trkpt lat="37.2590190" lon="-79.9379710">
    <ele>276.8</ele>
    <time>2026-02-18T10:52:11Z</time>
    <extensions>
     <power>281</power>
     <gpxtpx:TrackPointExtension>
      <gpxtpx:hr>150</gpxtpx:hr>
      <gpxtpx:cad>87</gpxtpx:cad>
     </gpxtpx:TrackPointExtension>
    </extensions>
   </trkpt>
   <trkpt lat="37.2589990" lon="-79.9379920">
    <ele>276.8</ele>
    <time>2026-02-18T10:52:12Z</time>
    <extensions>
     <power>283</power>
     <gpxtpx:TrackPointExtension>
      <gpxtpx:hr>151</gpxtpx:hr>
      <gpxtpx:cad>86</gpxtpx:cad>
     </gpxtpx:TrackPointExtension>
    </extensions>
   </trkpt>
   <trkpt lat="37.2589810" lon="-79.9380150">
    <ele>276.8</ele>
    <time>2026-02-18T10:52:13Z</time>
    <extensions>
     <power>283</power>
     <gpxtpx:TrackPointExtension>
      <gpxtpx:hr>151</gpxtpx:hr>
      <gpxtpx:cad>86</gpxtpx:cad>
     </gpxtpx:TrackPointExtension>
    </extensions>
   </trkpt>
   <trkpt lat="37.2589650" lon="-79.9380300">
    <ele>276.8</ele>
    <time>2026-02-18T10:52:14Z</time>
    <extensions>
     <power>283</power>
     <gpxtpx:TrackPointExtension>
      <gpxtpx:hr>150</gpxtpx:hr>
      <gpxtpx:cad>87</gpxtpx:cad>
     </gpxtpx:TrackPointExtension>
    </extensions>
   </trkpt>
   <trkpt lat="37.2589520" lon="-79.9380500">
    <ele>276.8</ele>
    <time>2026-02-18T10:52:15Z</time>
    <extensions>
     <power>285</power>
     <gpxtpx:TrackPointExtension>
      <gpxtpx:hr>151</gpxtpx:hr>
      <gpxtpx:cad>87</gpxtpx:cad>
     </gpxtpx:TrackPointExtension>
    </extensions>
   </trkpt>
   <trkpt lat="37.2589370" lon="-79.9380610">
    <ele>276.6</ele>
    <time>2026-02-18T10:52:16Z</time>
    <extensions>
     <power>285</power>
     <gpxtpx:TrackPointExtension>
      <gpxtpx:hr>151</gpxtpx:hr>
      <gpxtpx:cad>87</gpxtpx:cad>
     </gpxtpx:TrackPointExtension>
    </extensions>
   </trkpt>
   <trkpt lat="37.2589160" lon="-79.9380800">
    <ele>276.6</ele>
    <time>2026-02-18T10:52:17Z</time>
    <extensions>
     <power>284</power>
     <gpxtpx:TrackPointExtension>
      <gpxtpx:hr>151</gpxtpx:hr>
      <gpxtpx:cad>87</gpxtpx:cad>
     </gpxtpx:TrackPointExtension>
    </extensions>
   </trkpt>
   <trkpt lat="37.2588940" lon="-79.9380990">
    <ele>276.4</ele>
    <time>2026-02-18T10:52:18Z</time>
    <extensions>
     <power>286</power>
     <gpxtpx:TrackPointExtension>
      <gpxtpx:hr>150</gpxtpx:hr>
      <gpxtpx:cad>87</gpxtpx:cad>
     </gpxtpx:TrackPointExtension>
    </extensions>
   </trkpt>
   <trkpt lat="37.2588740" lon="-79.9381160">
    <ele>276.6</ele>
    <time>2026-02-18T10:52:19Z</time>
    <extensions>
     <power>289</power>
     <gpxtpx:TrackPointExtension>
      <gpxtpx:hr>151</gpxtpx:hr>
      <gpxtpx:cad>86</gpxtpx:cad>
     </gpxtpx:TrackPointExtension>
    </extensions>
   </trkpt>
   <trkpt lat="37.2588650" lon="-79.9381250">
    <ele>276.6</ele>
    <time>2026-02-18T10:52:20Z</time>
    <extensions>
     <power>288</power>
     <gpxtpx:TrackPointExtension>
      <gpxtpx:hr>151</gpxtpx:hr>
      <gpxtpx:cad>86</gpxtpx:cad>
     </gpxtpx:TrackPointExtension>
    </extensions>
   </trkpt>
   <trkpt lat="37.2588500" lon="-79.9381370">
    <ele>276.6</ele>
    <time>2026-02-18T10:52:21Z</time>
    <extensions>
     <power>285</power>
     <gpxtpx:TrackPointExtension>
      <gpxtpx:hr>151</gpxtpx:hr>
      <gpxtpx:cad>87</gpxtpx:cad>
     </gpxtpx:TrackPointExtension>
    </extensions>
   </trkpt>
   <trkpt lat="37.2588390" lon="-79.9381540">
    <ele>276.8</ele>
    <time>2026-02-18T10:52:22Z</time>
    <extensions>
     <power>286</power>
     <gpxtpx:TrackPointExtension>
      <gpxtpx:hr>150</gpxtpx:hr>
      <gpxtpx:cad>87</gpxtpx:cad>
     </gpxtpx:TrackPointExtension>
    </extensions>
   </trkpt>
   <trkpt lat="37.2588220" lon="-79.9381730">
    <ele>276.8</ele>
    <time>2026-02-18T10:52:23Z</time>
    <extensions>
     <power>286</power>
     <gpxtpx:TrackPointExtension>
      <gpxtpx:hr>151</gpxtpx:hr>
      <gpxtpx:cad>87</gpxtpx:cad>
     </gpxtpx:TrackPointExtension>
    </extensions>
   </trkpt>
   <trkpt lat="37.2588050" lon="-79.9381940">
    <ele>276.8</ele>
    <time>2026-02-18T10:52:24Z</time>
    <extensions>
     <power>286</power>
     <gpxtpx:TrackPointExtension>
      <gpxtpx:hr>151</gpxtpx:hr>
      <gpxtpx:cad>87</gpxtpx:cad>
     </gpxtpx:TrackPointExtension>
    </extensions>
   </trkpt>
   <trkpt lat="37.2587860" lon="-79.9382170">
    <ele>276.8</ele>
    <time>2026-02-18T10:52:25Z</time>
    <extensions>
     <power>287</power>
     <gpxtpx:TrackPointExtension>
      <gpxtpx:hr>150</gpxtpx:hr>
      <gpxtpx:cad>87</gpxtpx:cad>
     </gpxtpx:TrackPointExtension>
    </extensions>
   </trkpt>
   <trkpt lat="37.2587740" lon="-79.9382370">
    <ele>277.0</ele>
    <time>2026-02-18T10:52:26Z</time>
    <extensions>
     <power>288</power>
     <gpxtpx:TrackPointExtension>
      <gpxtpx:hr>150</gpxtpx:hr>
      <gpxtpx:cad>87</gpxtpx:cad>
     </gpxtpx:TrackPointExtension>
    </extensions>
   </trkpt>
   <trkpt lat="37.2587520" lon="-79.9382530">
    <ele>276.8</ele>
    <time>2026-02-18T10:52:27Z</time>
    <extensions>
     <power>291</power>
     <gpxtpx:TrackPointExtension>
      <gpxtpx:hr>150</gpxtpx:hr>
      <gpxtpx:cad>87</gpxtpx:cad>
     </gpxtpx:TrackPointExtension>
    </extensions>
   </trkpt>
   <trkpt lat="37.2587360" lon="-79.9382780">
    <ele>276.8</ele>
    <time>2026-02-18T10:52:28Z</time>
    <extensions>
     <power>292</power>
     <gpxtpx:TrackPointExtension>
      <gpxtpx:hr>151</gpxtpx:hr>
      <gpxtpx:cad>87</gpxtpx:cad>
     </gpxtpx:TrackPointExtension>
    </extensions>
   </trkpt>
   <trkpt lat="37.2587160" lon="-79.9382920">
    <ele>276.8</ele>
    <time>2026-02-18T10:52:29Z</time>
    <extensions>
     <power>292</power>
     <gpxtpx:TrackPointExtension>
      <gpxtpx:hr>150</gpxtpx:hr>
      <gpxtpx:cad>88</gpxtpx:cad>
     </gpxtpx:TrackPointExtension>
    </extensions>
   </trkpt>
   <trkpt lat="37.2586970" lon="-79.9383200">
    <ele>276.8</ele>
    <time>2026-02-18T10:52:30Z</time>
    <extensions>
     <power>293</power>
     <gpxtpx:TrackPointExtension>
      <gpxtpx:hr>150</gpxtpx:hr>
      <gpxtpx:cad>88</gpxtpx:cad>
     </gpxtpx:TrackPointExtension>
    </extensions>
   </trkpt>
   <trkpt lat="37.2586810" lon="-79.9383340">
    <ele>276.8</ele>
    <time>2026-02-18T10:52:31Z</time>
    <extensions>
     <power>295</power>
     <gpxtpx:TrackPointExtension>
      <gpxtpx:hr>150</gpxtpx:hr>
      <gpxtpx:cad>88</gpxtpx:cad>
     </gpxtpx:TrackPointExtension>
    </extensions>
   </trkpt>
   <trkpt lat="37.2586600" lon="-79.9383530">
    <ele>277.0</ele>
    <time>2026-02-18T10:52:32Z</time>
    <extensions>
     <power>297</power>
     <gpxtpx:TrackPointExtension>
      <gpxtpx:hr>150</gpxtpx:hr>
      <gpxtpx:cad>87</gpxtpx:cad>
     </gpxtpx:TrackPointExtension>
    </extensions>
   </trkpt>
   <trkpt lat="37.2586480" lon="-79.9383700">
    <ele>277.0</ele>
    <time>2026-02-18T10:52:33Z</time>
    <extensions>
     <power>301</power>
     <gpxtpx:TrackPointExtension>
      <gpxtpx:hr>150</gpxtpx:hr>
      <gpxtpx:cad>87</gpxtpx:cad>
     </gpxtpx:TrackPointExtension>
    </extensions>
   </trkpt>
   <trkpt lat="37.2586290" lon="-79.9383850">
    <ele>277.0</ele>
    <time>2026-02-18T10:52:34Z</time>
    <extensions>
     <power>305</power>
     <gpxtpx:TrackPointExtension>
      <gpxtpx:hr>150</gpxtpx:hr>
      <gpxtpx:cad>86</gpxtpx:cad>
     </gpxtpx:TrackPointExtension>
    </extensions>
   </trkpt>
   <trkpt lat="37.2586130" lon="-79.9384070">
    <ele>277.2</ele>
    <time>2026-02-18T10:52:35Z</time>
    <extensions>
     <power>307</power>
     <gpxtpx:TrackPointExtension>
      <gpxtpx:hr>151</gpxtpx:hr>
      <gpxtpx:cad>84</gpxtpx:cad>
     </gpxtpx:TrackPointExtension>
    </extensions>
   </trkpt>
   <trkpt lat="37.2585970" lon="-79.9384210">
    <ele>277.2</ele>
    <time>2026-02-18T10:52:36Z</time>
    <extensions>
     <power>309</power>
     <gpxtpx:TrackPointExtension>
      <gpxtpx:hr>150</gpxtpx:hr>
      <gpxtpx:cad>84</gpxtpx:cad>
     </gpxtpx:TrackPointExtension>
    </extensions>
   </trkpt>
   <trkpt lat="37.2585780" lon="-79.9384400">
    <ele>277.2</ele>
    <time>2026-02-18T10:52:37Z</time>
    <extensions>
     <power>307</power>
     <gpxtpx:TrackPointExtension>
      <gpxtpx:hr>150</gpxtpx:hr>
      <gpxtpx:cad>84</gpxtpx:cad>
     </gpxtpx:TrackPointExtension>
    </extensions>
   </trkpt>
   <trkpt lat="37.2585620" lon="-79.9384510">
    <ele>277.4</ele>
    <time>2026-02-18T10:52:38Z</time>
    <extensions>
     <power>306</power>
     <gpxtpx:TrackPointExtension>
      <gpxtpx:hr>150</gpxtpx:hr>
      <gpxtpx:cad>86</gpxtpx:cad>
     </gpxtpx:TrackPointExtension>
    </extensions>
   </trkpt>
   <trkpt lat="37.2585420" lon="-79.9384680">
    <ele>277.4</ele>
    <time>2026-02-18T10:52:39Z</time>
    <extensions>
     <power>306</power>
     <gpxtpx:TrackPointExtension>
      <gpxtpx:hr>151</gpxtpx:hr>
      <gpxtpx:cad>86</gpxtpx:cad>
     </gpxtpx:TrackPointExtension>
    </extensions>
   </trkpt>
   <trkpt lat="37.2585260" lon="-79.9384860">
    <ele>277.4</ele>
    <time>2026-02-18T10:52:40Z</time>
    <extensions>
     <power>307</power>
     <gpxtpx:TrackPointExtension>
      <gpxtpx:hr>150</gpxtpx:hr>
      <gpxtpx:cad>85</gpxtpx:cad>
     </gpxtpx:TrackPointExtension>
    </extensions>
   </trkpt>
   <trkpt lat="37.2585110" lon="-79.9384970">
    <ele>277.4</ele>
    <time>2026-02-18T10:52:41Z</time>
    <extensions>
     <power>306</power>
     <gpxtpx:TrackPointExtension>
      <gpxtpx:hr>150</gpxtpx:hr>
      <gpxtpx:cad>85</gpxtpx:cad>
     </gpxtpx:TrackPointExtension>
    </extensions>
   </trkpt>
   <trkpt lat="37.2584970" lon="-79.9385220">
    <ele>277.4</ele>
    <time>2026-02-18T10:52:42Z</time>
    <extensions>
     <power>306</power>
     <gpxtpx:TrackPointExtension>
      <gpxtpx:hr>150</gpxtpx:hr>
      <gpxtpx:cad>85</gpxtpx:cad>
     </gpxtpx:TrackPointExtension>
    </extensions>
   </trkpt>
   <trkpt lat="37.2584830" lon="-79.9385350">
    <ele>277.6</ele>
    <time>2026-02-18T10:52:43Z</time>
    <extensions>
     <power>303</power>
     <gpxtpx:TrackPointExtension>
      <gpxtpx:hr>150</gpxtpx:hr>
      <gpxtpx:cad>85</gpxtpx:cad>
     </gpxtpx:TrackPointExtension>
    </extensions>
   </trkpt>
   <trkpt lat="37.2584620" lon="-79.9385550">
    <ele>277.6</ele>
    <time>2026-02-18T10:52:44Z</time>
    <extensions>
     <power>304</power>
     <gpxtpx:TrackPointExtension>
      <gpxtpx:hr>150</gpxtpx:hr>
      <gpxtpx:cad>85</gpxtpx:cad>
     </gpxtpx:TrackPointExtension>
    </extensions>
   </trkpt>
   <trkpt lat="37.2584460" lon="-79.9385690">
    <ele>277.6</ele>
    <time>2026-02-18T10:52:45Z</time>
    <extensions>
     <power>306</power>
     <gpxtpx:TrackPointExtension>
      <gpxtpx:hr>150</gpxtpx:hr>
      <gpxtpx:cad>85</gpxtpx:cad>
     </gpxtpx:TrackPointExtension>
    </extensions>
   </trkpt>
   <trkpt lat="37.2584250" lon="-79.9385840">
    <ele>277.8</ele>
    <time>2026-02-18T10:52:46Z</time>
    <extensions>
     <power>306</power>
     <gpxtpx:TrackPointExtension>
      <gpxtpx:hr>150</gpxtpx:hr>
      <gpxtpx:cad>85</gpxtpx:cad>
     </gpxtpx:TrackPointExtension>
    </extensions>
   </trkpt>
   <trkpt lat="37.2584090" lon="-79.9386060">
    <ele>277.8</ele>
    <time>2026-02-18T10:52:47Z</time>
    <extensions>
     <power>307</power>
     <gpxtpx:TrackPointExtension>
      <gpxtpx:hr>149</gpxtpx:hr>
      <gpxtpx:cad>86</gpxtpx:cad>
     </gpxtpx:TrackPointExtension>
    </extensions>
   </trkpt>
   <trkpt lat="37.2583920" lon="-79.9386200">
    <ele>278.0</ele>
    <time>2026-02-18T10:52:48Z</time>
    <extensions>
     <power>308</power>
     <gpxtpx:TrackPointExtension>
      <gpxtpx:hr>150</gpxtpx:hr>
      <gpxtpx:cad>86</gpxtpx:cad>
     </gpxtpx:TrackPointExtension>
    </extensions>
   </trkpt>
   <trkpt lat="37.2583740" lon="-79.9386430">
    <ele>278.0</ele>
    <time>2026-02-18T10:52:49Z</time>
    <extensions>
     <power>309</power>
     <gpxtpx:TrackPointExtension>
      <gpxtpx:hr>149</gpxtpx:hr>
      <gpxtpx:cad>86</gpxtpx:cad>
     </gpxtpx:TrackPointExtension>
    </extensions>
   </trkpt>
   <trkpt lat="37.2583560" lon="-79.9386550">
    <ele>278.0</ele>
    <time>2026-02-18T10:52:50Z</time>
    <extensions>
     <power>313</power>
     <gpxtpx:TrackPointExtension>
      <gpxtpx:hr>149</gpxtpx:hr>
      <gpxtpx:cad>85</gpxtpx:cad>
     </gpxtpx:TrackPointExtension>
    </extensions>
   </trkpt>
   <trkpt lat="37.2583360" lon="-79.9386770">
    <ele>278.0</ele>
    <time>2026-02-18T10:52:51Z</time>
    <extensions>
     <power>316</power>
     <gpxtpx:TrackPointExtension>
      <gpxtpx:hr>148</gpxtpx:hr>
      <gpxtpx:cad>85</gpxtpx:cad>
     </gpxtpx:TrackPointExtension>
    </extensions>
   </trkpt>
   <trkpt lat="37.2583180" lon="-79.9386860">
    <ele>278.2</ele>
    <time>2026-02-18T10:52:52Z</time>
    <extensions>
     <power>320</power>
     <gpxtpx:TrackPointExtension>
      <gpxtpx:hr>148</gpxtpx:hr>
      <gpxtpx:cad>86</gpxtpx:cad>
     </gpxtpx:TrackPointExtension>
    </extensions>
   </trkpt>
   <trkpt lat="37.2582990" lon="-79.9387030">
    <ele>278.2</ele>
    <time>2026-02-18T10:52:53Z</time>
    <extensions>
     <power>325</power>
     <gpxtpx:TrackPointExtension>
      <gpxtpx:hr>148</gpxtpx:hr>
      <gpxtpx:cad>86</gpxtpx:cad>
     </gpxtpx:TrackPointExtension>
    </extensions>
   </trkpt>
   <trkpt lat="37.2582820" lon="-79.9387190">
    <ele>278.4</ele>
    <time>2026-02-18T10:52:54Z</time>
    <extensions>
     <power>330</power>
     <gpxtpx:TrackPointExtension>
      <gpxtpx:hr>148</gpxtpx:hr>
      <gpxtpx:cad>86</gpxtpx:cad>
     </gpxtpx:TrackPointExtension>
    </extensions>
   </trkpt>
   <trkpt lat="37.2582640" lon="-79.9387370">
    <ele>278.4</ele>
    <time>2026-02-18T10:52:55Z</time>
    <extensions>
     <power>334</power>
     <gpxtpx:TrackPointExtension>
      <gpxtpx:hr>148</gpxtpx:hr>
      <gpxtpx:cad>86</gpxtpx:cad>
     </gpxtpx:TrackPointExtension>
    </extensions>
   </trkpt>
   <trkpt lat="37.2582490" lon="-79.9387570">
    <ele>278.6</ele>
    <time>2026-02-18T10:52:56Z</time>
    <extensions>
     <power>340</power>
     <gpxtpx:TrackPointExtension>
      <gpxtpx:hr>148</gpxtpx:hr>
      <gpxtpx:cad>86</gpxtpx:cad>
     </gpxtpx:TrackPointExtension>
    </extensions>
   </trkpt>
   <trkpt lat="37.2582280" lon="-79.9387710">
    <ele>278.6</ele>
    <time>2026-02-18T10:52:57Z</time>
    <extensions>
     <power>344</power>
     <gpxtpx:TrackPointExtension>
      <gpxtpx:hr>148</gpxtpx:hr>
      <gpxtpx:cad>86</gpxtpx:cad>
     </gpxtpx:TrackPointExtension>
    </extensions>
   </trkpt>
   <trkpt lat="37.2582120" lon="-79.9387940">
    <ele>278.8</ele>
    <time>2026-02-18T10:52:58Z</time>
    <extensions>
     <power>348</power>
     <gpxtpx:TrackPointExtension>
      <gpxtpx:hr>149</gpxtpx:hr>
      <gpxtpx:cad>87</gpxtpx:cad>
     </gpxtpx:TrackPointExtension>
    </extensions>
   </trkpt>
   <trkpt lat="37.2581940" lon="-79.9388070">
    <ele>278.8</ele>
    <time>2026-02-18T10:52:59Z</time>
    <extensions>
     <power>349</power>
     <gpxtpx:TrackPointExtension>
      <gpxtpx:hr>149</gpxtpx:hr>
      <gpxtpx:cad>87</gpxtpx:cad>
     </gpxtpx:TrackPointExtension>
    </extensions>
   </trkpt>
   <trkpt lat="37.2581750" lon="-79.9388250">
    <ele>279.0</ele>
    <time>2026-02-18T10:53:00Z</time>
    <extensions>
     <power>351</power>
     <gpxtpx:TrackPointExtension>
      <gpxtpx:hr>149</gpxtpx:hr>
      <gpxtpx:cad>87</gpxtpx:cad>
     </gpxtpx:TrackPointExtension>
    </extensions>
   </trkpt>
   <trkpt lat="37.2581580" lon="-79.9388360">
    <ele>279.0</ele>
    <time>2026-02-18T10:53:01Z</time>
    <extensions>
     <power>353</power>
     <gpxtpx:TrackPointExtension>
      <gpxtpx:hr>149</gpxtpx:hr>
      <gpxtpx:cad>87</gpxtpx:cad>
     </gpxtpx:TrackPointExtension>
    </extensions>
   </trkpt>
   <trkpt lat="37.2581360" lon="-79.9388540">
    <ele>279.0</ele>
    <time>2026-02-18T10:53:02Z</time>
    <extensions>
     <power>353</power>
     <gpxtpx:TrackPointExtension>
      <gpxtpx:hr>149</gpxtpx:hr>
      <gpxtpx:cad>88</gpxtpx:cad>
     </gpxtpx:TrackPointExtension>
    </extensions>
   </trkpt>
   <trkpt lat="37.2581230" lon="-79.9388620">
    <ele>279.2</ele>
    <time>2026-02-18T10:53:03Z</time>
    <extensions>
     <power>352</power>
     <gpxtpx:TrackPointExtension>
      <gpxtpx:hr>150</gpxtpx:hr>
      <gpxtpx:cad>88</gpxtpx:cad>
     </gpxtpx:TrackPointExtension>
    </extensions>
   </trkpt>
   <trkpt lat="37.2581020" lon="-79.9388810">
    <ele>279.4</ele>
    <time>2026-02-18T10:53:04Z</time>
    <extensions>
     <power>354</power>
     <gpxtpx:TrackPointExtension>
      <gpxtpx:hr>150</gpxtpx:hr>
      <gpxtpx:cad>88</gpxtpx:cad>
     </gpxtpx:TrackPointExtension>
    </extensions>
   </trkpt>
   <trkpt lat="37.2580850" lon="-79.9388930">
    <ele>279.4</ele>
    <time>2026-02-18T10:53:05Z</time>
    <extensions>
     <power>356</power>
     <gpxtpx:TrackPointExtension>
      <gpxtpx:hr>150</gpxtpx:hr>
      <gpxtpx:cad>88</gpxtpx:cad>
     </gpxtpx:TrackPointExtension>
    </extensions>
   </trkpt>
   <trkpt lat="37.2580670" lon="-79.9389000">
    <ele>279.6</ele>
    <time>2026-02-18T10:53:06Z</time>
    <extensions>
     <power>357</power>
     <gpxtpx:TrackPointExtension>
      <gpxtpx:hr>150</gpxtpx:hr>
      <gpxtpx:cad>88</gpxtpx:cad>
     </gpxtpx:TrackPointExtension>
    </extensions>
   </trkpt>
   <trkpt lat="37.2580500" lon="-79.9389180">
    <ele>279.6</ele>
    <time>2026-02-18T10:53:07Z</time>
    <extensions>
     <power>359</power>
     <gpxtpx:TrackPointExtension>
      <gpxtpx:hr>151</gpxtpx:hr>
      <gpxtpx:cad>86</gpxtpx:cad>
     </gpxtpx:TrackPointExtension>
    </extensions>
   </trkpt>
   <trkpt lat="37.2580370" lon="-79.9389230">
    <ele>279.8</ele>
    <time>2026-02-18T10:53:08Z</time>
    <extensions>
     <power>357</power>
     <gpxtpx:TrackPointExtension>
      <gpxtpx:hr>151</gpxtpx:hr>
      <gpxtpx:cad>86</gpxtpx:cad>
     </gpxtpx:TrackPointExtension>
    </extensions>
   </trkpt>
   <trkpt lat="37.2580280" lon="-79.9389300">
    <ele>279.8</ele>
    <time>2026-02-18T10:53:09Z</time>
    <extensions>
     <power>355</power>
     <gpxtpx:TrackPointExtension>
      <gpxtpx:hr>151</gpxtpx:hr>
      <gpxtpx:cad>86</gpxtpx:cad>
     </gpxtpx:TrackPointExtension>
    </extensions>
   </trkpt>
   <trkpt lat="37.2580240" lon="-79.9389360">
    <ele>280.0</ele>
    <time>2026-02-18T10:53:10Z</time>
    <extensions>
     <power>351</power>
     <gpxtpx:TrackPointExtension>
      <gpxtpx:hr>151</gpxtpx:hr>
      <gpxtpx:cad>86</gpxtpx:cad>
     </gpxtpx:TrackPointExtension>
    </extensions>
   </trkpt>
   <trkpt lat="37.2580200" lon="-79.9389400">
    <ele>280.0</ele>
    <time>2026-02-18T10:53:11Z</time>
    <extensions>
     <power>350</power>
     <gpxtpx:TrackPointExtension>
      <gpxtpx:hr>152</gpxtpx:hr>
      <gpxtpx:cad>0</gpxtpx:cad>
     </gpxtpx:TrackPointExtension>
    </extensions>
   </trkpt>
   <trkpt lat="37.2580190" lon="-79.9389450">
    <ele>280.0</ele>
    <time>2026-02-18T10:53:12Z</time>
    <extensions>
     <power>0</power>
     <gpxtpx:TrackPointExtension>
      <gpxtpx:hr>152</gpxtpx:hr>
      <gpxtpx:cad>0</gpxtpx:cad>
     </gpxtpx:TrackPointExtension>
    </extensions>
   </trkpt>
   <trkpt lat="37.2580210" lon="-79.9389460">
    <ele>280.0</ele>
    <time>2026-02-18T10:53:13Z</time>
    <extensions>
     <power>0</power>
     <gpxtpx:TrackPointExtension>
      <gpxtpx:hr>152</gpxtpx:hr>
      <gpxtpx:cad>0</gpxtpx:cad>
     </gpxtpx:TrackPointExtension>
    </extensions>
   </trkpt>
   <trkpt lat="37.2580220" lon="-79.9389460">
    <ele>280.0</ele>
    <time>2026-02-18T10:53:14Z</time>
    <extensions>
     <power>0</power>
     <gpxtpx:TrackPointExtension>
      <gpxtpx:hr>152</gpxtpx:hr>
      <gpxtpx:cad>0</gpxtpx:cad>
     </gpxtpx:TrackPointExtension>
    </extensions>
   </trkpt>
   <trkpt lat="37.2580260" lon="-79.9389460">
    <ele>280.2</ele>
    <time>2026-02-18T10:53:15Z</time>
    <extensions>
     <power>0</power>
     <gpxtpx:TrackPointExtension>
      <gpxtpx:hr>151</gpxtpx:hr>
      <gpxtpx:cad>0</gpxtpx:cad>
     </gpxtpx:TrackPointExtension>
    </extensions>
   </trkpt>
   <trkpt lat="37.2578590" lon="-79.9390800">
    <ele>281.2</ele>
    <time>2026-02-18T10:55:01Z</time>
    <extensions>
     <gpxtpx:TrackPointExtension>
      <gpxtpx:hr>118</gpxtpx:hr>
      <gpxtpx:cad>83</gpxtpx:cad>
     </gpxtpx:TrackPointExtension>
    </extensions>
   </trkpt>
   <trkpt lat="37.2578370" lon="-79.9390960">
    <ele>281.0</ele>
    <time>2026-02-18T10:55:02Z</time>
    <extensions>
     <power>314</power>
     <gpxtpx:TrackPointExtension>
      <gpxtpx:hr>119</gpxtpx:hr>
      <gpxtpx:cad>83</gpxtpx:cad>
     </gpxtpx:TrackPointExtension>
    </extensions>
   </trkpt>
   <trkpt lat="37.2578190" lon="-79.9391040">
    <ele>281.0</ele>
    <time>2026-02-18T10:55:03Z</time>
    <extensions>
     <power>320</power>
     <gpxtpx:TrackPointExtension>
      <gpxtpx:hr>120</gpxtpx:hr>
      <gpxtpx:cad>83</gpxtpx:cad>
     </gpxtpx:TrackPointExtension>
    </extensions>
   </trkpt>
   <trkpt lat="37.2577920" lon="-79.9391230">
    <ele>280.8</ele>
    <time>2026-02-18T10:55:04Z</time>
    <extensions>
     <power>329</power>
     <gpxtpx:TrackPointExtension>
      <gpxtpx:hr>121</gpxtpx:hr>
      <gpxtpx:cad>83</gpxtpx:cad>
     </gpxtpx:TrackPointExtension>
    </extensions>
   </trkpt>
   <trkpt lat="37.2577710" lon="-79.9391350">
    <ele>280.8</ele>
    <time>2026-02-18T10:55:05Z</time>
    <extensions>
     <power>321</power>
     <gpxtpx:TrackPointExtension>
      <gpxtpx:hr>122</gpxtpx:hr>
      <gpxtpx:cad>84</gpxtpx:cad>
     </gpxtpx:TrackPointExtension>
    </extensions>
   </trkpt>
   <trkpt lat="37.2577510" lon="-79.9391480">
    <ele>280.6</ele>
    <time>2026-02-18T10:55:06Z</time>
    <extensions>
     <power>354</power>
     <gpxtpx:TrackPointExtension>
      <gpxtpx:hr>124</gpxtpx:hr>
      <gpxtpx:cad>84</gpxtpx:cad>
     </gpxtpx:TrackPointExtension>
    </extensions>
   </trkpt>
   <trkpt lat="37.2577310" lon="-79.9391680">
    <ele>280.6</ele>
    <time>2026-02-18T10:55:07Z</time>
    <extensions>
     <power>366</power>
     <gpxtpx:TrackPointExtension>
      <gpxtpx:hr>125</gpxtpx:hr>
      <gpxtpx:cad>84</gpxtpx:cad>
     </gpxtpx:TrackPointExtension>
    </extensions>
   </trkpt>
   <trkpt lat="37.2577110" lon="-79.9391750">
    <ele>280.4</ele>
    <time>2026-02-18T10:55:08Z</time>
    <extensions>
     <power>341</power>
     <gpxtpx:TrackPointExtension>
      <gpxtpx:hr>126</gpxtpx:hr>
      <gpxtpx:cad>84</gpxtpx:cad>
     </gpxtpx:TrackPointExtension>
    </extensions>
   </trkpt>
   <trkpt lat="37.2576900" lon="-79.9391970">
    <ele>280.4</ele>
    <time>2026-02-18T10:55:09Z</time>
    <extensions>
     <power>326</power>
     <gpxtpx:TrackPointExtension>
      <gpxtpx:hr>127</gpxtpx:hr>
      <gpxtpx:cad>84</gpxtpx:cad>
     </gpxtpx:TrackPointExtension>
    </extensions>
   </trkpt>
   <trkpt lat="37.2576700" lon="-79.9392030">
    <ele>280.2</ele>
    <time>2026-02-18T10:55:10Z</time>
    <extensions>
     <power>312</power>
     <gpxtpx:TrackPointExtension>
      <gpxtpx:hr>128</gpxtpx:hr>
      <gpxtpx:cad>85</gpxtpx:cad>
     </gpxtpx:TrackPointExtension>
    </extensions>
   </trkpt>
   <trkpt lat="37.2576450" lon="-79.9392220">
    <ele>280.2</ele>
    <time>2026-02-18T10:55:11Z</time>
    <extensions>
     <power>300</power>
     <gpxtpx:TrackPointExtension>
      <gpxtpx:hr>129</gpxtpx:hr>
      <gpxtpx:cad>85</gpxtpx:cad>
     </gpxtpx:TrackPointExtension>
    </extensions>
   </trkpt>
   <trkpt lat="37.2576250" lon="-79.9392320">
    <ele>280.2</ele>
    <time>2026-02-18T10:55:12Z</time>
    <extensions>
     <power>322</power>
     <gpxtpx:TrackPointExtension>
      <gpxtpx:hr>130</gpxtpx:hr>
      <gpxtpx:cad>85</gpxtpx:cad>
     </gpxtpx:TrackPointExtension>
    </extensions>
   </trkpt>
   <trkpt lat="37.2576040" lon="-79.9392480">
    <ele>280.2</ele>
    <time>2026-02-18T10:55:13Z</time>
    <extensions>
     <power>323</power>
     <gpxtpx:TrackPointExtension>
      <gpxtpx:hr>130</gpxtpx:hr>
      <gpxtpx:cad>85</gpxtpx:cad>
     </gpxtpx:TrackPointExtension>
    </extensions>
   </trkpt>
   <trkpt lat="37.2575880" lon="-79.9392670">
    <ele>280.2</ele>
    <time>2026-02-18T10:55:14Z</time>
    <extensions>
     <power>326</power>
     <gpxtpx:TrackPointExtension>
      <gpxtpx:hr>131</gpxtpx:hr>
      <gpxtpx:cad>85</gpxtpx:cad>
     </gpxtpx:TrackPointExtension>
    </extensions>
   </trkpt>
   <trkpt lat="37.2575720" lon="-79.9392810">
    <ele>280.2</ele>
    <time>2026-02-18T10:55:15Z</time>
    <extensions>
     <power>325</power>
     <gpxtpx:TrackPointExtension>
      <gpxtpx:hr>131</gpxtpx:hr>
      <gpxtpx:cad>86</gpxtpx:cad>
     </gpxtpx:TrackPointExtension>
    </extensions>
   </trkpt>
   <trkpt lat="37.2575560" lon="-79.9393020">
    <ele>280.2</ele>
    <time>2026-02-18T10:55:16Z</time>
    <extensions>
     <power>295</power>
     <gpxtpx:TrackPointExtension>
      <gpxtpx:hr>132</gpxtpx:hr>
      <gpxtpx:cad>87</gpxtpx:cad>
     </gpxtpx:TrackPointExtension>
    </extensions>
   </trkpt>
   <trkpt lat="37.2575380" lon="-79.9393100">
    <ele>280.2</ele>
    <time>2026-02-18T10:55:17Z</time>
    <extensions>
     <power>289</power>
     <gpxtpx:TrackPointExtension>
      <gpxtpx:hr>132</gpxtpx:hr>
      <gpxtpx:cad>87</gpxtpx:cad>
     </gpxtpx:TrackPointExtension>
    </extensions>
   </trkpt>
   <trkpt lat="37.2575110" lon="-79.9393330">
    <ele>280.4</ele>
    <time>2026-02-18T10:55:18Z</time>
    <extensions>
     <power>281</power>
     <gpxtpx:TrackPointExtension>
      <gpxtpx:hr>132</gpxtpx:hr>
      <gpxtpx:cad>87</gpxtpx:cad>
     </gpxtpx:TrackPointExtension>
    </extensions>
   </trkpt>
   <trkpt lat="37.2574950" lon="-79.9393500">
    <ele>280.4</ele>
    <time>2026-02-18T10:55:19Z</time>
    <extensions>
     <power>279</power>
     <gpxtpx:TrackPointExtension>
      <gpxtpx:hr>133</gpxtpx:hr>
      <gpxtpx:cad>87</gpxtpx:cad>
     </gpxtpx:TrackPointExtension>
    </extensions>
   </trkpt>
   <trkpt lat="37.2574700" lon="-79.9393670">
    <ele>280.4</ele>
    <time>2026-02-18T10:55:20Z</time>
    <extensions>
     <power>279</power>
     <gpxtpx:TrackPointExtension>
      <gpxtpx:hr>133</gpxtpx:hr>
      <gpxtpx:cad>87</gpxtpx:cad>
     </gpxtpx:TrackPointExtension>
    </extensions>
   </trkpt>
   <trkpt lat="37.2574510" lon="-79.9393880">
    <ele>280.4</ele>
    <time>2026-02-18T10:55:21Z</time>
    <extensions>
     <power>281</power>
     <gpxtpx:TrackPointExtension>
      <gpxtpx:hr>133</gpxtpx:hr>
      <gpxtpx:cad>86</gpxtpx:cad>
     </gpxtpx:TrackPointExtension>
    </extensions>
   </trkpt>
   <trkpt lat="37.2574330" lon="-79.9393960">
    <ele>280.6</ele>
    <time>2026-02-18T10:55:22Z</time>
    <extensions>
     <power>289</power>
     <gpxtpx:TrackPointExtension>
      <gpxtpx:hr>133</gpxtpx:hr>
      <gpxtpx:cad>85</gpxtpx:cad>
     </gpxtpx:TrackPointExtension>
    </extensions>
   </trkpt>
   <trkpt lat="37.2574070" lon="-79.9394130">
    <ele>280.4</ele>
    <time>2026-02-18T10:55:23Z</time>
    <extensions>
     <power>295</power>
     <gpxtpx:TrackPointExtension>
      <gpxtpx:hr>133</gpxtpx:hr>
      <gpxtpx:cad>84</gpxtpx:cad>
     </gpxtpx:TrackPointExtension>
    </extensions>
   </trkpt>
   <trkpt lat="37.2573880" lon="-79.9394220">
    <ele>280.4</ele>
    <time>2026-02-18T10:55:24Z</time>
    <extensions>
     <power>296</power>
     <gpxtpx:TrackPointExtension>
      <gpxtpx:hr>134</gpxtpx:hr>
      <gpxtpx:cad>84</gpxtpx:cad>
     </gpxtpx:TrackPointExtension>
    </extensions>
   </trkpt>
   <trkpt lat="37.2573660" lon="-79.9394380">
    <ele>280.6</ele>
    <time>2026-02-18T10:55:25Z</time>
    <extensions>
     <power>303</power>
     <gpxtpx:TrackPointExtension>
      <gpxtpx:hr>134</gpxtpx:hr>
      <gpxtpx:cad>84</gpxtpx:cad>
     </gpxtpx:TrackPointExtension>
    </extensions>
   </trkpt>
   <trkpt lat="37.2573500" lon="-79.9394480">
    <ele>280.4</ele>
    <time>2026-02-18T10:55:26Z</time>
    <extensions>
     <power>301</power>
     <gpxtpx:TrackPointExtension>
      <gpxtpx:hr>134</gpxtpx:hr>
      <gpxtpx:cad>85</gpxtpx:cad>
     </gpxtpx:TrackPointExtension>
    </extensions>
   </trkpt>
   <trkpt lat="37.2573270" lon="-79.9394630">
    <ele>280.4</ele>
    <time>2026-02-18T10:55:27Z</time>
    <extensions>
     <power>299</power>
     <gpxtpx:TrackPointExtension>
      <gpxtpx:hr>134</gpxtpx:hr>
      <gpxtpx:cad>86</gpxtpx:cad>
     </gpxtpx:TrackPointExtension>
    </extensions>
   </trkpt>
   <trkpt lat="37.2573080" lon="-79.9394800">
    <ele>280.4</ele>
    <time>2026-02-18T10:55:28Z</time>
    <extensions>
     <power>298</power>
     <gpxtpx:TrackPointExtension>
      <gpxtpx:hr>134</gpxtpx:hr>
      <gpxtpx:cad>86</gpxtpx:cad>
     </gpxtpx:TrackPointExtension>
    </extensions>
   </trkpt>
   <trkpt lat="37.2572870" lon="-79.9394920">
    <ele>280.6</ele>
    <time>2026-02-18T10:55:29Z</time>
    <extensions>
     <power>296</power>
     <gpxtpx:TrackPointExtension>
      <gpxtpx:hr>135</gpxtpx:hr>
      <gpxtpx:cad>86</gpxtpx:cad>
     </gpxtpx:TrackPointExtension>
    </extensions>
   </trkpt>
   <trkpt lat="37.2572660" lon="-79.9395090">
    <ele>280.6</ele>
    <time>2026-02-18T10:55:30Z</time>
    <extensions>
     <power>295</power>
     <gpxtpx:TrackPointExtension>
      <gpxtpx:hr>135</gpxtpx:hr>
      <gpxtpx:cad>86</gpxtpx:cad>
     </gpxtpx:TrackPointExtension>
    </extensions>
   </trkpt>
   <trkpt lat="37.2572440" lon="-79.9395180">
    <ele>280.6</ele>
    <time>2026-02-18T10:55:31Z</time>
    <extensions>
     <power>295</power>
     <gpxtpx:TrackPointExtension>
      <gpxtpx:hr>135</gpxtpx:hr>
      <gpxtpx:cad>86</gpxtpx:cad>
     </gpxtpx:TrackPointExtension>
    </extensions>
   </trkpt>
   <trkpt lat="37.2572210" lon="-79.9395290">
    <ele>280.6</ele>
    <time>2026-02-18T10:55:32Z</time>
    <extensions>
     <power>296</power>
     <gpxtpx:TrackPointExtension>
      <gpxtpx:hr>135</gpxtpx:hr>
      <gpxtpx:cad>86</gpxtpx:cad>
     </gpxtpx:TrackPointExtension>
    </extensions>
   </trkpt>
   <trkpt lat="37.2572000" lon="-79.9395430">
    <ele>280.6</ele>
    <time>2026-02-18T10:55:33Z</time>
    <extensions>
     <power>298</power>
     <gpxtpx:TrackPointExtension>
      <gpxtpx:hr>136</gpxtpx:hr>
      <gpxtpx:cad>86</gpxtpx:cad>
     </gpxtpx:TrackPointExtension>
    </extensions>
   </trkpt>
   <trkpt lat="37.2571770" lon="-79.9395550">
    <ele>280.6</ele>
    <time>2026-02-18T10:55:34Z</time>
    <extensions>
     <power>300</power>
     <gpxtpx:TrackPointExtension>
      <gpxtpx:hr>136</gpxtpx:hr>
      <gpxtpx:cad>86</gpxtpx:cad>
     </gpxtpx:TrackPointExtension>
    </extensions>
   </trkpt>
   <trkpt lat="37.2571570" lon="-79.9395710">
    <ele>280.6</ele>
    <time>2026-02-18T10:55:35Z</time>
    <extensions>
     <power>301</power>
     <gpxtpx:TrackPointExtension>
      <gpxtpx:hr>137</gpxtpx:hr>
      <gpxtpx:cad>85</gpxtpx:cad>
     </gpxtpx:TrackPointExtension>
    </extensions>
   </trkpt>
   <trkpt lat="37.2571380" lon="-79.9395810">
    <ele>280.6</ele>
    <time>2026-02-18T10:55:36Z</time>
    <extensions>
     <power>303</power>
     <gpxtpx:TrackPointExtension>
      <gpxtpx:hr>137</gpxtpx:hr>
      <gpxtpx:cad>85</gpxtpx:cad>
     </gpxtpx:TrackPointExtension>
    </extensions>
   </trkpt>
   <trkpt lat="37.2571160" lon="-79.9395970">
    <ele>280.6</ele>
    <time>2026-02-18T10:55:37Z</time>
    <extensions>
     <power>303</power>
     <gpxtpx:TrackPointExtension>
      <gpxtpx:hr>137</gpxtpx:hr>
      <gpxtpx:cad>85</gpxtpx:cad>
     </gpxtpx:TrackPointExtension>
    </extensions>
   </trkpt>
   <trkpt lat="37.2570950" lon="-79.9396090">
    <ele>280.6</ele>
    <time>2026-02-18T10:55:38Z</time>
    <extensions>
     <power>303</power>
     <gpxtpx:TrackPointExtension>
      <gpxtpx:hr>137</gpxtpx:hr>
      <gpxtpx:cad>85</gpxtpx:cad>
     </gpxtpx:TrackPointExtension>
    </extensions>
   </trkpt>
   <trkpt lat="37.2570710" lon="-79.9396240">
    <ele>280.6</ele>
    <time>2026-02-18T10:55:39Z</time>
    <extensions>
     <power>303</power>
     <gpxtpx:TrackPointExtension>
      <gpxtpx:hr>137</gpxtpx:hr>
      <gpxtpx:cad>85</gpxtpx:cad>
     </gpxtpx:TrackPointExtension>
    </extensions>
   </trkpt>
   <trkpt lat="37.2570490" lon="-79.9396350">
    <ele>280.6</ele>
    <time>2026-02-18T10:55:40Z</time>
    <extensions>
     <power>304</power>
     <gpxtpx:TrackPointExtension>
      <gpxtpx:hr>137</gpxtpx:hr>
      <gpxtpx:cad>86</gpxtpx:cad>
     </gpxtpx:TrackPointExtension>
    </extensions>
   </trkpt>
   <trkpt lat="37.2570250" lon="-79.9396470">
    <ele>280.8</ele>
    <time>2026-02-18T10:55:41Z</time>
    <extensions>
     <power>306</power>
     <gpxtpx:TrackPointExtension>
      <gpxtpx:hr>138</gpxtpx:hr>
      <gpxtpx:cad>87</gpxtpx:cad>
     </gpxtpx:TrackPointExtension>
    </extensions>
   </trkpt>
   <trkpt lat="37.2570020" lon="-79.9396600">
    <ele>280.8</ele>
    <time>2026-02-18T10:55:42Z</time>
    <extensions>
     <power>307</power>
     <gpxtpx:TrackPointExtension>
      <gpxtpx:hr>138</gpxtpx:hr>
      <gpxtpx:cad>87</gpxtpx:cad>
     </gpxtpx:TrackPointExtension>
    </extensions>
   </trkpt>
   <trkpt lat="37.2569770" lon="-79.9396710">
    <ele>280.8</ele>
    <time>2026-02-18T10:55:43Z</time>
    <extensions>
     <power>309</power>
     <gpxtpx:TrackPointExtension>
      <gpxtpx:hr>138</gpxtpx:hr>
      <gpxtpx:cad>87</gpxtpx:cad>
     </gpxtpx:TrackPointExtension>
    </extensions>
   </trkpt>
   <trkpt lat="37.2569540" lon="-79.9396870">
    <ele>281.0</ele>
    <time>2026-02-18T10:55:44Z</time>
    <extensions>
     <power>309</power>
     <gpxtpx:TrackPointExtension>
      <gpxtpx:hr>139</gpxtpx:hr>
      <gpxtpx:cad>87</gpxtpx:cad>
     </gpxtpx:TrackPointExtension>
    </extensions>
   </trkpt>
   <trkpt lat="37.2569270" lon="-79.9396970">
    <ele>281.0</ele>
    <time>2026-02-18T10:55:45Z</time>
    <extensions>
     <power>313</power>
     <gpxtpx:TrackPointExtension>
      <gpxtpx:hr>139</gpxtpx:hr>
      <gpxtpx:cad>86</gpxtpx:cad>
     </gpxtpx:TrackPointExtension>
    </extensions>
   </trkpt>
   <trkpt lat="37.2569040" lon="-79.9397150">
    <ele>281.0</ele>
    <time>2026-02-18T10:55:46Z</time>
    <extensions>
     <power>317</power>
     <gpxtpx:TrackPointExtension>
      <gpxtpx:hr>139</gpxtpx:hr>
      <gpxtpx:cad>86</gpxtpx:cad>
     </gpxtpx:TrackPointExtension>
    </extensions>
   </trkpt>
   <trkpt lat="37.2568810" lon="-79.9397210">
    <ele>281.2</ele>
    <time>2026-02-18T10:55:47Z</time>
    <extensions>
     <power>320</power>
     <gpxtpx:TrackPointExtension>
      <gpxtpx:hr>139</gpxtpx:hr>
      <gpxtpx:cad>86</gpxtpx:cad>
     </gpxtpx:TrackPointExtension>
    </extensions>
   </trkpt>
   <trkpt lat="37.2568560" lon="-79.9397380">
    <ele>281.2</ele>
    <time>2026-02-18T10:55:48Z</time>
    <extensions>
     <power>322</power>
     <gpxtpx:TrackPointExtension>
      <gpxtpx:hr>140</gpxtpx:hr>
      <gpxtpx:cad>87</gpxtpx:cad>
     </gpxtpx:TrackPointExtension>
    </extensions>
   </trkpt>
   <trkpt lat="37.2568330" lon="-79.9397460">
    <ele>281.2</ele>
    <time>2026-02-18T10:55:49Z</time>
    <extensions>
     <power>322</power>
     <gpxtpx:TrackPointExtension>
      <gpxtpx:hr>140</gpxtpx:hr>
      <gpxtpx:cad>88</gpxtpx:cad>
     </gpxtpx:TrackPointExtension>
    </extensions>
   </trkpt>
   <trkpt lat="37.2568080" lon="-79.9397620">
    <ele>281.2</ele>
    <time>2026-02-18T10:55:50Z</time>
    <extensions>
     <power>323</power>
     <gpxtpx:TrackPointExtension>
      <gpxtpx:hr>140</gpxtpx:hr>
      <gpxtpx:cad>88</gpxtpx:cad>
     </gpxtpx:TrackPointExtension>
    </extensions>
   </trkpt>
   <trkpt lat="37.2567880" lon="-79.9397720">
    <ele>281.2</ele>
    <time>2026-02-18T10:55:51Z</time>
    <extensions>
     <power>327</power>
     <gpxtpx:TrackPointExtension>
      <gpxtpx:hr>141</gpxtpx:hr>
      <gpxtpx:cad>88</gpxtpx:cad>
     </gpxtpx:TrackPointExtension>
    </extensions>
   </trkpt>
   <trkpt lat="37.2567610" lon="-79.9397840">
    <ele>281.2</ele>
    <time>2026-02-18T10:55:52Z</time>
    <extensions>
     <power>329</power>
     <gpxtpx:TrackPointExtension>
      <gpxtpx:hr>141</gpxtpx:hr>
      <gpxtpx:cad>88</gpxtpx:cad>
     </gpxtpx:TrackPointExtension>
    </extensions>
   </trkpt>
   <trkpt lat="37.2567400" lon="-79.9397940">
    <ele>281.2</ele>
    <time>2026-02-18T10:55:53Z</time>
    <extensions>
     <power>330</power>
     <gpxtpx:TrackPointExtension>
      <gpxtpx:hr>142</gpxtpx:hr>
      <gpxtpx:cad>88</gpxtpx:cad>
     </gpxtpx:TrackPointExtension>
    </extensions>
   </trkpt>
   <trkpt lat="37.2567120" lon="-79.9398010">
    <ele>281.2</ele>
    <time>2026-02-18T10:55:54Z</time>
    <extensions>
     <power>332</power>
     <gpxtpx:TrackPointExtension>
      <gpxtpx:hr>142</gpxtpx:hr>
      <gpxtpx:cad>87</gpxtpx:cad>
     </gpxtpx:TrackPointExtension>
    </extensions>
   </trkpt>
   <trkpt lat="37.2566900" lon="-79.9398140">
    <ele>281.2</ele>
    <time>2026-02-18T10:55:55Z</time>
    <extensions>
     <power>332</power>
     <gpxtpx:TrackPointExtension>
      <gpxtpx:hr>142</gpxtpx:hr>
      <gpxtpx:cad>87</gpxtpx:cad>
     </gpxtpx:TrackPointExtension>
    </extensions>
   </trkpt>
   <trkpt lat="37.2566660" lon="-79.9398210">
    <ele>281.4</ele>
    <time>2026-02-18T10:55:56Z</time>
    <extensions>
     <power>334</power>
     <gpxtpx:TrackPointExtension>
      <gpxtpx:hr>143</gpxtpx:hr>
      <gpxtpx:cad>87</gpxtpx:cad>
     </gpxtpx:TrackPointExtension>
    </extensions>
   </trkpt>
   <trkpt lat="37.2566430" lon="-79.9398350">
    <ele>281.4</ele>
    <time>2026-02-18T10:55:57Z</time>
    <extensions>
     <power>337</power>
     <gpxtpx:TrackPointExtension>
      <gpxtpx:hr>143</gpxtpx:hr>
      <gpxtpx:cad>87</gpxtpx:cad>
     </gpxtpx:TrackPointExtension>
    </extensions>
   </trkpt>
   <trkpt lat="37.2566190" lon="-79.9398370">
    <ele>281.4</ele>
    <time>2026-02-18T10:55:58Z</time>
    <extensions>
     <power>337</power>
     <gpxtpx:TrackPointExtension>
      <gpxtpx:hr>143</gpxtpx:hr>
      <gpxtpx:cad>87</gpxtpx:cad>
     </gpxtpx:TrackPointExtension>
    </extensions>
   </trkpt>
   <trkpt lat="37.2565950" lon="-79.9398520">
    <ele>281.4</ele>
    <time>2026-02-18T10:55:59Z</time>
    <extensions>
     <power>338</power>
     <gpxtpx:TrackPointExtension>
      <gpxtpx:hr>144</gpxtpx:hr>
      <gpxtpx:cad>87</gpxtpx:cad>
     </gpxtpx:TrackPointExtension>
    </extensions>
   </trkpt>
   <trkpt lat="37.2565720" lon="-79.9398560">
    <ele>281.4</ele>
    <time>2026-02-18T10:56:00Z</time>
    <extensions>
     <power>337</power>
     <gpxtpx:TrackPointExtension>
      <gpxtpx:hr>144</gpxtpx:hr>
      <gpxtpx:cad>87</gpxtpx:cad>
     </gpxtpx:TrackPointExtension>
    </extensions>
   </trkpt>
   <trkpt lat="37.2565440" lon="-79.9398710">
    <ele>281.4</ele>
    <time>2026-02-18T10:56:01Z</time>
    <extensions>
     <power>338</power>
     <gpxtpx:TrackPointExtension>
      <gpxtpx:hr>145</gpxtpx:hr>
      <gpxtpx:cad>87</gpxtpx:cad>
     </gpxtpx:TrackPointExtension>
    </extensions>
   </trkpt>
   <trkpt lat="37.2565230" lon="-79.9398720">
    <ele>281.4</ele>
    <time>2026-02-18T10:56:02Z</time>
    <extensions>
     <power>338</power>
     <gpxtpx:TrackPointExtension>
      <gpxtpx:hr>145</gpxtpx:hr>
      <gpxtpx:cad>87</gpxtpx:cad>
     </gpxtpx:TrackPointExtension>
    </extensions>
   </trkpt>
   <trkpt lat="37.2564960" lon="-79.9398790">
    <ele>281.4</ele>
    <time>2026-02-18T10:56:03Z</time>
    <extensions>
     <power>340</power>
     <gpxtpx:TrackPointExtension>
      <gpxtpx:hr>145</gpxtpx:hr>
      <gpxtpx:cad>87</gpxtpx:cad>
     </gpxtpx:TrackPointExtension>
    </extensions>
   </trkpt>
   <trkpt lat="37.2564730" lon="-79.9398810">
    <ele>281.6</ele>
    <time>2026-02-18T10:56:04Z</time>
    <extensions>
     <power>339</power>
     <gpxtpx:TrackPointExtension>
      <gpxtpx:hr>146</gpxtpx:hr>
      <gpxtpx:cad>87</gpxtpx:cad>
     </gpxtpx:TrackPointExtension>
    </extensions>
   </trkpt>
   <trkpt lat="37.2564480" lon="-79.9398850">
    <ele>281.6</ele>
    <time>2026-02-18T10:56:05Z</time>
    <extensions>
     <power>339</power>
     <gpxtpx:TrackPointExtension>
      <gpxtpx:hr>146</gpxtpx:hr>
      <gpxtpx:cad>87</gpxtpx:cad>
     </gpxtpx:TrackPointExtension>
    </extensions>
   </trkpt>
   <trkpt lat="37.2564230" lon="-79.9398950">
    <ele>281.6</ele>
    <time>2026-02-18T10:56:06Z</time>
    <extensions>
     <power>339</power>
     <gpxtpx:TrackPointExtension>
      <gpxtpx:hr>146</gpxtpx:hr>
      <gpxtpx:cad>87</gpxtpx:cad>
     </gpxtpx:TrackPointExtension>
    </extensions>
   </trkpt>
   <trkpt lat="37.2564000" lon="-79.9398950">
    <ele>281.6</ele>
    <time>2026-02-18T10:56:07Z</time>
    <extensions>
     <power>339</power>
     <gpxtpx:TrackPointExtension>
      <gpxtpx:hr>146</gpxtpx:hr>
      <gpxtpx:cad>87</gpxtpx:cad>
     </gpxtpx:TrackPointExtension>
    </extensions>
   </trkpt>
   <trkpt lat="37.2563760" lon="-79.9399080">
    <ele>281.6</ele>
    <time>2026-02-18T10:56:08Z</time>
    <extensions>
     <power>340</power>
     <gpxtpx:TrackPointExtension>
      <gpxtpx:hr>147</gpxtpx:hr>
      <gpxtpx:cad>87</gpxtpx:cad>
     </gpxtpx:TrackPointExtension>
    </extensions>
   </trkpt>
   <trkpt lat="37.2563570" lon="-79.9399090">
    <ele>281.8</ele>
    <time>2026-02-18T10:56:09Z</time>
    <extensions>
     <power>340</power>
     <gpxtpx:TrackPointExtension>
      <gpxtpx:hr>147</gpxtpx:hr>
      <gpxtpx:cad>87</gpxtpx:cad>
     </gpxtpx:TrackPointExtension>
    </extensions>
   </trkpt>
   <trkpt lat="37.2563270" lon="-79.9399140">
    <ele>281.8</ele>
    <time>2026-02-18T10:56:10Z</time>
    <extensions>
     <power>341</power>
     <gpxtpx:TrackPointExtension>
      <gpxtpx:hr>147</gpxtpx:hr>
      <gpxtpx:cad>86</gpxtpx:cad>
     </gpxtpx:TrackPointExtension>
    </extensions>
   </trkpt>
   <trkpt lat="37.2563060" lon="-79.9399160">
    <ele>281.8</ele>
    <time>2026-02-18T10:56:11Z</time>
    <extensions>
     <power>341</power>
     <gpxtpx:TrackPointExtension>
      <gpxtpx:hr>147</gpxtpx:hr>
      <gpxtpx:cad>86</gpxtpx:cad>
     </gpxtpx:TrackPointExtension>
    </extensions>
   </trkpt>
   <trkpt lat="37.2562790" lon="-79.9399260">
    <ele>281.8</ele>
    <time>2026-02-18T10:56:12Z</time>
    <extensions>
     <power>342</power>
     <gpxtpx:TrackPointExtension>
      <gpxtpx:hr>148</gpxtpx:hr>
      <gpxtpx:cad>87</gpxtpx:cad>
     </gpxtpx:TrackPointExtension>
    </extensions>
   </trkpt>
   <trkpt lat="37.2562600" lon="-79.9399290">
    <ele>281.8</ele>
    <time>2026-02-18T10:56:13Z</time>
    <extensions>
     <power>342</power>
     <gpxtpx:TrackPointExtension>
      <gpxtpx:hr>148</gpxtpx:hr>
      <gpxtpx:cad>87</gpxtpx:cad>
     </gpxtpx:TrackPointExtension>
    </extensions>
   </trkpt>
   <trkpt lat="37.2562340" lon="-79.9399290">
    <ele>281.8</ele>
    <time>2026-02-18T10:56:14Z</time>
    <extensions>
     <power>341</power>
     <gpxtpx:TrackPointExtension>
      <gpxtpx:hr>148</gpxtpx:hr>
      <gpxtpx:cad>87</gpxtpx:cad>
     </gpxtpx:TrackPointExtension>
    </extensions>
   </trkpt>
   <trkpt lat="37.2562070" lon="-79.9399320">
    <ele>281.8</ele>
    <time>2026-02-18T10:56:15Z</time>
    <extensions>
     <power>339</power>
     <gpxtpx:TrackPointExtension>
      <gpxtpx:hr>148</gpxtpx:hr>
      <gpxtpx:cad>87</gpxtpx:cad>
     </gpxtpx:TrackPointExtension>
    </extensions>
   </trkpt>
   <trkpt lat="37.2561800" lon="-79.9399370">
    <ele>281.8</ele>
    <time>2026-02-18T10:56:16Z</time>
    <extensions>
     <power>338</power>
     <gpxtpx:TrackPointExtension>
      <gpxtpx:hr>148</gpxtpx:hr>
      <gpxtpx:cad>87</gpxtpx:cad>
     </gpxtpx:TrackPointExtension>
    </extensions>
   </trkpt>
   <trkpt lat="37.2561630" lon="-79.9399390">
    <ele>282.0</ele>
    <time>2026-02-18T10:56:17Z</time>
    <extensions>
     <power>339</power>
     <gpxtpx:TrackPointExtension>
      <gpxtpx:hr>148</gpxtpx:hr>
      <gpxtpx:cad>87</gpxtpx:cad>
     </gpxtpx:TrackPointExtension>
    </extensions>
   </trkpt>
   <trkpt lat="37.2561450" lon="-79.9399340">
    <ele>282.0</ele>
    <time>2026-02-18T10:56:18Z</time>
    <extensions>
     <power>338</power>
     <gpxtpx:TrackPointExtension>
      <gpxtpx:hr>149</gpxtpx:hr>
      <gpxtpx:cad>87</gpxtpx:cad>
     </gpxtpx:TrackPointExtension>
    </extensions>
   </trkpt>
   <trkpt lat="37.2561290" lon="-79.9399420">
    <ele>282.0</ele>
    <time>2026-02-18T10:56:19Z</time>
    <extensions>
     <power>340</power>
     <gpxtpx:TrackPointExtension>
      <gpxtpx:hr>149</gpxtpx:hr>
      <gpxtpx:cad>86</gpxtpx:cad>
     </gpxtpx:TrackPointExtension>
    </extensions>
   </trkpt>
   <trkpt lat="37.2561090" lon="-79.9399380">
    <ele>282.0</ele>
    <time>2026-02-18T10:56:20Z</time>
    <extensions>
     <power>339</power>
     <gpxtpx:TrackPointExtension>
      <gpxtpx:hr>149</gpxtpx:hr>
      <gpxtpx:cad>86</gpxtpx:cad>
     </gpxtpx:TrackPointExtension>
    </extensions>
   </trkpt>
   <trkpt lat="37.2560850" lon="-79.9399450">
    <ele>282.0</ele>
    <time>2026-02-18T10:56:21Z</time>
    <extensions>
     <power>340</power>
     <gpxtpx:TrackPointExtension>
      <gpxtpx:hr>149</gpxtpx:hr>
      <gpxtpx:cad>86</gpxtpx:cad>
     </gpxtpx:TrackPointExtension>
    </extensions>
   </trkpt>
   <trkpt lat="37.2560580" lon="-79.9399420">
    <ele>282.0</ele>
    <time>2026-02-18T10:56:22Z</time>
    <extensions>
     <power>340</power>
     <gpxtpx:TrackPointExtension>
      <gpxtpx:hr>150</gpxtpx:hr>
      <gpxtpx:cad>86</gpxtpx:cad>
     </gpxtpx:TrackPointExtension>
    </extensions>
   </trkpt>
   <trkpt lat="37.2560280" lon="-79.9399450">
    <ele>282.0</ele>
    <time>2026-02-18T10:56:23Z</time>
    <extensions>
     <power>343</power>
     <gpxtpx:TrackPointExtension>
      <gpxtpx:hr>150</gpxtpx:hr>
      <gpxtpx:cad>86</gpxtpx:cad>
     </gpxtpx:TrackPointExtension>
    </extensions>
   </trkpt>
   <trkpt lat="37.2560000" lon="-79.9399440">
    <ele>282.2</ele>
    <time>2026-02-18T10:56:24Z</time>
    <extensions>
     <power>347</power>
     <gpxtpx:TrackPointExtension>
      <gpxtpx:hr>150</gpxtpx:hr>
      <gpxtpx:cad>86</gpxtpx:cad>
     </gpxtpx:TrackPointExtension>
    </extensions>
   </trkpt>
   <trkpt lat="37.2559700" lon="-79.9399500">
    <ele>282.2</ele>
    <time>2026-02-18T10:56:25Z</time>
    <extensions>
     <power>351</power>
     <gpxtpx:TrackPointExtension>
      <gpxtpx:hr>150</gpxtpx:hr>
      <gpxtpx:cad>86</gpxtpx:cad>
     </gpxtpx:TrackPointExtension>
    </extensions>
   </trkpt>
   <trkpt lat="37.2559470" lon="-79.9399460">
    <ele>282.4</ele>
    <time>2026-02-18T10:56:26Z</time>
    <extensions>
     <power>357</power>
     <gpxtpx:TrackPointExtension>
      <gpxtpx:hr>150</gpxtpx:hr>
      <gpxtpx:cad>86</gpxtpx:cad>
     </gpxtpx:TrackPointExtension>
    </extensions>
   </trkpt>
   <trkpt lat="37.2559170" lon="-79.9399480">
    <ele>282.6</ele>
    <time>2026-02-18T10:56:27Z</time>
    <extensions>
     <power>363</power>
     <gpxtpx:TrackPointExtension>
      <gpxtpx:hr>151</gpxtpx:hr>
      <gpxtpx:cad>88</gpxtpx:cad>
     </gpxtpx:TrackPointExtension>
    </extensions>
   </trkpt>
   <trkpt lat="37.2558970" lon="-79.9399450">
    <ele>282.8</ele>
    <time>2026-02-18T10:56:28Z</time>
    <extensions>
     <power>368</power>
     <gpxtpx:TrackPointExtension>
      <gpxtpx:hr>151</gpxtpx:hr>
      <gpxtpx:cad>88</gpxtpx:cad>
     </gpxtpx:TrackPointExtension>
    </extensions>
   </trkpt>
   <trkpt lat="37.2558630" lon="-79.9399460">
    <ele>282.8</ele>
    <time>2026-02-18T10:56:29Z</time>
    <extensions>
     <power>373</power>
     <gpxtpx:TrackPointExtension>
      <gpxtpx:hr>151</gpxtpx:hr>
      <gpxtpx:cad>88</gpxtpx:cad>
     </gpxtpx:TrackPointExtension>
    </extensions>
   </trkpt>
   <trkpt lat="37.2558390" lon="-79.9399460">
    <ele>283.0</ele>
    <time>2026-02-18T10:56:30Z</time>
    <extensions>
     <power>377</power>
     <gpxtpx:TrackPointExtension>
      <gpxtpx:hr>151</gpxtpx:hr>
      <gpxtpx:cad>88</gpxtpx:cad>
     </gpxtpx:TrackPointExtension>
    </extensions>
   </trkpt>
   <trkpt lat="37.2558090" lon="-79.9399440">
    <ele>283.0</ele>
    <time>2026-02-18T10:56:31Z</time>
    <extensions>
     <power>378</power>
     <gpxtpx:TrackPointExtension>
      <gpxtpx:hr>152</gpxtpx:hr>
      <gpxtpx:cad>88</gpxtpx:cad>
     </gpxtpx:TrackPointExtension>
    </extensions>
   </trkpt>
   <trkpt lat="37.2557820" lon="-79.9399430">
    <ele>283.2</ele>
    <time>2026-02-18T10:56:32Z</time>
    <extensions>
     <power>380</power>
     <gpxtpx:TrackPointExtension>
      <gpxtpx:hr>152</gpxtpx:hr>
      <gpxtpx:cad>88</gpxtpx:cad>
     </gpxtpx:TrackPointExtension>
    </extensions>
   </trkpt>
   <trkpt lat="37.2557560" lon="-79.9399390">
    <ele>283.2</ele>
    <time>2026-02-18T10:56:33Z</time>
    <extensions>
     <power>381</power>
     <gpxtpx:TrackPointExtension>
      <gpxtpx:hr>153</gpxtpx:hr>
      <gpxtpx:cad>88</gpxtpx:cad>
     </gpxtpx:TrackPointExtension>
    </extensions>
   </trkpt>
   <trkpt lat="37.2557320" lon="-79.9399370">
    <ele>283.2</ele>
    <time>2026-02-18T10:56:34Z</time>
    <extensions>
     <power>381</power>
     <gpxtpx:TrackPointExtension>
      <gpxtpx:hr>153</gpxtpx:hr>
      <gpxtpx:cad>88</gpxtpx:cad>
     </gpxtpx:TrackPointExtension>
    </extensions>
   </trkpt>
   <trkpt lat="37.2557070" lon="-79.9399290">
    <ele>283.2</ele>
    <time>2026-02-18T10:56:35Z</time>
    <extensions>
     <power>380</power>
     <gpxtpx:TrackPointExtension>
      <gpxtpx:hr>153</gpxtpx:hr>
      <gpxtpx:cad>87</gpxtpx:cad>
     </gpxtpx:TrackPointExtension>
    </extensions>
   </trkpt>
   <trkpt lat="37.2556790" lon="-79.9399330">
    <ele>283.2</ele>
    <time>2026-02-18T10:56:36Z</time>
    <extensions>
     <power>380</power>
     <gpxtpx:TrackPointExtension>
      <gpxtpx:hr>154</gpxtpx:hr>
      <gpxtpx:cad>87</gpxtpx:cad>
     </gpxtpx:TrackPointExtension>
    </extensions>
   </trkpt>
   <trkpt lat="37.2556540" lon="-79.9399280">
    <ele>283.4</ele>
    <time>2026-02-18T10:56:37Z</time>
    <extensions>
     <power>381</power>
     <gpxtpx:TrackPointExtension>
      <gpxtpx:hr>154</gpxtpx:hr>
      <gpxtpx:cad>88</gpxtpx:cad>
     </gpxtpx:TrackPointExtension>
    </extensions>
   </trkpt>
   <trkpt lat="37.2556260" lon="-79.9399310">
    <ele>283.4</ele>
    <time>2026-02-18T10:56:38Z</time>
    <extensions>
     <power>379</power>
     <gpxtpx:TrackPointExtension>
      <gpxtpx:hr>154</gpxtpx:hr>
      <gpxtpx:cad>89</gpxtpx:cad>
     </gpxtpx:TrackPointExtension>
    </extensions>
   </trkpt>
   <trkpt lat="37.2556060" lon="-79.9399280">
    <ele>283.2</ele>
    <time>2026-02-18T10:56:39Z</time>
    <extensions>
     <power>376</power>
     <gpxtpx:TrackPointExtension>
      <gpxtpx:hr>155</gpxtpx:hr>
      <gpxtpx:cad>89</gpxtpx:cad>
     </gpxtpx:TrackPointExtension>
    </extensions>
   </trkpt>
   <trkpt lat="37.2555740" lon="-79.9399310">
    <ele>283.4</ele>
    <time>2026-02-18T10:56:40Z</time>
    <extensions>
     <power>374</power>
     <gpxtpx:TrackPointExtension>
      <gpxtpx:hr>155</gpxtpx:hr>
      <gpxtpx:cad>89</gpxtpx:cad>
     </gpxtpx:TrackPointExtension>
    </extensions>
   </trkpt>
   <trkpt lat="37.2555510" lon="-79.9399300">
    <ele>283.4</ele>
    <time>2026-02-18T10:56:41Z</time>
    <extensions>
     <power>373</power>
     <gpxtpx:TrackPointExtension>
      <gpxtpx:hr>156</gpxtpx:hr>
      <gpxtpx:cad>89</gpxtpx:cad>
     </gpxtpx:TrackPointExtension>
    </extensions>
   </trkpt>
   <trkpt lat="37.2555210" lon="-79.9399310">
    <ele>283.6</ele>
    <time>2026-02-18T10:56:42Z</time>
    <extensions>
     <power>372</power>
     <gpxtpx:TrackPointExtension>
      <gpxtpx:hr>156</gpxtpx:hr>
      <gpxtpx:cad>89</gpxtpx:cad>
     </gpxtpx:TrackPointExtension>
    </extensions>
   </trkpt>
   <trkpt lat="37.2554980" lon="-79.9399290">
    <ele>283.6</ele>
    <time>2026-02-18T10:56:43Z</time>
    <extensions>
     <power>373</power>
     <gpxtpx:TrackPointExtension>
      <gpxtpx:hr>156</gpxtpx:hr>
      <gpxtpx:cad>86</gpxtpx:cad>
     </gpxtpx:TrackPointExtension>
    </extensions>
   </trkpt>
   <trkpt lat="37.2554710" lon="-79.9399260">
    <ele>283.8</ele>
    <time>2026-02-18T10:56:44Z</time>
    <extensions>
     <power>374</power>
     <gpxtpx:TrackPointExtension>
      <gpxtpx:hr>157</gpxtpx:hr>
      <gpxtpx:cad>86</gpxtpx:cad>
     </gpxtpx:TrackPointExtension>
    </extensions>
   </trkpt>
   <trkpt lat="37.2554450" lon="-79.9399300">
    <ele>283.8</ele>
    <time>2026-02-18T10:56:45Z</time>
    <extensions>
     <power>376</power>
     <gpxtpx:TrackPointExtension>
      <gpxtpx:hr>157</gpxtpx:hr>
      <gpxtpx:cad>86</gpxtpx:cad>
     </gpxtpx:TrackPointExtension>
    </extensions>
   </trkpt>
   <trkpt lat="37.2554220" lon="-79.9399230">
    <ele>283.8</ele>
    <time>2026-02-18T10:56:46Z</time>
    <extensions>
     <power>377</power>
     <gpxtpx:TrackPointExtension>
      <gpxtpx:hr>157</gpxtpx:hr>
      <gpxtpx:cad>86</gpxtpx:cad>
     </gpxtpx:TrackPointExtension>
    </extensions>
   </trkpt>
   <trkpt lat="37.2553910" lon="-79.9399270">
    <ele>283.8</ele>
    <time>2026-02-18T10:56:47Z</time>
    <extensions>
     <power>377</power>
     <gpxtpx:TrackPointExtension>
      <gpxtpx:hr>158</gpxtpx:hr>
      <gpxtpx:cad>86</gpxtpx:cad>
     </gpxtpx:TrackPointExtension>
    </extensions>
   </trkpt>
   <trkpt lat="37.2553680" lon="-79.9399250">
    <ele>284.0</ele>
    <time>2026-02-18T10:56:48Z</time>
    <extensions>
     <power>377</power>
     <gpxtpx:TrackPointExtension>
      <gpxtpx:hr>158</gpxtpx:hr>
      <gpxtpx:cad>86</gpxtpx:cad>
     </gpxtpx:TrackPointExtension>
    </extensions>
   </trkpt>
   <trkpt lat="37.2553380" lon="-79.9399250">
    <ele>284.0</ele>
    <time>2026-02-18T10:56:49Z</time>
    <extensions>
     <power>377</power>
     <gpxtpx:TrackPointExtension>
      <gpxtpx:hr>158</gpxtpx:hr>
      <gpxtpx:cad>86</gpxtpx:cad>
     </gpxtpx:TrackPointExtension>
    </extensions>
   </trkpt>
   <trkpt lat="37.2553150" lon="-79.9399240">
    <ele>284.0</ele>
    <time>2026-02-18T10:56:50Z</time>
    <extensions>
     <power>377</power>
     <gpxtpx:TrackPointExtension>
      <gpxtpx:hr>158</gpxtpx:hr>
      <gpxtpx:cad>86</gpxtpx:cad>
     </gpxtpx:TrackPointExtension>
    </extensions>
   </trkpt>
   <trkpt lat="37.2552900" lon="-79.9399190">
    <ele>284.0</ele>
    <time>2026-02-18T10:56:51Z</time>
    <extensions>
     <power>380</power>
     <gpxtpx:TrackPointExtension>
      <gpxtpx:hr>158</gpxtpx:hr>
      <gpxtpx:cad>85</gpxtpx:cad>
     </gpxtpx:TrackPointExtension>
    </extensions>
   </trkpt>
   <trkpt lat="37.2552620" lon="-79.9399210">
    <ele>284.2</ele>
    <time>2026-02-18T10:56:52Z</time>
    <extensions>
     <power>382</power>
     <gpxtpx:TrackPointExtension>
      <gpxtpx:hr>158</gpxtpx:hr>
      <gpxtpx:cad>85</gpxtpx:cad>
     </gpxtpx:TrackPointExtension>
    </extensions>
   </trkpt>
   <trkpt lat="37.2552390" lon="-79.9399180">
    <ele>284.2</ele>
    <time>2026-02-18T10:56:53Z</time>
    <extensions>
     <power>384</power>
     <gpxtpx:TrackPointExtension>
      <gpxtpx:hr>159</gpxtpx:hr>
      <gpxtpx:cad>85</gpxtpx:cad>
     </gpxtpx:TrackPointExtension>
    </extensions>
   </trkpt>
   <trkpt lat="37.2552090" lon="-79.9399190">
    <ele>284.4</ele>
    <time>2026-02-18T10:56:54Z</time>
    <extensions>
     <power>383</power>
     <gpxtpx:TrackPointExtension>
      <gpxtpx:hr>159</gpxtpx:hr>
      <gpxtpx:cad>85</gpxtpx:cad>
     </gpxtpx:TrackPointExtension>
    </extensions>
   </trkpt>
   <trkpt lat="37.2551890" lon="-79.9399160">
    <ele>284.4</ele>
    <time>2026-02-18T10:56:55Z</time>
    <extensions>
     <power>385</power>
     <gpxtpx:TrackPointExtension>
      <gpxtpx:hr>159</gpxtpx:hr>
      <gpxtpx:cad>85</gpxtpx:cad>
     </gpxtpx:TrackPointExtension>
    </extensions>
   </trkpt>
   <trkpt lat="37.2551600" lon="-79.9399190">
    <ele>284.6</ele>
    <time>2026-02-18T10:56:56Z</time>
    <extensions>
     <power>386</power>
     <gpxtpx:TrackPointExtension>
      <gpxtpx:hr>159</gpxtpx:hr>
      <gpxtpx:cad>86</gpxtpx:cad>
     </gpxtpx:TrackPointExtension>
    </extensions>
   </trkpt>
   <trkpt lat="37.2551390" lon="-79.9399190">
    <ele>284.6</ele>
    <time>2026-02-18T10:56:57Z</time>
    <extensions>
     <power>383</power>
     <gpxtpx:TrackPointExtension>
      <gpxtpx:hr>159</gpxtpx:hr>
      <gpxtpx:cad>86</gpxtpx:cad>
     </gpxtpx:TrackPointExtension>
    </extensions>
   </trkpt>
   <trkpt lat="37.2551130" lon="-79.9399200">
    <ele>284.6</ele>
    <time>2026-02-18T10:56:58Z</time>
    <extensions>
     <power>381</power>
     <gpxtpx:TrackPointExtension>
      <gpxtpx:hr>159</gpxtpx:hr>
      <gpxtpx:cad>86</gpxtpx:cad>
     </gpxtpx:TrackPointExtension>
    </extensions>
   </trkpt>
   <trkpt lat="37.2550890" lon="-79.9399260">
    <ele>284.8</ele>
    <time>2026-02-18T10:56:59Z</time>
    <extensions>
     <power>382</power>
     <gpxtpx:TrackPointExtension>
      <gpxtpx:hr>159</gpxtpx:hr>
      <gpxtpx:cad>86</gpxtpx:cad>
     </gpxtpx:TrackPointExtension>
    </extensions>
   </trkpt>
   <trkpt lat="37.2550700" lon="-79.9399220">
    <ele>285.0</ele>
    <time>2026-02-18T10:57:00Z</time>
    <extensions>
     <power>384</power>
     <gpxtpx:TrackPointExtension>
      <gpxtpx:hr>159</gpxtpx:hr>
      <gpxtpx:cad>86</gpxtpx:cad>
     </gpxtpx:TrackPointExtension>
    </extensions>
   </trkpt>
   <trkpt lat="37.2550430" lon="-79.9399260">
    <ele>285.0</ele>
    <time>2026-02-18T10:57:01Z</time>
    <extensions>
     <power>384</power>
     <gpxtpx:TrackPointExtension>
      <gpxtpx:hr>160</gpxtpx:hr>
      <gpxtpx:cad>86</gpxtpx:cad>
     </gpxtpx:TrackPointExtension>
    </extensions>
   </trkpt>
   <trkpt lat="37.2550230" lon="-79.9399300">
    <ele>285.0</ele>
    <time>2026-02-18T10:57:02Z</time>
    <extensions>
     <power>379</power>
     <gpxtpx:TrackPointExtension>
      <gpxtpx:hr>160</gpxtpx:hr>
      <gpxtpx:cad>87</gpxtpx:cad>
     </gpxtpx:TrackPointExtension>
    </extensions>
   </trkpt>
   <trkpt lat="37.2549960" lon="-79.9399340">
    <ele>285.0</ele>
    <time>2026-02-18T10:57:03Z</time>
    <extensions>
     <power>376</power>
     <gpxtpx:TrackPointExtension>
      <gpxtpx:hr>160</gpxtpx:hr>
      <gpxtpx:cad>87</gpxtpx:cad>
     </gpxtpx:TrackPointExtension>
    </extensions>
   </trkpt>
   <trkpt lat="37.2549730" lon="-79.9399420">
    <ele>285.0</ele>
    <time>2026-02-18T10:57:04Z</time>
    <extensions>
     <power>374</power>
     <gpxtpx:TrackPointExtension>
      <gpxtpx:hr>160</gpxtpx:hr>
      <gpxtpx:cad>87</gpxtpx:cad>
     </gpxtpx:TrackPointExtension>
    </extensions>
   </trkpt>
   <trkpt lat="37.2549510" lon="-79.9399420">
    <ele>285.0</ele>
    <time>2026-02-18T10:57:05Z</time>
    <extensions>
     <power>374</power>
     <gpxtpx:TrackPointExtension>
      <gpxtpx:hr>160</gpxtpx:hr>
      <gpxtpx:cad>87</gpxtpx:cad>
     </gpxtpx:TrackPointExtension>
    </extensions>
   </trkpt>
   <trkpt lat="37.2549250" lon="-79.9399450">
    <ele>285.0</ele>
    <time>2026-02-18T10:57:06Z</time>
    <extensions>
     <power>377</power>
     <gpxtpx:TrackPointExtension>
      <gpxtpx:hr>160</gpxtpx:hr>
      <gpxtpx:cad>84</gpxtpx:cad>
     </gpxtpx:TrackPointExtension>
    </extensions>
   </trkpt>
   <trkpt lat="37.2549100" lon="-79.9399430">
    <ele>285.2</ele>
    <time>2026-02-18T10:57:07Z</time>
    <extensions>
     <power>376</power>
     <gpxtpx:TrackPointExtension>
      <gpxtpx:hr>160</gpxtpx:hr>
      <gpxtpx:cad>83</gpxtpx:cad>
     </gpxtpx:TrackPointExtension>
    </extensions>
   </trkpt>
   <trkpt lat="37.2548830" lon="-79.9399460">
    <ele>285.2</ele>
    <time>2026-02-18T10:57:08Z</time>
    <extensions>
     <power>375</power>
     <gpxtpx:TrackPointExtension>
      <gpxtpx:hr>161</gpxtpx:hr>
      <gpxtpx:cad>83</gpxtpx:cad>
     </gpxtpx:TrackPointExtension>
    </extensions>
   </trkpt>
   <trkpt lat="37.2548620" lon="-79.9399500">
    <ele>285.4</ele>
    <time>2026-02-18T10:57:09Z</time>
    <extensions>
     <power>369</power>
     <gpxtpx:TrackPointExtension>
      <gpxtpx:hr>160</gpxtpx:hr>
      <gpxtpx:cad>83</gpxtpx:cad>
     </gpxtpx:TrackPointExtension>
    </extensions>
   </trkpt>
   <trkpt lat="37.2548380" lon="-79.9399510">
    <ele>285.4</ele>
    <time>2026-02-18T10:57:10Z</time>
    <extensions>
     <power>369</power>
     <gpxtpx:TrackPointExtension>
      <gpxtpx:hr>160</gpxtpx:hr>
      <gpxtpx:cad>83</gpxtpx:cad>
     </gpxtpx:TrackPointExtension>
    </extensions>
   </trkpt>
   <trkpt lat="37.2548130" lon="-79.9399620">
    <ele>285.4</ele>
    <time>2026-02-18T10:57:11Z</time>
    <extensions>
     <power>364</power>
     <gpxtpx:TrackPointExtension>
      <gpxtpx:hr>160</gpxtpx:hr>
      <gpxtpx:cad>85</gpxtpx:cad>
     </gpxtpx:TrackPointExtension>
    </extensions>
   </trkpt>
   <trkpt lat="37.2547930" lon="-79.9399620">
    <ele>285.4</ele>
    <time>2026-02-18T10:57:12Z</time>
    <extensions>
     <power>360</power>
     <gpxtpx:TrackPointExtension>
      <gpxtpx:hr>160</gpxtpx:hr>
      <gpxtpx:cad>85</gpxtpx:cad>
     </gpxtpx:TrackPointExtension>
    </extensions>
   </trkpt>
   <trkpt lat="37.2547640" lon="-79.9399710">
    <ele>285.4</ele>
    <time>2026-02-18T10:57:13Z</time>
    <extensions>
     <power>358</power>
     <gpxtpx:TrackPointExtension>
      <gpxtpx:hr>159</gpxtpx:hr>
      <gpxtpx:cad>85</gpxtpx:cad>
     </gpxtpx:TrackPointExtension>
    </extensions>
   </trkpt>
   <trkpt lat="37.2547430" lon="-79.9399770">
    <ele>285.4</ele>
    <time>2026-02-18T10:57:14Z</time>
    <extensions>
     <power>355</power>
     <gpxtpx:TrackPointExtension>
      <gpxtpx:hr>159</gpxtpx:hr>
      <gpxtpx:cad>85</gpxtpx:cad>
     </gpxtpx:TrackPointExtension>
    </extensions>
   </trkpt>
   <trkpt lat="37.2547180" lon="-79.9399800">
    <ele>285.6</ele>
    <time>2026-02-18T10:57:15Z</time>
    <extensions>
     <power>354</power>
     <gpxtpx:TrackPointExtension>
      <gpxtpx:hr>159</gpxtpx:hr>
      <gpxtpx:cad>85</gpxtpx:cad>
     </gpxtpx:TrackPointExtension>
    </extensions>
   </trkpt>
   <trkpt lat="37.2546940" lon="-79.9399830">
    <ele>285.6</ele>
    <time>2026-02-18T10:57:16Z</time>
    <extensions>
     <power>353</power>
     <gpxtpx:TrackPointExtension>
      <gpxtpx:hr>159</gpxtpx:hr>
      <gpxtpx:cad>84</gpxtpx:cad>
     </gpxtpx:TrackPointExtension>
    </extensions>
   </trkpt>
   <trkpt lat="37.2546730" lon="-79.9399820">
    <ele>285.6</ele>
    <time>2026-02-18T10:57:17Z</time>
    <extensions>
     <power>353</power>
     <gpxtpx:TrackPointExtension>
      <gpxtpx:hr>160</gpxtpx:hr>
      <gpxtpx:cad>84</gpxtpx:cad>
     </gpxtpx:TrackPointExtension>
    </extensions>
   </trkpt>
   <trkpt lat="37.2546470" lon="-79.9399910">
    <ele>285.6</ele>
    <time>2026-02-18T10:57:18Z</time>
    <extensions>
     <power>352</power>
     <gpxtpx:TrackPointExtension>
      <gpxtpx:hr>159</gpxtpx:hr>
      <gpxtpx:cad>84</gpxtpx:cad>
     </gpxtpx:TrackPointExtension>
    </extensions>
   </trkpt>
   <trkpt lat="37.2546260" lon="-79.9399950">
    <ele>285.8</ele>
    <time>2026-02-18T10:57:19Z</time>
    <extensions>
     <power>349</power>
     <gpxtpx:TrackPointExtension>
      <gpxtpx:hr>159</gpxtpx:hr>
      <gpxtpx:cad>86</gpxtpx:cad>
     </gpxtpx:TrackPointExtension>
    </extensions>
   </trkpt>
   <trkpt lat="37.2546000" lon="-79.9400060">
    <ele>286.0</ele>
    <time>2026-02-18T10:57:20Z</time>
    <extensions>
     <power>349</power>
     <gpxtpx:TrackPointExtension>
      <gpxtpx:hr>159</gpxtpx:hr>
      <gpxtpx:cad>86</gpxtpx:cad>
     </gpxtpx:TrackPointExtension>
    </extensions>
   </trkpt>
   <trkpt lat="37.2545780" lon="-79.9400170">
    <ele>286.0</ele>
    <time>2026-02-18T10:57:21Z</time>
    <extensions>
     <power>351</power>
     <gpxtpx:TrackPointExtension>
      <gpxtpx:hr>159</gpxtpx:hr>
      <gpxtpx:cad>85</gpxtpx:cad>
     </gpxtpx:TrackPointExtension>
    </extensions>
   </trkpt>
   <trkpt lat="37.2545540" lon="-79.9400280">
    <ele>286.0</ele>
    <time>2026-02-18T10:57:22Z</time>
    <extensions>
     <power>352</power>
     <gpxtpx:TrackPointExtension>
      <gpxtpx:hr>159</gpxtpx:hr>
      <gpxtpx:cad>85</gpxtpx:cad>
     </gpxtpx:TrackPointExtension>
    </extensions>
   </trkpt>
   <trkpt lat="37.2545270" lon="-79.9400390">
    <ele>286.0</ele>
    <time>2026-02-18T10:57:23Z</time>
    <extensions>
     <power>351</power>
     <gpxtpx:TrackPointExtension>
      <gpxtpx:hr>159</gpxtpx:hr>
      <gpxtpx:cad>85</gpxtpx:cad>
     </gpxtpx:TrackPointExtension>
    </extensions>
   </trkpt>
   <trkpt lat="37.2545030" lon="-79.9400380">
    <ele>286.0</ele>
    <time>2026-02-18T10:57:24Z</time>
    <extensions>
     <power>351</power>
     <gpxtpx:TrackPointExtension>
      <gpxtpx:hr>160</gpxtpx:hr>
      <gpxtpx:cad>85</gpxtpx:cad>
     </gpxtpx:TrackPointExtension>
    </extensions>
   </trkpt>
   <trkpt lat="37.2544780" lon="-79.9400510">
    <ele>286.0</ele>
    <time>2026-02-18T10:57:25Z</time>
    <extensions>
     <power>354</power>
     <gpxtpx:TrackPointExtension>
      <gpxtpx:hr>159</gpxtpx:hr>
      <gpxtpx:cad>85</gpxtpx:cad>
     </gpxtpx:TrackPointExtension>
    </extensions>
   </trkpt>
   <trkpt lat="37.2544580" lon="-79.9400530">
    <ele>286.2</ele>
    <time>2026-02-18T10:57:26Z</time>
    <extensions>
     <power>355</power>
     <gpxtpx:TrackPointExtension>
      <gpxtpx:hr>159</gpxtpx:hr>
      <gpxtpx:cad>86</gpxtpx:cad>
     </gpxtpx:TrackPointExtension>
    </extensions>
   </trkpt>
   <trkpt lat="37.2544300" lon="-79.9400650">
    <ele>286.2</ele>
    <time>2026-02-18T10:57:27Z</time>
    <extensions>
     <power>354</power>
     <gpxtpx:TrackPointExtension>
      <gpxtpx:hr>159</gpxtpx:hr>
      <gpxtpx:cad>87</gpxtpx:cad>
     </gpxtpx:TrackPointExtension>
    </extensions>
   </trkpt>
   <trkpt lat="37.2544080" lon="-79.9400730">
    <ele>286.2</ele>
    <time>2026-02-18T10:57:28Z</time>
    <extensions>
     <power>352</power>
     <gpxtpx:TrackPointExtension>
      <gpxtpx:hr>159</gpxtpx:hr>
      <gpxtpx:cad>87</gpxtpx:cad>
     </gpxtpx:TrackPointExtension>
    </extensions>
   </trkpt>
   <trkpt lat="37.2543870" lon="-79.9400820">
    <ele>286.2</ele>
    <time>2026-02-18T10:57:29Z</time>
    <extensions>
     <power>352</power>
     <gpxtpx:TrackPointExtension>
      <gpxtpx:hr>159</gpxtpx:hr>
      <gpxtpx:cad>87</gpxtpx:cad>
     </gpxtpx:TrackPointExtension>
    </extensions>
   </trkpt>
   <trkpt lat="37.2543650" lon="-79.9400970">
    <ele>286.2</ele>
    <time>2026-02-18T10:57:30Z</time>
    <extensions>
     <power>352</power>
     <gpxtpx:TrackPointExtension>
      <gpxtpx:hr>159</gpxtpx:hr>
      <gpxtpx:cad>87</gpxtpx:cad>
     </gpxtpx:TrackPointExtension>
    </extensions>
   </trkpt>
   <trkpt lat="37.2543430" lon="-79.9401030">
    <ele>286.2</ele>
    <time>2026-02-18T10:57:31Z</time>
    <extensions>
     <power>352</power>
     <gpxtpx:TrackPointExtension>
      <gpxtpx:hr>159</gpxtpx:hr>
      <gpxtpx:cad>86</gpxtpx:cad>
     </gpxtpx:TrackPointExtension>
    </extensions>
   </trkpt>
   <trkpt lat="37.2543230" lon="-79.9401150">
    <ele>286.4</ele>
    <time>2026-02-18T10:57:32Z</time>
    <extensions>
     <power>352</power>
     <gpxtpx:TrackPointExtension>
      <gpxtpx:hr>158</gpxtpx:hr>
      <gpxtpx:cad>86</gpxtpx:cad>
     </gpxtpx:TrackPointExtension>
    </extensions>
   </trkpt>
   <trkpt lat="37.2543010" lon="-79.9401210">
    <ele>286.4</ele>
    <time>2026-02-18T10:57:33Z</time>
    <extensions>
     <power>352</power>
     <gpxtpx:TrackPointExtension>
      <gpxtpx:hr>159</gpxtpx:hr>
      <gpxtpx:cad>86</gpxtpx:cad>
     </gpxtpx:TrackPointExtension>
    </extensions>
   </trkpt>
   <trkpt lat="37.2542770" lon="-79.9401380">
    <ele>286.4</ele>
    <time>2026-02-18T10:57:34Z</time>
    <extensions>
     <power>348</power>
     <gpxtpx:TrackPointExtension>
      <gpxtpx:hr>159</gpxtpx:hr>
      <gpxtpx:cad>86</gpxtpx:cad>
     </gpxtpx:TrackPointExtension>
    </extensions>
   </trkpt>
   <trkpt lat="37.2542600" lon="-79.9401490">
    <ele>286.4</ele>
    <time>2026-02-18T10:57:35Z</time>
    <extensions>
     <power>343</power>
     <gpxtpx:TrackPointExtension>
      <gpxtpx:hr>158</gpxtpx:hr>
      <gpxtpx:cad>87</gpxtpx:cad>
     </gpxtpx:TrackPointExtension>
    </extensions>
   </trkpt>
   <trkpt lat="37.2542390" lon="-79.9401590">
    <ele>286.6</ele>
    <time>2026-02-18T10:57:36Z</time>
    <extensions>
     <power>342</power>
     <gpxtpx:TrackPointExtension>
      <gpxtpx:hr>159</gpxtpx:hr>
      <gpxtpx:cad>86</gpxtpx:cad>
     </gpxtpx:TrackPointExtension>
    </extensions>
   </trkpt>
   <trkpt lat="37.2542180" lon="-79.9401720">
    <ele>286.6</ele>
    <time>2026-02-18T10:57:37Z</time>
    <extensions>
     <power>343</power>
     <gpxtpx:TrackPointExtension>
      <gpxtpx:hr>159</gpxtpx:hr>
      <gpxtpx:cad>85</gpxtpx:cad>
     </gpxtpx:TrackPointExtension>
    </extensions>
   </trkpt>
   <trkpt lat="37.2541970" lon="-79.9401770">
    <ele>286.6</ele>
    <time>2026-02-18T10:57:38Z</time>
    <extensions>
     <power>345</power>
     <gpxtpx:TrackPointExtension>
      <gpxtpx:hr>158</gpxtpx:hr>
      <gpxtpx:cad>84</gpxtpx:cad>
     </gpxtpx:TrackPointExtension>
    </extensions>
   </trkpt>
   <trkpt lat="37.2541730" lon="-79.9401940">
    <ele>286.6</ele>
    <time>2026-02-18T10:57:39Z</time>
    <extensions>
     <power>345</power>
     <gpxtpx:TrackPointExtension>
      <gpxtpx:hr>159</gpxtpx:hr>
      <gpxtpx:cad>84</gpxtpx:cad>
     </gpxtpx:TrackPointExtension>
    </extensions>
   </trkpt>
   <trkpt lat="37.2541540" lon="-79.9402060">
    <ele>286.8</ele>
    <time>2026-02-18T10:57:40Z</time>
    <extensions>
     <power>344</power>
     <gpxtpx:TrackPointExtension>
      <gpxtpx:hr>159</gpxtpx:hr>
      <gpxtpx:cad>84</gpxtpx:cad>
     </gpxtpx:TrackPointExtension>
    </extensions>
   </trkpt>
   <trkpt lat="37.2541320" lon="-79.9402260">
    <ele>286.8</ele>
    <time>2026-02-18T10:57:41Z</time>
    <extensions>
     <power>344</power>
     <gpxtpx:TrackPointExtension>
      <gpxtpx:hr>159</gpxtpx:hr>
      <gpxtpx:cad>85</gpxtpx:cad>
     </gpxtpx:TrackPointExtension>
    </extensions>
   </trkpt>
   <trkpt lat="37.2541130" lon="-79.9402460">
    <ele>286.8</ele>
    <time>2026-02-18T10:57:42Z</time>
    <extensions>
     <power>346</power>
     <gpxtpx:TrackPointExtension>
      <gpxtpx:hr>158</gpxtpx:hr>
      <gpxtpx:cad>85</gpxtpx:cad>
     </gpxtpx:TrackPointExtension>
    </extensions>
   </trkpt>
   <trkpt lat="37.2540920" lon="-79.9402570">
    <ele>287.0</ele>
    <time>2026-02-18T10:57:43Z</time>
    <extensions>
     <power>346</power>
     <gpxtpx:TrackPointExtension>
      <gpxtpx:hr>159</gpxtpx:hr>
      <gpxtpx:cad>85</gpxtpx:cad>
     </gpxtpx:TrackPointExtension>
    </extensions>
   </trkpt>
   <trkpt lat="37.2540710" lon="-79.9402760">
    <ele>287.0</ele>
    <time>2026-02-18T10:57:44Z</time>
    <extensions>
     <power>345</power>
     <gpxtpx:TrackPointExtension>
      <gpxtpx:hr>159</gpxtpx:hr>
      <gpxtpx:cad>85</gpxtpx:cad>
     </gpxtpx:TrackPointExtension>
    </extensions>
   </trkpt>
   <trkpt lat="37.2540530" lon="-79.9402830">
    <ele>287.0</ele>
    <time>2026-02-18T10:57:45Z</time>
    <extensions>
     <power>344</power>
     <gpxtpx:TrackPointExtension>
      <gpxtpx:hr>158</gpxtpx:hr>
      <gpxtpx:cad>85</gpxtpx:cad>
     </gpxtpx:TrackPointExtension>
    </extensions>
   </trkpt>
   <trkpt lat="37.2540270" lon="-79.9402960">
    <ele>287.0</ele>
    <time>2026-02-18T10:57:46Z</time>
    <extensions>
     <power>344</power>
     <gpxtpx:TrackPointExtension>
      <gpxtpx:hr>159</gpxtpx:hr>
      <gpxtpx:cad>83</gpxtpx:cad>
     </gpxtpx:TrackPointExtension>
    </extensions>
   </trkpt>
   <trkpt lat="37.2540090" lon="-79.9403040">
    <ele>287.2</ele>
    <time>2026-02-18T10:57:47Z</time>
    <extensions>
     <power>346</power>
     <gpxtpx:TrackPointExtension>
      <gpxtpx:hr>158</gpxtpx:hr>
      <gpxtpx:cad>83</gpxtpx:cad>
     </gpxtpx:TrackPointExtension>
    </extensions>
   </trkpt>
   <trkpt lat="37.2539870" lon="-79.9403140">
    <ele>287.2</ele>
    <time>2026-02-18T10:57:48Z</time>
    <extensions>
     <power>348</power>
     <gpxtpx:TrackPointExtension>
      <gpxtpx:hr>158</gpxtpx:hr>
      <gpxtpx:cad>83</gpxtpx:cad>
     </gpxtpx:TrackPointExtension>
    </extensions>
   </trkpt>
   <trkpt lat="37.2539640" lon="-79.9403260">
    <ele>287.2</ele>
    <time>2026-02-18T10:57:49Z</time>
    <extensions>
     <power>349</power>
     <gpxtpx:TrackPointExtension>
      <gpxtpx:hr>158</gpxtpx:hr>
      <gpxtpx:cad>84</gpxtpx:cad>
     </gpxtpx:TrackPointExtension>
    </extensions>
   </trkpt>
   <trkpt lat="37.2539420" lon="-79.9403350">
    <ele>287.4</ele>
    <time>2026-02-18T10:57:50Z</time>
    <extensions>
     <power>348</power>
     <gpxtpx:TrackPointExtension>
      <gpxtpx:hr>159</gpxtpx:hr>
      <gpxtpx:cad>84</gpxtpx:cad>
     </gpxtpx:TrackPointExtension>
    </extensions>
   </trkpt>
   <trkpt lat="37.2539160" lon="-79.9403530">
    <ele>287.4</ele>
    <time>2026-02-18T10:57:51Z</time>
    <extensions>
     <power>346</power>
     <gpxtpx:TrackPointExtension>
      <gpxtpx:hr>158</gpxtpx:hr>
      <gpxtpx:cad>85</gpxtpx:cad>
     </gpxtpx:TrackPointExtension>
    </extensions>
   </trkpt>
   <trkpt lat="37.2538960" lon="-79.9403680">
    <ele>287.4</ele>
    <time>2026-02-18T10:57:52Z</time>
    <extensions>
     <power>346</power>
     <gpxtpx:TrackPointExtension>
      <gpxtpx:hr>158</gpxtpx:hr>
      <gpxtpx:cad>85</gpxtpx:cad>
     </gpxtpx:TrackPointExtension>
    </extensions>
   </trkpt>
   <trkpt lat="37.2538700" lon="-79.9403750">
    <ele>287.4</ele>
    <time>2026-02-18T10:57:53Z</time>
    <extensions>
     <power>346</power>
     <gpxtpx:TrackPointExtension>
      <gpxtpx:hr>158</gpxtpx:hr>
      <gpxtpx:cad>86</gpxtpx:cad>
     </gpxtpx:TrackPointExtension>
    </extensions>
   </trkpt>
   <trkpt lat="37.2538500" lon="-79.9403900">
    <ele>287.4</ele>
    <time>2026-02-18T10:57:54Z</time>
    <extensions>
     <power>347</power>
     <gpxtpx:TrackPointExtension>
      <gpxtpx:hr>158</gpxtpx:hr>
      <gpxtpx:cad>86</gpxtpx:cad>
     </gpxtpx:TrackPointExtension>
    </extensions>
   </trkpt>
   <trkpt lat="37.2538320" lon="-79.9404030">
    <ele>287.4</ele>
    <time>2026-02-18T10:57:55Z</time>
    <extensions>
     <power>348</power>
     <gpxtpx:TrackPointExtension>
      <gpxtpx:hr>159</gpxtpx:hr>
      <gpxtpx:cad>85</gpxtpx:cad>
     </gpxtpx:TrackPointExtension>
    </extensions>
   </trkpt>
   <trkpt lat="37.2538150" lon="-79.9404160">
    <ele>287.6</ele>
    <time>2026-02-18T10:57:56Z</time>
    <extensions>
     <power>350</power>
     <gpxtpx:TrackPointExtension>
      <gpxtpx:hr>158</gpxtpx:hr>
      <gpxtpx:cad>85</gpxtpx:cad>
     </gpxtpx:TrackPointExtension>
    </extensions>
   </trkpt>
   <trkpt lat="37.2538000" lon="-79.9404280">
    <ele>287.6</ele>
    <time>2026-02-18T10:57:57Z</time>
    <extensions>
     <power>351</power>
     <gpxtpx:TrackPointExtension>
      <gpxtpx:hr>158</gpxtpx:hr>
      <gpxtpx:cad>84</gpxtpx:cad>
     </gpxtpx:TrackPointExtension>
    </extensions>
   </trkpt>
   <trkpt lat="37.2537800" lon="-79.9404430">
    <ele>287.8</ele>
    <time>2026-02-18T10:57:58Z</time>
    <extensions>
     <power>352</power>
     <gpxtpx:TrackPointExtension>
      <gpxtpx:hr>159</gpxtpx:hr>
      <gpxtpx:cad>84</gpxtpx:cad>
     </gpxtpx:TrackPointExtension>
    </extensions>
   </trkpt>
   <trkpt lat="37.2537620" lon="-79.9404570">
    <ele>287.8</ele>
    <time>2026-02-18T10:57:59Z</time>
    <extensions>
     <power>353</power>
     <gpxtpx:TrackPointExtension>
      <gpxtpx:hr>159</gpxtpx:hr>
      <gpxtpx:cad>84</gpxtpx:cad>
     </gpxtpx:TrackPointExtension>
    </extensions>
   </trkpt>
   <trkpt lat="37.2537430" lon="-79.9404650">
    <ele>288.0</ele>
    <time>2026-02-18T10:58:00Z</time>
    <extensions>
     <power>355</power>
     <gpxtpx:TrackPointExtension>
      <gpxtpx:hr>159</gpxtpx:hr>
      <gpxtpx:cad>85</gpxtpx:cad>
     </gpxtpx:TrackPointExtension>
    </extensions>
   </trkpt>
   <trkpt lat="37.2537200" lon="-79.9404790">
    <ele>288.0</ele>
    <time>2026-02-18T10:58:01Z</time>
    <extensions>
     <power>354</power>
     <gpxtpx:TrackPointExtension>
      <gpxtpx:hr>159</gpxtpx:hr>
      <gpxtpx:cad>85</gpxtpx:cad>
     </gpxtpx:TrackPointExtension>
    </extensions>
   </trkpt>
   <trkpt lat="37.2537000" lon="-79.9404880">
    <ele>288.2</ele>
    <time>2026-02-18T10:58:02Z</time>
    <extensions>
     <power>353</power>
     <gpxtpx:TrackPointExtension>
      <gpxtpx:hr>159</gpxtpx:hr>
      <gpxtpx:cad>85</gpxtpx:cad>
     </gpxtpx:TrackPointExtension>
    </extensions>
   </trkpt>
   <trkpt lat="37.2536760" lon="-79.9405050">
    <ele>288.2</ele>
    <time>2026-02-18T10:58:03Z</time>
    <extensions>
     <power>355</power>
     <gpxtpx:TrackPointExtension>
      <gpxtpx:hr>160</gpxtpx:hr>
      <gpxtpx:cad>84</gpxtpx:cad>
     </gpxtpx:TrackPointExtension>
    </extensions>
   </trkpt>
   <trkpt lat="37.2536530" lon="-79.9405230">
    <ele>288.4</ele>
    <time>2026-02-18T10:58:04Z</time>
    <extensions>
     <power>357</power>
     <gpxtpx:TrackPointExtension>
      <gpxtpx:hr>159</gpxtpx:hr>
      <gpxtpx:cad>84</gpxtpx:cad>
     </gpxtpx:TrackPointExtension>
    </extensions>
   </trkpt>
   <trkpt lat="37.2536320" lon="-79.9405340">
    <ele>288.6</ele>
    <time>2026-02-18T10:58:05Z</time>
    <extensions>
     <power>359</power>
     <gpxtpx:TrackPointExtension>
      <gpxtpx:hr>159</gpxtpx:hr>
      <gpxtpx:cad>84</gpxtpx:cad>
     </gpxtpx:TrackPointExtension>
    </extensions>
   </trkpt>
   <trkpt lat="37.2536070" lon="-79.9405500">
    <ele>288.6</ele>
    <time>2026-02-18T10:58:06Z</time>
    <extensions>
     <power>363</power>
     <gpxtpx:TrackPointExtension>
      <gpxtpx:hr>160</gpxtpx:hr>
      <gpxtpx:cad>83</gpxtpx:cad>
     </gpxtpx:TrackPointExtension>
    </extensions>
   </trkpt>
   <trkpt lat="37.2535890" lon="-79.9405570">
    <ele>288.8</ele>
    <time>2026-02-18T10:58:07Z</time>
    <extensions>
     <power>366</power>
     <gpxtpx:TrackPointExtension>
      <gpxtpx:hr>160</gpxtpx:hr>
      <gpxtpx:cad>83</gpxtpx:cad>
     </gpxtpx:TrackPointExtension>
    </extensions>
   </trkpt>
   <trkpt lat="37.2535660" lon="-79.9405700">
    <ele>289.0</ele>
    <time>2026-02-18T10:58:08Z</time>
    <extensions>
     <power>373</power>
     <gpxtpx:TrackPointExtension>
      <gpxtpx:hr>160</gpxtpx:hr>
      <gpxtpx:cad>83</gpxtpx:cad>
     </gpxtpx:TrackPointExtension>
    </extensions>
   </trkpt>
   <trkpt lat="37.2535490" lon="-79.9405820">
    <ele>289.2</ele>
    <time>2026-02-18T10:58:09Z</time>
    <extensions>
     <power>377</power>
     <gpxtpx:TrackPointExtension>
      <gpxtpx:hr>160</gpxtpx:hr>
      <gpxtpx:cad>83</gpxtpx:cad>
     </gpxtpx:TrackPointExtension>
    </extensions>
   </trkpt>
   <trkpt lat="37.2535270" lon="-79.9405950">
    <ele>289.4</ele>
    <time>2026-02-18T10:58:10Z</time>
    <extensions>
     <power>381</power>
     <gpxtpx:TrackPointExtension>
      <gpxtpx:hr>159</gpxtpx:hr>
      <gpxtpx:cad>83</gpxtpx:cad>
     </gpxtpx:TrackPointExtension>
    </extensions>
   </trkpt>
   <trkpt lat="37.2535070" lon="-79.9406140">
    <ele>289.6</ele>
    <time>2026-02-18T10:58:11Z</time>
    <extensions>
     <power>385</power>
     <gpxtpx:TrackPointExtension>
      <gpxtpx:hr>160</gpxtpx:hr>
      <gpxtpx:cad>83</gpxtpx:cad>
     </gpxtpx:TrackPointExtension>
    </extensions>
   </trkpt>
   <trkpt lat="37.2534880" lon="-79.9406250">
    <ele>289.8</ele>
    <time>2026-02-18T10:58:12Z</time>
    <extensions>
     <power>393</power>
     <gpxtpx:TrackPointExtension>
      <gpxtpx:hr>160</gpxtpx:hr>
      <gpxtpx:cad>83</gpxtpx:cad>
     </gpxtpx:TrackPointExtension>
    </extensions>
   </trkpt>
   <trkpt lat="37.2534670" lon="-79.9406440">
    <ele>290.0</ele>
    <time>2026-02-18T10:58:13Z</time>
    <extensions>
     <power>398</power>
     <gpxtpx:TrackPointExtension>
      <gpxtpx:hr>160</gpxtpx:hr>
      <gpxtpx:cad>83</gpxtpx:cad>
     </gpxtpx:TrackPointExtension>
    </extensions>
   </trkpt>
   <trkpt lat="37.2534520" lon="-79.9406520">
    <ele>290.2</ele>
    <time>2026-02-18T10:58:14Z</time>
    <extensions>
     <power>401</power>
     <gpxtpx:TrackPointExtension>
      <gpxtpx:hr>161</gpxtpx:hr>
      <gpxtpx:cad>85</gpxtpx:cad>
     </gpxtpx:TrackPointExtension>
    </extensions>
   </trkpt>
   <trkpt lat="37.2534310" lon="-79.9406650">
    <ele>290.4</ele>
    <time>2026-02-18T10:58:15Z</time>
    <extensions>
     <power>405</power>
     <gpxtpx:TrackPointExtension>
      <gpxtpx:hr>161</gpxtpx:hr>
      <gpxtpx:cad>85</gpxtpx:cad>
     </gpxtpx:TrackPointExtension>
    </extensions>
   </trkpt>
   <trkpt lat="37.2534140" lon="-79.9406760">
    <ele>290.6</ele>
    <time>2026-02-18T10:58:16Z</time>
    <extensions>
     <power>407</power>
     <gpxtpx:TrackPointExtension>
      <gpxtpx:hr>161</gpxtpx:hr>
      <gpxtpx:cad>85</gpxtpx:cad>
     </gpxtpx:TrackPointExtension>
    </extensions>
   </trkpt>
   <trkpt lat="37.2533940" lon="-79.9406870">
    <ele>290.8</ele>
    <time>2026-02-18T10:58:17Z</time>
    <extensions>
     <power>410</power>
     <gpxtpx:TrackPointExtension>
      <gpxtpx:hr>162</gpxtpx:hr>
      <gpxtpx:cad>85</gpxtpx:cad>
     </gpxtpx:TrackPointExtension>
    </extensions>
   </trkpt>
   <trkpt lat="37.2533730" lon="-79.9407060">
    <ele>291.0</ele>
    <time>2026-02-18T10:58:18Z</time>
    <extensions>
     <power>411</power>
     <gpxtpx:TrackPointExtension>
      <gpxtpx:hr>162</gpxtpx:hr>
      <gpxtpx:cad>85</gpxtpx:cad>
     </gpxtpx:TrackPointExtension>
    </extensions>
   </trkpt>
   <trkpt lat="37.2533550" lon="-79.9407040">
    <ele>291.2</ele>
    <time>2026-02-18T10:58:19Z</time>
    <extensions>
     <power>414</power>
     <gpxtpx:TrackPointExtension>
      <gpxtpx:hr>163</gpxtpx:hr>
      <gpxtpx:cad>85</gpxtpx:cad>
     </gpxtpx:TrackPointExtension>
    </extensions>
   </trkpt>
   <trkpt lat="37.2533320" lon="-79.9407160">
    <ele>291.4</ele>
    <time>2026-02-18T10:58:20Z</time>
    <extensions>
     <power>416</power>
     <gpxtpx:TrackPointExtension>
      <gpxtpx:hr>163</gpxtpx:hr>
      <gpxtpx:cad>85</gpxtpx:cad>
     </gpxtpx:TrackPointExtension>
    </extensions>
   </trkpt>
   <trkpt lat="37.2533130" lon="-79.9407260">
    <ele>291.4</ele>
    <time>2026-02-18T10:58:21Z</time>
    <extensions>
     <power>415</power>
     <gpxtpx:TrackPointExtension>
      <gpxtpx:hr>163</gpxtpx:hr>
      <gpxtpx:cad>85</gpxtpx:cad>
     </gpxtpx:TrackPointExtension>
    </extensions>
   </trkpt>
   <trkpt lat="37.2532970" lon="-79.9407310">
    <ele>291.6</ele>
    <time>2026-02-18T10:58:22Z</time>
    <extensions>
     <power>413</power>
     <gpxtpx:TrackPointExtension>
      <gpxtpx:hr>164</gpxtpx:hr>
      <gpxtpx:cad>85</gpxtpx:cad>
     </gpxtpx:TrackPointExtension>
    </extensions>
   </trkpt>
   <trkpt lat="37.2532800" lon="-79.9407470">
    <ele>291.6</ele>
    <time>2026-02-18T10:58:23Z</time>
    <extensions>
     <power>411</power>
     <gpxtpx:TrackPointExtension>
      <gpxtpx:hr>164</gpxtpx:hr>
      <gpxtpx:cad>84</gpxtpx:cad>
     </gpxtpx:TrackPointExtension>
    </extensions>
   </trkpt>
   <trkpt lat="37.2532680" lon="-79.9407600">
    <ele>291.6</ele>
    <time>2026-02-18T10:58:24Z</time>
    <extensions>
     <power>403</power>
     <gpxtpx:TrackPointExtension>
      <gpxtpx:hr>165</gpxtpx:hr>
      <gpxtpx:cad>83</gpxtpx:cad>
     </gpxtpx:TrackPointExtension>
    </extensions>
   </trkpt>
   <trkpt lat="37.2532600" lon="-79.9407750">
    <ele>291.6</ele>
    <time>2026-02-18T10:58:25Z</time>
    <extensions>
     <power>393</power>
     <gpxtpx:TrackPointExtension>
      <gpxtpx:hr>165</gpxtpx:hr>
      <gpxtpx:cad>82</gpxtpx:cad>
     </gpxtpx:TrackPointExtension>
    </extensions>
   </trkpt>
   <trkpt lat="37.2532480" lon="-79.9407890">
    <ele>291.4</ele>
    <time>2026-02-18T10:58:26Z</time>
    <extensions>
     <power>379</power>
     <gpxtpx:TrackPointExtension>
      <gpxtpx:hr>165</gpxtpx:hr>
      <gpxtpx:cad>82</gpxtpx:cad>
     </gpxtpx:TrackPointExtension>
    </extensions>
   </trkpt>
   <trkpt lat="37.2532370" lon="-79.9407960">
    <ele>291.4</ele>
    <time>2026-02-18T10:58:27Z</time>
    <extensions>
     <power>364</power>
     <gpxtpx:TrackPointExtension>
      <gpxtpx:hr>165</gpxtpx:hr>
      <gpxtpx:cad>82</gpxtpx:cad>
     </gpxtpx:TrackPointExtension>
    </extensions>
   </trkpt>
   <trkpt lat="37.2532280" lon="-79.9408040">
    <ele>291.2</ele>
    <time>2026-02-18T10:58:28Z</time>
    <extensions>
     <power>348</power>
     <gpxtpx:TrackPointExtension>
      <gpxtpx:hr>165</gpxtpx:hr>
      <gpxtpx:cad>82</gpxtpx:cad>
     </gpxtpx:TrackPointExtension>
    </extensions>
   </trkpt>
   <trkpt lat="37.2532190" lon="-79.9408170">
    <ele>291.2</ele>
    <time>2026-02-18T10:58:29Z</time>
    <extensions>
     <power>335</power>
     <gpxtpx:TrackPointExtension>
      <gpxtpx:hr>165</gpxtpx:hr>
      <gpxtpx:cad>59</gpxtpx:cad>
     </gpxtpx:TrackPointExtension>
    </extensions>
   </trkpt>
   <trkpt lat="37.2532140" lon="-79.9408310">
    <ele>291.4</ele>
    <time>2026-02-18T10:58:30Z</time>
    <extensions>
     <power>217</power>
     <gpxtpx:TrackPointExtension>
      <gpxtpx:hr>165</gpxtpx:hr>
      <gpxtpx:cad>59</gpxtpx:cad>
     </gpxtpx:TrackPointExtension>
    </extensions>
   </trkpt>
   <trkpt lat="37.2532080" lon="-79.9408370">
    <ele>291.4</ele>
    <time>2026-02-18T10:58:31Z</time>
    <extensions>
     <power>208</power>
     <gpxtpx:TrackPointExtension>
      <gpxtpx:hr>165</gpxtpx:hr>
      <gpxtpx:cad>58</gpxtpx:cad>
     </gpxtpx:TrackPointExtension>
    </extensions>
   </trkpt>
   <trkpt lat="37.2532040" lon="-79.9408420">
    <ele>291.4</ele>
    <time>2026-02-18T10:58:32Z</time>
    <extensions>
     <power>200</power>
     <gpxtpx:TrackPointExtension>
      <gpxtpx:hr>165</gpxtpx:hr>
      <gpxtpx:cad>58</gpxtpx:cad>
     </gpxtpx:TrackPointExtension>
    </extensions>
   </trkpt>
   <trkpt lat="37.2532100" lon="-79.9408410">
    <ele>291.4</ele>
    <time>2026-02-18T10:58:33Z</time>
    <extensions>
     <power>0</power>
     <gpxtpx:TrackPointExtension>
      <gpxtpx:hr>164</gpxtpx:hr>
      <gpxtpx:cad>0</gpxtpx:cad>
     </gpxtpx:TrackPointExtension>
    </extensions>
   </trkpt>
   <trkpt lat="37.2532120" lon="-79.9408430">
    <ele>291.4</ele>
    <time>2026-02-18T10:58:34Z</time>
    <extensions>
     <power>0</power>
     <gpxtpx:TrackPointExtension>
      <gpxtpx:hr>164</gpxtpx:hr>
      <gpxtpx:cad>0</gpxtpx:cad>
     </gpxtpx:TrackPointExtension>
    </extensions>
   </trkpt>
   <trkpt lat="37.2532110" lon="-79.9408460">
    <ele>291.4</ele>
    <time>2026-02-18T10:58:35Z</time>
    <extensions>
     <power>0</power>
     <gpxtpx:TrackPointExtension>
      <gpxtpx:hr>163</gpxtpx:hr>
      <gpxtpx:cad>0</gpxtpx:cad>
     </gpxtpx:TrackPointExtension>
    </extensions>
   </trkpt>
   <trkpt lat="37.2532090" lon="-79.9408480">
    <ele>291.2</ele>
    <time>2026-02-18T10:58:36Z</time>
    <extensions>
     <power>0</power>
     <gpxtpx:TrackPointExtension>
      <gpxtpx:hr>163</gpxtpx:hr>
      <gpxtpx:cad>0</gpxtpx:cad>
     </gpxtpx:TrackPointExtension>
    </extensions>
   </trkpt>
   <trkpt lat="37.2532070" lon="-79.9408460">
    <ele>291.2</ele>
    <time>2026-02-18T10:58:37Z</time>
    <extensions>
     <power>0</power>
     <gpxtpx:TrackPointExtension>
      <gpxtpx:hr>162</gpxtpx:hr>
      <gpxtpx:cad>0</gpxtpx:cad>
     </gpxtpx:TrackPointExtension>
    </extensions>
   </trkpt>
   <trkpt lat="37.2530800" lon="-79.9409510">
    <ele>285.0</ele>
    <time>2026-02-18T11:01:10Z</time>
    <extensions>
     <gpxtpx:TrackPointExtension>
      <gpxtpx:hr>121</gpxtpx:hr>
      <gpxtpx:cad>0</gpxtpx:cad>
     </gpxtpx:TrackPointExtension>
    </extensions>
   </trkpt>
   <trkpt lat="37.2530620" lon="-79.9409670">
    <ele>285.0</ele>
    <time>2026-02-18T11:01:11Z</time>
    <extensions>
     <power>257</power>
     <gpxtpx:TrackPointExtension>
      <gpxtpx:hr>121</gpxtpx:hr>
      <gpxtpx:cad>82</gpxtpx:cad>
     </gpxtpx:TrackPointExtension>
    </extensions>
   </trkpt>
   <trkpt lat="37.2530410" lon="-79.9409840">
    <ele>284.8</ele>
    <time>2026-02-18T11:01:12Z</time>
    <extensions>
     <power>299</power>
     <gpxtpx:TrackPointExtension>
      <gpxtpx:hr>121</gpxtpx:hr>
      <gpxtpx:cad>83</gpxtpx:cad>
     </gpxtpx:TrackPointExtension>
    </extensions>
   </trkpt>
   <trkpt lat="37.2530220" lon="-79.9409980">
    <ele>284.8</ele>
    <time>2026-02-18T11:01:13Z</time>
    <extensions>
     <power>323</power>
     <gpxtpx:TrackPointExtension>
      <gpxtpx:hr>121</gpxtpx:hr>
      <gpxtpx:cad>84</gpxtpx:cad>
     </gpxtpx:TrackPointExtension>
    </extensions>
   </trkpt>
   <trkpt lat="37.2529990" lon="-79.9410150">
    <ele>284.6</ele>
    <time>2026-02-18T11:01:14Z</time>
    <extensions>
     <power>321</power>
     <gpxtpx:TrackPointExtension>
      <gpxtpx:hr>122</gpxtpx:hr>
      <gpxtpx:cad>85</gpxtpx:cad>
     </gpxtpx:TrackPointExtension>
    </extensions>
   </trkpt>
   <trkpt lat="37.2529810" lon="-79.9410400">
    <ele>284.6</ele>
    <time>2026-02-18T11:01:15Z</time>
    <extensions>
     <power>325</power>
     <gpxtpx:TrackPointExtension>
      <gpxtpx:hr>122</gpxtpx:hr>
      <gpxtpx:cad>85</gpxtpx:cad>
     </gpxtpx:TrackPointExtension>
    </extensions>
   </trkpt>
   <trkpt lat="37.2529610" lon="-79.9410490">
    <ele>284.4</ele>
    <time>2026-02-18T11:01:16Z</time>
    <extensions>
     <power>307</power>
     <gpxtpx:TrackPointExtension>
      <gpxtpx:hr>123</gpxtpx:hr>
      <gpxtpx:cad>85</gpxtpx:cad>
     </gpxtpx:TrackPointExtension>
    </extensions>
   </trkpt>
   <trkpt lat="37.2529340" lon="-79.9410700">
    <ele>284.2</ele>
    <time>2026-02-18T11:01:17Z</time>
    <extensions>
     <power>288</power>
     <gpxtpx:TrackPointExtension>
      <gpxtpx:hr>124</gpxtpx:hr>
      <gpxtpx:cad>85</gpxtpx:cad>
     </gpxtpx:TrackPointExtension>
    </extensions>
   </trkpt>
   <trkpt lat="37.2529160" lon="-79.9410850">
    <ele>284.2</ele>
    <time>2026-02-18T11:01:18Z</time>
    <extensions>
     <power>284</power>
     <gpxtpx:TrackPointExtension>
      <gpxtpx:hr>125</gpxtpx:hr>
      <gpxtpx:cad>85</gpxtpx:cad>
     </gpxtpx:TrackPointExtension>
    </extensions>
   </trkpt>
   <trkpt lat="37.2528910" lon="-79.9411050">
    <ele>284.2</ele>
    <time>2026-02-18T11:01:19Z</time>
    <extensions>
     <power>280</power>
     <gpxtpx:TrackPointExtension>
      <gpxtpx:hr>125</gpxtpx:hr>
      <gpxtpx:cad>85</gpxtpx:cad>
     </gpxtpx:TrackPointExtension>
    </extensions>
   </trkpt>
   <trkpt lat="37.2528670" lon="-79.9411150">
    <ele>284.0</ele>
    <time>2026-02-18T11:01:20Z</time>
    <extensions>
     <power>287</power>
     <gpxtpx:TrackPointExtension>
      <gpxtpx:hr>126</gpxtpx:hr>
      <gpxtpx:cad>86</gpxtpx:cad>
     </gpxtpx:TrackPointExtension>
    </extensions>
   </trkpt>
   <trkpt lat="37.2528430" lon="-79.9411310">
    <ele>284.0</ele>
    <time>2026-02-18T11:01:21Z</time>
    <extensions>
     <power>283</power>
     <gpxtpx:TrackPointExtension>
      <gpxtpx:hr>127</gpxtpx:hr>
      <gpxtpx:cad>86</gpxtpx:cad>
     </gpxtpx:TrackPointExtension>
    </extensions>
   </trkpt>
   <trkpt lat="37.2528260" lon="-79.9411470">
    <ele>283.8</ele>
    <time>2026-02-18T11:01:22Z</time>
    <extensions>
     <power>286</power>
     <gpxtpx:TrackPointExtension>
      <gpxtpx:hr>127</gpxtpx:hr>
      <gpxtpx:cad>87</gpxtpx:cad>
     </gpxtpx:TrackPointExtension>
    </extensions>
   </trkpt>
   <trkpt lat="37.2528040" lon="-79.9411710">
    <ele>283.8</ele>
    <time>2026-02-18T11:01:23Z</time>
    <extensions>
     <power>277</power>
     <gpxtpx:TrackPointExtension>
      <gpxtpx:hr>128</gpxtpx:hr>
      <gpxtpx:cad>87</gpxtpx:cad>
     </gpxtpx:TrackPointExtension>
    </extensions>
   </trkpt>
   <trkpt lat="37.2527900" lon="-79.9411920">
    <ele>283.6</ele>
    <time>2026-02-18T11:01:24Z</time>
    <extensions>
     <power>276</power>
     <gpxtpx:TrackPointExtension>
      <gpxtpx:hr>129</gpxtpx:hr>
      <gpxtpx:cad>86</gpxtpx:cad>
     </gpxtpx:TrackPointExtension>
    </extensions>
   </trkpt>
   <trkpt lat="37.2527690" lon="-79.9412110">
    <ele>283.6</ele>
    <time>2026-02-18T11:01:25Z</time>
    <extensions>
     <power>275</power>
     <gpxtpx:TrackPointExtension>
      <gpxtpx:hr>130</gpxtpx:hr>
      <gpxtpx:cad>86</gpxtpx:cad>
     </gpxtpx:TrackPointExtension>
    </extensions>
   </trkpt>
   <trkpt lat="37.2527530" lon="-79.9412320">
    <ele>283.6</ele>
    <time>2026-02-18T11:01:26Z</time>
    <extensions>
     <power>274</power>
     <gpxtpx:TrackPointExtension>
      <gpxtpx:hr>130</gpxtpx:hr>
      <gpxtpx:cad>86</gpxtpx:cad>
     </gpxtpx:TrackPointExtension>
    </extensions>
   </trkpt>
   <trkpt lat="37.2527310" lon="-79.9412470">
    <ele>283.8</ele>
    <time>2026-02-18T11:01:27Z</time>
    <extensions>
     <power>276</power>
     <gpxtpx:TrackPointExtension>
      <gpxtpx:hr>131</gpxtpx:hr>
      <gpxtpx:cad>87</gpxtpx:cad>
     </gpxtpx:TrackPointExtension>
    </extensions>
   </trkpt>
   <trkpt lat="37.2527140" lon="-79.9412730">
    <ele>283.8</ele>
    <time>2026-02-18T11:01:28Z</time>
    <extensions>
     <power>275</power>
     <gpxtpx:TrackPointExtension>
      <gpxtpx:hr>131</gpxtpx:hr>
      <gpxtpx:cad>88</gpxtpx:cad>
     </gpxtpx:TrackPointExtension>
    </extensions>
   </trkpt>
   <trkpt lat="37.2526940" lon="-79.9412900">
    <ele>283.6</ele>
    <time>2026-02-18T11:01:29Z</time>
    <extensions>
     <power>278</power>
     <gpxtpx:TrackPointExtension>
      <gpxtpx:hr>132</gpxtpx:hr>
      <gpxtpx:cad>88</gpxtpx:cad>
     </gpxtpx:TrackPointExtension>
    </extensions>
   </trkpt>
   <trkpt lat="37.2526730" lon="-79.9413150">
    <ele>283.6</ele>
    <time>2026-02-18T11:01:30Z</time>
    <extensions>
     <power>280</power>
     <gpxtpx:TrackPointExtension>
      <gpxtpx:hr>133</gpxtpx:hr>
      <gpxtpx:cad>89</gpxtpx:cad>
     </gpxtpx:TrackPointExtension>
    </extensions>
   </trkpt>
   <trkpt lat="37.2526550" lon="-79.9413340">
    <ele>283.6</ele>
    <time>2026-02-18T11:01:31Z</time>
    <extensions>
     <power>282</power>
     <gpxtpx:TrackPointExtension>
      <gpxtpx:hr>133</gpxtpx:hr>
      <gpxtpx:cad>89</gpxtpx:cad>
     </gpxtpx:TrackPointExtension>
    </extensions>
   </trkpt>
   <trkpt lat="37.2526390" lon="-79.9413600">
    <ele>283.6</ele>
    <time>2026-02-18T11:01:32Z</time>
    <extensions>
     <power>287</power>
     <gpxtpx:TrackPointExtension>
      <gpxtpx:hr>133</gpxtpx:hr>
      <gpxtpx:cad>89</gpxtpx:cad>
     </gpxtpx:TrackPointExtension>
    </extensions>
   </trkpt>
   <trkpt lat="37.2526180" lon="-79.9413740">
    <ele>283.6</ele>
    <time>2026-02-18T11:01:33Z</time>
    <extensions>
     <power>289</power>
     <gpxtpx:TrackPointExtension>
      <gpxtpx:hr>134</gpxtpx:hr>
      <gpxtpx:cad>89</gpxtpx:cad>
     </gpxtpx:TrackPointExtension>
    </extensions>
   </trkpt>
   <trkpt lat="37.2526000" lon="-79.9414040">
    <ele>283.6</ele>
    <time>2026-02-18T11:01:34Z</time>
    <extensions>
     <power>291</power>
     <gpxtpx:TrackPointExtension>
      <gpxtpx:hr>135</gpxtpx:hr>
      <gpxtpx:cad>89</gpxtpx:cad>
     </gpxtpx:TrackPointExtension>
    </extensions>
   </trkpt>
   <trkpt lat="37.2525860" lon="-79.9414180">
    <ele>283.6</ele>
    <time>2026-02-18T11:01:35Z</time>
    <extensions>
     <power>292</power>
     <gpxtpx:TrackPointExtension>
      <gpxtpx:hr>135</gpxtpx:hr>
      <gpxtpx:cad>88</gpxtpx:cad>
     </gpxtpx:TrackPointExtension>
    </extensions>
   </trkpt>
   <trkpt lat="37.2525690" lon="-79.9414460">
    <ele>283.6</ele>
    <time>2026-02-18T11:01:36Z</time>
    <extensions>
     <power>293</power>
     <gpxtpx:TrackPointExtension>
      <gpxtpx:hr>136</gpxtpx:hr>
      <gpxtpx:cad>87</gpxtpx:cad>
     </gpxtpx:TrackPointExtension>
    </extensions>
   </trkpt>
   <trkpt lat="37.2525570" lon="-79.9414780">
    <ele>283.6</ele>
    <time>2026-02-18T11:01:37Z</time>
    <extensions>
     <power>295</power>
     <gpxtpx:TrackPointExtension>
      <gpxtpx:hr>136</gpxtpx:hr>
      <gpxtpx:cad>87</gpxtpx:cad>
     </gpxtpx:TrackPointExtension>
    </extensions>
   </trkpt>
   <trkpt lat="37.2525440" lon="-79.9415080">
    <ele>283.4</ele>
    <time>2026-02-18T11:01:38Z</time>
    <extensions>
     <power>298</power>
     <gpxtpx:TrackPointExtension>
      <gpxtpx:hr>136</gpxtpx:hr>
      <gpxtpx:cad>87</gpxtpx:cad>
     </gpxtpx:TrackPointExtension>
    </extensions>
   </trkpt>
   <trkpt lat="37.2525410" lon="-79.9415420">
    <ele>283.6</ele>
    <time>2026-02-18T11:01:39Z</time>
    <extensions>
     <power>305</power>
     <gpxtpx:TrackPointExtension>
      <gpxtpx:hr>137</gpxtpx:hr>
      <gpxtpx:cad>87</gpxtpx:cad>
     </gpxtpx:TrackPointExtension>
    </extensions>
   </trkpt>
   <trkpt lat="37.2525290" lon="-79.9415720">
    <ele>283.4</ele>
    <time>2026-02-18T11:01:40Z</time>
    <extensions>
     <power>313</power>
     <gpxtpx:TrackPointExtension>
      <gpxtpx:hr>137</gpxtpx:hr>
      <gpxtpx:cad>86</gpxtpx:cad>
     </gpxtpx:TrackPointExtension>
    </extensions>
   </trkpt>
   <trkpt lat="37.2525280" lon="-79.9416060">
    <ele>283.4</ele>
    <time>2026-02-18T11:01:41Z</time>
    <extensions>
     <power>318</power>
     <gpxtpx:TrackPointExtension>
      <gpxtpx:hr>137</gpxtpx:hr>
      <gpxtpx:cad>86</gpxtpx:cad>
     </gpxtpx:TrackPointExtension>
    </extensions>
   </trkpt>
   <trkpt lat="37.2525200" lon="-79.9416370">
    <ele>283.4</ele>
    <time>2026-02-18T11:01:42Z</time>
    <extensions>
     <power>321</power>
     <gpxtpx:TrackPointExtension>
      <gpxtpx:hr>137</gpxtpx:hr>
      <gpxtpx:cad>86</gpxtpx:cad>
     </gpxtpx:TrackPointExtension>
    </extensions>
   </trkpt>
   <trkpt lat="37.2525130" lon="-79.9416740">
    <ele>283.4</ele>
    <time>2026-02-18T11:01:43Z</time>
    <extensions>
     <power>324</power>
     <gpxtpx:TrackPointExtension>
      <gpxtpx:hr>137</gpxtpx:hr>
      <gpxtpx:cad>86</gpxtpx:cad>
     </gpxtpx:TrackPointExtension>
    </extensions>
   </trkpt>
   <trkpt lat="37.2525030" lon="-79.9417000">
    <ele>283.4</ele>
    <time>2026-02-18T11:01:44Z</time>
    <extensions>
     <power>325</power>
     <gpxtpx:TrackPointExtension>
      <gpxtpx:hr>138</gpxtpx:hr>
      <gpxtpx:cad>86</gpxtpx:cad>
     </gpxtpx:TrackPointExtension>
    </extensions>
   </trkpt>
   <trkpt lat="37.2524970" lon="-79.9417370">
    <ele>283.4</ele>
    <time>2026-02-18T11:01:45Z</time>
    <extensions>
     <power>328</power>
     <gpxtpx:TrackPointExtension>
      <gpxtpx:hr>138</gpxtpx:hr>
      <gpxtpx:cad>86</gpxtpx:cad>
     </gpxtpx:TrackPointExtension>
    </extensions>
   </trkpt>
   <trkpt lat="37.2524960" lon="-79.9417700">
    <ele>283.4</ele>
    <time>2026-02-18T11:01:46Z</time>
    <extensions>
     <power>331</power>
     <gpxtpx:TrackPointExtension>
      <gpxtpx:hr>139</gpxtpx:hr>
      <gpxtpx:cad>86</gpxtpx:cad>
     </gpxtpx:TrackPointExtension>
    </extensions>
   </trkpt>
   <trkpt lat="37.2524870" lon="-79.9417980">
    <ele>283.6</ele>
    <time>2026-02-18T11:01:47Z</time>
    <extensions>
     <power>338</power>
     <gpxtpx:TrackPointExtension>
      <gpxtpx:hr>139</gpxtpx:hr>
      <gpxtpx:cad>86</gpxtpx:cad>
     </gpxtpx:TrackPointExtension>
    </extensions>
   </trkpt>
   <trkpt lat="37.2524820" lon="-79.9418360">
    <ele>283.6</ele>
    <time>2026-02-18T11:01:48Z</time>
    <extensions>
     <power>341</power>
     <gpxtpx:TrackPointExtension>
      <gpxtpx:hr>140</gpxtpx:hr>
      <gpxtpx:cad>86</gpxtpx:cad>
     </gpxtpx:TrackPointExtension>
    </extensions>
   </trkpt>
   <trkpt lat="37.2524750" lon="-79.9418670">
    <ele>283.6</ele>
    <time>2026-02-18T11:01:49Z</time>
    <extensions>
     <power>341</power>
     <gpxtpx:TrackPointExtension>
      <gpxtpx:hr>140</gpxtpx:hr>
      <gpxtpx:cad>86</gpxtpx:cad>
     </gpxtpx:TrackPointExtension>
    </extensions>
   </trkpt>
   <trkpt lat="37.2524730" lon="-79.9419030">
    <ele>283.6</ele>
    <time>2026-02-18T11:01:50Z</time>
    <extensions>
     <power>340</power>
     <gpxtpx:TrackPointExtension>
      <gpxtpx:hr>141</gpxtpx:hr>
      <gpxtpx:cad>86</gpxtpx:cad>
     </gpxtpx:TrackPointExtension>
    </extensions>
   </trkpt>
   <trkpt lat="37.2524750" lon="-79.9419340">
    <ele>283.6</ele>
    <time>2026-02-18T11:01:51Z</time>
    <extensions>
     <power>338</power>
     <gpxtpx:TrackPointExtension>
      <gpxtpx:hr>142</gpxtpx:hr>
      <gpxtpx:cad>86</gpxtpx:cad>
     </gpxtpx:TrackPointExtension>
    </extensions>
   </trkpt>
   <trkpt lat="37.2524690" lon="-79.9419620">
    <ele>283.6</ele>
    <time>2026-02-18T11:01:52Z</time>
    <extensions>
     <power>340</power>
     <gpxtpx:TrackPointExtension>
      <gpxtpx:hr>142</gpxtpx:hr>
      <gpxtpx:cad>86</gpxtpx:cad>
     </gpxtpx:TrackPointExtension>
    </extensions>
   </trkpt>
   <trkpt lat="37.2524700" lon="-79.9419960">
    <ele>283.4</ele>
    <time>2026-02-18T11:01:53Z</time>
    <extensions>
     <power>341</power>
     <gpxtpx:TrackPointExtension>
      <gpxtpx:hr>143</gpxtpx:hr>
      <gpxtpx:cad>86</gpxtpx:cad>
     </gpxtpx:TrackPointExtension>
    </extensions>
   </trkpt>
   <trkpt lat="37.2524620" lon="-79.9420170">
    <ele>283.4</ele>
    <time>2026-02-18T11:01:54Z</time>
    <extensions>
     <power>337</power>
     <gpxtpx:TrackPointExtension>
      <gpxtpx:hr>143</gpxtpx:hr>
      <gpxtpx:cad>86</gpxtpx:cad>
     </gpxtpx:TrackPointExtension>
    </extensions>
   </trkpt>
   <trkpt lat="37.2524610" lon="-79.9420510">
    <ele>283.4</ele>
    <time>2026-02-18T11:01:55Z</time>
    <extensions>
     <power>336</power>
     <gpxtpx:TrackPointExtension>
      <gpxtpx:hr>143</gpxtpx:hr>
      <gpxtpx:cad>85</gpxtpx:cad>
     </gpxtpx:TrackPointExtension>
    </extensions>
   </trkpt>
   <trkpt lat="37.2524590" lon="-79.9420800">
    <ele>283.4</ele>
    <time>2026-02-18T11:01:56Z</time>
    <extensions>
     <power>334</power>
     <gpxtpx:TrackPointExtension>
      <gpxtpx:hr>144</gpxtpx:hr>
      <gpxtpx:cad>85</gpxtpx:cad>
     </gpxtpx:TrackPointExtension>
    </extensions>
   </trkpt>
   <trkpt lat="37.2524570" lon="-79.9421100">
    <ele>283.6</ele>
    <time>2026-02-18T11:01:57Z</time>
    <extensions>
     <power>333</power>
     <gpxtpx:TrackPointExtension>
      <gpxtpx:hr>144</gpxtpx:hr>
      <gpxtpx:cad>85</gpxtpx:cad>
     </gpxtpx:TrackPointExtension>
    </extensions>
   </trkpt>
   <trkpt lat="37.2524550" lon="-79.9421390">
    <ele>283.6</ele>
    <time>2026-02-18T11:01:58Z</time>
    <extensions>
     <power>332</power>
     <gpxtpx:TrackPointExtension>
      <gpxtpx:hr>144</gpxtpx:hr>
      <gpxtpx:cad>85</gpxtpx:cad>
     </gpxtpx:TrackPointExtension>
    </extensions>
   </trkpt>
   <trkpt lat="37.2524560" lon="-79.9421630">
    <ele>283.4</ele>
    <time>2026-02-18T11:01:59Z</time>
    <extensions>
     <power>332</power>
     <gpxtpx:TrackPointExtension>
      <gpxtpx:hr>144</gpxtpx:hr>
      <gpxtpx:cad>84</gpxtpx:cad>
     </gpxtpx:TrackPointExtension>
    </extensions>
   </trkpt>
   <trkpt lat="37.2524510" lon="-79.9421870">
    <ele>283.6</ele>
    <time>2026-02-18T11:02:00Z</time>
    <extensions>
     <power>330</power>
     <gpxtpx:TrackPointExtension>
      <gpxtpx:hr>145</gpxtpx:hr>
      <gpxtpx:cad>84</gpxtpx:cad>
     </gpxtpx:TrackPointExtension>
    </extensions>
   </trkpt>
   <trkpt lat="37.2524380" lon="-79.9422050">
    <ele>283.6</ele>
    <time>2026-02-18T11:02:01Z</time>
    <extensions>
     <power>330</power>
     <gpxtpx:TrackPointExtension>
      <gpxtpx:hr>145</gpxtpx:hr>
      <gpxtpx:cad>83</gpxtpx:cad>
     </gpxtpx:TrackPointExtension>
    </extensions>
   </trkpt>
   <trkpt lat="37.2524150" lon="-79.9422230">
    <ele>283.6</ele>
    <time>2026-02-18T11:02:02Z</time>
    <extensions>
     <power>323</power>
     <gpxtpx:TrackPointExtension>
      <gpxtpx:hr>145</gpxtpx:hr>
      <gpxtpx:cad>83</gpxtpx:cad>
     </gpxtpx:TrackPointExtension>
    </extensions>
   </trkpt>
   <trkpt lat="37.2523900" lon="-79.9422390">
    <ele>283.8</ele>
    <time>2026-02-18T11:02:03Z</time>
    <extensions>
     <power>324</power>
     <gpxtpx:TrackPointExtension>
      <gpxtpx:hr>145</gpxtpx:hr>
      <gpxtpx:cad>85</gpxtpx:cad>
     </gpxtpx:TrackPointExtension>
    </extensions>
   </trkpt>
   <trkpt lat="37.2523740" lon="-79.9422520">
    <ele>284.0</ele>
    <time>2026-02-18T11:02:04Z</time>
    <extensions>
     <power>330</power>
     <gpxtpx:TrackPointExtension>
      <gpxtpx:hr>146</gpxtpx:hr>
      <gpxtpx:cad>85</gpxtpx:cad>
     </gpxtpx:TrackPointExtension>
    </extensions>
   </trkpt>
   <trkpt lat="37.2523540" lon="-79.9422660">
    <ele>284.2</ele>
    <time>2026-02-18T11:02:05Z</time>
    <extensions>
     <power>339</power>
     <gpxtpx:TrackPointExtension>
      <gpxtpx:hr>146</gpxtpx:hr>
      <gpxtpx:cad>85</gpxtpx:cad>
     </gpxtpx:TrackPointExtension>
    </extensions>
   </trkpt>
   <trkpt lat="37.2523380" lon="-79.9422820">
    <ele>284.6</ele>
    <time>2026-02-18T11:02:06Z</time>
    <extensions>
     <power>346</power>
     <gpxtpx:TrackPointExtension>
      <gpxtpx:hr>146</gpxtpx:hr>
      <gpxtpx:cad>85</gpxtpx:cad>
     </gpxtpx:TrackPointExtension>
    </extensions>
   </trkpt>
   <trkpt lat="37.2523170" lon="-79.9422870">
    <ele>284.8</ele>
    <time>2026-02-18T11:02:07Z</time>
    <extensions>
     <power>338</power>
     <gpxtpx:TrackPointExtension>
      <gpxtpx:hr>146</gpxtpx:hr>
      <gpxtpx:cad>85</gpxtpx:cad>
     </gpxtpx:TrackPointExtension>
    </extensions>
   </trkpt>
   <trkpt lat="37.2522930" lon="-79.9422940">
    <ele>285.2</ele>
    <time>2026-02-18T11:02:08Z</time>
    <extensions>
     <power>338</power>
     <gpxtpx:TrackPointExtension>
      <gpxtpx:hr>146</gpxtpx:hr>
      <gpxtpx:cad>83</gpxtpx:cad>
     </gpxtpx:TrackPointExtension>
    </extensions>
   </trkpt>
   <trkpt lat="37.2522760" lon="-79.9423000">
    <ele>285.4</ele>
    <time>2026-02-18T11:02:09Z</time>
    <extensions>
     <power>339</power>
     <gpxtpx:TrackPointExtension>
      <gpxtpx:hr>147</gpxtpx:hr>
      <gpxtpx:cad>83</gpxtpx:cad>
     </gpxtpx:TrackPointExtension>
    </extensions>
   </trkpt>
   <trkpt lat="37.2522490" lon="-79.9423120">
    <ele>285.4</ele>
    <time>2026-02-18T11:02:10Z</time>
    <extensions>
     <power>353</power>
     <gpxtpx:TrackPointExtension>
      <gpxtpx:hr>147</gpxtpx:hr>
      <gpxtpx:cad>83</gpxtpx:cad>
     </gpxtpx:TrackPointExtension>
    </extensions>
   </trkpt>
   <trkpt lat="37.2522310" lon="-79.9423270">
    <ele>285.4</ele>
    <time>2026-02-18T11:02:11Z</time>
    <extensions>
     <power>362</power>
     <gpxtpx:TrackPointExtension>
      <gpxtpx:hr>147</gpxtpx:hr>
      <gpxtpx:cad>84</gpxtpx:cad>
     </gpxtpx:TrackPointExtension>
    </extensions>
   </trkpt>
   <trkpt lat="37.2522120" lon="-79.9423530">
    <ele>285.4</ele>
    <time>2026-02-18T11:02:12Z</time>
    <extensions>
     <power>370</power>
     <gpxtpx:TrackPointExtension>
      <gpxtpx:hr>148</gpxtpx:hr>
      <gpxtpx:cad>84</gpxtpx:cad>
     </gpxtpx:TrackPointExtension>
    </extensions>
   </trkpt>
   <trkpt lat="37.2522060" lon="-79.9423870">
    <ele>285.4</ele>
    <time>2026-02-18T11:02:13Z</time>
    <extensions>
     <power>378</power>
     <gpxtpx:TrackPointExtension>
      <gpxtpx:hr>148</gpxtpx:hr>
      <gpxtpx:cad>84</gpxtpx:cad>
     </gpxtpx:TrackPointExtension>
    </extensions>
   </trkpt>
   <trkpt lat="37.2522020" lon="-79.9424140">
    <ele>285.4</ele>
    <time>2026-02-18T11:02:14Z</time>
    <extensions>
     <power>382</power>
     <gpxtpx:TrackPointExtension>
      <gpxtpx:hr>148</gpxtpx:hr>
      <gpxtpx:cad>84</gpxtpx:cad>
     </gpxtpx:TrackPointExtension>
    </extensions>
   </trkpt>
   <trkpt lat="37.2522110" lon="-79.9424510">
    <ele>285.2</ele>
    <time>2026-02-18T11:02:15Z</time>
    <extensions>
     <power>380</power>
     <gpxtpx:TrackPointExtension>
      <gpxtpx:hr>149</gpxtpx:hr>
      <gpxtpx:cad>84</gpxtpx:cad>
     </gpxtpx:TrackPointExtension>
    </extensions>
   </trkpt>
   <trkpt lat="37.2522150" lon="-79.9424770">
    <ele>285.2</ele>
    <time>2026-02-18T11:02:16Z</time>
    <extensions>
     <power>382</power>
     <gpxtpx:TrackPointExtension>
      <gpxtpx:hr>149</gpxtpx:hr>
      <gpxtpx:cad>84</gpxtpx:cad>
     </gpxtpx:TrackPointExtension>
    </extensions>
   </trkpt>
   <trkpt lat="37.2522200" lon="-79.9425140">
    <ele>285.0</ele>
    <time>2026-02-18T11:02:17Z</time>
    <extensions>
     <power>369</power>
     <gpxtpx:TrackPointExtension>
      <gpxtpx:hr>150</gpxtpx:hr>
      <gpxtpx:cad>84</gpxtpx:cad>
     </gpxtpx:TrackPointExtension>
    </extensions>
   </trkpt>
   <trkpt lat="37.2522280" lon="-79.9425450">
    <ele>285.0</ele>
    <time>2026-02-18T11:02:18Z</time>
    <extensions>
     <power>373</power>
     <gpxtpx:TrackPointExtension>
      <gpxtpx:hr>150</gpxtpx:hr>
      <gpxtpx:cad>84</gpxtpx:cad>
     </gpxtpx:TrackPointExtension>
    </extensions>
   </trkpt>
   <trkpt lat="37.2522300" lon="-79.9425790">
    <ele>285.0</ele>
    <time>2026-02-18T11:02:19Z</time>
    <extensions>
     <power>374</power>
     <gpxtpx:TrackPointExtension>
      <gpxtpx:hr>151</gpxtpx:hr>
      <gpxtpx:cad>85</gpxtpx:cad>
     </gpxtpx:TrackPointExtension>
    </extensions>
   </trkpt>
   <trkpt lat="37.2522390" lon="-79.9426130">
    <ele>284.8</ele>
    <time>2026-02-18T11:02:20Z</time>
    <extensions>
     <power>370</power>
     <gpxtpx:TrackPointExtension>
      <gpxtpx:hr>152</gpxtpx:hr>
      <gpxtpx:cad>85</gpxtpx:cad>
     </gpxtpx:TrackPointExtension>
    </extensions>
   </trkpt>
   <trkpt lat="37.2522530" lon="-79.9426400">
    <ele>284.8</ele>
    <time>2026-02-18T11:02:21Z</time>
    <extensions>
     <power>380</power>
     <gpxtpx:TrackPointExtension>
      <gpxtpx:hr>152</gpxtpx:hr>
      <gpxtpx:cad>84</gpxtpx:cad>
     </gpxtpx:TrackPointExtension>
    </extensions>
   </trkpt>
   <trkpt lat="37.2522740" lon="-79.9426630">
    <ele>284.8</ele>
    <time>2026-02-18T11:02:22Z</time>
    <extensions>
     <power>372</power>
     <gpxtpx:TrackPointExtension>
      <gpxtpx:hr>153</gpxtpx:hr>
      <gpxtpx:cad>84</gpxtpx:cad>
     </gpxtpx:TrackPointExtension>
    </extensions>
   </trkpt>
   <trkpt lat="37.2522990" lon="-79.9426710">
    <ele>284.6</ele>
    <time>2026-02-18T11:02:23Z</time>
    <extensions>
     <power>351</power>
     <gpxtpx:TrackPointExtension>
      <gpxtpx:hr>153</gpxtpx:hr>
      <gpxtpx:cad>84</gpxtpx:cad>
     </gpxtpx:TrackPointExtension>
    </extensions>
   </trkpt>
   <trkpt lat="37.2523190" lon="-79.9426830">
    <ele>284.6</ele>
    <time>2026-02-18T11:02:24Z</time>
    <extensions>
     <power>341</power>
     <gpxtpx:TrackPointExtension>
      <gpxtpx:hr>153</gpxtpx:hr>
      <gpxtpx:cad>84</gpxtpx:cad>
     </gpxtpx:TrackPointExtension>
    </extensions>
   </trkpt>
   <trkpt lat="37.2523430" lon="-79.9426940">
    <ele>284.4</ele>
    <time>2026-02-18T11:02:25Z</time>
    <extensions>
     <power>329</power>
     <gpxtpx:TrackPointExtension>
      <gpxtpx:hr>153</gpxtpx:hr>
      <gpxtpx:cad>84</gpxtpx:cad>
     </gpxtpx:TrackPointExtension>
    </extensions>
   </trkpt>
   <trkpt lat="37.2523630" lon="-79.9427100">
    <ele>284.2</ele>
    <time>2026-02-18T11:02:26Z</time>
    <extensions>
     <power>318</power>
     <gpxtpx:TrackPointExtension>
      <gpxtpx:hr>153</gpxtpx:hr>
      <gpxtpx:cad>84</gpxtpx:cad>
     </gpxtpx:TrackPointExtension>
    </extensions>
   </trkpt>
   <trkpt lat="37.2523820" lon="-79.9427310">
    <ele>284.0</ele>
    <time>2026-02-18T11:02:27Z</time>
    <extensions>
     <power>314</power>
     <gpxtpx:TrackPointExtension>
      <gpxtpx:hr>153</gpxtpx:hr>
      <gpxtpx:cad>84</gpxtpx:cad>
     </gpxtpx:TrackPointExtension>
    </extensions>
   </trkpt>
   <trkpt lat="37.2524020" lon="-79.9427520">
    <ele>284.0</ele>
    <time>2026-02-18T11:02:28Z</time>
    <extensions>
     <power>313</power>
     <gpxtpx:TrackPointExtension>
      <gpxtpx:hr>153</gpxtpx:hr>
      <gpxtpx:cad>84</gpxtpx:cad>
     </gpxtpx:TrackPointExtension>
    </extensions>
   </trkpt>
   <trkpt lat="37.2524130" lon="-79.9427800">
    <ele>283.8</ele>
    <time>2026-02-18T11:02:29Z</time>
    <extensions>
     <power>310</power>
     <gpxtpx:TrackPointExtension>
      <gpxtpx:hr>152</gpxtpx:hr>
      <gpxtpx:cad>84</gpxtpx:cad>
     </gpxtpx:TrackPointExtension>
    </extensions>
   </trkpt>
   <trkpt lat="37.2524300" lon="-79.9428080">
    <ele>283.4</ele>
    <time>2026-02-18T11:02:30Z</time>
    <extensions>
     <power>307</power>
     <gpxtpx:TrackPointExtension>
      <gpxtpx:hr>153</gpxtpx:hr>
      <gpxtpx:cad>84</gpxtpx:cad>
     </gpxtpx:TrackPointExtension>
    </extensions>
   </trkpt>
   <trkpt lat="37.2524380" lon="-79.9428310">
    <ele>283.4</ele>
    <time>2026-02-18T11:02:31Z</time>
    <extensions>
     <power>306</power>
     <gpxtpx:TrackPointExtension>
      <gpxtpx:hr>153</gpxtpx:hr>
      <gpxtpx:cad>84</gpxtpx:cad>
     </gpxtpx:TrackPointExtension>
    </extensions>
   </trkpt>
   <trkpt lat="37.2524460" lon="-79.9428610">
    <ele>283.2</ele>
    <time>2026-02-18T11:02:32Z</time>
    <extensions>
     <power>305</power>
     <gpxtpx:TrackPointExtension>
      <gpxtpx:hr>152</gpxtpx:hr>
      <gpxtpx:cad>83</gpxtpx:cad>
     </gpxtpx:TrackPointExtension>
    </extensions>
   </trkpt>
   <trkpt lat="37.2524550" lon="-79.9428880">
    <ele>283.0</ele>
    <time>2026-02-18T11:02:33Z</time>
    <extensions>
     <power>303</power>
     <gpxtpx:TrackPointExtension>
      <gpxtpx:hr>153</gpxtpx:hr>
      <gpxtpx:cad>83</gpxtpx:cad>
     </gpxtpx:TrackPointExtension>
    </extensions>
   </trkpt>
   <trkpt lat="37.2524590" lon="-79.9429100">
    <ele>282.8</ele>
    <time>2026-02-18T11:02:34Z</time>
    <extensions>
     <power>300</power>
     <gpxtpx:TrackPointExtension>
      <gpxtpx:hr>153</gpxtpx:hr>
      <gpxtpx:cad>84</gpxtpx:cad>
     </gpxtpx:TrackPointExtension>
    </extensions>
   </trkpt>
   <trkpt lat="37.2524640" lon="-79.9429300">
    <ele>282.8</ele>
    <time>2026-02-18T11:02:35Z</time>
    <extensions>
     <power>291</power>
     <gpxtpx:TrackPointExtension>
      <gpxtpx:hr>152</gpxtpx:hr>
      <gpxtpx:cad>85</gpxtpx:cad>
     </gpxtpx:TrackPointExtension>
    </extensions>
   </trkpt>
   <trkpt lat="37.2524720" lon="-79.9429500">
    <ele>282.6</ele>
    <time>2026-02-18T11:02:36Z</time>
    <extensions>
     <power>285</power>
     <gpxtpx:TrackPointExtension>
      <gpxtpx:hr>152</gpxtpx:hr>
      <gpxtpx:cad>85</gpxtpx:cad>
     </gpxtpx:TrackPointExtension>
    </extensions>
   </trkpt>
   <trkpt lat="37.2524740" lon="-79.9429700">
    <ele>282.6</ele>
    <time>2026-02-18T11:02:37Z</time>
    <extensions>
     <power>279</power>
     <gpxtpx:TrackPointExtension>
      <gpxtpx:hr>152</gpxtpx:hr>
      <gpxtpx:cad>87</gpxtpx:cad>
     </gpxtpx:TrackPointExtension>
    </extensions>
   </trkpt>
   <trkpt lat="37.2524620" lon="-79.9429890">
    <ele>282.8</ele>
    <time>2026-02-18T11:02:38Z</time>
    <extensions>
     <power>276</power>
     <gpxtpx:TrackPointExtension>
      <gpxtpx:hr>152</gpxtpx:hr>
      <gpxtpx:cad>87</gpxtpx:cad>
     </gpxtpx:TrackPointExtension>
    </extensions>
   </trkpt>
   <trkpt lat="37.2524590" lon="-79.9430190">
    <ele>282.8</ele>
    <time>2026-02-18T11:02:39Z</time>
    <extensions>
     <power>275</power>
     <gpxtpx:TrackPointExtension>
      <gpxtpx:hr>153</gpxtpx:hr>
      <gpxtpx:cad>87</gpxtpx:cad>
     </gpxtpx:TrackPointExtension>
    </extensions>
   </trkpt>
   <trkpt lat="37.2524520" lon="-79.9430380">
    <ele>283.0</ele>
    <time>2026-02-18T11:02:40Z</time>
    <extensions>
     <power>276</power>
     <gpxtpx:TrackPointExtension>
      <gpxtpx:hr>152</gpxtpx:hr>
      <gpxtpx:cad>87</gpxtpx:cad>
     </gpxtpx:TrackPointExtension>
    </extensions>
   </trkpt>
   <trkpt lat="37.2524500" lon="-79.9430740">
    <ele>283.2</ele>
    <time>2026-02-18T11:02:41Z</time>
    <extensions>
     <power>274</power>
     <gpxtpx:TrackPointExtension>
      <gpxtpx:hr>152</gpxtpx:hr>
      <gpxtpx:cad>87</gpxtpx:cad>
     </gpxtpx:TrackPointExtension>
    </extensions>
   </trkpt>
   <trkpt lat="37.2524560" lon="-79.9431020">
    <ele>283.4</ele>
    <time>2026-02-18T11:02:42Z</time>
    <extensions>
     <power>268</power>
     <gpxtpx:TrackPointExtension>
      <gpxtpx:hr>152</gpxtpx:hr>
      <gpxtpx:cad>86</gpxtpx:cad>
     </gpxtpx:TrackPointExtension>
    </extensions>
   </trkpt>
   <trkpt lat="37.2524620" lon="-79.9431380">
    <ele>283.4</ele>
    <time>2026-02-18T11:02:43Z</time>
    <extensions>
     <power>268</power>
     <gpxtpx:TrackPointExtension>
      <gpxtpx:hr>153</gpxtpx:hr>
      <gpxtpx:cad>86</gpxtpx:cad>
     </gpxtpx:TrackPointExtension>
    </extensions>
   </trkpt>
   <trkpt lat="37.2524740" lon="-79.9431740">
    <ele>283.6</ele>
    <time>2026-02-18T11:02:44Z</time>
    <extensions>
     <power>275</power>
     <gpxtpx:TrackPointExtension>
      <gpxtpx:hr>152</gpxtpx:hr>
      <gpxtpx:cad>85</gpxtpx:cad>
     </gpxtpx:TrackPointExtension>
    </extensions>
   </trkpt>
   <trkpt lat="37.2524790" lon="-79.9431920">
    <ele>283.6</ele>
    <time>2026-02-18T11:02:45Z</time>
    <extensions>
     <power>286</power>
     <gpxtpx:TrackPointExtension>
      <gpxtpx:hr>152</gpxtpx:hr>
      <gpxtpx:cad>86</gpxtpx:cad>
     </gpxtpx:TrackPointExtension>
    </extensions>
   </trkpt>
   <trkpt lat="37.2524860" lon="-79.9432200">
    <ele>283.6</ele>
    <time>2026-02-18T11:02:46Z</time>
    <extensions>
     <power>292</power>
     <gpxtpx:TrackPointExtension>
      <gpxtpx:hr>152</gpxtpx:hr>
      <gpxtpx:cad>86</gpxtpx:cad>
     </gpxtpx:TrackPointExtension>
    </extensions>
   </trkpt>
   <trkpt lat="37.2524920" lon="-79.9432480">
    <ele>283.8</ele>
    <time>2026-02-18T11:02:47Z</time>
    <extensions>
     <power>290</power>
     <gpxtpx:TrackPointExtension>
      <gpxtpx:hr>153</gpxtpx:hr>
      <gpxtpx:cad>86</gpxtpx:cad>
     </gpxtpx:TrackPointExtension>
    </extensions>
   </trkpt>
   <trkpt lat="37.2524990" lon="-79.9432680">
    <ele>283.8</ele>
    <time>2026-02-18T11:02:48Z</time>
    <extensions>
     <power>284</power>
     <gpxtpx:TrackPointExtension>
      <gpxtpx:hr>152</gpxtpx:hr>
      <gpxtpx:cad>86</gpxtpx:cad>
     </gpxtpx:TrackPointExtension>
    </extensions>
   </trkpt>
   <trkpt lat="37.2525070" lon="-79.9432880">
    <ele>284.0</ele>
    <time>2026-02-18T11:02:49Z</time>
    <extensions>
     <power>283</power>
     <gpxtpx:TrackPointExtension>
      <gpxtpx:hr>152</gpxtpx:hr>
      <gpxtpx:cad>85</gpxtpx:cad>
     </gpxtpx:TrackPointExtension>
    </extensions>
   </trkpt>
   <trkpt lat="37.2525180" lon="-79.9433090">
    <ele>284.0</ele>
    <time>2026-02-18T11:02:50Z</time>
    <extensions>
     <power>284</power>
     <gpxtpx:TrackPointExtension>
      <gpxtpx:hr>152</gpxtpx:hr>
      <gpxtpx:cad>85</gpxtpx:cad>
     </gpxtpx:TrackPointExtension>
    </extensions>
   </trkpt>
   <trkpt lat="37.2525250" lon="-79.9433280">
    <ele>284.0</ele>
    <time>2026-02-18T11:02:51Z</time>
    <extensions>
     <power>278</power>
     <gpxtpx:TrackPointExtension>
      <gpxtpx:hr>152</gpxtpx:hr>
      <gpxtpx:cad>85</gpxtpx:cad>
     </gpxtpx:TrackPointExtension>
    </extensions>
   </trkpt>
   <trkpt lat="37.2525250" lon="-79.9433460">
    <ele>284.0</ele>
    <time>2026-02-18T11:02:52Z</time>
    <extensions>
     <power>276</power>
     <gpxtpx:TrackPointExtension>
      <gpxtpx:hr>152</gpxtpx:hr>
      <gpxtpx:cad>84</gpxtpx:cad>
     </gpxtpx:TrackPointExtension>
    </extensions>
   </trkpt>
   <trkpt lat="37.2525220" lon="-79.9433940">
    <ele>284.0</ele>
    <time>2026-02-18T11:02:53Z</time>
    <extensions>
     <power>270</power>
     <gpxtpx:TrackPointExtension>
      <gpxtpx:hr>152</gpxtpx:hr>
      <gpxtpx:cad>84</gpxtpx:cad>
     </gpxtpx:TrackPointExtension>
    </extensions>
   </trkpt>
   <trkpt lat="37.2525160" lon="-79.9434280">
    <ele>284.0</ele>
    <time>2026-02-18T11:02:54Z</time>
    <extensions>
     <power>267</power>
     <gpxtpx:TrackPointExtension>
      <gpxtpx:hr>152</gpxtpx:hr>
      <gpxtpx:cad>84</gpxtpx:cad>
     </gpxtpx:TrackPointExtension>
    </extensions>
   </trkpt>
   <trkpt lat="37.2525060" lon="-79.9434580">
    <ele>284.2</ele>
    <time>2026-02-18T11:02:55Z</time>
    <extensions>
     <power>269</power>
     <gpxtpx:TrackPointExtension>
      <gpxtpx:hr>152</gpxtpx:hr>
      <gpxtpx:cad>84</gpxtpx:cad>
     </gpxtpx:TrackPointExtension>
    </extensions>
   </trkpt>
   <trkpt lat="37.2525010" lon="-79.9434860">
    <ele>284.2</ele>
    <time>2026-02-18T11:02:56Z</time>
    <extensions>
     <power>308</power>
     <gpxtpx:TrackPointExtension>
      <gpxtpx:hr>151</gpxtpx:hr>
      <gpxtpx:cad>84</gpxtpx:cad>
     </gpxtpx:TrackPointExtension>
    </extensions>
   </trkpt>
   <trkpt lat="37.2524950" lon="-79.9435200">
    <ele>284.2</ele>
    <time>2026-02-18T11:02:57Z</time>
    <extensions>
     <power>319</power>
     <gpxtpx:TrackPointExtension>
      <gpxtpx:hr>151</gpxtpx:hr>
      <gpxtpx:cad>85</gpxtpx:cad>
     </gpxtpx:TrackPointExtension>
    </extensions>
   </trkpt>
   <trkpt lat="37.2524980" lon="-79.9435500">
    <ele>284.4</ele>
    <time>2026-02-18T11:02:58Z</time>
    <extensions>
     <power>327</power>
     <gpxtpx:TrackPointExtension>
      <gpxtpx:hr>151</gpxtpx:hr>
      <gpxtpx:cad>85</gpxtpx:cad>
     </gpxtpx:TrackPointExtension>
    </extensions>
   </trkpt>
   <trkpt lat="37.2524920" lon="-79.9435720">
    <ele>284.4</ele>
    <time>2026-02-18T11:02:59Z</time>
    <extensions>
     <power>345</power>
     <gpxtpx:TrackPointExtension>
      <gpxtpx:hr>151</gpxtpx:hr>
      <gpxtpx:cad>85</gpxtpx:cad>
     </gpxtpx:TrackPointExtension>
    </extensions>
   </trkpt>
   <trkpt lat="37.2524900" lon="-79.9436060">
    <ele>284.6</ele>
    <time>2026-02-18T11:03:00Z</time>
    <extensions>
     <power>334</power>
     <gpxtpx:TrackPointExtension>
      <gpxtpx:hr>150</gpxtpx:hr>
      <gpxtpx:cad>84</gpxtpx:cad>
     </gpxtpx:TrackPointExtension>
    </extensions>
   </trkpt>
   <trkpt lat="37.2524920" lon="-79.9436310">
    <ele>284.6</ele>
    <time>2026-02-18T11:03:01Z</time>
    <extensions>
     <power>329</power>
     <gpxtpx:TrackPointExtension>
      <gpxtpx:hr>151</gpxtpx:hr>
      <gpxtpx:cad>84</gpxtpx:cad>
     </gpxtpx:TrackPointExtension>
    </extensions>
   </trkpt>
   <trkpt lat="37.2524920" lon="-79.9436650">
    <ele>284.8</ele>
    <time>2026-02-18T11:03:02Z</time>
    <extensions>
     <power>324</power>
     <gpxtpx:TrackPointExtension>
      <gpxtpx:hr>151</gpxtpx:hr>
      <gpxtpx:cad>85</gpxtpx:cad>
     </gpxtpx:TrackPointExtension>
    </extensions>
   </trkpt>
   <trkpt lat="37.2524970" lon="-79.9436980">
    <ele>284.8</ele>
    <time>2026-02-18T11:03:03Z</time>
    <extensions>
     <power>332</power>
     <gpxtpx:TrackPointExtension>
      <gpxtpx:hr>151</gpxtpx:hr>
      <gpxtpx:cad>85</gpxtpx:cad>
     </gpxtpx:TrackPointExtension>
    </extensions>
   </trkpt>
   <trkpt lat="37.2524960" lon="-79.9437260">
    <ele>284.8</ele>
    <time>2026-02-18T11:03:04Z</time>
    <extensions>
     <power>334</power>
     <gpxtpx:TrackPointExtension>
      <gpxtpx:hr>151</gpxtpx:hr>
      <gpxtpx:cad>85</gpxtpx:cad>
     </gpxtpx:TrackPointExtension>
    </extensions>
   </trkpt>
   <trkpt lat="37.2525050" lon="-79.9437600">
    <ele>285.0</ele>
    <time>2026-02-18T11:03:05Z</time>
    <extensions>
     <power>342</power>
     <gpxtpx:TrackPointExtension>
      <gpxtpx:hr>151</gpxtpx:hr>
      <gpxtpx:cad>85</gpxtpx:cad>
     </gpxtpx:TrackPointExtension>
    </extensions>
   </trkpt>
   <trkpt lat="37.2525050" lon="-79.9437870">
    <ele>285.0</ele>
    <time>2026-02-18T11:03:06Z</time>
    <extensions>
     <power>348</power>
     <gpxtpx:TrackPointExtension>
      <gpxtpx:hr>151</gpxtpx:hr>
      <gpxtpx:cad>85</gpxtpx:cad>
     </gpxtpx:TrackPointExtension>
    </extensions>
   </trkpt>
   <trkpt lat="37.2525040" lon="-79.9438170">
    <ele>285.0</ele>
    <time>2026-02-18T11:03:07Z</time>
    <extensions>
     <power>351</power>
     <gpxtpx:TrackPointExtension>
      <gpxtpx:hr>152</gpxtpx:hr>
      <gpxtpx:cad>85</gpxtpx:cad>
     </gpxtpx:TrackPointExtension>
    </extensions>
   </trkpt>
   <trkpt lat="37.2525020" lon="-79.9438380">
    <ele>285.0</ele>
    <time>2026-02-18T11:03:08Z</time>
    <extensions>
     <power>354</power>
     <gpxtpx:TrackPointExtension>
      <gpxtpx:hr>152</gpxtpx:hr>
      <gpxtpx:cad>85</gpxtpx:cad>
     </gpxtpx:TrackPointExtension>
    </extensions>
   </trkpt>
   <trkpt lat="37.2525030" lon="-79.9438690">
    <ele>285.0</ele>
    <time>2026-02-18T11:03:09Z</time>
    <extensions>
     <power>355</power>
     <gpxtpx:TrackPointExtension>
      <gpxtpx:hr>152</gpxtpx:hr>
      <gpxtpx:cad>85</gpxtpx:cad>
     </gpxtpx:TrackPointExtension>
    </extensions>
   </trkpt>
   <trkpt lat="37.2525050" lon="-79.9438930">
    <ele>285.0</ele>
    <time>2026-02-18T11:03:10Z</time>
    <extensions>
     <power>352</power>
     <gpxtpx:TrackPointExtension>
      <gpxtpx:hr>152</gpxtpx:hr>
      <gpxtpx:cad>85</gpxtpx:cad>
     </gpxtpx:TrackPointExtension>
    </extensions>
   </trkpt>
   <trkpt lat="37.2525060" lon="-79.9439270">
    <ele>285.0</ele>
    <time>2026-02-18T11:03:11Z</time>
    <extensions>
     <power>353</power>
     <gpxtpx:TrackPointExtension>
      <gpxtpx:hr>152</gpxtpx:hr>
      <gpxtpx:cad>86</gpxtpx:cad>
     </gpxtpx:TrackPointExtension>
    </extensions>
   </trkpt>
   <trkpt lat="37.2525120" lon="-79.9439590">
    <ele>285.0</ele>
    <time>2026-02-18T11:03:12Z</time>
    <extensions>
     <power>354</power>
     <gpxtpx:TrackPointExtension>
      <gpxtpx:hr>152</gpxtpx:hr>
      <gpxtpx:cad>87</gpxtpx:cad>
     </gpxtpx:TrackPointExtension>
    </extensions>
   </trkpt>
   <trkpt lat="37.2525080" lon="-79.9439910">
    <ele>285.2</ele>
    <time>2026-02-18T11:03:13Z</time>
    <extensions>
     <power>356</power>
     <gpxtpx:TrackPointExtension>
      <gpxtpx:hr>153</gpxtpx:hr>
      <gpxtpx:cad>87</gpxtpx:cad>
     </gpxtpx:TrackPointExtension>
    </extensions>
   </trkpt>
   <trkpt lat="37.2525130" lon="-79.9440250">
    <ele>285.2</ele>
    <time>2026-02-18T11:03:14Z</time>
    <extensions>
     <power>358</power>
     <gpxtpx:TrackPointExtension>
      <gpxtpx:hr>153</gpxtpx:hr>
      <gpxtpx:cad>86</gpxtpx:cad>
     </gpxtpx:TrackPointExtension>
    </extensions>
   </trkpt>
   <trkpt lat="37.2525120" lon="-79.9440500">
    <ele>285.2</ele>
    <time>2026-02-18T11:03:15Z</time>
    <extensions>
     <power>363</power>
     <gpxtpx:TrackPointExtension>
      <gpxtpx:hr>153</gpxtpx:hr>
      <gpxtpx:cad>86</gpxtpx:cad>
     </gpxtpx:TrackPointExtension>
    </extensions>
   </trkpt>
   <trkpt lat="37.2525160" lon="-79.9440870">
    <ele>285.2</ele>
    <time>2026-02-18T11:03:16Z</time>
    <extensions>
     <power>363</power>
     <gpxtpx:TrackPointExtension>
      <gpxtpx:hr>154</gpxtpx:hr>
      <gpxtpx:cad>86</gpxtpx:cad>
     </gpxtpx:TrackPointExtension>
    </extensions>
   </trkpt>
   <trkpt lat="37.2525150" lon="-79.9441100">
    <ele>285.4</ele>
    <time>2026-02-18T11:03:17Z</time>
    <extensions>
     <power>362</power>
     <gpxtpx:TrackPointExtension>
      <gpxtpx:hr>154</gpxtpx:hr>
      <gpxtpx:cad>86</gpxtpx:cad>
     </gpxtpx:TrackPointExtension>
    </extensions>
   </trkpt>
   <trkpt lat="37.2525170" lon="-79.9441440">
    <ele>285.4</ele>
    <time>2026-02-18T11:03:18Z</time>
    <extensions>
     <power>360</power>
     <gpxtpx:TrackPointExtension>
      <gpxtpx:hr>154</gpxtpx:hr>
      <gpxtpx:cad>87</gpxtpx:cad>
     </gpxtpx:TrackPointExtension>
    </extensions>
   </trkpt>
   <trkpt lat="37.2525230" lon="-79.9441680">
    <ele>285.4</ele>
    <time>2026-02-18T11:03:19Z</time>
    <extensions>
     <power>355</power>
     <gpxtpx:TrackPointExtension>
      <gpxtpx:hr>154</gpxtpx:hr>
      <gpxtpx:cad>87</gpxtpx:cad>
     </gpxtpx:TrackPointExtension>
    </extensions>
   </trkpt>
   <trkpt lat="37.2525270" lon="-79.9442010">
    <ele>285.4</ele>
    <time>2026-02-18T11:03:20Z</time>
    <extensions>
     <power>352</power>
     <gpxtpx:TrackPointExtension>
      <gpxtpx:hr>155</gpxtpx:hr>
      <gpxtpx:cad>88</gpxtpx:cad>
     </gpxtpx:TrackPointExtension>
    </extensions>
   </trkpt>
   <trkpt lat="37.2525340" lon="-79.9442310">
    <ele>285.4</ele>
    <time>2026-02-18T11:03:21Z</time>
    <extensions>
     <power>348</power>
     <gpxtpx:TrackPointExtension>
      <gpxtpx:hr>155</gpxtpx:hr>
      <gpxtpx:cad>88</gpxtpx:cad>
     </gpxtpx:TrackPointExtension>
    </extensions>
   </trkpt>
   <trkpt lat="37.2525360" lon="-79.9442590">
    <ele>285.4</ele>
    <time>2026-02-18T11:03:22Z</time>
    <extensions>
     <power>345</power>
     <gpxtpx:TrackPointExtension>
      <gpxtpx:hr>155</gpxtpx:hr>
      <gpxtpx:cad>88</gpxtpx:cad>
     </gpxtpx:TrackPointExtension>
    </extensions>
   </trkpt>
   <trkpt lat="37.2525460" lon="-79.9442900">
    <ele>285.4</ele>
    <time>2026-02-18T11:03:23Z</time>
    <extensions>
     <power>344</power>
     <gpxtpx:TrackPointExtension>
      <gpxtpx:hr>155</gpxtpx:hr>
      <gpxtpx:cad>87</gpxtpx:cad>
     </gpxtpx:TrackPointExtension>
    </extensions>
   </trkpt>
   <trkpt lat="37.2525490" lon="-79.9443180">
    <ele>285.4</ele>
    <time>2026-02-18T11:03:24Z</time>
    <extensions>
     <power>206</power>
     <gpxtpx:TrackPointExtension>
      <gpxtpx:hr>155</gpxtpx:hr>
      <gpxtpx:cad>43</gpxtpx:cad>
     </gpxtpx:TrackPointExtension>
    </extensions>
   </trkpt>
   <trkpt lat="37.2525580" lon="-79.9443540">
    <ele>285.4</ele>
    <time>2026-02-18T11:03:25Z</time>
    <extensions>
     <power>205</power>
     <gpxtpx:TrackPointExtension>
      <gpxtpx:hr>156</gpxtpx:hr>
      <gpxtpx:cad>43</gpxtpx:cad>
     </gpxtpx:TrackPointExtension>
    </extensions>
   </trkpt>
   <trkpt lat="37.2525590" lon="-79.9443800">
    <ele>285.6</ele>
    <time>2026-02-18T11:03:26Z</time>
    <extensions>
     <power>205</power>
     <gpxtpx:TrackPointExtension>
      <gpxtpx:hr>156</gpxtpx:hr>
      <gpxtpx:cad>43</gpxtpx:cad>
     </gpxtpx:TrackPointExtension>
    </extensions>
   </trkpt>
   <trkpt lat="37.2525650" lon="-79.9444160">
    <ele>285.8</ele>
    <time>2026-02-18T11:03:27Z</time>
    <extensions>
     <power>205</power>
     <gpxtpx:TrackPointExtension>
      <gpxtpx:hr>157</gpxtpx:hr>
      <gpxtpx:cad>43</gpxtpx:cad>
     </gpxtpx:TrackPointExtension>
    </extensions>
   </trkpt>
   <trkpt lat="37.2525730" lon="-79.9444390">
    <ele>285.8</ele>
    <time>2026-02-18T11:03:28Z</time>
    <extensions>
     <power>206</power>
     <gpxtpx:TrackPointExtension>
      <gpxtpx:hr>157</gpxtpx:hr>
      <gpxtpx:cad>43</gpxtpx:cad>
     </gpxtpx:TrackPointExtension>
    </extensions>
   </trkpt>
   <trkpt lat="37.2525780" lon="-79.9444690">
    <ele>285.8</ele>
    <time>2026-02-18T11:03:29Z</time>
    <extensions>
     <power>205</power>
     <gpxtpx:TrackPointExtension>
      <gpxtpx:hr>160</gpxtpx:hr>
      <gpxtpx:cad>86</gpxtpx:cad>
     </gpxtpx:TrackPointExtension>
    </extensions>
   </trkpt>
   <trkpt lat="37.2525840" lon="-79.9444950">
    <ele>286.0</ele>
    <time>2026-02-18T11:03:30Z</time>
    <extensions>
     <power>344</power>
     <gpxtpx:TrackPointExtension>
      <gpxtpx:hr>160</gpxtpx:hr>
      <gpxtpx:cad>86</gpxtpx:cad>
     </gpxtpx:TrackPointExtension>
    </extensions>
   </trkpt>
   <trkpt lat="37.2525870" lon="-79.9445240">
    <ele>286.0</ele>
    <time>2026-02-18T11:03:31Z</time>
    <extensions>
     <power>330</power>
     <gpxtpx:TrackPointExtension>
      <gpxtpx:hr>160</gpxtpx:hr>
      <gpxtpx:cad>86</gpxtpx:cad>
     </gpxtpx:TrackPointExtension>
    </extensions>
   </trkpt>
   <trkpt lat="37.2525940" lon="-79.9445540">
    <ele>286.0</ele>
    <time>2026-02-18T11:03:32Z</time>
    <extensions>
     <power>345</power>
     <gpxtpx:TrackPointExtension>
      <gpxtpx:hr>161</gpxtpx:hr>
      <gpxtpx:cad>86</gpxtpx:cad>
     </gpxtpx:TrackPointExtension>
    </extensions>
   </trkpt>
   <trkpt lat="37.2525910" lon="-79.9445790">
    <ele>286.2</ele>
    <time>2026-02-18T11:03:33Z</time>
    <extensions>
     <power>341</power>
     <gpxtpx:TrackPointExtension>
      <gpxtpx:hr>161</gpxtpx:hr>
      <gpxtpx:cad>86</gpxtpx:cad>
     </gpxtpx:TrackPointExtension>
    </extensions>
   </trkpt>
   <trkpt lat="37.2526030" lon="-79.9446100">
    <ele>286.2</ele>
    <time>2026-02-18T11:03:34Z</time>
    <extensions>
     <power>338</power>
     <gpxtpx:TrackPointExtension>
      <gpxtpx:hr>161</gpxtpx:hr>
      <gpxtpx:cad>86</gpxtpx:cad>
     </gpxtpx:TrackPointExtension>
    </extensions>
   </trkpt>
   <trkpt lat="37.2526050" lon="-79.9446360">
    <ele>286.2</ele>
    <time>2026-02-18T11:03:35Z</time>
    <extensions>
     <power>342</power>
     <gpxtpx:TrackPointExtension>
      <gpxtpx:hr>161</gpxtpx:hr>
      <gpxtpx:cad>88</gpxtpx:cad>
     </gpxtpx:TrackPointExtension>
    </extensions>
   </trkpt>
   <trkpt lat="37.2526130" lon="-79.9446730">
    <ele>286.2</ele>
    <time>2026-02-18T11:03:36Z</time>
    <extensions>
     <power>334</power>
     <gpxtpx:TrackPointExtension>
      <gpxtpx:hr>161</gpxtpx:hr>
      <gpxtpx:cad>88</gpxtpx:cad>
     </gpxtpx:TrackPointExtension>
    </extensions>
   </trkpt>
   <trkpt lat="37.2526220" lon="-79.9446970">
    <ele>286.2</ele>
    <time>2026-02-18T11:03:37Z</time>
    <extensions>
     <power>336</power>
     <gpxtpx:TrackPointExtension>
      <gpxtpx:hr>161</gpxtpx:hr>
      <gpxtpx:cad>88</gpxtpx:cad>
     </gpxtpx:TrackPointExtension>
    </extensions>
   </trkpt>
   <trkpt lat="37.2526300" lon="-79.9447280">
    <ele>286.2</ele>
    <time>2026-02-18T11:03:38Z</time>
    <extensions>
     <power>345</power>
     <gpxtpx:TrackPointExtension>
      <gpxtpx:hr>161</gpxtpx:hr>
      <gpxtpx:cad>88</gpxtpx:cad>
     </gpxtpx:TrackPointExtension>
    </extensions>
   </trkpt>
   <trkpt lat="37.2526400" lon="-79.9447520">
    <ele>286.2</ele>
    <time>2026-02-18T11:03:39Z</time>
    <extensions>
     <power>345</power>
     <gpxtpx:TrackPointExtension>
      <gpxtpx:hr>161</gpxtpx:hr>
      <gpxtpx:cad>88</gpxtpx:cad>
     </gpxtpx:TrackPointExtension>
    </extensions>
   </trkpt>
   <trkpt lat="37.2526470" lon="-79.9447790">
    <ele>286.2</ele>
    <time>2026-02-18T11:03:40Z</time>
    <extensions>
     <power>342</power>
     <gpxtpx:TrackPointExtension>
      <gpxtpx:hr>161</gpxtpx:hr>
      <gpxtpx:cad>88</gpxtpx:cad>
     </gpxtpx:TrackPointExtension>
    </extensions>
   </trkpt>
   <trkpt lat="37.2526590" lon="-79.9448060">
    <ele>286.2</ele>
    <time>2026-02-18T11:03:41Z</time>
    <extensions>
     <power>335</power>
     <gpxtpx:TrackPointExtension>
      <gpxtpx:hr>161</gpxtpx:hr>
      <gpxtpx:cad>88</gpxtpx:cad>
     </gpxtpx:TrackPointExtension>
    </extensions>
   </trkpt>
   <trkpt lat="37.2526660" lon="-79.9448320">
    <ele>286.2</ele>
    <time>2026-02-18T11:03:42Z</time>
    <extensions>
     <power>332</power>
     <gpxtpx:TrackPointExtension>
      <gpxtpx:hr>162</gpxtpx:hr>
      <gpxtpx:cad>85</gpxtpx:cad>
     </gpxtpx:TrackPointExtension>
    </extensions>
   </trkpt>
   <trkpt lat="37.2526710" lon="-79.9448690">
    <ele>286.2</ele>
    <time>2026-02-18T11:03:43Z</time>
    <extensions>
     <power>329</power>
     <gpxtpx:TrackPointExtension>
      <gpxtpx:hr>162</gpxtpx:hr>
      <gpxtpx:cad>87</gpxtpx:cad>
     </gpxtpx:TrackPointExtension>
    </extensions>
   </trkpt>
   <trkpt lat="37.2526780" lon="-79.9448960">
    <ele>286.2</ele>
    <time>2026-02-18T11:03:44Z</time>
    <extensions>
     <power>324</power>
     <gpxtpx:TrackPointExtension>
      <gpxtpx:hr>162</gpxtpx:hr>
      <gpxtpx:cad>87</gpxtpx:cad>
     </gpxtpx:TrackPointExtension>
    </extensions>
   </trkpt>
   <trkpt lat="37.2526820" lon="-79.9449240">
    <ele>286.2</ele>
    <time>2026-02-18T11:03:45Z</time>
    <extensions>
     <power>327</power>
     <gpxtpx:TrackPointExtension>
      <gpxtpx:hr>161</gpxtpx:hr>
      <gpxtpx:cad>86</gpxtpx:cad>
     </gpxtpx:TrackPointExtension>
    </extensions>
   </trkpt>
   <trkpt lat="37.2526970" lon="-79.9449490">
    <ele>286.2</ele>
    <time>2026-02-18T11:03:46Z</time>
    <extensions>
     <power>329</power>
     <gpxtpx:TrackPointExtension>
      <gpxtpx:hr>162</gpxtpx:hr>
      <gpxtpx:cad>86</gpxtpx:cad>
     </gpxtpx:TrackPointExtension>
    </extensions>
   </trkpt>
   <trkpt lat="37.2527010" lon="-79.9449790">
    <ele>286.2</ele>
    <time>2026-02-18T11:03:47Z</time>
    <extensions>
     <power>330</power>
     <gpxtpx:TrackPointExtension>
      <gpxtpx:hr>162</gpxtpx:hr>
      <gpxtpx:cad>86</gpxtpx:cad>
     </gpxtpx:TrackPointExtension>
    </extensions>
   </trkpt>
   <trkpt lat="37.2527140" lon="-79.9450130">
    <ele>286.2</ele>
    <time>2026-02-18T11:03:48Z</time>
    <extensions>
     <power>329</power>
     <gpxtpx:TrackPointExtension>
      <gpxtpx:hr>161</gpxtpx:hr>
      <gpxtpx:cad>84</gpxtpx:cad>
     </gpxtpx:TrackPointExtension>
    </extensions>
   </trkpt>
   <trkpt lat="37.2527160" lon="-79.9450410">
    <ele>286.2</ele>
    <time>2026-02-18T11:03:49Z</time>
    <extensions>
     <power>326</power>
     <gpxtpx:TrackPointExtension>
      <gpxtpx:hr>162</gpxtpx:hr>
      <gpxtpx:cad>84</gpxtpx:cad>
     </gpxtpx:TrackPointExtension>
    </extensions>
   </trkpt>
   <trkpt lat="37.2527210" lon="-79.9450750">
    <ele>286.2</ele>
    <time>2026-02-18T11:03:50Z</time>
    <extensions>
     <power>326</power>
     <gpxtpx:TrackPointExtension>
      <gpxtpx:hr>162</gpxtpx:hr>
      <gpxtpx:cad>84</gpxtpx:cad>
     </gpxtpx:TrackPointExtension>
    </extensions>
   </trkpt>
   <trkpt lat="37.2527260" lon="-79.9450970">
    <ele>286.2</ele>
    <time>2026-02-18T11:03:51Z</time>
    <extensions>
     <power>325</power>
     <gpxtpx:TrackPointExtension>
      <gpxtpx:hr>161</gpxtpx:hr>
      <gpxtpx:cad>85</gpxtpx:cad>
     </gpxtpx:TrackPointExtension>
    </extensions>
   </trkpt>
   <trkpt lat="37.2527310" lon="-79.9451250">
    <ele>286.2</ele>
    <time>2026-02-18T11:03:52Z</time>
    <extensions>
     <power>324</power>
     <gpxtpx:TrackPointExtension>
      <gpxtpx:hr>162</gpxtpx:hr>
      <gpxtpx:cad>87</gpxtpx:cad>
     </gpxtpx:TrackPointExtension>
    </extensions>
   </trkpt>
   <trkpt lat="37.2527400" lon="-79.9451470">
    <ele>286.4</ele>
    <time>2026-02-18T11:03:53Z</time>
    <extensions>
     <power>317</power>
     <gpxtpx:TrackPointExtension>
      <gpxtpx:hr>161</gpxtpx:hr>
      <gpxtpx:cad>87</gpxtpx:cad>
     </gpxtpx:TrackPointExtension>
    </extensions>
   </trkpt>
   <trkpt lat="37.2527470" lon="-79.9451750">
    <ele>286.4</ele>
    <time>2026-02-18T11:03:54Z</time>
    <extensions>
     <power>312</power>
     <gpxtpx:TrackPointExtension>
      <gpxtpx:hr>161</gpxtpx:hr>
      <gpxtpx:cad>87</gpxtpx:cad>
     </gpxtpx:TrackPointExtension>
    </extensions>
   </trkpt>
   <trkpt lat="37.2527560" lon="-79.9452010">
    <ele>286.4</ele>
    <time>2026-02-18T11:03:55Z</time>
    <extensions>
     <power>309</power>
     <gpxtpx:TrackPointExtension>
      <gpxtpx:hr>161</gpxtpx:hr>
      <gpxtpx:cad>87</gpxtpx:cad>
     </gpxtpx:TrackPointExtension>
    </extensions>
   </trkpt>
   <trkpt lat="37.2527630" lon="-79.9452260">
    <ele>286.4</ele>
    <time>2026-02-18T11:03:56Z</time>
    <extensions>
     <power>309</power>
     <gpxtpx:TrackPointExtension>
      <gpxtpx:hr>161</gpxtpx:hr>
      <gpxtpx:cad>87</gpxtpx:cad>
     </gpxtpx:TrackPointExtension>
    </extensions>
   </trkpt>
   <trkpt lat="37.2527710" lon="-79.9452540">
    <ele>286.4</ele>
    <time>2026-02-18T11:03:57Z</time>
    <extensions>
     <power>307</power>
     <gpxtpx:TrackPointExtension>
      <gpxtpx:hr>161</gpxtpx:hr>
      <gpxtpx:cad>87</gpxtpx:cad>
     </gpxtpx:TrackPointExtension>
    </extensions>
   </trkpt>
   <trkpt lat="37.2527750" lon="-79.9452760">
    <ele>286.4</ele>
    <time>2026-02-18T11:03:58Z</time>
    <extensions>
     <power>305</power>
     <gpxtpx:TrackPointExtension>
      <gpxtpx:hr>161</gpxtpx:hr>
      <gpxtpx:cad>87</gpxtpx:cad>
     </gpxtpx:TrackPointExtension>
    </extensions>
   </trkpt>
   <trkpt lat="37.2527770" lon="-79.9453110">
    <ele>286.4</ele>
    <time>2026-02-18T11:03:59Z</time>
    <extensions>
     <power>305</power>
     <gpxtpx:TrackPointExtension>
      <gpxtpx:hr>161</gpxtpx:hr>
      <gpxtpx:cad>87</gpxtpx:cad>
     </gpxtpx:TrackPointExtension>
    </extensions>
   </trkpt>
   <trkpt lat="37.2527760" lon="-79.9453290">
    <ele>286.4</ele>
    <time>2026-02-18T11:04:00Z</time>
    <extensions>
     <power>304</power>
     <gpxtpx:TrackPointExtension>
      <gpxtpx:hr>161</gpxtpx:hr>
      <gpxtpx:cad>87</gpxtpx:cad>
     </gpxtpx:TrackPointExtension>
    </extensions>
   </trkpt>
   <trkpt lat="37.2527780" lon="-79.9453590">
    <ele>286.4</ele>
    <time>2026-02-18T11:04:01Z</time>
    <extensions>
     <power>304</power>
     <gpxtpx:TrackPointExtension>
      <gpxtpx:hr>160</gpxtpx:hr>
      <gpxtpx:cad>87</gpxtpx:cad>
     </gpxtpx:TrackPointExtension>
    </extensions>
   </trkpt>
   <trkpt lat="37.2527880" lon="-79.9453790">
    <ele>286.6</ele>
    <time>2026-02-18T11:04:02Z</time>
    <extensions>
     <power>304</power>
     <gpxtpx:TrackPointExtension>
      <gpxtpx:hr>160</gpxtpx:hr>
      <gpxtpx:cad>86</gpxtpx:cad>
     </gpxtpx:TrackPointExtension>
    </extensions>
   </trkpt>
   <trkpt lat="37.2527900" lon="-79.9454060">
    <ele>286.6</ele>
    <time>2026-02-18T11:04:03Z</time>
    <extensions>
     <power>305</power>
     <gpxtpx:TrackPointExtension>
      <gpxtpx:hr>160</gpxtpx:hr>
      <gpxtpx:cad>86</gpxtpx:cad>
     </gpxtpx:TrackPointExtension>
    </extensions>
   </trkpt>
   <trkpt lat="37.2528010" lon="-79.9454330">
    <ele>286.8</ele>
    <time>2026-02-18T11:04:04Z</time>
    <extensions>
     <power>304</power>
     <gpxtpx:TrackPointExtension>
      <gpxtpx:hr>160</gpxtpx:hr>
      <gpxtpx:cad>86</gpxtpx:cad>
     </gpxtpx:TrackPointExtension>
    </extensions>
   </trkpt>
   <trkpt lat="37.2527980" lon="-79.9454590">
    <ele>286.8</ele>
    <time>2026-02-18T11:04:05Z</time>
    <extensions>
     <power>304</power>
     <gpxtpx:TrackPointExtension>
      <gpxtpx:hr>160</gpxtpx:hr>
      <gpxtpx:cad>86</gpxtpx:cad>
     </gpxtpx:TrackPointExtension>
    </extensions>
   </trkpt>
   <trkpt lat="37.2527990" lon="-79.9454920">
    <ele>287.0</ele>
    <time>2026-02-18T11:04:06Z</time>
    <extensions>
     <power>305</power>
     <gpxtpx:TrackPointExtension>
      <gpxtpx:hr>159</gpxtpx:hr>
      <gpxtpx:cad>86</gpxtpx:cad>
     </gpxtpx:TrackPointExtension>
    </extensions>
   </trkpt>
   <trkpt lat="37.2527950" lon="-79.9455090">
    <ele>287.0</ele>
    <time>2026-02-18T11:04:07Z</time>
    <extensions>
     <power>307</power>
     <gpxtpx:TrackPointExtension>
      <gpxtpx:hr>159</gpxtpx:hr>
      <gpxtpx:cad>86</gpxtpx:cad>
     </gpxtpx:TrackPointExtension>
    </extensions>
   </trkpt>
   <trkpt lat="37.2527920" lon="-79.9455380">
    <ele>287.0</ele>
    <time>2026-02-18T11:04:08Z</time>
    <extensions>
     <power>306</power>
     <gpxtpx:TrackPointExtension>
      <gpxtpx:hr>159</gpxtpx:hr>
      <gpxtpx:cad>87</gpxtpx:cad>
     </gpxtpx:TrackPointExtension>
    </extensions>
   </trkpt>
   <trkpt lat="37.2527900" lon="-79.9455620">
    <ele>287.2</ele>
    <time>2026-02-18T11:04:09Z</time>
    <extensions>
     <power>306</power>
     <gpxtpx:TrackPointExtension>
      <gpxtpx:hr>158</gpxtpx:hr>
      <gpxtpx:cad>87</gpxtpx:cad>
     </gpxtpx:TrackPointExtension>
    </extensions>
   </trkpt>
   <trkpt lat="37.2527850" lon="-79.9455820">
    <ele>287.2</ele>
    <time>2026-02-18T11:04:10Z</time>
    <extensions>
     <power>307</power>
     <gpxtpx:TrackPointExtension>
      <gpxtpx:hr>158</gpxtpx:hr>
      <gpxtpx:cad>86</gpxtpx:cad>
     </gpxtpx:TrackPointExtension>
    </extensions>
   </trkpt>
   <trkpt lat="37.2527870" lon="-79.9456140">
    <ele>287.2</ele>
    <time>2026-02-18T11:04:11Z</time>
    <extensions>
     <power>309</power>
     <gpxtpx:TrackPointExtension>
      <gpxtpx:hr>158</gpxtpx:hr>
      <gpxtpx:cad>86</gpxtpx:cad>
     </gpxtpx:TrackPointExtension>
    </extensions>
   </trkpt>
   <trkpt lat="37.2527860" lon="-79.9456310">
    <ele>287.4</ele>
    <time>2026-02-18T11:04:12Z</time>
    <extensions>
     <power>309</power>
     <gpxtpx:TrackPointExtension>
      <gpxtpx:hr>158</gpxtpx:hr>
      <gpxtpx:cad>85</gpxtpx:cad>
     </gpxtpx:TrackPointExtension>
    </extensions>
   </trkpt>
   <trkpt lat="37.2528000" lon="-79.9456570">
    <ele>287.4</ele>
    <time>2026-02-18T11:04:13Z</time>
    <extensions>
     <power>309</power>
     <gpxtpx:TrackPointExtension>
      <gpxtpx:hr>158</gpxtpx:hr>
      <gpxtpx:cad>85</gpxtpx:cad>
     </gpxtpx:TrackPointExtension>
    </extensions>
   </trkpt>
   <trkpt lat="37.2528040" lon="-79.9456790">
    <ele>287.4</ele>
    <time>2026-02-18T11:04:14Z</time>
    <extensions>
     <power>308</power>
     <gpxtpx:TrackPointExtension>
      <gpxtpx:hr>158</gpxtpx:hr>
      <gpxtpx:cad>85</gpxtpx:cad>
     </gpxtpx:TrackPointExtension>
    </extensions>
   </trkpt>
   <trkpt lat="37.2528150" lon="-79.9457100">
    <ele>287.6</ele>
    <time>2026-02-18T11:04:15Z</time>
    <extensions>
     <power>307</power>
     <gpxtpx:TrackPointExtension>
      <gpxtpx:hr>158</gpxtpx:hr>
      <gpxtpx:cad>85</gpxtpx:cad>
     </gpxtpx:TrackPointExtension>
    </extensions>
   </trkpt>
   <trkpt lat="37.2528260" lon="-79.9457310">
    <ele>287.4</ele>
    <time>2026-02-18T11:04:16Z</time>
    <extensions>
     <power>308</power>
     <gpxtpx:TrackPointExtension>
      <gpxtpx:hr>158</gpxtpx:hr>
      <gpxtpx:cad>86</gpxtpx:cad>
     </gpxtpx:TrackPointExtension>
    </extensions>
   </trkpt>
   <trkpt lat="37.2528310" lon="-79.9457580">
    <ele>287.6</ele>
    <time>2026-02-18T11:04:17Z</time>
    <extensions>
     <power>308</power>
     <gpxtpx:TrackPointExtension>
      <gpxtpx:hr>158</gpxtpx:hr>
      <gpxtpx:cad>87</gpxtpx:cad>
     </gpxtpx:TrackPointExtension>
    </extensions>
   </trkpt>
   <trkpt lat="37.2528420" lon="-79.9457790">
    <ele>287.6</ele>
    <time>2026-02-18T11:04:18Z</time>
    <extensions>
     <power>309</power>
     <gpxtpx:TrackPointExtension>
      <gpxtpx:hr>158</gpxtpx:hr>
      <gpxtpx:cad>87</gpxtpx:cad>
     </gpxtpx:TrackPointExtension>
    </extensions>
   </trkpt>
   <trkpt lat="37.2528430" lon="-79.9458050">
    <ele>287.6</ele>
    <time>2026-02-18T11:04:19Z</time>
    <extensions>
     <power>312</power>
     <gpxtpx:TrackPointExtension>
      <gpxtpx:hr>158</gpxtpx:hr>
      <gpxtpx:cad>87</gpxtpx:cad>
     </gpxtpx:TrackPointExtension>
    </extensions>
   </trkpt>
   <trkpt lat="37.2528560" lon="-79.9458270">
    <ele>287.6</ele>
    <time>2026-02-18T11:04:20Z</time>
    <extensions>
     <power>313</power>
     <gpxtpx:TrackPointExtension>
      <gpxtpx:hr>158</gpxtpx:hr>
      <gpxtpx:cad>87</gpxtpx:cad>
     </gpxtpx:TrackPointExtension>
    </extensions>
   </trkpt>
   <trkpt lat="37.2528590" lon="-79.9458530">
    <ele>287.6</ele>
    <time>2026-02-18T11:04:21Z</time>
    <extensions>
     <power>313</power>
     <gpxtpx:TrackPointExtension>
      <gpxtpx:hr>158</gpxtpx:hr>
      <gpxtpx:cad>87</gpxtpx:cad>
     </gpxtpx:TrackPointExtension>
    </extensions>
   </trkpt>
   <trkpt lat="37.2528730" lon="-79.9458810">
    <ele>287.6</ele>
    <time>2026-02-18T11:04:22Z</time>
    <extensions>
     <power>312</power>
     <gpxtpx:TrackPointExtension>
      <gpxtpx:hr>158</gpxtpx:hr>
      <gpxtpx:cad>87</gpxtpx:cad>
     </gpxtpx:TrackPointExtension>
    </extensions>
   </trkpt>
   <trkpt lat="37.2528780" lon="-79.9459030">
    <ele>287.6</ele>
    <time>2026-02-18T11:04:23Z</time>
    <extensions>
     <power>315</power>
     <gpxtpx:TrackPointExtension>
      <gpxtpx:hr>158</gpxtpx:hr>
      <gpxtpx:cad>86</gpxtpx:cad>
     </gpxtpx:TrackPointExtension>
    </extensions>
   </trkpt>
   <trkpt lat="37.2528890" lon="-79.9459310">
    <ele>287.6</ele>
    <time>2026-02-18T11:04:24Z</time>
    <extensions>
     <power>317</power>
     <gpxtpx:TrackPointExtension>
      <gpxtpx:hr>158</gpxtpx:hr>
      <gpxtpx:cad>86</gpxtpx:cad>
     </gpxtpx:TrackPointExtension>
    </extensions>
   </trkpt>
   <trkpt lat="37.2528990" lon="-79.9459530">
    <ele>287.6</ele>
    <time>2026-02-18T11:04:25Z</time>
    <extensions>
     <power>317</power>
     <gpxtpx:TrackPointExtension>
      <gpxtpx:hr>158</gpxtpx:hr>
      <gpxtpx:cad>86</gpxtpx:cad>
     </gpxtpx:TrackPointExtension>
    </extensions>
   </trkpt>
   <trkpt lat="37.2529070" lon="-79.9459810">
    <ele>287.6</ele>
    <time>2026-02-18T11:04:26Z</time>
    <extensions>
     <power>315</power>
     <gpxtpx:TrackPointExtension>
      <gpxtpx:hr>158</gpxtpx:hr>
      <gpxtpx:cad>87</gpxtpx:cad>
     </gpxtpx:TrackPointExtension>
    </extensions>
   </trkpt>
   <trkpt lat="37.2529210" lon="-79.9460030">
    <ele>287.8</ele>
    <time>2026-02-18T11:04:27Z</time>
    <extensions>
     <power>315</power>
     <gpxtpx:TrackPointExtension>
      <gpxtpx:hr>158</gpxtpx:hr>
      <gpxtpx:cad>87</gpxtpx:cad>
     </gpxtpx:TrackPointExtension>
    </extensions>
   </trkpt>
   <trkpt lat="37.2529230" lon="-79.9460330">
    <ele>287.8</ele>
    <time>2026-02-18T11:04:28Z</time>
    <extensions>
     <power>316</power>
     <gpxtpx:TrackPointExtension>
      <gpxtpx:hr>158</gpxtpx:hr>
      <gpxtpx:cad>87</gpxtpx:cad>
     </gpxtpx:TrackPointExtension>
    </extensions>
   </trkpt>
   <trkpt lat="37.2529350" lon="-79.9460620">
    <ele>287.8</ele>
    <time>2026-02-18T11:04:29Z</time>
    <extensions>
     <power>317</power>
     <gpxtpx:TrackPointExtension>
      <gpxtpx:hr>158</gpxtpx:hr>
      <gpxtpx:cad>87</gpxtpx:cad>
     </gpxtpx:TrackPointExtension>
    </extensions>
   </trkpt>
   <trkpt lat="37.2529350" lon="-79.9460830">
    <ele>287.8</ele>
    <time>2026-02-18T11:04:30Z</time>
    <extensions>
     <power>319</power>
     <gpxtpx:TrackPointExtension>
      <gpxtpx:hr>157</gpxtpx:hr>
      <gpxtpx:cad>87</gpxtpx:cad>
     </gpxtpx:TrackPointExtension>
    </extensions>
   </trkpt>
   <trkpt lat="37.2529470" lon="-79.9461120">
    <ele>288.0</ele>
    <time>2026-02-18T11:04:31Z</time>
    <extensions>
     <power>318</power>
     <gpxtpx:TrackPointExtension>
      <gpxtpx:hr>158</gpxtpx:hr>
      <gpxtpx:cad>87</gpxtpx:cad>
     </gpxtpx:TrackPointExtension>
    </extensions>
   </trkpt>
   <trkpt lat="37.2529520" lon="-79.9461380">
    <ele>288.0</ele>
    <time>2026-02-18T11:04:32Z</time>
    <extensions>
     <power>315</power>
     <gpxtpx:TrackPointExtension>
      <gpxtpx:hr>158</gpxtpx:hr>
      <gpxtpx:cad>87</gpxtpx:cad>
     </gpxtpx:TrackPointExtension>
    </extensions>
   </trkpt>
   <trkpt lat="37.2529570" lon="-79.9461670">
    <ele>288.0</ele>
    <time>2026-02-18T11:04:33Z</time>
    <extensions>
     <power>312</power>
     <gpxtpx:TrackPointExtension>
      <gpxtpx:hr>158</gpxtpx:hr>
      <gpxtpx:cad>87</gpxtpx:cad>
     </gpxtpx:TrackPointExtension>
    </extensions>
   </trkpt>
   <trkpt lat="37.2529680" lon="-79.9461900">
    <ele>288.0</ele>
    <time>2026-02-18T11:04:34Z</time>
    <extensions>
     <power>313</power>
     <gpxtpx:TrackPointExtension>
      <gpxtpx:hr>158</gpxtpx:hr>
      <gpxtpx:cad>87</gpxtpx:cad>
     </gpxtpx:TrackPointExtension>
    </extensions>
   </trkpt>
   <trkpt lat="37.2529740" lon="-79.9462160">
    <ele>288.0</ele>
    <time>2026-02-18T11:04:35Z</time>
    <extensions>
     <power>316</power>
     <gpxtpx:TrackPointExtension>
      <gpxtpx:hr>158</gpxtpx:hr>
      <gpxtpx:cad>87</gpxtpx:cad>
     </gpxtpx:TrackPointExtension>
    </extensions>
   </trkpt>
   <trkpt lat="37.2529850" lon="-79.9462450">
    <ele>288.2</ele>
    <time>2026-02-18T11:04:36Z</time>
    <extensions>
     <power>318</power>
     <gpxtpx:TrackPointExtension>
      <gpxtpx:hr>158</gpxtpx:hr>
      <gpxtpx:cad>86</gpxtpx:cad>
     </gpxtpx:TrackPointExtension>
    </extensions>
   </trkpt>
   <trkpt lat="37.2529860" lon="-79.9462690">
    <ele>288.2</ele>
    <time>2026-02-18T11:04:37Z</time>
    <extensions>
     <power>320</power>
     <gpxtpx:TrackPointExtension>
      <gpxtpx:hr>158</gpxtpx:hr>
      <gpxtpx:cad>86</gpxtpx:cad>
     </gpxtpx:TrackPointExtension>
    </extensions>
   </trkpt>
   <trkpt lat="37.2529980" lon="-79.9463020">
    <ele>288.2</ele>
    <time>2026-02-18T11:04:38Z</time>
    <extensions>
     <power>317</power>
     <gpxtpx:TrackPointExtension>
      <gpxtpx:hr>158</gpxtpx:hr>
      <gpxtpx:cad>85</gpxtpx:cad>
     </gpxtpx:TrackPointExtension>
    </extensions>
   </trkpt>
   <trkpt lat="37.2530100" lon="-79.9463220">
    <ele>288.2</ele>
    <time>2026-02-18T11:04:39Z</time>
    <extensions>
     <power>315</power>
     <gpxtpx:TrackPointExtension>
      <gpxtpx:hr>158</gpxtpx:hr>
      <gpxtpx:cad>85</gpxtpx:cad>
     </gpxtpx:TrackPointExtension>
    </extensions>
   </trkpt>
   <trkpt lat="37.2530280" lon="-79.9463530">
    <ele>288.2</ele>
    <time>2026-02-18T11:04:40Z</time>
    <extensions>
     <power>313</power>
     <gpxtpx:TrackPointExtension>
      <gpxtpx:hr>158</gpxtpx:hr>
      <gpxtpx:cad>85</gpxtpx:cad>
     </gpxtpx:TrackPointExtension>
    </extensions>
   </trkpt>
   <trkpt lat="37.2530390" lon="-79.9463770">
    <ele>288.2</ele>
    <time>2026-02-18T11:04:41Z</time>
    <extensions>
     <power>312</power>
     <gpxtpx:TrackPointExtension>
      <gpxtpx:hr>158</gpxtpx:hr>
      <gpxtpx:cad>86</gpxtpx:cad>
     </gpxtpx:TrackPointExtension>
    </extensions>
   </trkpt>
   <trkpt lat="37.2530570" lon="-79.9464030">
    <ele>288.2</ele>
    <time>2026-02-18T11:04:42Z</time>
    <extensions>
     <power>315</power>
     <gpxtpx:TrackPointExtension>
      <gpxtpx:hr>158</gpxtpx:hr>
      <gpxtpx:cad>87</gpxtpx:cad>
     </gpxtpx:TrackPointExtension>
    </extensions>
   </trkpt>
   <trkpt lat="37.2530680" lon="-79.9464250">
    <ele>288.4</ele>
    <time>2026-02-18T11:04:43Z</time>
    <extensions>
     <power>316</power>
     <gpxtpx:TrackPointExtension>
      <gpxtpx:hr>158</gpxtpx:hr>
      <gpxtpx:cad>87</gpxtpx:cad>
     </gpxtpx:TrackPointExtension>
    </extensions>
   </trkpt>
   <trkpt lat="37.2530800" lon="-79.9464540">
    <ele>288.4</ele>
    <time>2026-02-18T11:04:44Z</time>
    <extensions>
     <power>317</power>
     <gpxtpx:TrackPointExtension>
      <gpxtpx:hr>158</gpxtpx:hr>
      <gpxtpx:cad>87</gpxtpx:cad>
     </gpxtpx:TrackPointExtension>
    </extensions>
   </trkpt>
   <trkpt lat="37.2530950" lon="-79.9464770">
    <ele>288.4</ele>
    <time>2026-02-18T11:04:45Z</time>
    <extensions>
     <power>315</power>
     <gpxtpx:TrackPointExtension>
      <gpxtpx:hr>158</gpxtpx:hr>
      <gpxtpx:cad>87</gpxtpx:cad>
     </gpxtpx:TrackPointExtension>
    </extensions>
   </trkpt>
   <trkpt lat="37.2531080" lon="-79.9465020">
    <ele>288.4</ele>
    <time>2026-02-18T11:04:46Z</time>
    <extensions>
     <power>314</power>
     <gpxtpx:TrackPointExtension>
      <gpxtpx:hr>159</gpxtpx:hr>
      <gpxtpx:cad>87</gpxtpx:cad>
     </gpxtpx:TrackPointExtension>
    </extensions>
   </trkpt>
   <trkpt lat="37.2531260" lon="-79.9465260">
    <ele>288.4</ele>
    <time>2026-02-18T11:04:47Z</time>
    <extensions>
     <power>312</power>
     <gpxtpx:TrackPointExtension>
      <gpxtpx:hr>159</gpxtpx:hr>
      <gpxtpx:cad>87</gpxtpx:cad>
     </gpxtpx:TrackPointExtension>
    </extensions>
   </trkpt>
   <trkpt lat="37.2531370" lon="-79.9465530">
    <ele>288.4</ele>
    <time>2026-02-18T11:04:48Z</time>
    <extensions>
     <power>307</power>
     <gpxtpx:TrackPointExtension>
      <gpxtpx:hr>160</gpxtpx:hr>
      <gpxtpx:cad>88</gpxtpx:cad>
     </gpxtpx:TrackPointExtension>
    </extensions>
   </trkpt>
   <trkpt lat="37.2531580" lon="-79.9465700">
    <ele>288.4</ele>
    <time>2026-02-18T11:04:49Z</time>
    <extensions>
     <power>304</power>
     <gpxtpx:TrackPointExtension>
      <gpxtpx:hr>160</gpxtpx:hr>
      <gpxtpx:cad>88</gpxtpx:cad>
     </gpxtpx:TrackPointExtension>
    </extensions>
   </trkpt>
   <trkpt lat="37.2531630" lon="-79.9465960">
    <ele>288.4</ele>
    <time>2026-02-18T11:04:50Z</time>
    <extensions>
     <power>305</power>
     <gpxtpx:TrackPointExtension>
      <gpxtpx:hr>160</gpxtpx:hr>
      <gpxtpx:cad>87</gpxtpx:cad>
     </gpxtpx:TrackPointExtension>
    </extensions>
   </trkpt>
   <trkpt lat="37.2531770" lon="-79.9466220">
    <ele>288.2</ele>
    <time>2026-02-18T11:04:51Z</time>
    <extensions>
     <power>302</power>
     <gpxtpx:TrackPointExtension>
      <gpxtpx:hr>159</gpxtpx:hr>
      <gpxtpx:cad>88</gpxtpx:cad>
     </gpxtpx:TrackPointExtension>
    </extensions>
   </trkpt>
   <trkpt lat="37.2531880" lon="-79.9466430">
    <ele>288.2</ele>
    <time>2026-02-18T11:04:52Z</time>
    <extensions>
     <power>298</power>
     <gpxtpx:TrackPointExtension>
      <gpxtpx:hr>159</gpxtpx:hr>
      <gpxtpx:cad>88</gpxtpx:cad>
     </gpxtpx:TrackPointExtension>
    </extensions>
   </trkpt>
   <trkpt lat="37.2532020" lon="-79.9466680">
    <ele>288.2</ele>
    <time>2026-02-18T11:04:53Z</time>
    <extensions>
     <power>296</power>
     <gpxtpx:TrackPointExtension>
      <gpxtpx:hr>158</gpxtpx:hr>
      <gpxtpx:cad>88</gpxtpx:cad>
     </gpxtpx:TrackPointExtension>
    </extensions>
   </trkpt>
   <trkpt lat="37.2532170" lon="-79.9466870">
    <ele>288.2</ele>
    <time>2026-02-18T11:04:54Z</time>
    <extensions>
     <power>294</power>
     <gpxtpx:TrackPointExtension>
      <gpxtpx:hr>156</gpxtpx:hr>
      <gpxtpx:cad>88</gpxtpx:cad>
     </gpxtpx:TrackPointExtension>
    </extensions>
   </trkpt>
   <trkpt lat="37.2532310" lon="-79.9467110">
    <ele>288.2</ele>
    <time>2026-02-18T11:04:55Z</time>
    <extensions>
     <power>293</power>
     <gpxtpx:TrackPointExtension>
      <gpxtpx:hr>156</gpxtpx:hr>
      <gpxtpx:cad>88</gpxtpx:cad>
     </gpxtpx:TrackPointExtension>
    </extensions>
   </trkpt>
   <trkpt lat="37.2532480" lon="-79.9467310">
    <ele>288.4</ele>
    <time>2026-02-18T11:04:56Z</time>
    <extensions>
     <power>293</power>
     <gpxtpx:TrackPointExtension>
      <gpxtpx:hr>155</gpxtpx:hr>
      <gpxtpx:cad>88</gpxtpx:cad>
     </gpxtpx:TrackPointExtension>
    </extensions>
   </trkpt>
   <trkpt lat="37.2532560" lon="-79.9467530">
    <ele>288.4</ele>
    <time>2026-02-18T11:04:57Z</time>
    <extensions>
     <power>293</power>
     <gpxtpx:TrackPointExtension>
      <gpxtpx:hr>155</gpxtpx:hr>
      <gpxtpx:cad>88</gpxtpx:cad>
     </gpxtpx:TrackPointExtension>
    </extensions>
   </trkpt>
   <trkpt lat="37.2532740" lon="-79.9467770">
    <ele>288.4</ele>
    <time>2026-02-18T11:04:58Z</time>
    <extensions>
     <power>293</power>
     <gpxtpx:TrackPointExtension>
      <gpxtpx:hr>155</gpxtpx:hr>
      <gpxtpx:cad>88</gpxtpx:cad>
     </gpxtpx:TrackPointExtension>
    </extensions>
   </trkpt>
   <trkpt lat="37.2532820" lon="-79.9468000">
    <ele>288.4</ele>
    <time>2026-02-18T11:04:59Z</time>
    <extensions>
     <power>292</power>
     <gpxtpx:TrackPointExtension>
      <gpxtpx:hr>155</gpxtpx:hr>
      <gpxtpx:cad>88</gpxtpx:cad>
     </gpxtpx:TrackPointExtension>
    </extensions>
   </trkpt>
   <trkpt lat="37.2532960" lon="-79.9468280">
    <ele>288.6</ele>
    <time>2026-02-18T11:05:00Z</time>
    <extensions>
     <power>292</power>
     <gpxtpx:TrackPointExtension>
      <gpxtpx:hr>155</gpxtpx:hr>
      <gpxtpx:cad>88</gpxtpx:cad>
     </gpxtpx:TrackPointExtension>
    </extensions>
   </trkpt>
   <trkpt lat="37.2533120" lon="-79.9468470">
    <ele>288.6</ele>
    <time>2026-02-18T11:05:01Z</time>
    <extensions>
     <power>292</power>
     <gpxtpx:TrackPointExtension>
      <gpxtpx:hr>155</gpxtpx:hr>
      <gpxtpx:cad>85</gpxtpx:cad>
     </gpxtpx:TrackPointExtension>
    </extensions>
   </trkpt>
   <trkpt lat="37.2533230" lon="-79.9468730">
    <ele>288.4</ele>
    <time>2026-02-18T11:05:02Z</time>
    <extensions>
     <power>297</power>
     <gpxtpx:TrackPointExtension>
      <gpxtpx:hr>155</gpxtpx:hr>
      <gpxtpx:cad>85</gpxtpx:cad>
     </gpxtpx:TrackPointExtension>
    </extensions>
   </trkpt>
   <trkpt lat="37.2533400" lon="-79.9468940">
    <ele>288.4</ele>
    <time>2026-02-18T11:05:03Z</time>
    <extensions>
     <power>297</power>
     <gpxtpx:TrackPointExtension>
      <gpxtpx:hr>154</gpxtpx:hr>
      <gpxtpx:cad>85</gpxtpx:cad>
     </gpxtpx:TrackPointExtension>
    </extensions>
   </trkpt>
   <trkpt lat="37.2533490" lon="-79.9469200">
    <ele>288.4</ele>
    <time>2026-02-18T11:05:04Z</time>
    <extensions>
     <power>296</power>
     <gpxtpx:TrackPointExtension>
      <gpxtpx:hr>154</gpxtpx:hr>
      <gpxtpx:cad>85</gpxtpx:cad>
     </gpxtpx:TrackPointExtension>
    </extensions>
   </trkpt>
   <trkpt lat="37.2533670" lon="-79.9469470">
    <ele>288.4</ele>
    <time>2026-02-18T11:05:05Z</time>
    <extensions>
     <power>295</power>
     <gpxtpx:TrackPointExtension>
      <gpxtpx:hr>154</gpxtpx:hr>
      <gpxtpx:cad>85</gpxtpx:cad>
     </gpxtpx:TrackPointExtension>
    </extensions>
   </trkpt>
   <trkpt lat="37.2533760" lon="-79.9469670">
    <ele>288.6</ele>
    <time>2026-02-18T11:05:06Z</time>
    <extensions>
     <power>295</power>
     <gpxtpx:TrackPointExtension>
      <gpxtpx:hr>154</gpxtpx:hr>
      <gpxtpx:cad>85</gpxtpx:cad>
     </gpxtpx:TrackPointExtension>
    </extensions>
   </trkpt>
   <trkpt lat="37.2533900" lon="-79.9469970">
    <ele>288.6</ele>
    <time>2026-02-18T11:05:07Z</time>
    <extensions>
     <power>296</power>
     <gpxtpx:TrackPointExtension>
      <gpxtpx:hr>154</gpxtpx:hr>
      <gpxtpx:cad>85</gpxtpx:cad>
     </gpxtpx:TrackPointExtension>
    </extensions>
   </trkpt>
   <trkpt lat="37.2534070" lon="-79.9470220">
    <ele>288.6</ele>
    <time>2026-02-18T11:05:08Z</time>
    <extensions>
     <power>298</power>
     <gpxtpx:TrackPointExtension>
      <gpxtpx:hr>154</gpxtpx:hr>
      <gpxtpx:cad>86</gpxtpx:cad>
     </gpxtpx:TrackPointExtension>
    </extensions>
   </trkpt>
   <trkpt lat="37.2534120" lon="-79.9470540">
    <ele>288.6</ele>
    <time>2026-02-18T11:05:09Z</time>
    <extensions>
     <power>300</power>
     <gpxtpx:TrackPointExtension>
      <gpxtpx:hr>154</gpxtpx:hr>
      <gpxtpx:cad>85</gpxtpx:cad>
     </gpxtpx:TrackPointExtension>
    </extensions>
   </trkpt>
   <trkpt lat="37.2534290" lon="-79.9470760">
    <ele>288.6</ele>
    <time>2026-02-18T11:05:10Z</time>
    <extensions>
     <power>304</power>
     <gpxtpx:TrackPointExtension>
      <gpxtpx:hr>154</gpxtpx:hr>
      <gpxtpx:cad>85</gpxtpx:cad>
     </gpxtpx:TrackPointExtension>
    </extensions>
   </trkpt>
   <trkpt lat="37.2534390" lon="-79.9470970">
    <ele>288.6</ele>
    <time>2026-02-18T11:05:11Z</time>
    <extensions>
     <power>307</power>
     <gpxtpx:TrackPointExtension>
      <gpxtpx:hr>154</gpxtpx:hr>
      <gpxtpx:cad>85</gpxtpx:cad>
     </gpxtpx:TrackPointExtension>
    </extensions>
   </trkpt>
   <trkpt lat="37.2534540" lon="-79.9471190">
    <ele>288.6</ele>
    <time>2026-02-18T11:05:12Z</time>
    <extensions>
     <power>305</power>
     <gpxtpx:TrackPointExtension>
      <gpxtpx:hr>154</gpxtpx:hr>
      <gpxtpx:cad>85</gpxtpx:cad>
     </gpxtpx:TrackPointExtension>
    </extensions>
   </trkpt>
   <trkpt lat="37.2534660" lon="-79.9471380">
    <ele>288.6</ele>
    <time>2026-02-18T11:05:13Z</time>
    <extensions>
     <power>303</power>
     <gpxtpx:TrackPointExtension>
      <gpxtpx:hr>154</gpxtpx:hr>
      <gpxtpx:cad>85</gpxtpx:cad>
     </gpxtpx:TrackPointExtension>
    </extensions>
   </trkpt>
   <trkpt lat="37.2534780" lon="-79.9471640">
    <ele>288.6</ele>
    <time>2026-02-18T11:05:14Z</time>
    <extensions>
     <power>298</power>
     <gpxtpx:TrackPointExtension>
      <gpxtpx:hr>154</gpxtpx:hr>
      <gpxtpx:cad>86</gpxtpx:cad>
     </gpxtpx:TrackPointExtension>
    </extensions>
   </trkpt>
   <trkpt lat="37.2534920" lon="-79.9471850">
    <ele>288.6</ele>
    <time>2026-02-18T11:05:15Z</time>
    <extensions>
     <power>299</power>
     <gpxtpx:TrackPointExtension>
      <gpxtpx:hr>153</gpxtpx:hr>
      <gpxtpx:cad>86</gpxtpx:cad>
     </gpxtpx:TrackPointExtension>
    </extensions>
   </trkpt>
   <trkpt lat="37.2535030" lon="-79.9472100">
    <ele>288.6</ele>
    <time>2026-02-18T11:05:16Z</time>
    <extensions>
     <power>300</power>
     <gpxtpx:TrackPointExtension>
      <gpxtpx:hr>153</gpxtpx:hr>
      <gpxtpx:cad>86</gpxtpx:cad>
     </gpxtpx:TrackPointExtension>
    </extensions>
   </trkpt>
   <trkpt lat="37.2535170" lon="-79.9472260">
    <ele>288.6</ele>
    <time>2026-02-18T11:05:17Z</time>
    <extensions>
     <power>299</power>
     <gpxtpx:TrackPointExtension>
      <gpxtpx:hr>153</gpxtpx:hr>
      <gpxtpx:cad>86</gpxtpx:cad>
     </gpxtpx:TrackPointExtension>
    </extensions>
   </trkpt>
   <trkpt lat="37.2535210" lon="-79.9472520">
    <ele>288.8</ele>
    <time>2026-02-18T11:05:18Z</time>
    <extensions>
     <power>300</power>
     <gpxtpx:TrackPointExtension>
      <gpxtpx:hr>153</gpxtpx:hr>
      <gpxtpx:cad>86</gpxtpx:cad>
     </gpxtpx:TrackPointExtension>
    </extensions>
   </trkpt>
   <trkpt lat="37.2535330" lon="-79.9472690">
    <ele>288.8</ele>
    <time>2026-02-18T11:05:19Z</time>
    <extensions>
     <power>300</power>
     <gpxtpx:TrackPointExtension>
      <gpxtpx:hr>153</gpxtpx:hr>
      <gpxtpx:cad>86</gpxtpx:cad>
     </gpxtpx:TrackPointExtension>
    </extensions>
   </trkpt>
   <trkpt lat="37.2535410" lon="-79.9472900">
    <ele>288.8</ele>
    <time>2026-02-18T11:05:20Z</time>
    <extensions>
     <power>299</power>
     <gpxtpx:TrackPointExtension>
      <gpxtpx:hr>153</gpxtpx:hr>
      <gpxtpx:cad>86</gpxtpx:cad>
     </gpxtpx:TrackPointExtension>
    </extensions>
   </trkpt>
   <trkpt lat="37.2535610" lon="-79.9473140">
    <ele>289.0</ele>
    <time>2026-02-18T11:05:21Z</time>
    <extensions>
     <power>297</power>
     <gpxtpx:TrackPointExtension>
      <gpxtpx:hr>153</gpxtpx:hr>
      <gpxtpx:cad>86</gpxtpx:cad>
     </gpxtpx:TrackPointExtension>
    </extensions>
   </trkpt>
   <trkpt lat="37.2535720" lon="-79.9473380">
    <ele>289.0</ele>
    <time>2026-02-18T11:05:22Z</time>
    <extensions>
     <power>297</power>
     <gpxtpx:TrackPointExtension>
      <gpxtpx:hr>153</gpxtpx:hr>
      <gpxtpx:cad>86</gpxtpx:cad>
     </gpxtpx:TrackPointExtension>
    </extensions>
   </trkpt>
   <trkpt lat="37.2535840" lon="-79.9473610">
    <ele>289.0</ele>
    <time>2026-02-18T11:05:23Z</time>
    <extensions>
     <power>297</power>
     <gpxtpx:TrackPointExtension>
      <gpxtpx:hr>153</gpxtpx:hr>
      <gpxtpx:cad>86</gpxtpx:cad>
     </gpxtpx:TrackPointExtension>
    </extensions>
   </trkpt>
   <trkpt lat="37.2536020" lon="-79.9473800">
    <ele>289.0</ele>
    <time>2026-02-18T11:05:24Z</time>
    <extensions>
     <power>297</power>
     <gpxtpx:TrackPointExtension>
      <gpxtpx:hr>153</gpxtpx:hr>
      <gpxtpx:cad>86</gpxtpx:cad>
     </gpxtpx:TrackPointExtension>
    </extensions>
   </trkpt>
   <trkpt lat="37.2536160" lon="-79.9474080">
    <ele>289.0</ele>
    <time>2026-02-18T11:05:25Z</time>
    <extensions>
     <power>297</power>
     <gpxtpx:TrackPointExtension>
      <gpxtpx:hr>153</gpxtpx:hr>
      <gpxtpx:cad>87</gpxtpx:cad>
     </gpxtpx:TrackPointExtension>
    </extensions>
   </trkpt>
   <trkpt lat="37.2536330" lon="-79.9474300">
    <ele>289.0</ele>
    <time>2026-02-18T11:05:26Z</time>
    <extensions>
     <power>298</power>
     <gpxtpx:TrackPointExtension>
      <gpxtpx:hr>153</gpxtpx:hr>
      <gpxtpx:cad>85</gpxtpx:cad>
     </gpxtpx:TrackPointExtension>
    </extensions>
   </trkpt>
   <trkpt lat="37.2536410" lon="-79.9474550">
    <ele>289.0</ele>
    <time>2026-02-18T11:05:27Z</time>
    <extensions>
     <power>298</power>
     <gpxtpx:TrackPointExtension>
      <gpxtpx:hr>153</gpxtpx:hr>
      <gpxtpx:cad>85</gpxtpx:cad>
     </gpxtpx:TrackPointExtension>
    </extensions>
   </trkpt>
   <trkpt lat="37.2536600" lon="-79.9474820">
    <ele>289.0</ele>
    <time>2026-02-18T11:05:28Z</time>
    <extensions>
     <power>299</power>
     <gpxtpx:TrackPointExtension>
      <gpxtpx:hr>153</gpxtpx:hr>
      <gpxtpx:cad>85</gpxtpx:cad>
     </gpxtpx:TrackPointExtension>
    </extensions>
   </trkpt>
   <trkpt lat="37.2536690" lon="-79.9475000">
    <ele>289.0</ele>
    <time>2026-02-18T11:05:29Z</time>
    <extensions>
     <power>299</power>
     <gpxtpx:TrackPointExtension>
      <gpxtpx:hr>153</gpxtpx:hr>
      <gpxtpx:cad>85</gpxtpx:cad>
     </gpxtpx:TrackPointExtension>
    </extensions>
   </trkpt>
   <trkpt lat="37.2536820" lon="-79.9475260">
    <ele>289.0</ele>
    <time>2026-02-18T11:05:30Z</time>
    <extensions>
     <power>300</power>
     <gpxtpx:TrackPointExtension>
      <gpxtpx:hr>152</gpxtpx:hr>
      <gpxtpx:cad>85</gpxtpx:cad>
     </gpxtpx:TrackPointExtension>
    </extensions>
   </trkpt>
   <trkpt lat="37.2536950" lon="-79.9475510">
    <ele>289.2</ele>
    <time>2026-02-18T11:05:31Z</time>
    <extensions>
     <power>301</power>
     <gpxtpx:TrackPointExtension>
      <gpxtpx:hr>152</gpxtpx:hr>
      <gpxtpx:cad>85</gpxtpx:cad>
     </gpxtpx:TrackPointExtension>
    </extensions>
   </trkpt>
   <trkpt lat="37.2537030" lon="-79.9475760">
    <ele>289.2</ele>
    <time>2026-02-18T11:05:32Z</time>
    <extensions>
     <power>302</power>
     <gpxtpx:TrackPointExtension>
      <gpxtpx:hr>152</gpxtpx:hr>
      <gpxtpx:cad>85</gpxtpx:cad>
     </gpxtpx:TrackPointExtension>
    </extensions>
   </trkpt>
   <trkpt lat="37.2537230" lon="-79.9476040">
    <ele>289.2</ele>
    <time>2026-02-18T11:05:33Z</time>
    <extensions>
     <power>304</power>
     <gpxtpx:TrackPointExtension>
      <gpxtpx:hr>152</gpxtpx:hr>
      <gpxtpx:cad>85</gpxtpx:cad>
     </gpxtpx:TrackPointExtension>
    </extensions>
   </trkpt>
   <trkpt lat="37.2537350" lon="-79.9476310">
    <ele>289.2</ele>
    <time>2026-02-18T11:05:34Z</time>
    <extensions>
     <power>305</power>
     <gpxtpx:TrackPointExtension>
      <gpxtpx:hr>152</gpxtpx:hr>
      <gpxtpx:cad>85</gpxtpx:cad>
     </gpxtpx:TrackPointExtension>
    </extensions>
   </trkpt>
   <trkpt lat="37.2537510" lon="-79.9476650">
    <ele>289.2</ele>
    <time>2026-02-18T11:05:35Z</time>
    <extensions>
     <power>307</power>
     <gpxtpx:TrackPointExtension>
      <gpxtpx:hr>152</gpxtpx:hr>
      <gpxtpx:cad>85</gpxtpx:cad>
     </gpxtpx:TrackPointExtension>
    </extensions>
   </trkpt>
   <trkpt lat="37.2537680" lon="-79.9476860">
    <ele>289.2</ele>
    <time>2026-02-18T11:05:36Z</time>
    <extensions>
     <power>311</power>
     <gpxtpx:TrackPointExtension>
      <gpxtpx:hr>153</gpxtpx:hr>
      <gpxtpx:cad>84</gpxtpx:cad>
     </gpxtpx:TrackPointExtension>
    </extensions>
   </trkpt>
   <trkpt lat="37.2537820" lon="-79.9477130">
    <ele>289.4</ele>
    <time>2026-02-18T11:05:37Z</time>
    <extensions>
     <power>313</power>
     <gpxtpx:TrackPointExtension>
      <gpxtpx:hr>152</gpxtpx:hr>
      <gpxtpx:cad>84</gpxtpx:cad>
     </gpxtpx:TrackPointExtension>
    </extensions>
   </trkpt>
   <trkpt lat="37.2537990" lon="-79.9477340">
    <ele>289.4</ele>
    <time>2026-02-18T11:05:38Z</time>
    <extensions>
     <power>314</power>
     <gpxtpx:TrackPointExtension>
      <gpxtpx:hr>152</gpxtpx:hr>
      <gpxtpx:cad>84</gpxtpx:cad>
     </gpxtpx:TrackPointExtension>
    </extensions>
   </trkpt>
   <trkpt lat="37.2538020" lon="-79.9477570">
    <ele>289.2</ele>
    <time>2026-02-18T11:05:39Z</time>
    <extensions>
     <power>317</power>
     <gpxtpx:TrackPointExtension>
      <gpxtpx:hr>152</gpxtpx:hr>
      <gpxtpx:cad>84</gpxtpx:cad>
     </gpxtpx:TrackPointExtension>
    </extensions>
   </trkpt>
   <trkpt lat="37.2538190" lon="-79.9477830">
    <ele>289.2</ele>
    <time>2026-02-18T11:05:40Z</time>
    <extensions>
     <power>315</power>
     <gpxtpx:TrackPointExtension>
      <gpxtpx:hr>152</gpxtpx:hr>
      <gpxtpx:cad>84</gpxtpx:cad>
     </gpxtpx:TrackPointExtension>
    </extensions>
   </trkpt>
   <trkpt lat="37.2538290" lon="-79.9478010">
    <ele>289.2</ele>
    <time>2026-02-18T11:05:41Z</time>
    <extensions>
     <power>314</power>
     <gpxtpx:TrackPointExtension>
      <gpxtpx:hr>153</gpxtpx:hr>
      <gpxtpx:cad>84</gpxtpx:cad>
     </gpxtpx:TrackPointExtension>
    </extensions>
   </trkpt>
   <trkpt lat="37.2538440" lon="-79.9478310">
    <ele>289.2</ele>
    <time>2026-02-18T11:05:42Z</time>
    <extensions>
     <power>311</power>
     <gpxtpx:TrackPointExtension>
      <gpxtpx:hr>152</gpxtpx:hr>
      <gpxtpx:cad>86</gpxtpx:cad>
     </gpxtpx:TrackPointExtension>
    </extensions>
   </trkpt>
   <trkpt lat="37.2538540" lon="-79.9478500">
    <ele>289.4</ele>
    <time>2026-02-18T11:05:43Z</time>
    <extensions>
     <power>310</power>
     <gpxtpx:TrackPointExtension>
      <gpxtpx:hr>152</gpxtpx:hr>
      <gpxtpx:cad>86</gpxtpx:cad>
     </gpxtpx:TrackPointExtension>
    </extensions>
   </trkpt>
   <trkpt lat="37.2538680" lon="-79.9478810">
    <ele>289.4</ele>
    <time>2026-02-18T11:05:44Z</time>
    <extensions>
     <power>310</power>
     <gpxtpx:TrackPointExtension>
      <gpxtpx:hr>152</gpxtpx:hr>
      <gpxtpx:cad>86</gpxtpx:cad>
     </gpxtpx:TrackPointExtension>
    </extensions>
   </trkpt>
   <trkpt lat="37.2538830" lon="-79.9479040">
    <ele>289.6</ele>
    <time>2026-02-18T11:05:45Z</time>
    <extensions>
     <power>314</power>
     <gpxtpx:TrackPointExtension>
      <gpxtpx:hr>152</gpxtpx:hr>
      <gpxtpx:cad>86</gpxtpx:cad>
     </gpxtpx:TrackPointExtension>
    </extensions>
   </trkpt>
   <trkpt lat="37.2538910" lon="-79.9479310">
    <ele>289.6</ele>
    <time>2026-02-18T11:05:46Z</time>
    <extensions>
     <power>320</power>
     <gpxtpx:TrackPointExtension>
      <gpxtpx:hr>152</gpxtpx:hr>
      <gpxtpx:cad>86</gpxtpx:cad>
     </gpxtpx:TrackPointExtension>
    </extensions>
   </trkpt>
   <trkpt lat="37.2539070" lon="-79.9479600">
    <ele>289.6</ele>
    <time>2026-02-18T11:05:47Z</time>
    <extensions>
     <power>323</power>
     <gpxtpx:TrackPointExtension>
      <gpxtpx:hr>152</gpxtpx:hr>
      <gpxtpx:cad>86</gpxtpx:cad>
     </gpxtpx:TrackPointExtension>
    </extensions>
   </trkpt>
   <trkpt lat="37.2539200" lon="-79.9479780">
    <ele>289.6</ele>
    <time>2026-02-18T11:05:48Z</time>
    <extensions>
     <power>326</power>
     <gpxtpx:TrackPointExtension>
      <gpxtpx:hr>152</gpxtpx:hr>
      <gpxtpx:cad>86</gpxtpx:cad>
     </gpxtpx:TrackPointExtension>
    </extensions>
   </trkpt>
   <trkpt lat="37.2539340" lon="-79.9480020">
    <ele>289.6</ele>
    <time>2026-02-18T11:05:49Z</time>
    <extensions>
     <power>327</power>
     <gpxtpx:TrackPointExtension>
      <gpxtpx:hr>152</gpxtpx:hr>
      <gpxtpx:cad>86</gpxtpx:cad>
     </gpxtpx:TrackPointExtension>
    </extensions>
   </trkpt>
   <trkpt lat="37.2539490" lon="-79.9480220">
    <ele>289.6</ele>
    <time>2026-02-18T11:05:50Z</time>
    <extensions>
     <power>328</power>
     <gpxtpx:TrackPointExtension>
      <gpxtpx:hr>152</gpxtpx:hr>
      <gpxtpx:cad>85</gpxtpx:cad>
     </gpxtpx:TrackPointExtension>
    </extensions>
   </trkpt>
   <trkpt lat="37.2539560" lon="-79.9480540">
    <ele>289.6</ele>
    <time>2026-02-18T11:05:51Z</time>
    <extensions>
     <power>326</power>
     <gpxtpx:TrackPointExtension>
      <gpxtpx:hr>152</gpxtpx:hr>
      <gpxtpx:cad>85</gpxtpx:cad>
     </gpxtpx:TrackPointExtension>
    </extensions>
   </trkpt>
   <trkpt lat="37.2539690" lon="-79.9480660">
    <ele>289.6</ele>
    <time>2026-02-18T11:05:52Z</time>
    <extensions>
     <power>324</power>
     <gpxtpx:TrackPointExtension>
      <gpxtpx:hr>152</gpxtpx:hr>
      <gpxtpx:cad>85</gpxtpx:cad>
     </gpxtpx:TrackPointExtension>
    </extensions>
   </trkpt>
   <trkpt lat="37.2539720" lon="-79.9480910">
    <ele>289.6</ele>
    <time>2026-02-18T11:05:53Z</time>
    <extensions>
     <power>324</power>
     <gpxtpx:TrackPointExtension>
      <gpxtpx:hr>152</gpxtpx:hr>
      <gpxtpx:cad>85</gpxtpx:cad>
     </gpxtpx:TrackPointExtension>
    </extensions>
   </trkpt>
   <trkpt lat="37.2539810" lon="-79.9481130">
    <ele>289.6</ele>
    <time>2026-02-18T11:05:54Z</time>
    <extensions>
     <power>322</power>
     <gpxtpx:TrackPointExtension>
      <gpxtpx:hr>152</gpxtpx:hr>
      <gpxtpx:cad>85</gpxtpx:cad>
     </gpxtpx:TrackPointExtension>
    </extensions>
   </trkpt>
   <trkpt lat="37.2539860" lon="-79.9481310">
    <ele>289.8</ele>
    <time>2026-02-18T11:05:55Z</time>
    <extensions>
     <power>321</power>
     <gpxtpx:TrackPointExtension>
      <gpxtpx:hr>152</gpxtpx:hr>
      <gpxtpx:cad>86</gpxtpx:cad>
     </gpxtpx:TrackPointExtension>
    </extensions>
   </trkpt>
   <trkpt lat="37.2540040" lon="-79.9481510">
    <ele>289.8</ele>
    <time>2026-02-18T11:05:56Z</time>
    <extensions>
     <power>319</power>
     <gpxtpx:TrackPointExtension>
      <gpxtpx:hr>152</gpxtpx:hr>
      <gpxtpx:cad>86</gpxtpx:cad>
     </gpxtpx:TrackPointExtension>
    </extensions>
   </trkpt>
   <trkpt lat="37.2540170" lon="-79.9481600">
    <ele>289.8</ele>
    <time>2026-02-18T11:05:57Z</time>
    <extensions>
     <power>317</power>
     <gpxtpx:TrackPointExtension>
      <gpxtpx:hr>153</gpxtpx:hr>
      <gpxtpx:cad>84</gpxtpx:cad>
     </gpxtpx:TrackPointExtension>
    </extensions>
   </trkpt>
   <trkpt lat="37.2540320" lon="-79.9481880">
    <ele>289.8</ele>
    <time>2026-02-18T11:05:58Z</time>
    <extensions>
     <power>315</power>
     <gpxtpx:TrackPointExtension>
      <gpxtpx:hr>153</gpxtpx:hr>
      <gpxtpx:cad>84</gpxtpx:cad>
     </gpxtpx:TrackPointExtension>
    </extensions>
   </trkpt>
   <trkpt lat="37.2540500" lon="-79.9482110">
    <ele>289.8</ele>
    <time>2026-02-18T11:05:59Z</time>
    <extensions>
     <power>311</power>
     <gpxtpx:TrackPointExtension>
      <gpxtpx:hr>154</gpxtpx:hr>
      <gpxtpx:cad>84</gpxtpx:cad>
     </gpxtpx:TrackPointExtension>
    </extensions>
   </trkpt>
   <trkpt lat="37.2540640" lon="-79.9482380">
    <ele>289.8</ele>
    <time>2026-02-18T11:06:00Z</time>
    <extensions>
     <power>310</power>
     <gpxtpx:TrackPointExtension>
      <gpxtpx:hr>154</gpxtpx:hr>
      <gpxtpx:cad>84</gpxtpx:cad>
     </gpxtpx:TrackPointExtension>
    </extensions>
   </trkpt>
   <trkpt lat="37.2540800" lon="-79.9482600">
    <ele>289.8</ele>
    <time>2026-02-18T11:06:01Z</time>
    <extensions>
     <power>309</power>
     <gpxtpx:TrackPointExtension>
      <gpxtpx:hr>155</gpxtpx:hr>
      <gpxtpx:cad>84</gpxtpx:cad>
     </gpxtpx:TrackPointExtension>
    </extensions>
   </trkpt>
   <trkpt lat="37.2540890" lon="-79.9482840">
    <ele>289.6</ele>
    <time>2026-02-18T11:06:02Z</time>
    <extensions>
     <power>309</power>
     <gpxtpx:TrackPointExtension>
      <gpxtpx:hr>156</gpxtpx:hr>
      <gpxtpx:cad>84</gpxtpx:cad>
     </gpxtpx:TrackPointExtension>
    </extensions>
   </trkpt>
   <trkpt lat="37.2541090" lon="-79.9483050">
    <ele>289.6</ele>
    <time>2026-02-18T11:06:03Z</time>
    <extensions>
     <power>309</power>
     <gpxtpx:TrackPointExtension>
      <gpxtpx:hr>156</gpxtpx:hr>
      <gpxtpx:cad>84</gpxtpx:cad>
     </gpxtpx:TrackPointExtension>
    </extensions>
   </trkpt>
   <trkpt lat="37.2541170" lon="-79.9483280">
    <ele>289.8</ele>
    <time>2026-02-18T11:06:04Z</time>
    <extensions>
     <power>311</power>
     <gpxtpx:TrackPointExtension>
      <gpxtpx:hr>156</gpxtpx:hr>
      <gpxtpx:cad>84</gpxtpx:cad>
     </gpxtpx:TrackPointExtension>
    </extensions>
   </trkpt>
   <trkpt lat="37.2541340" lon="-79.9483580">
    <ele>289.8</ele>
    <time>2026-02-18T11:06:05Z</time>
    <extensions>
     <power>309</power>
     <gpxtpx:TrackPointExtension>
      <gpxtpx:hr>156</gpxtpx:hr>
      <gpxtpx:cad>87</gpxtpx:cad>
     </gpxtpx:TrackPointExtension>
    </extensions>
   </trkpt>
   <trkpt lat="37.2541540" lon="-79.9483790">
    <ele>289.8</ele>
    <time>2026-02-18T11:06:06Z</time>
    <extensions>
     <power>307</power>
     <gpxtpx:TrackPointExtension>
      <gpxtpx:hr>155</gpxtpx:hr>
      <gpxtpx:cad>87</gpxtpx:cad>
     </gpxtpx:TrackPointExtension>
    </extensions>
   </trkpt>
   <trkpt lat="37.2541720" lon="-79.9484060">
    <ele>289.8</ele>
    <time>2026-02-18T11:06:07Z</time>
    <extensions>
     <power>308</power>
     <gpxtpx:TrackPointExtension>
      <gpxtpx:hr>156</gpxtpx:hr>
      <gpxtpx:cad>87</gpxtpx:cad>
     </gpxtpx:TrackPointExtension>
    </extensions>
   </trkpt>
   <trkpt lat="37.2541900" lon="-79.9484280">
    <ele>290.0</ele>
    <time>2026-02-18T11:06:08Z</time>
    <extensions>
     <power>314</power>
     <gpxtpx:TrackPointExtension>
      <gpxtpx:hr>156</gpxtpx:hr>
      <gpxtpx:cad>87</gpxtpx:cad>
     </gpxtpx:TrackPointExtension>
    </extensions>
   </trkpt>
   <trkpt lat="37.2542020" lon="-79.9484540">
    <ele>289.8</ele>
    <time>2026-02-18T11:06:09Z</time>
    <extensions>
     <power>321</power>
     <gpxtpx:TrackPointExtension>
      <gpxtpx:hr>156</gpxtpx:hr>
      <gpxtpx:cad>87</gpxtpx:cad>
     </gpxtpx:TrackPointExtension>
    </extensions>
   </trkpt>
   <trkpt lat="37.2542210" lon="-79.9484790">
    <ele>289.8</ele>
    <time>2026-02-18T11:06:10Z</time>
    <extensions>
     <power>322</power>
     <gpxtpx:TrackPointExtension>
      <gpxtpx:hr>156</gpxtpx:hr>
      <gpxtpx:cad>85</gpxtpx:cad>
     </gpxtpx:TrackPointExtension>
    </extensions>
   </trkpt>
   <trkpt lat="37.2542270" lon="-79.9485040">
    <ele>290.0</ele>
    <time>2026-02-18T11:06:11Z</time>
    <extensions>
     <power>323</power>
     <gpxtpx:TrackPointExtension>
      <gpxtpx:hr>156</gpxtpx:hr>
      <gpxtpx:cad>85</gpxtpx:cad>
     </gpxtpx:TrackPointExtension>
    </extensions>
   </trkpt>
   <trkpt lat="37.2542440" lon="-79.9485330">
    <ele>290.0</ele>
    <time>2026-02-18T11:06:12Z</time>
    <extensions>
     <power>321</power>
     <gpxtpx:TrackPointExtension>
      <gpxtpx:hr>156</gpxtpx:hr>
      <gpxtpx:cad>85</gpxtpx:cad>
     </gpxtpx:TrackPointExtension>
    </extensions>
   </trkpt>
   <trkpt lat="37.2542580" lon="-79.9485560">
    <ele>290.0</ele>
    <time>2026-02-18T11:06:13Z</time>
    <extensions>
     <power>318</power>
     <gpxtpx:TrackPointExtension>
      <gpxtpx:hr>156</gpxtpx:hr>
      <gpxtpx:cad>86</gpxtpx:cad>
     </gpxtpx:TrackPointExtension>
    </extensions>
   </trkpt>
   <trkpt lat="37.2542650" lon="-79.9485820">
    <ele>290.0</ele>
    <time>2026-02-18T11:06:14Z</time>
    <extensions>
     <power>320</power>
     <gpxtpx:TrackPointExtension>
      <gpxtpx:hr>156</gpxtpx:hr>
      <gpxtpx:cad>86</gpxtpx:cad>
     </gpxtpx:TrackPointExtension>
    </extensions>
   </trkpt>
   <trkpt lat="37.2542810" lon="-79.9486020">
    <ele>290.0</ele>
    <time>2026-02-18T11:06:15Z</time>
    <extensions>
     <power>318</power>
     <gpxtpx:TrackPointExtension>
      <gpxtpx:hr>156</gpxtpx:hr>
      <gpxtpx:cad>86</gpxtpx:cad>
     </gpxtpx:TrackPointExtension>
    </extensions>
   </trkpt>
   <trkpt lat="37.2542880" lon="-79.9486230">
    <ele>290.0</ele>
    <time>2026-02-18T11:06:16Z</time>
    <extensions>
     <power>320</power>
     <gpxtpx:TrackPointExtension>
      <gpxtpx:hr>156</gpxtpx:hr>
      <gpxtpx:cad>84</gpxtpx:cad>
     </gpxtpx:TrackPointExtension>
    </extensions>
   </trkpt>
   <trkpt lat="37.2542930" lon="-79.9486440">
    <ele>290.0</ele>
    <time>2026-02-18T11:06:17Z</time>
    <extensions>
     <power>318</power>
     <gpxtpx:TrackPointExtension>
      <gpxtpx:hr>156</gpxtpx:hr>
      <gpxtpx:cad>84</gpxtpx:cad>
     </gpxtpx:TrackPointExtension>
    </extensions>
   </trkpt>
   <trkpt lat="37.2542940" lon="-79.9486650">
    <ele>290.0</ele>
    <time>2026-02-18T11:06:18Z</time>
    <extensions>
     <power>310</power>
     <gpxtpx:TrackPointExtension>
      <gpxtpx:hr>156</gpxtpx:hr>
      <gpxtpx:cad>84</gpxtpx:cad>
     </gpxtpx:TrackPointExtension>
    </extensions>
   </trkpt>
   <trkpt lat="37.2542810" lon="-79.9486750">
    <ele>290.0</ele>
    <time>2026-02-18T11:06:19Z</time>
    <extensions>
     <power>309</power>
     <gpxtpx:TrackPointExtension>
      <gpxtpx:hr>156</gpxtpx:hr>
      <gpxtpx:cad>84</gpxtpx:cad>
     </gpxtpx:TrackPointExtension>
    </extensions>
   </trkpt>
   <trkpt lat="37.2542700" lon="-79.9486930">
    <ele>290.0</ele>
    <time>2026-02-18T11:06:20Z</time>
    <extensions>
     <power>300</power>
     <gpxtpx:TrackPointExtension>
      <gpxtpx:hr>156</gpxtpx:hr>
      <gpxtpx:cad>84</gpxtpx:cad>
     </gpxtpx:TrackPointExtension>
    </extensions>
   </trkpt>
   <trkpt lat="37.2542620" lon="-79.9487150">
    <ele>290.0</ele>
    <time>2026-02-18T11:06:21Z</time>
    <extensions>
     <power>298</power>
     <gpxtpx:TrackPointExtension>
      <gpxtpx:hr>157</gpxtpx:hr>
      <gpxtpx:cad>83</gpxtpx:cad>
     </gpxtpx:TrackPointExtension>
    </extensions>
   </trkpt>
   <trkpt lat="37.2542570" lon="-79.9487290">
    <ele>290.0</ele>
    <time>2026-02-18T11:06:22Z</time>
    <extensions>
     <power>291</power>
     <gpxtpx:TrackPointExtension>
      <gpxtpx:hr>156</gpxtpx:hr>
      <gpxtpx:cad>82</gpxtpx:cad>
     </gpxtpx:TrackPointExtension>
    </extensions>
   </trkpt>
   <trkpt lat="37.2542550" lon="-79.9487390">
    <ele>290.0</ele>
    <time>2026-02-18T11:06:23Z</time>
    <extensions>
     <power>283</power>
     <gpxtpx:TrackPointExtension>
      <gpxtpx:hr>157</gpxtpx:hr>
      <gpxtpx:cad>82</gpxtpx:cad>
     </gpxtpx:TrackPointExtension>
    </extensions>
   </trkpt>
   <trkpt lat="37.2542510" lon="-79.9487480">
    <ele>290.0</ele>
    <time>2026-02-18T11:06:24Z</time>
    <extensions>
     <power>269</power>
     <gpxtpx:TrackPointExtension>
      <gpxtpx:hr>157</gpxtpx:hr>
      <gpxtpx:cad>82</gpxtpx:cad>
     </gpxtpx:TrackPointExtension>
    </extensions>
   </trkpt>
   <trkpt lat="37.2542490" lon="-79.9487620">
    <ele>289.8</ele>
    <time>2026-02-18T11:06:25Z</time>
    <extensions>
     <power>265</power>
     <gpxtpx:TrackPointExtension>
      <gpxtpx:hr>156</gpxtpx:hr>
      <gpxtpx:cad>82</gpxtpx:cad>
     </gpxtpx:TrackPointExtension>
    </extensions>
   </trkpt>
   <trkpt lat="37.2542530" lon="-79.9487870">
    <ele>289.8</ele>
    <time>2026-02-18T11:06:26Z</time>
    <extensions>
     <power>224</power>
     <gpxtpx:TrackPointExtension>
      <gpxtpx:hr>156</gpxtpx:hr>
      <gpxtpx:cad>82</gpxtpx:cad>
     </gpxtpx:TrackPointExtension>
    </extensions>
   </trkpt>
   <trkpt lat="37.2542590" lon="-79.9488010">
    <ele>289.8</ele>
    <time>2026-02-18T11:06:27Z</time>
    <extensions>
     <power>212</power>
     <gpxtpx:TrackPointExtension>
      <gpxtpx:hr>156</gpxtpx:hr>
      <gpxtpx:cad>0</gpxtpx:cad>
     </gpxtpx:TrackPointExtension>
    </extensions>
   </trkpt>
   <trkpt lat="37.2542650" lon="-79.9488190">
    <ele>290.0</ele>
    <time>2026-02-18T11:06:28Z</time>
    <extensions>
     <power>0</power>
     <gpxtpx:TrackPointExtension>
      <gpxtpx:hr>155</gpxtpx:hr>
      <gpxtpx:cad>0</gpxtpx:cad>
     </gpxtpx:TrackPointExtension>
    </extensions>
   </trkpt>
   <trkpt lat="37.2542730" lon="-79.9488370">
    <ele>290.2</ele>
    <time>2026-02-18T11:06:29Z</time>
    <extensions>
     <power>0</power>
     <gpxtpx:TrackPointExtension>
      <gpxtpx:hr>155</gpxtpx:hr>
      <gpxtpx:cad>0</gpxtpx:cad>
     </gpxtpx:TrackPointExtension>
    </extensions>
   </trkpt>
   <trkpt lat="37.2542770" lon="-79.9488590">
    <ele>290.2</ele>
    <time>2026-02-18T11:06:30Z</time>
    <extensions>
     <power>0</power>
     <gpxtpx:TrackPointExtension>
      <gpxtpx:hr>154</gpxtpx:hr>
      <gpxtpx:cad>0</gpxtpx:cad>
     </gpxtpx:TrackPointExtension>
    </extensions>
   </trkpt>
   <trkpt lat="37.2542930" lon="-79.9488810">
    <ele>290.4</ele>
    <time>2026-02-18T11:06:31Z</time>
    <extensions>
     <power>216</power>
     <gpxtpx:TrackPointExtension>
      <gpxtpx:hr>154</gpxtpx:hr>
      <gpxtpx:cad>86</gpxtpx:cad>
     </gpxtpx:TrackPointExtension>
    </extensions>
   </trkpt>
   <trkpt lat="37.2542990" lon="-79.9489090">
    <ele>290.4</ele>
    <time>2026-02-18T11:06:32Z</time>
    <extensions>
     <power>228</power>
     <gpxtpx:TrackPointExtension>
      <gpxtpx:hr>153</gpxtpx:hr>
      <gpxtpx:cad>86</gpxtpx:cad>
     </gpxtpx:TrackPointExtension>
    </extensions>
   </trkpt>
   <trkpt lat="37.2543130" lon="-79.9489360">
    <ele>290.4</ele>
    <time>2026-02-18T11:06:33Z</time>
    <extensions>
     <power>271</power>
     <gpxtpx:TrackPointExtension>
      <gpxtpx:hr>153</gpxtpx:hr>
      <gpxtpx:cad>86</gpxtpx:cad>
     </gpxtpx:TrackPointExtension>
    </extensions>
   </trkpt>
   <trkpt lat="37.2543200" lon="-79.9489560">
    <ele>290.4</ele>
    <time>2026-02-18T11:06:34Z</time>
    <extensions>
     <power>288</power>
     <gpxtpx:TrackPointExtension>
      <gpxtpx:hr>153</gpxtpx:hr>
      <gpxtpx:cad>87</gpxtpx:cad>
     </gpxtpx:TrackPointExtension>
    </extensions>
   </trkpt>
   <trkpt lat="37.2543340" lon="-79.9489840">
    <ele>290.4</ele>
    <time>2026-02-18T11:06:35Z</time>
    <extensions>
     <power>307</power>
     <gpxtpx:TrackPointExtension>
      <gpxtpx:hr>154</gpxtpx:hr>
      <gpxtpx:cad>87</gpxtpx:cad>
     </gpxtpx:TrackPointExtension>
    </extensions>
   </trkpt>
   <trkpt lat="37.2543480" lon="-79.9490080">
    <ele>290.4</ele>
    <time>2026-02-18T11:06:36Z</time>
    <extensions>
     <power>319</power>
     <gpxtpx:TrackPointExtension>
      <gpxtpx:hr>154</gpxtpx:hr>
      <gpxtpx:cad>87</gpxtpx:cad>
     </gpxtpx:TrackPointExtension>
    </extensions>
   </trkpt>
   <trkpt lat="37.2543580" lon="-79.9490330">
    <ele>290.4</ele>
    <time>2026-02-18T11:06:37Z</time>
    <extensions>
     <power>318</power>
     <gpxtpx:TrackPointExtension>
      <gpxtpx:hr>154</gpxtpx:hr>
      <gpxtpx:cad>87</gpxtpx:cad>
     </gpxtpx:TrackPointExtension>
    </extensions>
   </trkpt>
   <trkpt lat="37.2543720" lon="-79.9490550">
    <ele>290.4</ele>
    <time>2026-02-18T11:06:38Z</time>
    <extensions>
     <power>315</power>
     <gpxtpx:TrackPointExtension>
      <gpxtpx:hr>153</gpxtpx:hr>
      <gpxtpx:cad>87</gpxtpx:cad>
     </gpxtpx:TrackPointExtension>
    </extensions>
   </trkpt>
   <trkpt lat="37.2543770" lon="-79.9490820">
    <ele>290.4</ele>
    <time>2026-02-18T11:06:39Z</time>
    <extensions>
     <power>309</power>
     <gpxtpx:TrackPointExtension>
      <gpxtpx:hr>153</gpxtpx:hr>
      <gpxtpx:cad>86</gpxtpx:cad>
     </gpxtpx:TrackPointExtension>
    </extensions>
   </trkpt>
   <trkpt lat="37.2543940" lon="-79.9491060">
    <ele>290.4</ele>
    <time>2026-02-18T11:06:40Z</time>
    <extensions>
     <power>304</power>
     <gpxtpx:TrackPointExtension>
      <gpxtpx:hr>153</gpxtpx:hr>
      <gpxtpx:cad>86</gpxtpx:cad>
     </gpxtpx:TrackPointExtension>
    </extensions>
   </trkpt>
   <trkpt lat="37.2544050" lon="-79.9491250">
    <ele>290.4</ele>
    <time>2026-02-18T11:06:41Z</time>
    <extensions>
     <power>305</power>
     <gpxtpx:TrackPointExtension>
      <gpxtpx:hr>153</gpxtpx:hr>
      <gpxtpx:cad>86</gpxtpx:cad>
     </gpxtpx:TrackPointExtension>
    </extensions>
   </trkpt>
   <trkpt lat="37.2544230" lon="-79.9491520">
    <ele>290.4</ele>
    <time>2026-02-18T11:06:42Z</time>
    <extensions>
     <power>304</power>
     <gpxtpx:TrackPointExtension>
      <gpxtpx:hr>153</gpxtpx:hr>
      <gpxtpx:cad>86</gpxtpx:cad>
     </gpxtpx:TrackPointExtension>
    </extensions>
   </trkpt>
   <trkpt lat="37.2544400" lon="-79.9491730">
    <ele>290.4</ele>
    <time>2026-02-18T11:06:43Z</time>
    <extensions>
     <power>304</power>
     <gpxtpx:TrackPointExtension>
      <gpxtpx:hr>153</gpxtpx:hr>
      <gpxtpx:cad>86</gpxtpx:cad>
     </gpxtpx:TrackPointExtension>
    </extensions>
   </trkpt>
   <trkpt lat="37.2544510" lon="-79.9492060">
    <ele>290.4</ele>
    <time>2026-02-18T11:06:44Z</time>
    <extensions>
     <power>305</power>
     <gpxtpx:TrackPointExtension>
      <gpxtpx:hr>154</gpxtpx:hr>
      <gpxtpx:cad>86</gpxtpx:cad>
     </gpxtpx:TrackPointExtension>
    </extensions>
   </trkpt>
   <trkpt lat="37.2544700" lon="-79.9492310">
    <ele>290.4</ele>
    <time>2026-02-18T11:06:45Z</time>
    <extensions>
     <power>307</power>
     <gpxtpx:TrackPointExtension>
      <gpxtpx:hr>154</gpxtpx:hr>
      <gpxtpx:cad>86</gpxtpx:cad>
     </gpxtpx:TrackPointExtension>
    </extensions>
   </trkpt>
   <trkpt lat="37.2544780" lon="-79.9492550">
    <ele>290.6</ele>
    <time>2026-02-18T11:06:46Z</time>
    <extensions>
     <power>314</power>
     <gpxtpx:TrackPointExtension>
      <gpxtpx:hr>154</gpxtpx:hr>
      <gpxtpx:cad>86</gpxtpx:cad>
     </gpxtpx:TrackPointExtension>
    </extensions>
   </trkpt>
   <trkpt lat="37.2544920" lon="-79.9492800">
    <ele>290.6</ele>
    <time>2026-02-18T11:06:47Z</time>
    <extensions>
     <power>318</power>
     <gpxtpx:TrackPointExtension>
      <gpxtpx:hr>154</gpxtpx:hr>
      <gpxtpx:cad>86</gpxtpx:cad>
     </gpxtpx:TrackPointExtension>
    </extensions>
   </trkpt>
   <trkpt lat="37.2545040" lon="-79.9493010">
    <ele>290.6</ele>
    <time>2026-02-18T11:06:48Z</time>
    <extensions>
     <power>318</power>
     <gpxtpx:TrackPointExtension>
      <gpxtpx:hr>154</gpxtpx:hr>
      <gpxtpx:cad>85</gpxtpx:cad>
     </gpxtpx:TrackPointExtension>
    </extensions>
   </trkpt>
   <trkpt lat="37.2545120" lon="-79.9493200">
    <ele>290.6</ele>
    <time>2026-02-18T11:06:49Z</time>
    <extensions>
     <power>315</power>
     <gpxtpx:TrackPointExtension>
      <gpxtpx:hr>154</gpxtpx:hr>
      <gpxtpx:cad>85</gpxtpx:cad>
     </gpxtpx:TrackPointExtension>
    </extensions>
   </trkpt>
   <trkpt lat="37.2545180" lon="-79.9493380">
    <ele>290.6</ele>
    <time>2026-02-18T11:06:50Z</time>
    <extensions>
     <power>297</power>
     <gpxtpx:TrackPointExtension>
      <gpxtpx:hr>154</gpxtpx:hr>
      <gpxtpx:cad>84</gpxtpx:cad>
     </gpxtpx:TrackPointExtension>
    </extensions>
   </trkpt>
   <trkpt lat="37.2545180" lon="-79.9493430">
    <ele>290.4</ele>
    <time>2026-02-18T11:06:51Z</time>
    <extensions>
     <power>282</power>
     <gpxtpx:TrackPointExtension>
      <gpxtpx:hr>155</gpxtpx:hr>
      <gpxtpx:cad>84</gpxtpx:cad>
     </gpxtpx:TrackPointExtension>
    </extensions>
   </trkpt>
   <trkpt lat="37.2545160" lon="-79.9493490">
    <ele>290.4</ele>
    <time>2026-02-18T11:06:52Z</time>
    <extensions>
     <power>268</power>
     <gpxtpx:TrackPointExtension>
      <gpxtpx:hr>154</gpxtpx:hr>
      <gpxtpx:cad>84</gpxtpx:cad>
     </gpxtpx:TrackPointExtension>
    </extensions>
   </trkpt>
   <trkpt lat="37.2545090" lon="-79.9493570">
    <ele>290.4</ele>
    <time>2026-02-18T11:06:53Z</time>
    <extensions>
     <power>261</power>
     <gpxtpx:TrackPointExtension>
      <gpxtpx:hr>154</gpxtpx:hr>
      <gpxtpx:cad>84</gpxtpx:cad>
     </gpxtpx:TrackPointExtension>
    </extensions>
   </trkpt>
   <trkpt lat="37.2544990" lon="-79.9493600">
    <ele>290.4</ele>
    <time>2026-02-18T11:06:54Z</time>
    <extensions>
     <power>249</power>
     <gpxtpx:TrackPointExtension>
      <gpxtpx:hr>154</gpxtpx:hr>
      <gpxtpx:cad>84</gpxtpx:cad>
     </gpxtpx:TrackPointExtension>
    </extensions>
   </trkpt>
   <trkpt lat="37.2544840" lon="-79.9493710">
    <ele>290.4</ele>
    <time>2026-02-18T11:06:55Z</time>
    <extensions>
     <power>209</power>
     <gpxtpx:TrackPointExtension>
      <gpxtpx:hr>155</gpxtpx:hr>
      <gpxtpx:cad>84</gpxtpx:cad>
     </gpxtpx:TrackPointExtension>
    </extensions>
   </trkpt>
   <trkpt lat="37.2544710" lon="-79.9493780">
    <ele>290.4</ele>
    <time>2026-02-18T11:06:56Z</time>
    <extensions>
     <power>204</power>
     <gpxtpx:TrackPointExtension>
      <gpxtpx:hr>154</gpxtpx:hr>
      <gpxtpx:cad>84</gpxtpx:cad>
     </gpxtpx:TrackPointExtension>
    </extensions>
   </trkpt>
   <trkpt lat="37.2544560" lon="-79.9493790">
    <ele>290.6</ele>
    <time>2026-02-18T11:06:57Z</time>
    <extensions>
     <power>204</power>
     <gpxtpx:TrackPointExtension>
      <gpxtpx:hr>153</gpxtpx:hr>
      <gpxtpx:cad>84</gpxtpx:cad>
     </gpxtpx:TrackPointExtension>
    </extensions>
   </trkpt>
   <trkpt lat="37.2544350" lon="-79.9493920">
    <ele>290.4</ele>
    <time>2026-02-18T11:06:58Z</time>
    <extensions>
     <power>207</power>
     <gpxtpx:TrackPointExtension>
      <gpxtpx:hr>153</gpxtpx:hr>
      <gpxtpx:cad>84</gpxtpx:cad>
     </gpxtpx:TrackPointExtension>
    </extensions>
   </trkpt>
   <trkpt lat="37.2544210" lon="-79.9493960">
    <ele>290.4</ele>
    <time>2026-02-18T11:06:59Z</time>
    <extensions>
     <power>217</power>
     <gpxtpx:TrackPointExtension>
      <gpxtpx:hr>152</gpxtpx:hr>
      <gpxtpx:cad>84</gpxtpx:cad>
     </gpxtpx:TrackPointExtension>
    </extensions>
   </trkpt>
   <trkpt lat="37.2543950" lon="-79.9494050">
    <ele>290.4</ele>
    <time>2026-02-18T11:07:00Z</time>
    <extensions>
     <power>247</power>
     <gpxtpx:TrackPointExtension>
      <gpxtpx:hr>151</gpxtpx:hr>
      <gpxtpx:cad>85</gpxtpx:cad>
     </gpxtpx:TrackPointExtension>
    </extensions>
   </trkpt>
   <trkpt lat="37.2543750" lon="-79.9494130">
    <ele>290.2</ele>
    <time>2026-02-18T11:07:01Z</time>
    <extensions>
     <power>253</power>
     <gpxtpx:TrackPointExtension>
      <gpxtpx:hr>151</gpxtpx:hr>
      <gpxtpx:cad>85</gpxtpx:cad>
     </gpxtpx:TrackPointExtension>
    </extensions>
   </trkpt>
   <trkpt lat="37.2543510" lon="-79.9494170">
    <ele>290.2</ele>
    <time>2026-02-18T11:07:02Z</time>
    <extensions>
     <power>302</power>
     <gpxtpx:TrackPointExtension>
      <gpxtpx:hr>151</gpxtpx:hr>
      <gpxtpx:cad>84</gpxtpx:cad>
     </gpxtpx:TrackPointExtension>
    </extensions>
   </trkpt>
   <trkpt lat="37.2543240" lon="-79.9494330">
    <ele>290.4</ele>
    <time>2026-02-18T11:07:03Z</time>
    <extensions>
     <power>308</power>
     <gpxtpx:TrackPointExtension>
      <gpxtpx:hr>150</gpxtpx:hr>
      <gpxtpx:cad>84</gpxtpx:cad>
     </gpxtpx:TrackPointExtension>
    </extensions>
   </trkpt>
   <trkpt lat="37.2543030" lon="-79.9494390">
    <ele>290.4</ele>
    <time>2026-02-18T11:07:04Z</time>
    <extensions>
     <power>323</power>
     <gpxtpx:TrackPointExtension>
      <gpxtpx:hr>151</gpxtpx:hr>
      <gpxtpx:cad>84</gpxtpx:cad>
     </gpxtpx:TrackPointExtension>
    </extensions>
   </trkpt>
   <trkpt lat="37.2542800" lon="-79.9494550">
    <ele>290.4</ele>
    <time>2026-02-18T11:07:05Z</time>
    <extensions>
     <power>358</power>
     <gpxtpx:TrackPointExtension>
      <gpxtpx:hr>150</gpxtpx:hr>
      <gpxtpx:cad>84</gpxtpx:cad>
     </gpxtpx:TrackPointExtension>
    </extensions>
   </trkpt>
   <trkpt lat="37.2542620" lon="-79.9494620">
    <ele>290.6</ele>
    <time>2026-02-18T11:07:06Z</time>
    <extensions>
     <power>360</power>
     <gpxtpx:TrackPointExtension>
      <gpxtpx:hr>151</gpxtpx:hr>
      <gpxtpx:cad>84</gpxtpx:cad>
     </gpxtpx:TrackPointExtension>
    </extensions>
   </trkpt>
   <trkpt lat="37.2542390" lon="-79.9494740">
    <ele>290.6</ele>
    <time>2026-02-18T11:07:07Z</time>
    <extensions>
     <power>344</power>
     <gpxtpx:TrackPointExtension>
      <gpxtpx:hr>151</gpxtpx:hr>
      <gpxtpx:cad>84</gpxtpx:cad>
     </gpxtpx:TrackPointExtension>
    </extensions>
   </trkpt>
   <trkpt lat="37.2542200" lon="-79.9494870">
    <ele>290.6</ele>
    <time>2026-02-18T11:07:08Z</time>
    <extensions>
     <power>313</power>
     <gpxtpx:TrackPointExtension>
      <gpxtpx:hr>151</gpxtpx:hr>
      <gpxtpx:cad>85</gpxtpx:cad>
     </gpxtpx:TrackPointExtension>
    </extensions>
   </trkpt>
   <trkpt lat="37.2541980" lon="-79.9494950">
    <ele>290.6</ele>
    <time>2026-02-18T11:07:09Z</time>
    <extensions>
     <power>308</power>
     <gpxtpx:TrackPointExtension>
      <gpxtpx:hr>151</gpxtpx:hr>
      <gpxtpx:cad>85</gpxtpx:cad>
     </gpxtpx:TrackPointExtension>
    </extensions>
   </trkpt>
   <trkpt lat="37.2541750" lon="-79.9495070">
    <ele>290.6</ele>
    <time>2026-02-18T11:07:10Z</time>
    <extensions>
     <power>309</power>
     <gpxtpx:TrackPointExtension>
      <gpxtpx:hr>151</gpxtpx:hr>
      <gpxtpx:cad>85</gpxtpx:cad>
     </gpxtpx:TrackPointExtension>
    </extensions>
   </trkpt>
   <trkpt lat="37.2541590" lon="-79.9495100">
    <ele>290.8</ele>
    <time>2026-02-18T11:07:11Z</time>
    <extensions>
     <power>309</power>
     <gpxtpx:TrackPointExtension>
      <gpxtpx:hr>152</gpxtpx:hr>
      <gpxtpx:cad>85</gpxtpx:cad>
     </gpxtpx:TrackPointExtension>
    </extensions>
   </trkpt>
   <trkpt lat="37.2541350" lon="-79.9495310">
    <ele>290.8</ele>
    <time>2026-02-18T11:07:12Z</time>
    <extensions>
     <power>310</power>
     <gpxtpx:TrackPointExtension>
      <gpxtpx:hr>152</gpxtpx:hr>
      <gpxtpx:cad>85</gpxtpx:cad>
     </gpxtpx:TrackPointExtension>
    </extensions>
   </trkpt>
   <trkpt lat="37.2541170" lon="-79.9495450">
    <ele>290.6</ele>
    <time>2026-02-18T11:07:13Z</time>
    <extensions>
     <power>308</power>
     <gpxtpx:TrackPointExtension>
      <gpxtpx:hr>152</gpxtpx:hr>
      <gpxtpx:cad>85</gpxtpx:cad>
     </gpxtpx:TrackPointExtension>
    </extensions>
   </trkpt>
   <trkpt lat="37.2541020" lon="-79.9495660">
    <ele>290.6</ele>
    <time>2026-02-18T11:07:14Z</time>
    <extensions>
     <power>307</power>
     <gpxtpx:TrackPointExtension>
      <gpxtpx:hr>151</gpxtpx:hr>
      <gpxtpx:cad>85</gpxtpx:cad>
     </gpxtpx:TrackPointExtension>
    </extensions>
   </trkpt>
   <trkpt lat="37.2540920" lon="-79.9495880">
    <ele>290.8</ele>
    <time>2026-02-18T11:07:15Z</time>
    <extensions>
     <power>307</power>
     <gpxtpx:TrackPointExtension>
      <gpxtpx:hr>152</gpxtpx:hr>
      <gpxtpx:cad>85</gpxtpx:cad>
     </gpxtpx:TrackPointExtension>
    </extensions>
   </trkpt>
   <trkpt lat="37.2540790" lon="-79.9496020">
    <ele>290.8</ele>
    <time>2026-02-18T11:07:16Z</time>
    <extensions>
     <power>307</power>
     <gpxtpx:TrackPointExtension>
      <gpxtpx:hr>152</gpxtpx:hr>
      <gpxtpx:cad>85</gpxtpx:cad>
     </gpxtpx:TrackPointExtension>
    </extensions>
   </trkpt>
   <trkpt lat="37.2540620" lon="-79.9496250">
    <ele>290.8</ele>
    <time>2026-02-18T11:07:17Z</time>
    <extensions>
     <power>306</power>
     <gpxtpx:TrackPointExtension>
      <gpxtpx:hr>152</gpxtpx:hr>
      <gpxtpx:cad>85</gpxtpx:cad>
     </gpxtpx:TrackPointExtension>
    </extensions>
   </trkpt>
   <trkpt lat="37.2540480" lon="-79.9496450">
    <ele>290.8</ele>
    <time>2026-02-18T11:07:18Z</time>
    <extensions>
     <power>303</power>
     <gpxtpx:TrackPointExtension>
      <gpxtpx:hr>152</gpxtpx:hr>
      <gpxtpx:cad>85</gpxtpx:cad>
     </gpxtpx:TrackPointExtension>
    </extensions>
   </trkpt>
   <trkpt lat="37.2540290" lon="-79.9496570">
    <ele>290.8</ele>
    <time>2026-02-18T11:07:19Z</time>
    <extensions>
     <power>302</power>
     <gpxtpx:TrackPointExtension>
      <gpxtpx:hr>152</gpxtpx:hr>
      <gpxtpx:cad>85</gpxtpx:cad>
     </gpxtpx:TrackPointExtension>
    </extensions>
   </trkpt>
   <trkpt lat="37.2540090" lon="-79.9496730">
    <ele>290.8</ele>
    <time>2026-02-18T11:07:20Z</time>
    <extensions>
     <power>302</power>
     <gpxtpx:TrackPointExtension>
      <gpxtpx:hr>152</gpxtpx:hr>
      <gpxtpx:cad>85</gpxtpx:cad>
     </gpxtpx:TrackPointExtension>
    </extensions>
   </trkpt>
   <trkpt lat="37.2539920" lon="-79.9496810">
    <ele>291.0</ele>
    <time>2026-02-18T11:07:21Z</time>
    <extensions>
     <power>302</power>
     <gpxtpx:TrackPointExtension>
      <gpxtpx:hr>152</gpxtpx:hr>
      <gpxtpx:cad>82</gpxtpx:cad>
     </gpxtpx:TrackPointExtension>
    </extensions>
   </trkpt>
   <trkpt lat="37.2539690" lon="-79.9496900">
    <ele>291.0</ele>
    <time>2026-02-18T11:07:22Z</time>
    <extensions>
     <power>298</power>
     <gpxtpx:TrackPointExtension>
      <gpxtpx:hr>152</gpxtpx:hr>
      <gpxtpx:cad>82</gpxtpx:cad>
     </gpxtpx:TrackPointExtension>
    </extensions>
   </trkpt>
   <trkpt lat="37.2539480" lon="-79.9497020">
    <ele>291.0</ele>
    <time>2026-02-18T11:07:23Z</time>
    <extensions>
     <power>298</power>
     <gpxtpx:TrackPointExtension>
      <gpxtpx:hr>152</gpxtpx:hr>
      <gpxtpx:cad>81</gpxtpx:cad>
     </gpxtpx:TrackPointExtension>
    </extensions>
   </trkpt>
   <trkpt lat="37.2539290" lon="-79.9497100">
    <ele>291.0</ele>
    <time>2026-02-18T11:07:24Z</time>
    <extensions>
     <power>297</power>
     <gpxtpx:TrackPointExtension>
      <gpxtpx:hr>152</gpxtpx:hr>
      <gpxtpx:cad>81</gpxtpx:cad>
     </gpxtpx:TrackPointExtension>
    </extensions>
   </trkpt>
   <trkpt lat="37.2539080" lon="-79.9497240">
    <ele>291.0</ele>
    <time>2026-02-18T11:07:25Z</time>
    <extensions>
     <power>299</power>
     <gpxtpx:TrackPointExtension>
      <gpxtpx:hr>152</gpxtpx:hr>
      <gpxtpx:cad>82</gpxtpx:cad>
     </gpxtpx:TrackPointExtension>
    </extensions>
   </trkpt>
   <trkpt lat="37.2538930" lon="-79.9497250">
    <ele>291.0</ele>
    <time>2026-02-18T11:07:26Z</time>
    <extensions>
     <power>299</power>
     <gpxtpx:TrackPointExtension>
      <gpxtpx:hr>151</gpxtpx:hr>
      <gpxtpx:cad>83</gpxtpx:cad>
     </gpxtpx:TrackPointExtension>
    </extensions>
   </trkpt>
   <trkpt lat="37.2538690" lon="-79.9497390">
    <ele>291.0</ele>
    <time>2026-02-18T11:07:27Z</time>
    <extensions>
     <power>299</power>
     <gpxtpx:TrackPointExtension>
      <gpxtpx:hr>151</gpxtpx:hr>
      <gpxtpx:cad>84</gpxtpx:cad>
     </gpxtpx:TrackPointExtension>
    </extensions>
   </trkpt>
   <trkpt lat="37.2538540" lon="-79.9497480">
    <ele>291.0</ele>
    <time>2026-02-18T11:07:28Z</time>
    <extensions>
     <power>294</power>
     <gpxtpx:TrackPointExtension>
      <gpxtpx:hr>151</gpxtpx:hr>
      <gpxtpx:cad>84</gpxtpx:cad>
     </gpxtpx:TrackPointExtension>
    </extensions>
   </trkpt>
   <trkpt lat="37.2538320" lon="-79.9497600">
    <ele>291.0</ele>
    <time>2026-02-18T11:07:29Z</time>
    <extensions>
     <power>293</power>
     <gpxtpx:TrackPointExtension>
      <gpxtpx:hr>151</gpxtpx:hr>
      <gpxtpx:cad>85</gpxtpx:cad>
     </gpxtpx:TrackPointExtension>
    </extensions>
   </trkpt>
   <trkpt lat="37.2538150" lon="-79.9497780">
    <ele>291.2</ele>
    <time>2026-02-18T11:07:30Z</time>
    <extensions>
     <power>299</power>
     <gpxtpx:TrackPointExtension>
      <gpxtpx:hr>150</gpxtpx:hr>
      <gpxtpx:cad>85</gpxtpx:cad>
     </gpxtpx:TrackPointExtension>
    </extensions>
   </trkpt>
   <trkpt lat="37.2537930" lon="-79.9497960">
    <ele>291.2</ele>
    <time>2026-02-18T11:07:31Z</time>
    <extensions>
     <power>299</power>
     <gpxtpx:TrackPointExtension>
      <gpxtpx:hr>150</gpxtpx:hr>
      <gpxtpx:cad>85</gpxtpx:cad>
     </gpxtpx:TrackPointExtension>
    </extensions>
   </trkpt>
   <trkpt lat="37.2537720" lon="-79.9498090">
    <ele>291.0</ele>
    <time>2026-02-18T11:07:32Z</time>
    <extensions>
     <power>294</power>
     <gpxtpx:TrackPointExtension>
      <gpxtpx:hr>150</gpxtpx:hr>
      <gpxtpx:cad>85</gpxtpx:cad>
     </gpxtpx:TrackPointExtension>
    </extensions>
   </trkpt>
   <trkpt lat="37.2537500" lon="-79.9498210">
    <ele>291.0</ele>
    <time>2026-02-18T11:07:33Z</time>
    <extensions>
     <power>294</power>
     <gpxtpx:TrackPointExtension>
      <gpxtpx:hr>150</gpxtpx:hr>
      <gpxtpx:cad>85</gpxtpx:cad>
     </gpxtpx:TrackPointExtension>
    </extensions>
   </trkpt>
   <trkpt lat="37.2537360" lon="-79.9498500">
    <ele>291.0</ele>
    <time>2026-02-18T11:07:34Z</time>
    <extensions>
     <power>292</power>
     <gpxtpx:TrackPointExtension>
      <gpxtpx:hr>150</gpxtpx:hr>
      <gpxtpx:cad>85</gpxtpx:cad>
     </gpxtpx:TrackPointExtension>
    </extensions>
   </trkpt>
   <trkpt lat="37.2537290" lon="-79.9498750">
    <ele>290.8</ele>
    <time>2026-02-18T11:07:35Z</time>
    <extensions>
     <power>290</power>
     <gpxtpx:TrackPointExtension>
      <gpxtpx:hr>151</gpxtpx:hr>
      <gpxtpx:cad>85</gpxtpx:cad>
     </gpxtpx:TrackPointExtension>
    </extensions>
   </trkpt>
   <trkpt lat="37.2537260" lon="-79.9499120">
    <ele>290.8</ele>
    <time>2026-02-18T11:07:36Z</time>
    <extensions>
     <power>290</power>
     <gpxtpx:TrackPointExtension>
      <gpxtpx:hr>151</gpxtpx:hr>
      <gpxtpx:cad>85</gpxtpx:cad>
     </gpxtpx:TrackPointExtension>
    </extensions>
   </trkpt>
   <trkpt lat="37.2537380" lon="-79.9499430">
    <ele>290.8</ele>
    <time>2026-02-18T11:07:37Z</time>
    <extensions>
     <power>288</power>
     <gpxtpx:TrackPointExtension>
      <gpxtpx:hr>151</gpxtpx:hr>
      <gpxtpx:cad>85</gpxtpx:cad>
     </gpxtpx:TrackPointExtension>
    </extensions>
   </trkpt>
   <trkpt lat="37.2537370" lon="-79.9499710">
    <ele>290.8</ele>
    <time>2026-02-18T11:07:38Z</time>
    <extensions>
     <power>291</power>
     <gpxtpx:TrackPointExtension>
      <gpxtpx:hr>151</gpxtpx:hr>
      <gpxtpx:cad>85</gpxtpx:cad>
     </gpxtpx:TrackPointExtension>
    </extensions>
   </trkpt>
   <trkpt lat="37.2537420" lon="-79.9500110">
    <ele>291.0</ele>
    <time>2026-02-18T11:07:39Z</time>
    <extensions>
     <power>294</power>
     <gpxtpx:TrackPointExtension>
      <gpxtpx:hr>152</gpxtpx:hr>
      <gpxtpx:cad>85</gpxtpx:cad>
     </gpxtpx:TrackPointExtension>
    </extensions>
   </trkpt>
   <trkpt lat="37.2537430" lon="-79.9500380">
    <ele>291.0</ele>
    <time>2026-02-18T11:07:40Z</time>
    <extensions>
     <power>295</power>
     <gpxtpx:TrackPointExtension>
      <gpxtpx:hr>152</gpxtpx:hr>
      <gpxtpx:cad>85</gpxtpx:cad>
     </gpxtpx:TrackPointExtension>
    </extensions>
   </trkpt>
   <trkpt lat="37.2537480" lon="-79.9500750">
    <ele>291.0</ele>
    <time>2026-02-18T11:07:41Z</time>
    <extensions>
     <power>298</power>
     <gpxtpx:TrackPointExtension>
      <gpxtpx:hr>152</gpxtpx:hr>
      <gpxtpx:cad>85</gpxtpx:cad>
     </gpxtpx:TrackPointExtension>
    </extensions>
   </trkpt>
   <trkpt lat="37.2537520" lon="-79.9501010">
    <ele>291.0</ele>
    <time>2026-02-18T11:07:42Z</time>
    <extensions>
     <power>298</power>
     <gpxtpx:TrackPointExtension>
      <gpxtpx:hr>152</gpxtpx:hr>
      <gpxtpx:cad>85</gpxtpx:cad>
     </gpxtpx:TrackPointExtension>
    </extensions>
   </trkpt>
   <trkpt lat="37.2537500" lon="-79.9501200">
    <ele>291.2</ele>
    <time>2026-02-18T11:07:43Z</time>
    <extensions>
     <power>299</power>
     <gpxtpx:TrackPointExtension>
      <gpxtpx:hr>152</gpxtpx:hr>
      <gpxtpx:cad>85</gpxtpx:cad>
     </gpxtpx:TrackPointExtension>
    </extensions>
   </trkpt>
   <trkpt lat="37.2537490" lon="-79.9501480">
    <ele>291.2</ele>
    <time>2026-02-18T11:07:44Z</time>
    <extensions>
     <power>301</power>
     <gpxtpx:TrackPointExtension>
      <gpxtpx:hr>152</gpxtpx:hr>
      <gpxtpx:cad>84</gpxtpx:cad>
     </gpxtpx:TrackPointExtension>
    </extensions>
   </trkpt>
   <trkpt lat="37.2537470" lon="-79.9501640">
    <ele>291.2</ele>
    <time>2026-02-18T11:07:45Z</time>
    <extensions>
     <power>298</power>
     <gpxtpx:TrackPointExtension>
      <gpxtpx:hr>152</gpxtpx:hr>
      <gpxtpx:cad>84</gpxtpx:cad>
     </gpxtpx:TrackPointExtension>
    </extensions>
   </trkpt>
   <trkpt lat="37.2537530" lon="-79.9501900">
    <ele>291.2</ele>
    <time>2026-02-18T11:07:46Z</time>
    <extensions>
     <power>294</power>
     <gpxtpx:TrackPointExtension>
      <gpxtpx:hr>153</gpxtpx:hr>
      <gpxtpx:cad>85</gpxtpx:cad>
     </gpxtpx:TrackPointExtension>
    </extensions>
   </trkpt>
   <trkpt lat="37.2537600" lon="-79.9502140">
    <ele>291.2</ele>
    <time>2026-02-18T11:07:47Z</time>
    <extensions>
     <power>292</power>
     <gpxtpx:TrackPointExtension>
      <gpxtpx:hr>153</gpxtpx:hr>
      <gpxtpx:cad>86</gpxtpx:cad>
     </gpxtpx:TrackPointExtension>
    </extensions>
   </trkpt>
   <trkpt lat="37.2537720" lon="-79.9502360">
    <ele>291.0</ele>
    <time>2026-02-18T11:07:48Z</time>
    <extensions>
     <power>290</power>
     <gpxtpx:TrackPointExtension>
      <gpxtpx:hr>153</gpxtpx:hr>
      <gpxtpx:cad>86</gpxtpx:cad>
     </gpxtpx:TrackPointExtension>
    </extensions>
   </trkpt>
   <trkpt lat="37.2537870" lon="-79.9502570">
    <ele>291.0</ele>
    <time>2026-02-18T11:07:49Z</time>
    <extensions>
     <power>288</power>
     <gpxtpx:TrackPointExtension>
      <gpxtpx:hr>153</gpxtpx:hr>
      <gpxtpx:cad>86</gpxtpx:cad>
     </gpxtpx:TrackPointExtension>
    </extensions>
   </trkpt>
   <trkpt lat="37.2538020" lon="-79.9502790">
    <ele>291.0</ele>
    <time>2026-02-18T11:07:50Z</time>
    <extensions>
     <power>288</power>
     <gpxtpx:TrackPointExtension>
      <gpxtpx:hr>153</gpxtpx:hr>
      <gpxtpx:cad>86</gpxtpx:cad>
     </gpxtpx:TrackPointExtension>
    </extensions>
   </trkpt>
   <trkpt lat="37.2538160" lon="-79.9503020">
    <ele>291.0</ele>
    <time>2026-02-18T11:07:51Z</time>
    <extensions>
     <power>289</power>
     <gpxtpx:TrackPointExtension>
      <gpxtpx:hr>153</gpxtpx:hr>
      <gpxtpx:cad>85</gpxtpx:cad>
     </gpxtpx:TrackPointExtension>
    </extensions>
   </trkpt>
   <trkpt lat="37.2538210" lon="-79.9503260">
    <ele>291.2</ele>
    <time>2026-02-18T11:07:52Z</time>
    <extensions>
     <power>288</power>
     <gpxtpx:TrackPointExtension>
      <gpxtpx:hr>153</gpxtpx:hr>
      <gpxtpx:cad>85</gpxtpx:cad>
     </gpxtpx:TrackPointExtension>
    </extensions>
   </trkpt>
   <trkpt lat="37.2538360" lon="-79.9503410">
    <ele>291.2</ele>
    <time>2026-02-18T11:07:53Z</time>
    <extensions>
     <power>289</power>
     <gpxtpx:TrackPointExtension>
      <gpxtpx:hr>153</gpxtpx:hr>
      <gpxtpx:cad>85</gpxtpx:cad>
     </gpxtpx:TrackPointExtension>
    </extensions>
   </trkpt>
   <trkpt lat="37.2538480" lon="-79.9503570">
    <ele>291.2</ele>
    <time>2026-02-18T11:07:54Z</time>
    <extensions>
     <power>289</power>
     <gpxtpx:TrackPointExtension>
      <gpxtpx:hr>153</gpxtpx:hr>
      <gpxtpx:cad>85</gpxtpx:cad>
     </gpxtpx:TrackPointExtension>
    </extensions>
   </trkpt>
   <trkpt lat="37.2538650" lon="-79.9503810">
    <ele>291.2</ele>
    <time>2026-02-18T11:07:55Z</time>
    <extensions>
     <power>289</power>
     <gpxtpx:TrackPointExtension>
      <gpxtpx:hr>153</gpxtpx:hr>
      <gpxtpx:cad>85</gpxtpx:cad>
     </gpxtpx:TrackPointExtension>
    </extensions>
   </trkpt>
   <trkpt lat="37.2538740" lon="-79.9504080">
    <ele>291.2</ele>
    <time>2026-02-18T11:07:56Z</time>
    <extensions>
     <power>288</power>
     <gpxtpx:TrackPointExtension>
      <gpxtpx:hr>153</gpxtpx:hr>
      <gpxtpx:cad>0</gpxtpx:cad>
     </gpxtpx:TrackPointExtension>
    </extensions>
   </trkpt>
   <trkpt lat="37.2538880" lon="-79.9504310">
    <ele>291.2</ele>
    <time>2026-02-18T11:07:57Z</time>
    <extensions>
     <power>0</power>
     <gpxtpx:TrackPointExtension>
      <gpxtpx:hr>153</gpxtpx:hr>
      <gpxtpx:cad>0</gpxtpx:cad>
     </gpxtpx:TrackPointExtension>
    </extensions>
   </trkpt>
   <trkpt lat="37.2539010" lon="-79.9504640">
    <ele>291.2</ele>
    <time>2026-02-18T11:07:58Z</time>
    <extensions>
     <power>0</power>
     <gpxtpx:TrackPointExtension>
      <gpxtpx:hr>153</gpxtpx:hr>
      <gpxtpx:cad>0</gpxtpx:cad>
     </gpxtpx:TrackPointExtension>
    </extensions>
   </trkpt>
   <trkpt lat="37.2539130" lon="-79.9504840">
    <ele>291.2</ele>
    <time>2026-02-18T11:07:59Z</time>
    <extensions>
     <power>0</power>
     <gpxtpx:TrackPointExtension>
      <gpxtpx:hr>154</gpxtpx:hr>
      <gpxtpx:cad>0</gpxtpx:cad>
     </gpxtpx:TrackPointExtension>
    </extensions>
   </trkpt>
   <trkpt lat="37.2539300" lon="-79.9505100">
    <ele>291.0</ele>
    <time>2026-02-18T11:08:00Z</time>
    <extensions>
     <power>284</power>
     <gpxtpx:TrackPointExtension>
      <gpxtpx:hr>154</gpxtpx:hr>
      <gpxtpx:cad>85</gpxtpx:cad>
     </gpxtpx:TrackPointExtension>
    </extensions>
   </trkpt>
   <trkpt lat="37.2539420" lon="-79.9505290">
    <ele>291.0</ele>
    <time>2026-02-18T11:08:01Z</time>
    <extensions>
     <power>283</power>
     <gpxtpx:TrackPointExtension>
      <gpxtpx:hr>154</gpxtpx:hr>
      <gpxtpx:cad>85</gpxtpx:cad>
     </gpxtpx:TrackPointExtension>
    </extensions>
   </trkpt>
   <trkpt lat="37.2539580" lon="-79.9505520">
    <ele>291.2</ele>
    <time>2026-02-18T11:08:02Z</time>
    <extensions>
     <power>284</power>
     <gpxtpx:TrackPointExtension>
      <gpxtpx:hr>155</gpxtpx:hr>
      <gpxtpx:cad>85</gpxtpx:cad>
     </gpxtpx:TrackPointExtension>
    </extensions>
   </trkpt>
   <trkpt lat="37.2539690" lon="-79.9505760">
    <ele>291.2</ele>
    <time>2026-02-18T11:08:03Z</time>
    <extensions>
     <power>286</power>
     <gpxtpx:TrackPointExtension>
      <gpxtpx:hr>154</gpxtpx:hr>
      <gpxtpx:cad>86</gpxtpx:cad>
     </gpxtpx:TrackPointExtension>
    </extensions>
   </trkpt>
   <trkpt lat="37.2539760" lon="-79.9505960">
    <ele>291.2</ele>
    <time>2026-02-18T11:08:04Z</time>
    <extensions>
     <power>286</power>
     <gpxtpx:TrackPointExtension>
      <gpxtpx:hr>154</gpxtpx:hr>
      <gpxtpx:cad>86</gpxtpx:cad>
     </gpxtpx:TrackPointExtension>
    </extensions>
   </trkpt>
   <trkpt lat="37.2539840" lon="-79.9506220">
    <ele>291.2</ele>
    <time>2026-02-18T11:08:05Z</time>
    <extensions>
     <power>287</power>
     <gpxtpx:TrackPointExtension>
      <gpxtpx:hr>154</gpxtpx:hr>
      <gpxtpx:cad>87</gpxtpx:cad>
     </gpxtpx:TrackPointExtension>
    </extensions>
   </trkpt>
   <trkpt lat="37.2539910" lon="-79.9506360">
    <ele>291.2</ele>
    <time>2026-02-18T11:08:06Z</time>
    <extensions>
     <power>286</power>
     <gpxtpx:TrackPointExtension>
      <gpxtpx:hr>154</gpxtpx:hr>
      <gpxtpx:cad>87</gpxtpx:cad>
     </gpxtpx:TrackPointExtension>
    </extensions>
   </trkpt>
   <trkpt lat="37.2540040" lon="-79.9506540">
    <ele>291.2</ele>
    <time>2026-02-18T11:08:07Z</time>
    <extensions>
     <power>286</power>
     <gpxtpx:TrackPointExtension>
      <gpxtpx:hr>153</gpxtpx:hr>
      <gpxtpx:cad>87</gpxtpx:cad>
     </gpxtpx:TrackPointExtension>
    </extensions>
   </trkpt>
   <trkpt lat="37.2540080" lon="-79.9506640">
    <ele>291.2</ele>
    <time>2026-02-18T11:08:08Z</time>
    <extensions>
     <power>285</power>
     <gpxtpx:TrackPointExtension>
      <gpxtpx:hr>153</gpxtpx:hr>
      <gpxtpx:cad>87</gpxtpx:cad>
     </gpxtpx:TrackPointExtension>
    </extensions>
   </trkpt>
   <trkpt lat="37.2540090" lon="-79.9506720">
    <ele>291.0</ele>
    <time>2026-02-18T11:08:09Z</time>
    <extensions>
     <power>283</power>
     <gpxtpx:TrackPointExtension>
      <gpxtpx:hr>153</gpxtpx:hr>
      <gpxtpx:cad>87</gpxtpx:cad>
     </gpxtpx:TrackPointExtension>
    </extensions>
   </trkpt>
   <trkpt lat="37.2540120" lon="-79.9506780">
    <ele>291.0</ele>
    <time>2026-02-18T11:08:10Z</time>
    <extensions>
     <power>153</power>
     <gpxtpx:TrackPointExtension>
      <gpxtpx:hr>153</gpxtpx:hr>
      <gpxtpx:cad>43</gpxtpx:cad>
     </gpxtpx:TrackPointExtension>
    </extensions>
   </trkpt>
   <trkpt lat="37.2540200" lon="-79.9506710">
    <ele>291.0</ele>
    <time>2026-02-18T11:08:11Z</time>
    <extensions>
     <power>146</power>
     <gpxtpx:TrackPointExtension>
      <gpxtpx:hr>153</gpxtpx:hr>
      <gpxtpx:cad>43</gpxtpx:cad>
     </gpxtpx:TrackPointExtension>
    </extensions>
   </trkpt>
   <trkpt lat="37.2540180" lon="-79.9506680">
    <ele>291.0</ele>
    <time>2026-02-18T11:08:12Z</time>
    <extensions>
     <power>0</power>
     <gpxtpx:TrackPointExtension>
      <gpxtpx:hr>152</gpxtpx:hr>
      <gpxtpx:cad>0</gpxtpx:cad>
     </gpxtpx:TrackPointExtension>
    </extensions>
   </trkpt>
   <trkpt lat="37.2540120" lon="-79.9506670">
    <ele>290.8</ele>
    <time>2026-02-18T11:08:13Z</time>
    <extensions>
     <power>0</power>
     <gpxtpx:TrackPointExtension>
      <gpxtpx:hr>153</gpxtpx:hr>
      <gpxtpx:cad>0</gpxtpx:cad>
     </gpxtpx:TrackPointExtension>
    </extensions>
   </trkpt>
   <trkpt lat="37.2540050" lon="-79.9506680">
    <ele>290.8</ele>
    <time>2026-02-18T11:08:14Z</time>
    <extensions>
     <power>0</power>
     <gpxtpx:TrackPointExtension>
      <gpxtpx:hr>152</gpxtpx:hr>
      <gpxtpx:cad>0</gpxtpx:cad>
     </gpxtpx:TrackPointExtension>
    </extensions>
   </trkpt>
   <trkpt lat="37.2540090" lon="-79.9506670">
    <ele>290.8</ele>
    <time>2026-02-18T11:08:15Z</time>
    <extensions>
     <power>0</power>
     <gpxtpx:TrackPointExtension>
      <gpxtpx:hr>151</gpxtpx:hr>
      <gpxtpx:cad>0</gpxtpx:cad>
     </gpxtpx:TrackPointExtension>
    </extensions>
   </trkpt>
   <trkpt lat="37.2540280" lon="-79.9506110">
    <ele>290.8</ele>
    <time>2026-02-18T11:08:32Z</time>
    <extensions>
     <gpxtpx:TrackPointExtension>
      <gpxtpx:hr>145</gpxtpx:hr>
      <gpxtpx:cad>52</gpxtpx:cad>
     </gpxtpx:TrackPointExtension>
    </extensions>
   </trkpt>
   <trkpt lat="37.2540340" lon="-79.9505970">
    <ele>290.8</ele>
    <time>2026-02-18T11:08:33Z</time>
    <extensions>
     <power>113</power>
     <gpxtpx:TrackPointExtension>
      <gpxtpx:hr>145</gpxtpx:hr>
      <gpxtpx:cad>52</gpxtpx:cad>
     </gpxtpx:TrackPointExtension>
    </extensions>
   </trkpt>
   <trkpt lat="37.2540420" lon="-79.9505790">
    <ele>290.8</ele>
    <time>2026-02-18T11:08:34Z</time>
    <extensions>
     <power>99</power>
     <gpxtpx:TrackPointExtension>
      <gpxtpx:hr>145</gpxtpx:hr>
      <gpxtpx:cad>52</gpxtpx:cad>
     </gpxtpx:TrackPointExtension>
    </extensions>
   </trkpt>
   <trkpt lat="37.2540490" lon="-79.9505650">
    <ele>290.8</ele>
    <time>2026-02-18T11:08:35Z</time>
    <extensions>
     <power>94</power>
     <gpxtpx:TrackPointExtension>
      <gpxtpx:hr>145</gpxtpx:hr>
      <gpxtpx:cad>52</gpxtpx:cad>
     </gpxtpx:TrackPointExtension>
    </extensions>
   </trkpt>
   <trkpt lat="37.2540530" lon="-79.9505570">
    <ele>290.8</ele>
    <time>2026-02-18T11:08:36Z</time>
    <extensions>
     <power>130</power>
     <gpxtpx:TrackPointExtension>
      <gpxtpx:hr>146</gpxtpx:hr>
      <gpxtpx:cad>52</gpxtpx:cad>
     </gpxtpx:TrackPointExtension>
    </extensions>
   </trkpt>
   <trkpt lat="37.2540530" lon="-79.9505500">
    <ele>290.8</ele>
    <time>2026-02-18T11:08:37Z</time>
    <extensions>
     <power>133</power>
     <gpxtpx:TrackPointExtension>
      <gpxtpx:hr>146</gpxtpx:hr>
      <gpxtpx:cad>52</gpxtpx:cad>
     </gpxtpx:TrackPointExtension>
    </extensions>
   </trkpt>
   <trkpt lat="37.2540500" lon="-79.9505430">
    <ele>290.8</ele>
    <time>2026-02-18T11:08:38Z</time>
    <extensions>
     <power>109</power>
     <gpxtpx:TrackPointExtension>
      <gpxtpx:hr>146</gpxtpx:hr>
      <gpxtpx:cad>52</gpxtpx:cad>
     </gpxtpx:TrackPointExtension>
    </extensions>
   </trkpt>
   <trkpt lat="37.2540410" lon="-79.9505430">
    <ele>290.6</ele>
    <time>2026-02-18T11:08:39Z</time>
    <extensions>
     <power>93</power>
     <gpxtpx:TrackPointExtension>
      <gpxtpx:hr>146</gpxtpx:hr>
      <gpxtpx:cad>53</gpxtpx:cad>
     </gpxtpx:TrackPointExtension>
    </extensions>
   </trkpt>
   <trkpt lat="37.2540330" lon="-79.9505450">
    <ele>290.6</ele>
    <time>2026-02-18T11:08:40Z</time>
    <extensions>
     <power>87</power>
     <gpxtpx:TrackPointExtension>
      <gpxtpx:hr>146</gpxtpx:hr>
      <gpxtpx:cad>0</gpxtpx:cad>
     </gpxtpx:TrackPointExtension>
    </extensions>
   </trkpt>
   <trkpt lat="37.2540330" lon="-79.9505460">
    <ele>290.6</ele>
    <time>2026-02-18T11:08:41Z</time>
    <extensions>
     <power>0</power>
     <gpxtpx:TrackPointExtension>
      <gpxtpx:hr>145</gpxtpx:hr>
      <gpxtpx:cad>0</gpxtpx:cad>
     </gpxtpx:TrackPointExtension>
    </extensions>
   </trkpt>
   <trkpt lat="37.2540300" lon="-79.9505440">
    <ele>290.4</ele>
    <time>2026-02-18T11:08:42Z</time>
    <extensions>
     <power>0</power>
     <gpxtpx:TrackPointExtension>
      <gpxtpx:hr>145</gpxtpx:hr>
      <gpxtpx:cad>0</gpxtpx:cad>
     </gpxtpx:TrackPointExtension>
    </extensions>
   </trkpt>
   <trkpt lat="37.2540130" lon="-79.9505220">
    <ele>290.4</ele>
    <time>2026-02-18T11:08:43Z</time>
    <extensions>
     <power>0</power>
     <gpxtpx:TrackPointExtension>
      <gpxtpx:hr>145</gpxtpx:hr>
      <gpxtpx:cad>0</gpxtpx:cad>
     </gpxtpx:TrackPointExtension>
    </extensions>
   </trkpt>
   <trkpt lat="37.2539890" lon="-79.9504860">
    <ele>290.6</ele>
    <time>2026-02-18T11:08:44Z</time>
    <extensions>
     <power>0</power>
     <gpxtpx:TrackPointExtension>
      <gpxtpx:hr>145</gpxtpx:hr>
      <gpxtpx:cad>0</gpxtpx:cad>
     </gpxtpx:TrackPointExtension>
    </extensions>
   </trkpt>
   <trkpt lat="37.2539540" lon="-79.9504250">
    <ele>290.8</ele>
    <time>2026-02-18T11:08:45Z</time>
    <extensions>
     <power>0</power>
     <gpxtpx:TrackPointExtension>
      <gpxtpx:hr>144</gpxtpx:hr>
      <gpxtpx:cad>0</gpxtpx:cad>
     </gpxtpx:TrackPointExtension>
    </extensions>
   </trkpt>
   <trkpt lat="37.2539130" lon="-79.9503490">
    <ele>290.8</ele>
    <time>2026-02-18T11:08:46Z</time>
    <extensions>
     <power>0</power>
     <gpxtpx:TrackPointExtension>
      <gpxtpx:hr>144</gpxtpx:hr>
      <gpxtpx:cad>0</gpxtpx:cad>
     </gpxtpx:TrackPointExtension>
    </extensions>
   </trkpt>
   <trkpt lat="37.2538690" lon="-79.9502660">
    <ele>290.8</ele>
    <time>2026-02-18T11:08:47Z</time>
    <extensions>
     <power>605</power>
     <gpxtpx:TrackPointExtension>
      <gpxtpx:hr>144</gpxtpx:hr>
      <gpxtpx:cad>125</gpxtpx:cad>
     </gpxtpx:TrackPointExtension>
    </extensions>
   </trkpt>
   <trkpt lat="37.2538270" lon="-79.9501900">
    <ele>290.6</ele>
    <time>2026-02-18T11:08:48Z</time>
    <extensions>
     <power>750</power>
     <gpxtpx:TrackPointExtension>
      <gpxtpx:hr>146</gpxtpx:hr>
      <gpxtpx:cad>125</gpxtpx:cad>
     </gpxtpx:TrackPointExtension>
    </extensions>
   </trkpt>
   <trkpt lat="37.2537900" lon="-79.9501190">
    <ele>290.6</ele>
    <time>2026-02-18T11:08:49Z</time>
    <extensions>
     <power>867</power>
     <gpxtpx:TrackPointExtension>
      <gpxtpx:hr>147</gpxtpx:hr>
      <gpxtpx:cad>117</gpxtpx:cad>
     </gpxtpx:TrackPointExtension>
    </extensions>
   </trkpt>
   <trkpt lat="37.2537590" lon="-79.9500500">
    <ele>290.2</ele>
    <time>2026-02-18T11:08:50Z</time>
    <extensions>
     <power>870</power>
     <gpxtpx:TrackPointExtension>
      <gpxtpx:hr>148</gpxtpx:hr>
      <gpxtpx:cad>117</gpxtpx:cad>
     </gpxtpx:TrackPointExtension>
    </extensions>
   </trkpt>
   <trkpt lat="37.2537240" lon="-79.9499800">
    <ele>290.2</ele>
    <time>2026-02-18T11:08:51Z</time>
    <extensions>
     <power>871</power>
     <gpxtpx:TrackPointExtension>
      <gpxtpx:hr>149</gpxtpx:hr>
      <gpxtpx:cad>114</gpxtpx:cad>
     </gpxtpx:TrackPointExtension>
    </extensions>
   </trkpt>
   <trkpt lat="37.2536870" lon="-79.9499130">
    <ele>290.4</ele>
    <time>2026-02-18T11:08:52Z</time>
    <extensions>
     <power>819</power>
     <gpxtpx:TrackPointExtension>
      <gpxtpx:hr>151</gpxtpx:hr>
      <gpxtpx:cad>114</gpxtpx:cad>
     </gpxtpx:TrackPointExtension>
    </extensions>
   </trkpt>
   <trkpt lat="37.2536550" lon="-79.9498540">
    <ele>290.6</ele>
    <time>2026-02-18T11:08:53Z</time>
    <extensions>
     <power>743</power>
     <gpxtpx:TrackPointExtension>
      <gpxtpx:hr>152</gpxtpx:hr>
      <gpxtpx:cad>113</gpxtpx:cad>
     </gpxtpx:TrackPointExtension>
    </extensions>
   </trkpt>
   <trkpt lat="37.2536260" lon="-79.9498000">
    <ele>290.6</ele>
    <time>2026-02-18T11:08:54Z</time>
    <extensions>
     <power>723</power>
     <gpxtpx:TrackPointExtension>
      <gpxtpx:hr>153</gpxtpx:hr>
      <gpxtpx:cad>111</gpxtpx:cad>
     </gpxtpx:TrackPointExtension>
    </extensions>
   </trkpt>
   <trkpt lat="37.2535960" lon="-79.9497410">
    <ele>290.6</ele>
    <time>2026-02-18T11:08:55Z</time>
    <extensions>
     <power>669</power>
     <gpxtpx:TrackPointExtension>
      <gpxtpx:hr>153</gpxtpx:hr>
      <gpxtpx:cad>109</gpxtpx:cad>
     </gpxtpx:TrackPointExtension>
    </extensions>
   </trkpt>
   <trkpt lat="37.2535640" lon="-79.9496810">
    <ele>291.0</ele>
    <time>2026-02-18T11:08:56Z</time>
    <extensions>
     <power>637</power>
     <gpxtpx:TrackPointExtension>
      <gpxtpx:hr>154</gpxtpx:hr>
      <gpxtpx:cad>108</gpxtpx:cad>
     </gpxtpx:TrackPointExtension>
    </extensions>
   </trkpt>
   <trkpt lat="37.2535380" lon="-79.9496220">
    <ele>291.0</ele>
    <time>2026-02-18T11:08:57Z</time>
    <extensions>
     <power>630</power>
     <gpxtpx:TrackPointExtension>
      <gpxtpx:hr>155</gpxtpx:hr>
      <gpxtpx:cad>108</gpxtpx:cad>
     </gpxtpx:TrackPointExtension>
    </extensions>
   </trkpt>
   <trkpt lat="37.2535110" lon="-79.9495670">
    <ele>291.0</ele>
    <time>2026-02-18T11:08:58Z</time>
    <extensions>
     <power>631</power>
     <gpxtpx:TrackPointExtension>
      <gpxtpx:hr>155</gpxtpx:hr>
      <gpxtpx:cad>107</gpxtpx:cad>
     </gpxtpx:TrackPointExtension>
    </extensions>
   </trkpt>
   <trkpt lat="37.2534880" lon="-79.9495110">
    <ele>291.0</ele>
    <time>2026-02-18T11:08:59Z</time>
    <extensions>
     <power>619</power>
     <gpxtpx:TrackPointExtension>
      <gpxtpx:hr>156</gpxtpx:hr>
      <gpxtpx:cad>107</gpxtpx:cad>
     </gpxtpx:TrackPointExtension>
    </extensions>
   </trkpt>
   <trkpt lat="37.2534640" lon="-79.9494650">
    <ele>291.2</ele>
    <time>2026-02-18T11:09:00Z</time>
    <extensions>
     <power>588</power>
     <gpxtpx:TrackPointExtension>
      <gpxtpx:hr>157</gpxtpx:hr>
      <gpxtpx:cad>107</gpxtpx:cad>
     </gpxtpx:TrackPointExtension>
    </extensions>
   </trkpt>
   <trkpt lat="37.2534480" lon="-79.9494300">
    <ele>291.2</ele>
    <time>2026-02-18T11:09:01Z</time>
    <extensions>
     <power>560</power>
     <gpxtpx:TrackPointExtension>
      <gpxtpx:hr>157</gpxtpx:hr>
      <gpxtpx:cad>107</gpxtpx:cad>
     </gpxtpx:TrackPointExtension>
    </extensions>
   </trkpt>
   <trkpt lat="37.2534340" lon="-79.9494050">
    <ele>291.2</ele>
    <time>2026-02-18T11:09:02Z</time>
    <extensions>
     <power>529</power>
     <gpxtpx:TrackPointExtension>
      <gpxtpx:hr>157</gpxtpx:hr>
      <gpxtpx:cad>107</gpxtpx:cad>
     </gpxtpx:TrackPointExtension>
    </extensions>
   </trkpt>
   <trkpt lat="37.2534230" lon="-79.9493900">
    <ele>291.4</ele>
    <time>2026-02-18T11:09:03Z</time>
    <extensions>
     <power>424</power>
     <gpxtpx:TrackPointExtension>
      <gpxtpx:hr>158</gpxtpx:hr>
      <gpxtpx:cad>107</gpxtpx:cad>
     </gpxtpx:TrackPointExtension>
    </extensions>
   </trkpt>
   <trkpt lat="37.2534160" lon="-79.9493770">
    <ele>291.4</ele>
    <time>2026-02-18T11:09:04Z</time>
    <extensions>
     <power>341</power>
     <gpxtpx:TrackPointExtension>
      <gpxtpx:hr>158</gpxtpx:hr>
      <gpxtpx:cad>107</gpxtpx:cad>
     </gpxtpx:TrackPointExtension>
    </extensions>
   </trkpt>
   <trkpt lat="37.2534150" lon="-79.9493680">
    <ele>291.4</ele>
    <time>2026-02-18T11:09:05Z</time>
    <extensions>
     <power>254</power>
     <gpxtpx:TrackPointExtension>
      <gpxtpx:hr>158</gpxtpx:hr>
      <gpxtpx:cad>107</gpxtpx:cad>
     </gpxtpx:TrackPointExtension>
    </extensions>
   </trkpt>
   <trkpt lat="37.2534150" lon="-79.9493570">
    <ele>291.4</ele>
    <time>2026-02-18T11:09:06Z</time>
    <extensions>
     <power>241</power>
     <gpxtpx:TrackPointExtension>
      <gpxtpx:hr>158</gpxtpx:hr>
      <gpxtpx:cad>107</gpxtpx:cad>
     </gpxtpx:TrackPointExtension>
    </extensions>
   </trkpt>
   <trkpt lat="37.2534180" lon="-79.9493470">
    <ele>291.2</ele>
    <time>2026-02-18T11:09:07Z</time>
    <extensions>
     <power>191</power>
     <gpxtpx:TrackPointExtension>
      <gpxtpx:hr>157</gpxtpx:hr>
      <gpxtpx:cad>107</gpxtpx:cad>
     </gpxtpx:TrackPointExtension>
    </extensions>
   </trkpt>
   <trkpt lat="37.2534200" lon="-79.9493360">
    <ele>291.2</ele>
    <time>2026-02-18T11:09:08Z</time>
    <extensions>
     <power>178</power>
     <gpxtpx:TrackPointExtension>
      <gpxtpx:hr>157</gpxtpx:hr>
      <gpxtpx:cad>107</gpxtpx:cad>
     </gpxtpx:TrackPointExtension>
    </extensions>
   </trkpt>
   <trkpt lat="37.2534280" lon="-79.9493390">
    <ele>291.4</ele>
    <time>2026-02-18T11:09:09Z</time>
    <extensions>
     <power>178</power>
     <gpxtpx:TrackPointExtension>
      <gpxtpx:hr>156</gpxtpx:hr>
      <gpxtpx:cad>107</gpxtpx:cad>
     </gpxtpx:TrackPointExtension>
    </extensions>
   </trkpt>
   <trkpt lat="37.2534340" lon="-79.9493340">
    <ele>291.2</ele>
    <time>2026-02-18T11:09:10Z</time>
    <extensions>
     <power>171</power>
     <gpxtpx:TrackPointExtension>
      <gpxtpx:hr>156</gpxtpx:hr>
      <gpxtpx:cad>107</gpxtpx:cad>
     </gpxtpx:TrackPointExtension>
    </extensions>
   </trkpt>
   <trkpt lat="37.2534310" lon="-79.9493360">
    <ele>291.2</ele>
    <time>2026-02-18T11:09:11Z</time>
    <extensions>
     <power>90</power>
     <gpxtpx:TrackPointExtension>
      <gpxtpx:hr>155</gpxtpx:hr>
      <gpxtpx:cad>48</gpxtpx:cad>
     </gpxtpx:TrackPointExtension>
    </extensions>
   </trkpt>
   <trkpt lat="37.2534260" lon="-79.9493360">
    <ele>291.2</ele>
    <time>2026-02-18T11:09:12Z</time>
    <extensions>
     <power>0</power>
     <gpxtpx:TrackPointExtension>
      <gpxtpx:hr>154</gpxtpx:hr>
      <gpxtpx:cad>0</gpxtpx:cad>
     </gpxtpx:TrackPointExtension>
    </extensions>
   </trkpt>
   <trkpt lat="37.2534260" lon="-79.9493350">
    <ele>291.0</ele>
    <time>2026-02-18T11:09:13Z</time>
    <extensions>
     <power>0</power>
     <gpxtpx:TrackPointExtension>
      <gpxtpx:hr>153</gpxtpx:hr>
      <gpxtpx:cad>0</gpxtpx:cad>
     </gpxtpx:TrackPointExtension>
    </extensions>
   </trkpt>
   <trkpt lat="37.2534270" lon="-79.9493430">
    <ele>291.0</ele>
    <time>2026-02-18T11:09:14Z</time>
    <extensions>
     <power>0</power>
     <gpxtpx:TrackPointExtension>
      <gpxtpx:hr>153</gpxtpx:hr>
      <gpxtpx:cad>0</gpxtpx:cad>
     </gpxtpx:TrackPointExtension>
    </extensions>
   </trkpt>
  </trkseg>
 </trk>
</gpx>
